sys_id	type	subtype	activity	sys_beg	sys_end	protein_in_syst	genes_count	name_of_profiles_in_sys
clust_rep_seq_PD-T4-5_357	PD-T4-5	PD-T4-5	Defense	GCF_009665395.1|NZ_CP035698.1|NZ_CP035698.1_438	GCF_009665395.1|NZ_CP035698.1|NZ_CP035698.1_438	GCF_009665395.1|NZ_CP035698.1|NZ_CP035698.1_438	1	PD-T4-5__PD-T4-5
clust_rep_seq_Rugutis_405	Rugutis	Rugutis	Defense	GCF_009763065.1|NZ_CP046750.1|NZ_CP046750.1_99	GCF_009763065.1|NZ_CP046750.1|NZ_CP046750.1_99	GCF_009763065.1|NZ_CP046750.1|NZ_CP046750.1_99	1	Rugutis__Rugutis
clust_rep_seq_Hailong_290	Hailong	Hailong	Defense	GCF_009763485.1|NZ_CP046816.1|NZ_CP046816.1_282	GCF_009763485.1|NZ_CP046816.1|NZ_CP046816.1_283	GCF_009763485.1|NZ_CP046816.1|NZ_CP046816.1_282,GCF_009763485.1|NZ_CP046816.1|NZ_CP046816.1_283	2	Hailong__HalA,Hailong__HalB
clust_rep_seq_AbiZ_42	AbiZ	AbiZ	Defense	GCF_009763545.1|NZ_CP046782.1|NZ_CP046782.1_1859	GCF_009763545.1|NZ_CP046782.1|NZ_CP046782.1_1859	GCF_009763545.1|NZ_CP046782.1|NZ_CP046782.1_1859	1	AbiZ__AbiZ
clust_rep_seq_Belisama_155	Belisama	Belisama	Defense	GCF_022343165.1|NZ_CP082315.1|NZ_CP082315.1_1238	GCF_022343165.1|NZ_CP082315.1|NZ_CP082315.1_1238	GCF_022343165.1|NZ_CP082315.1|NZ_CP082315.1_1238	1	Belisama__VCA0458
clust_rep_seq_ScoMcrA_432	ScoMcrA	ScoMcrA	Defense	GCF_023206775.1|NZ_CP072782.1|NZ_CP072782.1_1727	GCF_023206775.1|NZ_CP072782.1|NZ_CP072782.1_1727	GCF_023206775.1|NZ_CP072782.1|NZ_CP072782.1_1727	1	ScoMcrA__ScoMcrA
clust_rep_seq_DRT_2_191	DRT	DRT_2	Defense	GCF_028885605.1|NZ_CP118528.1|NZ_CP118528.1_2601	GCF_028885605.1|NZ_CP118528.1|NZ_CP118528.1_2601	GCF_028885605.1|NZ_CP118528.1|NZ_CP118528.1_2601	1	DRT_2__drt2
clust_rep_seq_SEFIR_420	SEFIR	SEFIR	Defense	GCF_029541605.1|NZ_CP120719.1|NZ_CP120719.1_2132	GCF_029541605.1|NZ_CP120719.1|NZ_CP120719.1_2132	GCF_029541605.1|NZ_CP120719.1|NZ_CP120719.1_2132	1	SEFIR__bSEFIR
clust_rep_seq_Aristaios_43	Aristaios	Aristaios	Defense	GCF_030060435.1|NZ_CP125875.1|NZ_CP125875.1_946	GCF_030060435.1|NZ_CP125875.1|NZ_CP125875.1_946	GCF_030060435.1|NZ_CP125875.1|NZ_CP125875.1_946	1	Aristaios__Aristaios
clust_rep_seq_Dag_220	Dag	Dag	Defense	GCF_030316235.1|NZ_CP128201.1|NZ_CP128201.1_609	GCF_030316235.1|NZ_CP128201.1|NZ_CP128201.1_609	GCF_030316235.1|NZ_CP128201.1|NZ_CP128201.1_609	1	Dag__Dag3
clust_rep_seq_FS_GIY_YIG_276	FS_GIY_YIG	FS_GIY_YIG	Defense	GCF_030388405.1|NZ_CP116414.1|NZ_CP116414.1_990	GCF_030388405.1|NZ_CP116414.1|NZ_CP116414.1_990	GCF_030388405.1|NZ_CP116414.1|NZ_CP116414.1_990	1	FS_GIY_YIG__GIY_YIG
clust_rep_seq_Aristaios_44	Aristaios	Aristaios	Defense	GCF_034480505.1|NZ_CP129932.1|NZ_CP129932.1_1821	GCF_034480505.1|NZ_CP129932.1|NZ_CP129932.1_1821	GCF_034480505.1|NZ_CP129932.1|NZ_CP129932.1_1821	1	Aristaios__Aristaios
clust_rep_seq_Avs2_153	Avs	Avs2	Defense	GCF_039544385.1|NZ_CP154269.1|NZ_CP154269.1_60	GCF_039544385.1|NZ_CP154269.1|NZ_CP154269.1_60	GCF_039544385.1|NZ_CP154269.1|NZ_CP154269.1_60	1	Avs2__Avs2
clust_rep_seq_Aristaios_45	Aristaios	Aristaios	Defense	GCF_039658515.1|NZ_CP150864.1|NZ_CP150864.1_1357	GCF_039658515.1|NZ_CP150864.1|NZ_CP150864.1_1357	GCF_039658515.1|NZ_CP150864.1|NZ_CP150864.1_1357	1	Aristaios__Aristaios
clust_rep_seq_Kiwa_292	Kiwa	Kiwa	Defense	GCF_052747775.1|NZ_CM127575.1|NZ_CM127575.1_869	GCF_052747775.1|NZ_CM127575.1|NZ_CM127575.1_870	GCF_052747775.1|NZ_CM127575.1|NZ_CM127575.1_869,GCF_052747775.1|NZ_CM127575.1|NZ_CM127575.1_870	2	Kiwa__KwaA,Kiwa__KwaB
clust_rep_seq_DS-37_212	DS-37	DS-37	Defense	GCF_052747775.1|NZ_CM127575.1|NZ_CM127575.1_904	GCF_052747775.1|NZ_CM127575.1|NZ_CM127575.1_904	GCF_052747775.1|NZ_CM127575.1|NZ_CM127575.1_904	1	DS-37__DS-37
clust_rep_seq_PARIS_II_merge_345	Paris	PARIS_II_merge	Defense	GCF_053220615.1|NZ_CM129952.1|NZ_CM129952.1_902	GCF_053220615.1|NZ_CM129952.1|NZ_CM129952.1_902	GCF_053220615.1|NZ_CM129952.1|NZ_CM129952.1_902	1	Paris_II_merge__AAA_21_DUF4435
clust_rep_seq_Rugutis_406	Rugutis	Rugutis	Defense	GCF_000009745.1|NC_005139.1|NC_005139.1_1634	GCF_000009745.1|NC_005139.1|NC_005139.1_1634	GCF_000009745.1|NC_005139.1|NC_005139.1_1634	1	Rugutis__Rugutis
clust_rep_seq_Retron_I_B_396	Retron	Retron_I_B	Defense	GCF_000009745.1|NC_005139.1|NC_005139.1_1642	GCF_000009745.1|NC_005139.1|NC_005139.1_1643	GCF_000009745.1|NC_005139.1|NC_005139.1_1642,GCF_000009745.1|NC_005139.1|NC_005139.1_1643	2	Retron_I_B__ATPase_TOPRIM,Retron__RT_Tot_3
clust_rep_seq_Dag_221	Dag	Dag	Defense	GCF_000009745.1|NC_005139.1|NC_005139.1_1678	GCF_000009745.1|NC_005139.1|NC_005139.1_1678	GCF_000009745.1|NC_005139.1|NC_005139.1_1678	1	Dag__Dag8
clust_rep_seq_Aristaios_46	Aristaios	Aristaios	Defense	GCF_001908435.2|NZ_CP018681.2|NZ_CP018681.2_1170	GCF_001908435.2|NZ_CP018681.2|NZ_CP018681.2_1170	GCF_001908435.2|NZ_CP018681.2|NZ_CP018681.2_1170	1	Aristaios__Aristaios
clust_rep_seq_Rugutis_407	Rugutis	Rugutis	Defense	GCF_001969325.1|NZ_CP019293.1|NZ_CP019293.1_1207	GCF_001969325.1|NZ_CP019293.1|NZ_CP019293.1_1207	GCF_001969325.1|NZ_CP019293.1|NZ_CP019293.1_1207	1	Rugutis__Rugutis
clust_rep_seq_VP1826_498	VP1826	VP1826	Defense	GCF_057368475.1|NZ_CM170643.1|NZ_CM170643.1_876	GCF_057368475.1|NZ_CM170643.1|NZ_CM170643.1_876	GCF_057368475.1|NZ_CM170643.1|NZ_CM170643.1_876	1	VP1826__VP1826
clust_rep_seq_PD-T4-7_358	PD-T4-7	PD-T4-7	Defense	GCF_057368475.1|NZ_CM170643.1|NZ_CM170643.1_888	GCF_057368475.1|NZ_CM170643.1|NZ_CM170643.1_888	GCF_057368475.1|NZ_CM170643.1|NZ_CM170643.1_888	1	PD-T4-7__PD-T4-7
clust_rep_seq_Dag_222	Dag	Dag	Defense	GCF_057368475.1|NZ_CM170643.1|NZ_CM170643.1_889	GCF_057368475.1|NZ_CM170643.1|NZ_CM170643.1_889	GCF_057368475.1|NZ_CM170643.1|NZ_CM170643.1_889	1	Dag__Dag12
clust_rep_seq_DRT_2_192	DRT	DRT_2	Defense	GCF_057368475.1|NZ_CM170643.1|NZ_CM170643.1_907	GCF_057368475.1|NZ_CM170643.1|NZ_CM170643.1_907	GCF_057368475.1|NZ_CM170643.1|NZ_CM170643.1_907	1	DRT_2__drt2
clust_rep_seq_Septu_433	Septu	Septu	Defense	GCF_057368585.1|NZ_CM170655.1|NZ_CM170655.1_1081	GCF_057368585.1|NZ_CM170655.1|NZ_CM170655.1_1082	GCF_057368585.1|NZ_CM170655.1|NZ_CM170655.1_1081,GCF_057368585.1|NZ_CM170655.1|NZ_CM170655.1_1082	2	Septu__PtuA,Septu__PtuB
clust_rep_seq_NLR_like_bNACHT01_317	NLR	NLR_like_bNACHT01	Defense	GCF_057368615.1|NZ_CM170657.1|NZ_CM170657.1_1002	GCF_057368615.1|NZ_CM170657.1|NZ_CM170657.1_1002	GCF_057368615.1|NZ_CM170657.1|NZ_CM170657.1_1002	1	NLR_like_bNACHT01__NLR_like_bNACHT01
clust_rep_seq_VP1817_488	VP1817	VP1817	Defense	GCF_057368635.1|NZ_CM170659.1|NZ_CM170659.1_917	GCF_057368635.1|NZ_CM170659.1|NZ_CM170659.1_917	GCF_057368635.1|NZ_CM170659.1|NZ_CM170659.1_917	1	VP1817__VP1817
clust_rep_seq_SEFIR_421	SEFIR	SEFIR	Defense	GCF_059941805.1|NZ_CM188133.1|NZ_CM188133.1_1127	GCF_059941805.1|NZ_CM188133.1|NZ_CM188133.1_1127	GCF_059941805.1|NZ_CM188133.1|NZ_CM188133.1_1127	1	SEFIR__bSEFIR
clust_rep_seq_Retron_XI_399	Retron	Retron_XI	Defense	GCF_059983175.1|NZ_CM188256.1|NZ_CM188256.1_1292	GCF_059983175.1|NZ_CM188256.1|NZ_CM188256.1_1292	GCF_059983175.1|NZ_CM188256.1|NZ_CM188256.1_1292	1	Retron_XI__RT_11
clust_rep_seq_FS_HsdR_like_281	FS_HsdR_like	FS_HsdR_like	Defense	GCF_964264695.1|NZ_OZ183474.1|NZ_OZ183474.1_462	GCF_964264695.1|NZ_OZ183474.1|NZ_OZ183474.1_463	GCF_964264695.1|NZ_OZ183474.1|NZ_OZ183474.1_462,GCF_964264695.1|NZ_OZ183474.1|NZ_OZ183474.1_463	2	FS_HsdR_like__DUF6731,FS_HsdR_like__HP
clust_rep_seq_CapRel_174	CapRel	CapRel	Defense	GCF_002257545.1|NZ_CP022742.1|NZ_CP022742.1_674	GCF_002257545.1|NZ_CP022742.1|NZ_CP022742.1_674	GCF_002257545.1|NZ_CP022742.1|NZ_CP022742.1_674	1	CapRel__CapRel
clust_rep_seq_CBASS_I_TM_167	CBASS	CBASS_I_TM	Defense	GCF_002287545.1|NZ_CP023055.1|NZ_CP023055.1_366	GCF_002287545.1|NZ_CP023055.1|NZ_CP023055.1_374	GCF_002287545.1|NZ_CP023055.1|NZ_CP023055.1_366,GCF_002287545.1|NZ_CP023055.1|NZ_CP023055.1_372,GCF_002287545.1|NZ_CP023055.1|NZ_CP023055.1_374	3	CBASS__Cyclase_II,CBASS__Cyclase_SMODS,CBASS__Effector_4TM_S_4TM
clust_rep_seq_Lit_297	Lit	Lit	Defense	GCF_002863725.1|NZ_CP019121.1|NZ_CP019121.1_1620	GCF_002863725.1|NZ_CP019121.1|NZ_CP019121.1_1620	GCF_002863725.1|NZ_CP019121.1|NZ_CP019121.1_1620	1	Lit__Lit
clust_rep_seq_GAPS1_282	GAPS1	GAPS1	Defense	GCF_002863725.1|NZ_CP019121.1|NZ_CP019121.1_1644	GCF_002863725.1|NZ_CP019121.1|NZ_CP019121.1_1644	GCF_002863725.1|NZ_CP019121.1|NZ_CP019121.1_1644	1	GAPS1__GAPS1
clust_rep_seq_AbiAlpha_1	AbiAlpha	AbiAlpha	Defense	GCF_002863725.1|NZ_CP019121.1|NZ_CP019121.1_1645	GCF_002863725.1|NZ_CP019121.1|NZ_CP019121.1_1645	GCF_002863725.1|NZ_CP019121.1|NZ_CP019121.1_1645	1	AbiAlpha__AbiAlpha
clust_rep_seq_AbiL_32	AbiL	AbiL	Defense	GCF_000770115.1|NZ_CP009467.1|NZ_CP009467.1_2072	GCF_000770115.1|NZ_CP009467.1|NZ_CP009467.1_2073	GCF_000770115.1|NZ_CP009467.1|NZ_CP009467.1_2072,GCF_000770115.1|NZ_CP009467.1|NZ_CP009467.1_2073	2	AbiL__AbiLi2,AbiL__AbiLii2
clust_rep_seq_Shedu_442	Shedu	Shedu	Defense	GCF_000770115.1|NZ_CP009467.1|NZ_CP009467.1_2106	GCF_000770115.1|NZ_CP009467.1|NZ_CP009467.1_2106	GCF_000770115.1|NZ_CP009467.1|NZ_CP009467.1_2106	1	Shedu__SduA
clust_rep_seq_Other_Type_IV_327	Other_Type_IV	Other_Type_IV	Defense	GCF_000770115.1|NZ_CP009467.1|NZ_CP009467.1_2118	GCF_000770115.1|NZ_CP009467.1|NZ_CP009467.1_2118	GCF_000770115.1|NZ_CP009467.1|NZ_CP009467.1_2118	1	RM_Type_IV__Type_IV_05
clust_rep_seq_Aristaios_47	Aristaios	Aristaios	Defense	GCF_000772065.1|NZ_CP009617.1|NZ_CP009617.1_1096	GCF_000772065.1|NZ_CP009617.1|NZ_CP009617.1_1096	GCF_000772065.1|NZ_CP009617.1|NZ_CP009617.1_1096	1	Aristaios__Aristaios
clust_rep_seq_dGTPase_531	dGTPase	dGTPase	Defense	GCF_000772065.1|NZ_CP009617.1|NZ_CP009617.1_1115	GCF_000772065.1|NZ_CP009617.1|NZ_CP009617.1_1115	GCF_000772065.1|NZ_CP009617.1|NZ_CP009617.1_1115	1	dGTPase__Sp_dGTPase
clust_rep_seq_Aristaios_48	Aristaios	Aristaios	Defense	GCF_000772065.1|NZ_CP009617.1|NZ_CP009617.1_1121	GCF_000772065.1|NZ_CP009617.1|NZ_CP009617.1_1121	GCF_000772065.1|NZ_CP009617.1|NZ_CP009617.1_1121	1	Aristaios__Aristaios
clust_rep_seq_Kiwa_293	Kiwa	Kiwa	Defense	GCF_000829215.1|NZ_AP014525.1|NZ_AP014525.1_254	GCF_000829215.1|NZ_AP014525.1|NZ_AP014525.1_255	GCF_000829215.1|NZ_AP014525.1|NZ_AP014525.1_254,GCF_000829215.1|NZ_AP014525.1|NZ_AP014525.1_255	2	Kiwa__KwaA,Kiwa__KwaB
clust_rep_seq_gcu142_533	gcu142	gcu142	Defense	GCF_003063885.1|NZ_CP028893.1|NZ_CP028893.1_313	GCF_003063885.1|NZ_CP028893.1|NZ_CP028893.1_313	GCF_003063885.1|NZ_CP028893.1|NZ_CP028893.1_313	1	gcu142__gcu142
clust_rep_seq_VcaM4I_519	VcaM4I	VcaM4I	Defense	GCF_009762915.1|NZ_CP046738.1|NZ_CP046738.1_853	GCF_009762915.1|NZ_CP046738.1|NZ_CP046738.1_853	GCF_009762915.1|NZ_CP046738.1|NZ_CP046738.1_853	1	VcaM4I__VcaM4I
clust_rep_seq_EcoKMcrA_252	EcoKMcrA	EcoKMcrA	Defense	GCF_009762965.1|NZ_CP046741.1|NZ_CP046741.1_430	GCF_009762965.1|NZ_CP046741.1|NZ_CP046741.1_430	GCF_009762965.1|NZ_CP046741.1|NZ_CP046741.1_430	1	EcoKMcrA__EcoKMcrA
clust_rep_seq_VP1840_511	VP1840	VP1840	Defense	GCF_009763225.1|NZ_CP046798.1|NZ_CP046798.1_1145	GCF_009763225.1|NZ_CP046798.1|NZ_CP046798.1_1145	GCF_009763225.1|NZ_CP046798.1|NZ_CP046798.1_1145	1	VP1840__VP1840
clust_rep_seq_Other_Type_IV_328	Other_Type_IV	Other_Type_IV	Defense	GCF_002119525.1|NZ_CP017916.1|NZ_CP017916.1_1359	GCF_002119525.1|NZ_CP017916.1|NZ_CP017916.1_1359	GCF_002119525.1|NZ_CP017916.1|NZ_CP017916.1_1359	1	RM_Type_IV__Type_IV_03
clust_rep_seq_Dazbog_249	Dazbog	Dazbog	Defense	GCF_000011805.1|NC_006841.2|NC_006841.2_661	GCF_000011805.1|NC_006841.2|NC_006841.2_662	GCF_000011805.1|NC_006841.2|NC_006841.2_661,GCF_000011805.1|NC_006841.2|NC_006841.2_662	2	Dazbog__DzbA,Dazbog__DzbB
clust_rep_seq_VP1839_501	VP1839	VP1839	Defense	GCF_004319645.1|NZ_CP027030.1|NZ_CP027030.1_1373	GCF_004319645.1|NZ_CP027030.1|NZ_CP027030.1_1373	GCF_004319645.1|NZ_CP027030.1|NZ_CP027030.1_1373	1	VP1839__VP1839
clust_rep_seq_Aristaios_49	Aristaios	Aristaios	Defense	GCF_009601765.2|NZ_CP045700.1|NZ_CP045700.1_861	GCF_009601765.2|NZ_CP045700.1|NZ_CP045700.1_861	GCF_009601765.2|NZ_CP045700.1|NZ_CP045700.1_861	1	Aristaios__Aristaios
clust_rep_seq_Aristaios_50	Aristaios	Aristaios	Defense	GCF_009763705.1|NZ_CP046801.1|NZ_CP046801.1_529	GCF_009763705.1|NZ_CP046801.1|NZ_CP046801.1_529	GCF_009763705.1|NZ_CP046801.1|NZ_CP046801.1_529	1	Aristaios__Aristaios
clust_rep_seq_Aristaios_51	Aristaios	Aristaios	Defense	GCF_013393845.1|NZ_CP040100.1|NZ_CP040100.1_1611	GCF_013393845.1|NZ_CP040100.1|NZ_CP040100.1_1611	GCF_013393845.1|NZ_CP040100.1|NZ_CP040100.1_1611	1	Aristaios__Aristaios
clust_rep_seq_dCTPdeaminase_528	dCTPdeaminase	dCTPdeaminase	Defense	GCF_013393885.1|NZ_CP040103.1|NZ_CP040103.1_1951	GCF_013393885.1|NZ_CP040103.1|NZ_CP040103.1_1951	GCF_013393885.1|NZ_CP040103.1|NZ_CP040103.1_1951	1	dCTPdeaminase__dCTPdeaminase
clust_rep_seq_Esos_265	Esos	Esos	Defense	GCF_024347495.1|NZ_AP025491.1|NZ_AP025491.1_929	GCF_024347495.1|NZ_AP025491.1|NZ_AP025491.1_929	GCF_024347495.1|NZ_AP025491.1|NZ_AP025491.1_929	1	Esos__VCA0450
clust_rep_seq_AbiH_20	AbiH	AbiH	Defense	GCF_024971935.1|NZ_CP080098.1|NZ_CP080098.1_2681	GCF_024971935.1|NZ_CP080098.1|NZ_CP080098.1_2681	GCF_024971935.1|NZ_CP080098.1|NZ_CP080098.1_2681	1	AbiH__AbiH
clust_rep_seq_AbiJ_28	AbiJ	AbiJ	Defense	GCF_030580635.1|NZ_CP129422.1|NZ_CP129422.1_456	GCF_030580635.1|NZ_CP129422.1|NZ_CP129422.1_456	GCF_030580635.1|NZ_CP129422.1|NZ_CP129422.1_456	1	AbiJ__AbiJ
clust_rep_seq_CmdTAC_182	CmdTAC	CmdTAC	Defense	GCF_030704285.1|NZ_CP131931.1|NZ_CP131931.1_1432	GCF_030704285.1|NZ_CP131931.1|NZ_CP131931.1_1434	GCF_030704285.1|NZ_CP131931.1|NZ_CP131931.1_1432,GCF_030704285.1|NZ_CP131931.1|NZ_CP131931.1_1434	2	CmdTAC__CmdC,CmdTAC__CmdT
clust_rep_seq_SEFIR_422	SEFIR	SEFIR	Defense	GCF_030994165.1|NZ_CP099921.1|NZ_CP099921.1_1256	GCF_030994165.1|NZ_CP099921.1|NZ_CP099921.1_1256	GCF_030994165.1|NZ_CP099921.1|NZ_CP099921.1_1256	1	SEFIR__bSEFIR
clust_rep_seq_Epona_263	Epona	Epona	Defense	GCF_032841475.3|NZ_CP184806.1|NZ_CP184806.1_376	GCF_032841475.3|NZ_CP184806.1|NZ_CP184806.1_376	GCF_032841475.3|NZ_CP184806.1|NZ_CP184806.1_376	1	Epona__VCA0366
clust_rep_seq_Rugutis_408	Rugutis	Rugutis	Defense	GCF_045348105.1|NZ_CP150831.1|NZ_CP150831.1_915	GCF_045348105.1|NZ_CP150831.1|NZ_CP150831.1_915	GCF_045348105.1|NZ_CP150831.1|NZ_CP150831.1_915	1	Rugutis__Rugutis
clust_rep_seq_Toutatis_482	Toutatis	Toutatis	Defense	GCF_046118645.1|NZ_CP176035.1|NZ_CP176035.1_2575	GCF_046118645.1|NZ_CP176035.1|NZ_CP176035.1_2575	GCF_046118645.1|NZ_CP176035.1|NZ_CP176035.1_2575	1	Toutatis__TutA_VCA0446
clust_rep_seq_PARIS_II_merge_346	Paris	PARIS_II_merge	Defense	GCF_046118655.1|NZ_CP176031.1|NZ_CP176031.1_2029	GCF_046118655.1|NZ_CP176031.1|NZ_CP176031.1_2029	GCF_046118655.1|NZ_CP176031.1|NZ_CP176031.1_2029	1	Paris_II_merge__AAA_21_DUF4435
clust_rep_seq_Aristaios_52	Aristaios	Aristaios	Defense	GCF_046532655.1|NZ_CP151937.1|NZ_CP151937.1_1451	GCF_046532655.1|NZ_CP151937.1|NZ_CP151937.1_1451	GCF_046532655.1|NZ_CP151937.1|NZ_CP151937.1_1451	1	Aristaios__Aristaios
clust_rep_seq_Retron_II_394	Retron	Retron_II	Defense	GCF_046532655.1|NZ_CP151937.1|NZ_CP151937.1_1506	GCF_046532655.1|NZ_CP151937.1|NZ_CP151937.1_1507	GCF_046532655.1|NZ_CP151937.1|NZ_CP151937.1_1506,GCF_046532655.1|NZ_CP151937.1|NZ_CP151937.1_1507	2	Retron_II__NDT,Retron__RT_Tot_4
clust_rep_seq_gcuWGS21_539	gcuWGS21	gcuWGS21	Defense	GCF_049384865.1|NZ_JAIWIW010000001.1|NZ_JAIWIW010000001.1_1299	GCF_049384865.1|NZ_JAIWIW010000001.1|NZ_JAIWIW010000001.1_1299	GCF_049384865.1|NZ_JAIWIW010000001.1|NZ_JAIWIW010000001.1_1299	1	gcuWGS21__gcuWGS21
clust_rep_seq_Rugutis_409	Rugutis	Rugutis	Defense	GCF_022869905.1|NZ_CP064381.1|NZ_CP064381.1_526	GCF_022869905.1|NZ_CP064381.1|NZ_CP064381.1_526	GCF_022869905.1|NZ_CP064381.1|NZ_CP064381.1_526	1	Rugutis__Rugutis
clust_rep_seq_VP1817_489	VP1817	VP1817	Defense	GCF_023151555.2|NZ_CP100425.1|NZ_CP100425.1_1887	GCF_023151555.2|NZ_CP100425.1|NZ_CP100425.1_1887	GCF_023151555.2|NZ_CP100425.1|NZ_CP100425.1_1887	1	VP1817__VP1817
clust_rep_seq_Septu_434	Septu	Septu	Defense	GCF_023205895.1|NZ_CP064033.1|NZ_CP064033.1_1186	GCF_023205895.1|NZ_CP064033.1|NZ_CP064033.1_1187	GCF_023205895.1|NZ_CP064033.1|NZ_CP064033.1_1186,GCF_023205895.1|NZ_CP064033.1|NZ_CP064033.1_1187	2	Septu__PtuA,Septu__PtuB
clust_rep_seq_Aristaios_53	Aristaios	Aristaios	Defense	GCF_023277445.1|NZ_CP080238.1|NZ_CP080238.1_162	GCF_023277445.1|NZ_CP080238.1|NZ_CP080238.1_162	GCF_023277445.1|NZ_CP080238.1|NZ_CP080238.1_162	1	Aristaios__Aristaios
clust_rep_seq_Other_Type_IV_329	Other_Type_IV	Other_Type_IV	Defense	GCF_024582835.1|NZ_CP102097.1|NZ_CP102097.1_968	GCF_024582835.1|NZ_CP102097.1|NZ_CP102097.1_968	GCF_024582835.1|NZ_CP102097.1|NZ_CP102097.1_968	1	RM_Type_IV__Type_IV_05
clust_rep_seq_VP1817_490	VP1817	VP1817	Defense	GCF_025994915.1|NZ_AP026552.1|NZ_AP026552.1_1334	GCF_025994915.1|NZ_AP026552.1|NZ_AP026552.1_1334	GCF_025994915.1|NZ_AP026552.1|NZ_AP026552.1_1334	1	VP1817__VP1817
clust_rep_seq_Belisama_156	Belisama	Belisama	Defense	GCF_026000435.1|NZ_AP026763.1|NZ_AP026763.1_1178	GCF_026000435.1|NZ_AP026763.1|NZ_AP026763.1_1178	GCF_026000435.1|NZ_AP026763.1|NZ_AP026763.1_1178	1	Belisama__VCA0458
clust_rep_seq_Rugutis_410	Rugutis	Rugutis	Defense	GCF_038695265.1|NZ_CP152308.1|NZ_CP152308.1_505	GCF_038695265.1|NZ_CP152308.1|NZ_CP152308.1_505	GCF_038695265.1|NZ_CP152308.1|NZ_CP152308.1_505	1	Rugutis__Rugutis
clust_rep_seq_EcoKMcrA_253	EcoKMcrA	EcoKMcrA	Defense	GCF_039602145.1|NZ_CP142015.1|NZ_CP142015.1_854	GCF_039602145.1|NZ_CP142015.1|NZ_CP142015.1_854	GCF_039602145.1|NZ_CP142015.1|NZ_CP142015.1_854	1	EcoKMcrA__EcoKMcrA
clust_rep_seq_AbiAlpha_2	AbiAlpha	AbiAlpha	Defense	GCF_039602145.1|NZ_CP142015.1|NZ_CP142015.1_921	GCF_039602145.1|NZ_CP142015.1|NZ_CP142015.1_921	GCF_039602145.1|NZ_CP142015.1|NZ_CP142015.1_921	1	AbiAlpha__AbiAlpha
clust_rep_seq_EcoKMcrA_254	EcoKMcrA	EcoKMcrA	Defense	GCF_040254425.1|NZ_CP158305.1|NZ_CP158305.1_1737	GCF_040254425.1|NZ_CP158305.1|NZ_CP158305.1_1737	GCF_040254425.1|NZ_CP158305.1|NZ_CP158305.1_1737	1	EcoKMcrA__EcoKMcrA
clust_rep_seq_Aristaios_54	Aristaios	Aristaios	Defense	GCF_040735825.1|NZ_CP147727.1|NZ_CP147727.1_393	GCF_040735825.1|NZ_CP147727.1|NZ_CP147727.1_393	GCF_040735825.1|NZ_CP147727.1|NZ_CP147727.1_393	1	Aristaios__Aristaios
clust_rep_seq_VcaM4I_520	VcaM4I	VcaM4I	Defense	GCF_040869035.2|NZ_CP162101.2|NZ_CP162101.2_299	GCF_040869035.2|NZ_CP162101.2|NZ_CP162101.2_299	GCF_040869035.2|NZ_CP162101.2|NZ_CP162101.2_299	1	VcaM4I__VcaM4I
clust_rep_seq_Aristaios_55	Aristaios	Aristaios	Defense	GCF_040869035.2|NZ_CP162101.2|NZ_CP162101.2_301	GCF_040869035.2|NZ_CP162101.2|NZ_CP162101.2_301	GCF_040869035.2|NZ_CP162101.2|NZ_CP162101.2_301	1	Aristaios__Aristaios
clust_rep_seq_Other_Type_IV_330	Other_Type_IV	Other_Type_IV	Defense	GCF_053220475.1|NZ_CM129938.1|NZ_CM129938.1_502	GCF_053220475.1|NZ_CM129938.1|NZ_CM129938.1_502	GCF_053220475.1|NZ_CM129938.1|NZ_CM129938.1_502	1	RM_Type_IV__Type_IV_03
clust_rep_seq_VcaM4I_521	VcaM4I	VcaM4I	Defense	GCF_053220475.1|NZ_CM129938.1|NZ_CM129938.1_506	GCF_053220475.1|NZ_CM129938.1|NZ_CM129938.1_506	GCF_053220475.1|NZ_CM129938.1|NZ_CM129938.1_506	1	VcaM4I__VcaM4I
clust_rep_seq_AbiAlpha_3	AbiAlpha	AbiAlpha	Defense	GCF_053220615.1|NZ_CM129952.1|NZ_CM129952.1_795	GCF_053220615.1|NZ_CM129952.1|NZ_CM129952.1_795	GCF_053220615.1|NZ_CM129952.1|NZ_CM129952.1_795	1	AbiAlpha__AbiAlpha
clust_rep_seq_Esos_266	Esos	Esos	Defense	GCF_053220615.1|NZ_CM129952.1|NZ_CM129952.1_802	GCF_053220615.1|NZ_CM129952.1|NZ_CM129952.1_802	GCF_053220615.1|NZ_CM129952.1|NZ_CM129952.1_802	1	Esos__VCA0450
clust_rep_seq_Aristaios_56	Aristaios	Aristaios	Defense	GCF_053220615.1|NZ_CM129952.1|NZ_CM129952.1_835	GCF_053220615.1|NZ_CM129952.1|NZ_CM129952.1_835	GCF_053220615.1|NZ_CM129952.1|NZ_CM129952.1_835	1	Aristaios__Aristaios
clust_rep_seq_Aristaios_57	Aristaios	Aristaios	Defense	GCF_058545285.1|NZ_CM178589.1|NZ_CM178589.1_288	GCF_058545285.1|NZ_CM178589.1|NZ_CM178589.1_288	GCF_058545285.1|NZ_CM178589.1|NZ_CM178589.1_288	1	Aristaios__Aristaios
clust_rep_seq_VcaM4I_522	VcaM4I	VcaM4I	Defense	GCF_059427945.1|NZ_CM182084.1|NZ_CM182084.1_1764	GCF_059427945.1|NZ_CM182084.1|NZ_CM182084.1_1764	GCF_059427945.1|NZ_CM182084.1|NZ_CM182084.1_1764	1	VcaM4I__VcaM4I
clust_rep_seq_Aristaios_58	Aristaios	Aristaios	Defense	GCF_059772125.1|NZ_CM186276.1|NZ_CM186276.1_864	GCF_059772125.1|NZ_CM186276.1|NZ_CM186276.1_864	GCF_059772125.1|NZ_CM186276.1|NZ_CM186276.1_864	1	Aristaios__Aristaios
clust_rep_seq_Rugutis_411	Rugutis	Rugutis	Defense	GCF_059941605.1|NZ_CM188127.1|NZ_CM188127.1_2198	GCF_059941605.1|NZ_CM188127.1|NZ_CM188127.1_2198	GCF_059941605.1|NZ_CM188127.1|NZ_CM188127.1_2198	1	Rugutis__Rugutis
clust_rep_seq_Shedu_443	Shedu	Shedu	Defense	GCF_011801435.1|NZ_CP042449.1|NZ_CP042449.1_1360	GCF_011801435.1|NZ_CP042449.1|NZ_CP042449.1_1360	GCF_011801435.1|NZ_CP042449.1|NZ_CP042449.1_1360	1	Shedu__SduA
clust_rep_seq_Lugos_300	Lugos	Lugos	Defense	GCF_013357725.1|NZ_CP053805.1|NZ_CP053805.1_309	GCF_013357725.1|NZ_CP053805.1|NZ_CP053805.1_309	GCF_013357725.1|NZ_CP053805.1|NZ_CP053805.1_309	1	Lugos__Lugos
clust_rep_seq_PD-T7-5_369	PD-T7-5	PD-T7-5	Defense	GCF_013357725.1|NZ_CP053805.1|NZ_CP053805.1_336	GCF_013357725.1|NZ_CP053805.1|NZ_CP053805.1_336	GCF_013357725.1|NZ_CP053805.1|NZ_CP053805.1_336	1	PD-T7-5__PD-T7-5
clust_rep_seq_VP1817_491	VP1817	VP1817	Defense	GCF_013357725.1|NZ_CP053805.1|NZ_CP053805.1_344	GCF_013357725.1|NZ_CP053805.1|NZ_CP053805.1_344	GCF_013357725.1|NZ_CP053805.1|NZ_CP053805.1_344	1	VP1817__VP1817
clust_rep_seq_Dag_223	Dag	Dag	Defense	GCF_000196095.1|NC_004603.1|NC_004603.1_1701	GCF_000196095.1|NC_004603.1|NC_004603.1_1701	GCF_000196095.1|NC_004603.1|NC_004603.1_1701	1	Dag__Dag2_VP1796
clust_rep_seq_SEFIR_423	SEFIR	SEFIR	Defense	GCF_002204915.1|NZ_CP016321.1|NZ_CP016321.1_1518	GCF_002204915.1|NZ_CP016321.1|NZ_CP016321.1_1518	GCF_002204915.1|NZ_CP016321.1|NZ_CP016321.1_1518	1	SEFIR__bSEFIR
clust_rep_seq_Lugos_301	Lugos	Lugos	Defense	GCF_002204915.1|NZ_CP016321.1|NZ_CP016321.1_1522	GCF_002204915.1|NZ_CP016321.1|NZ_CP016321.1_1522	GCF_002204915.1|NZ_CP016321.1|NZ_CP016321.1_1522	1	Lugos__Lugos
clust_rep_seq_AbiH_21	AbiH	AbiH	Defense	GCF_002211985.1|NZ_CP022102.1|NZ_CP022102.1_363	GCF_002211985.1|NZ_CP022102.1|NZ_CP022102.1_363	GCF_002211985.1|NZ_CP022102.1|NZ_CP022102.1_363	1	AbiH__AbiH
clust_rep_seq_Dag_224	Dag	Dag	Defense	GCF_002211985.1|NZ_CP022102.1|NZ_CP022102.1_479	GCF_002211985.1|NZ_CP022102.1|NZ_CP022102.1_479	GCF_002211985.1|NZ_CP022102.1|NZ_CP022102.1_479	1	Dag__Dag5
clust_rep_seq_Aristaios_59	Aristaios	Aristaios	Defense	GCF_003612695.1|NZ_CP023472.1|NZ_CP023472.1_1812	GCF_003612695.1|NZ_CP023472.1|NZ_CP023472.1_1812	GCF_003612695.1|NZ_CP023472.1|NZ_CP023472.1_1812	1	Aristaios__Aristaios
clust_rep_seq_Aristaios_60	Aristaios	Aristaios	Defense	GCF_003612695.1|NZ_CP023472.1|NZ_CP023472.1_1842	GCF_003612695.1|NZ_CP023472.1|NZ_CP023472.1_1842	GCF_003612695.1|NZ_CP023472.1|NZ_CP023472.1_1842	1	Aristaios__Aristaios
clust_rep_seq_Nantosuelta_320	Nantosuelta	Nantosuelta	Defense	GCF_009764025.1|NZ_CP046847.1|NZ_CP046847.1_480	GCF_009764025.1|NZ_CP046847.1|NZ_CP046847.1_480	GCF_009764025.1|NZ_CP046847.1|NZ_CP046847.1_480	1	Nantosuelta__VCA0322
clust_rep_seq_Sirona_464	Sirona	Sirona	Defense	GCF_009764055.1|NZ_CP046831.1|NZ_CP046831.1_1702	GCF_009764055.1|NZ_CP046831.1|NZ_CP046831.1_1702	GCF_009764055.1|NZ_CP046831.1|NZ_CP046831.1_1702	1	Sirona__VCA0356
clust_rep_seq_dCTPdeaminase_529	dCTPdeaminase	dCTPdeaminase	Defense	GCF_009883815.1|NZ_CP034285.1|NZ_CP034285.1_1213	GCF_009883815.1|NZ_CP034285.1|NZ_CP034285.1_1213	GCF_009883815.1|NZ_CP034285.1|NZ_CP034285.1_1213	1	dCTPdeaminase__dCTPdeaminase
clust_rep_seq_VP1839_502	VP1839	VP1839	Defense	GCF_021391375.1|NZ_CP090020.1|NZ_CP090020.1_356	GCF_021391375.1|NZ_CP090020.1|NZ_CP090020.1_356	GCF_021391375.1|NZ_CP090020.1|NZ_CP090020.1_356	1	VP1839__VP1839
clust_rep_seq_Aristaios_61	Aristaios	Aristaios	Defense	GCF_021432065.1|NZ_CP090365.1|NZ_CP090365.1_277	GCF_021432065.1|NZ_CP090365.1|NZ_CP090365.1_277	GCF_021432065.1|NZ_CP090365.1|NZ_CP090365.1_277	1	Aristaios__Aristaios
clust_rep_seq_Cernunnos_178	Cernunnos	Cernunnos	Defense	GCF_022453845.1|NZ_CP092682.1|NZ_CP092682.1_1282	GCF_022453845.1|NZ_CP092682.1|NZ_CP092682.1_1282	GCF_022453845.1|NZ_CP092682.1|NZ_CP092682.1_1282	1	Cernunnos__VCA0410
clust_rep_seq_Damona_242	Damona	Damona	Defense	GCF_026970915.1|NZ_CP114194.1|NZ_CP114194.1_1798	GCF_026970915.1|NZ_CP114194.1|NZ_CP114194.1_1798	GCF_026970915.1|NZ_CP114194.1|NZ_CP114194.1_1798	1	Damona__VCA0399
clust_rep_seq_FS_GIY_YIG_277	FS_GIY_YIG	FS_GIY_YIG	Defense	GCF_028743655.1|NZ_CP117989.1|NZ_CP117989.1_1182	GCF_028743655.1|NZ_CP117989.1|NZ_CP117989.1_1182	GCF_028743655.1|NZ_CP117989.1|NZ_CP117989.1_1182	1	FS_GIY_YIG__GIY_YIG
clust_rep_seq_Aristaios_62	Aristaios	Aristaios	Defense	GCF_028898625.1|NZ_CP118577.1|NZ_CP118577.1_673	GCF_028898625.1|NZ_CP118577.1|NZ_CP118577.1_673	GCF_028898625.1|NZ_CP118577.1|NZ_CP118577.1_673	1	Aristaios__Aristaios
clust_rep_seq_Septu_435	Septu	Septu	Defense	GCF_039542195.1|NZ_CP154264.1|NZ_CP154264.1_1917	GCF_039542195.1|NZ_CP154264.1|NZ_CP154264.1_1918	GCF_039542195.1|NZ_CP154264.1|NZ_CP154264.1_1917,GCF_039542195.1|NZ_CP154264.1|NZ_CP154264.1_1918	2	Septu__PtuA,Septu__PtuB
clust_rep_seq_Resolvase_DUF5677_389	Resolvase_DUF5677	Resolvase_DUF5677	Defense	GCF_041734175.1|NZ_CP168658.1|NZ_CP168658.1_941	GCF_041734175.1|NZ_CP168658.1|NZ_CP168658.1_941	GCF_041734175.1|NZ_CP168658.1|NZ_CP168658.1_941	1	Resolvase_DUF5677__Resolvase_DUF5677
clust_rep_seq_Rugutis_412	Rugutis	Rugutis	Defense	GCF_053220535.1|NZ_CM129944.1|NZ_CM129944.1_984	GCF_053220535.1|NZ_CM129944.1|NZ_CM129944.1_984	GCF_053220535.1|NZ_CM129944.1|NZ_CM129944.1_984	1	Rugutis__Rugutis
clust_rep_seq_AbiAlpha_4	AbiAlpha	AbiAlpha	Defense	GCF_053220535.1|NZ_CM129944.1|NZ_CM129944.1_1035	GCF_053220535.1|NZ_CM129944.1|NZ_CM129944.1_1035	GCF_053220535.1|NZ_CM129944.1|NZ_CM129944.1_1035	1	AbiAlpha__AbiAlpha
clust_rep_seq_Aristaios_63	Aristaios	Aristaios	Defense	GCF_054512795.1|NZ_JBTNLO010000004.1|NZ_JBTNLO010000004.1_45	GCF_054512795.1|NZ_JBTNLO010000004.1|NZ_JBTNLO010000004.1_45	GCF_054512795.1|NZ_JBTNLO010000004.1|NZ_JBTNLO010000004.1_45	1	Aristaios__Aristaios
clust_rep_seq_Aristaios_64	Aristaios	Aristaios	Defense	GCF_059552575.1|NZ_CM183915.1|NZ_CM183915.1_1910	GCF_059552575.1|NZ_CM183915.1|NZ_CM183915.1_1910	GCF_059552575.1|NZ_CM183915.1|NZ_CM183915.1_1910	1	Aristaios__Aristaios
clust_rep_seq_Aristaios_65	Aristaios	Aristaios	Defense	GCF_059641075.1|NZ_CM184931.1|NZ_CM184931.1_2240	GCF_059641075.1|NZ_CM184931.1|NZ_CM184931.1_2240	GCF_059641075.1|NZ_CM184931.1|NZ_CM184931.1_2240	1	Aristaios__Aristaios
clust_rep_seq_Thoeris_X_480	Thoeris	Thoeris_X	Defense	GCF_059772125.1|NZ_CM186276.1|NZ_CM186276.1_934	GCF_059772125.1|NZ_CM186276.1|NZ_CM186276.1_935	GCF_059772125.1|NZ_CM186276.1|NZ_CM186276.1_934,GCF_059772125.1|NZ_CM186276.1|NZ_CM186276.1_935	2	Thoeris__ThsB_3,Thoeris__ThsK_Ion_channel
clust_rep_seq_RAZR_383	RAZR	RAZR	Defense	GCF_009938185.1|NZ_AP019652.1|NZ_AP019652.1_817	GCF_009938185.1|NZ_AP019652.1|NZ_AP019652.1_817	GCF_009938185.1|NZ_AP019652.1|NZ_AP019652.1_817	1	PD-T7-4__PD-T7-4
clust_rep_seq_DRT8_188	DRT	DRT8	Defense	GCF_013357725.1|NZ_CP053805.1|NZ_CP053805.1_562	GCF_013357725.1|NZ_CP053805.1|NZ_CP053805.1_562	GCF_013357725.1|NZ_CP053805.1|NZ_CP053805.1_562	1	DRT8__DRT8a
clust_rep_seq_Thoeris_X_481	Thoeris	Thoeris_X	Defense	GCF_013357745.1|NZ_CP053807.1|NZ_CP053807.1_266	GCF_013357745.1|NZ_CP053807.1|NZ_CP053807.1_267	GCF_013357745.1|NZ_CP053807.1|NZ_CP053807.1_266,GCF_013357745.1|NZ_CP053807.1|NZ_CP053807.1_267	2	Thoeris__ThsB_3,Thoeris__ThsK_Ion_channel
clust_rep_seq_AbiH_22	AbiH	AbiH	Defense	GCF_013357745.1|NZ_CP053807.1|NZ_CP053807.1_412	GCF_013357745.1|NZ_CP053807.1|NZ_CP053807.1_412	GCF_013357745.1|NZ_CP053807.1|NZ_CP053807.1_412	1	AbiH__AbiH
clust_rep_seq_mEp332_T2SS_GspM_541	mEp332_T2SS_GspM	mEp332_T2SS_GspM	Defense	GCF_013357825.1|NZ_CP053823.1|NZ_CP053823.1_464	GCF_013357825.1|NZ_CP053823.1|NZ_CP053823.1_464	GCF_013357825.1|NZ_CP053823.1|NZ_CP053823.1_464	1	mEp332_T2SS_GspM__T2SS_GspM
clust_rep_seq_Lugos_302	Lugos	Lugos	Defense	GCF_013357825.1|NZ_CP053823.1|NZ_CP053823.1_486	GCF_013357825.1|NZ_CP053823.1|NZ_CP053823.1_486	GCF_013357825.1|NZ_CP053823.1|NZ_CP053823.1_486	1	Lugos__Lugos
clust_rep_seq_Aristaios_66	Aristaios	Aristaios	Defense	GCF_018140575.1|NZ_CP073274.1|NZ_CP073274.1_1229	GCF_018140575.1|NZ_CP073274.1|NZ_CP073274.1_1229	GCF_018140575.1|NZ_CP073274.1|NZ_CP073274.1_1229	1	Aristaios__Aristaios
clust_rep_seq_Sirona_465	Sirona	Sirona	Defense	GCF_018336415.1|NZ_CP047306.1|NZ_CP047306.1_313	GCF_018336415.1|NZ_CP047306.1|NZ_CP047306.1_313	GCF_018336415.1|NZ_CP047306.1|NZ_CP047306.1_313	1	Sirona__VCA0356
clust_rep_seq_Shedu_444	Shedu	Shedu	Defense	GCF_019458465.1|NZ_CP080463.1|NZ_CP080463.1_191	GCF_019458465.1|NZ_CP080463.1|NZ_CP080463.1_191	GCF_019458465.1|NZ_CP080463.1|NZ_CP080463.1_191	1	Shedu__SduA
clust_rep_seq_DS-45_217	DS-45	DS-45	Defense	GCF_019458465.1|NZ_CP080463.1|NZ_CP080463.1_199	GCF_019458465.1|NZ_CP080463.1|NZ_CP080463.1_199	GCF_019458465.1|NZ_CP080463.1|NZ_CP080463.1_199	1	DS-45__DS-45
clust_rep_seq_FS_GIY_YIG_278	FS_GIY_YIG	FS_GIY_YIG	Defense	GCF_020717785.1|NZ_CP085843.1|NZ_CP085843.1_1642	GCF_020717785.1|NZ_CP085843.1|NZ_CP085843.1_1642	GCF_020717785.1|NZ_CP085843.1|NZ_CP085843.1_1642	1	FS_GIY_YIG__GIY_YIG
clust_rep_seq_DS-20_198	DS-20	DS-20	Defense	GCF_025258925.1|NZ_CP104355.1|NZ_CP104355.1_525	GCF_025258925.1|NZ_CP104355.1|NZ_CP104355.1_525	GCF_025258925.1|NZ_CP104355.1|NZ_CP104355.1_525	1	DS-20__DS-20
clust_rep_seq_Septu_436	Septu	Septu	Defense	GCF_025258925.1|NZ_CP104355.1|NZ_CP104355.1_534	GCF_025258925.1|NZ_CP104355.1|NZ_CP104355.1_535	GCF_025258925.1|NZ_CP104355.1|NZ_CP104355.1_534,GCF_025258925.1|NZ_CP104355.1|NZ_CP104355.1_535	2	Septu__PtuA,Septu__PtuB
clust_rep_seq_Aristaios_67	Aristaios	Aristaios	Defense	GCF_030718785.1|NZ_CP132189.1|NZ_CP132189.1_452	GCF_030718785.1|NZ_CP132189.1|NZ_CP132189.1_452	GCF_030718785.1|NZ_CP132189.1|NZ_CP132189.1_452	1	Aristaios__Aristaios
clust_rep_seq_DS-40_214	DS-40	DS-40	Defense	GCF_030994225.1|NZ_CP099928.1|NZ_CP099928.1_1156	GCF_030994225.1|NZ_CP099928.1|NZ_CP099928.1_1156	GCF_030994225.1|NZ_CP099928.1|NZ_CP099928.1_1156	1	DS-40__DS-40
clust_rep_seq_DS-18_195	DS-18	DS-18	Defense	GCF_048284855.2|NZ_CP192285.1|NZ_CP192285.1_1859	GCF_048284855.2|NZ_CP192285.1|NZ_CP192285.1_1859	GCF_048284855.2|NZ_CP192285.1|NZ_CP192285.1_1859	1	DS-18__DS-18
clust_rep_seq_CBASS_I_TM_168	CBASS	CBASS_I_TM	Defense	GCF_048284885.2|NZ_CP192147.1|NZ_CP192147.1_1209	GCF_048284885.2|NZ_CP192147.1|NZ_CP192147.1_1210	GCF_048284885.2|NZ_CP192147.1|NZ_CP192147.1_1209,GCF_048284885.2|NZ_CP192147.1|NZ_CP192147.1_1210	2	CBASS__Cyclase_new,CBASS__Effector_2TM_S_2TMBeta
clust_rep_seq_DS-35_209	DS-35	DS-35	Defense	GCF_049315005.1|NZ_CP186026.1|NZ_CP186026.1_671	GCF_049315005.1|NZ_CP186026.1|NZ_CP186026.1_671	GCF_049315005.1|NZ_CP186026.1|NZ_CP186026.1_671	1	DS-35__DS-35
clust_rep_seq_Retron_I_C_397	Retron	Retron_I_C	Defense	GCF_049816175.1|NZ_CP187434.1|NZ_CP187434.1_1232	GCF_049816175.1|NZ_CP187434.1|NZ_CP187434.1_1232	GCF_049816175.1|NZ_CP187434.1|NZ_CP187434.1_1232	1	Retron_I_C__RT_1_C1
clust_rep_seq_Rst_DUF4238_404	Rst_DUF4238	Rst_DUF4238	Defense	GCF_049816175.1|NZ_CP187434.1|NZ_CP187434.1_1253	GCF_049816175.1|NZ_CP187434.1|NZ_CP187434.1_1253	GCF_049816175.1|NZ_CP187434.1|NZ_CP187434.1_1253	1	Rst_DUF4238__DUF4238_Pers
clust_rep_seq_Other_Type_IV_331	Other_Type_IV	Other_Type_IV	Defense	GCF_052076115.1|NZ_CP197263.1|NZ_CP197263.1_1784	GCF_052076115.1|NZ_CP197263.1|NZ_CP197263.1_1784	GCF_052076115.1|NZ_CP197263.1|NZ_CP197263.1_1784	1	RM_Type_IV__Type_IV_05
clust_rep_seq_Dag_225	Dag	Dag	Defense	GCF_052076115.1|NZ_CP197263.1|NZ_CP197263.1_1805	GCF_052076115.1|NZ_CP197263.1|NZ_CP197263.1_1805	GCF_052076115.1|NZ_CP197263.1|NZ_CP197263.1_1805	1	Dag__Dag3
clust_rep_seq_PARIS_I_343	Paris	PARIS_I	Defense	GCF_900185995.1|NZ_LT897798.1|NZ_LT897798.1_474	GCF_900185995.1|NZ_LT897798.1|NZ_LT897798.1_475	GCF_900185995.1|NZ_LT897798.1|NZ_LT897798.1_474,GCF_900185995.1|NZ_LT897798.1|NZ_LT897798.1_475	2	Paris_I__AriA_AAA15,Paris_I__AriB_DUF4435_I
clust_rep_seq_AbiD_17	AbiD	AbiD	Defense	GCF_900185995.1|NZ_LT897798.1|NZ_LT897798.1_484	GCF_900185995.1|NZ_LT897798.1|NZ_LT897798.1_484	GCF_900185995.1|NZ_LT897798.1|NZ_LT897798.1_484	1	AbiD__AbiD
clust_rep_seq_Dag_226	Dag	Dag	Defense	GCF_900185995.1|NZ_LT897798.1|NZ_LT897798.1_518	GCF_900185995.1|NZ_LT897798.1|NZ_LT897798.1_518	GCF_900185995.1|NZ_LT897798.1|NZ_LT897798.1_518	1	Dag__Dag15
clust_rep_seq_FS_GIY_YIG_279	FS_GIY_YIG	FS_GIY_YIG	Defense	GCF_001758605.1|NZ_CP012950.1|NZ_CP012950.1_1271	GCF_001758605.1|NZ_CP012950.1|NZ_CP012950.1_1271	GCF_001758605.1|NZ_CP012950.1|NZ_CP012950.1_1271	1	FS_GIY_YIG__GIY_YIG
clust_rep_seq_AbiV_39	AbiV	AbiV	Defense	GCF_019670485.1|NZ_AP024165.1|NZ_AP024165.1_1097	GCF_019670485.1|NZ_AP024165.1|NZ_AP024165.1_1097	GCF_019670485.1|NZ_AP024165.1|NZ_AP024165.1_1097	1	AbiV__AbiV
clust_rep_seq_AbiAlpha_5	AbiAlpha	AbiAlpha	Defense	GCF_019670485.1|NZ_AP024165.1|NZ_AP024165.1_1110	GCF_019670485.1|NZ_AP024165.1|NZ_AP024165.1_1110	GCF_019670485.1|NZ_AP024165.1|NZ_AP024165.1_1110	1	AbiAlpha__AbiAlpha
clust_rep_seq_Aristaios_68	Aristaios	Aristaios	Defense	GCF_019670485.1|NZ_AP024165.1|NZ_AP024165.1_1128	GCF_019670485.1|NZ_AP024165.1|NZ_AP024165.1_1128	GCF_019670485.1|NZ_AP024165.1|NZ_AP024165.1_1128	1	Aristaios__Aristaios
clust_rep_seq_VcaM4I_523	VcaM4I	VcaM4I	Defense	GCF_021397735.1|NZ_CP090179.1|NZ_CP090179.1_475	GCF_021397735.1|NZ_CP090179.1|NZ_CP090179.1_475	GCF_021397735.1|NZ_CP090179.1|NZ_CP090179.1_475	1	VcaM4I__VcaM4I
clust_rep_seq_BstA_165	BstA	BstA	Defense	GCF_021397735.1|NZ_CP090179.1|NZ_CP090179.1_491	GCF_021397735.1|NZ_CP090179.1|NZ_CP090179.1_491	GCF_021397735.1|NZ_CP090179.1|NZ_CP090179.1_491	1	BstA__BstA
clust_rep_seq_DS-45_218	DS-45	DS-45	Defense	GCF_021730085.1|NZ_CP068641.1|NZ_CP068641.1_1460	GCF_021730085.1|NZ_CP068641.1|NZ_CP068641.1_1460	GCF_021730085.1|NZ_CP068641.1|NZ_CP068641.1_1460	1	DS-45__DS-45
clust_rep_seq_AbiJ_29	AbiJ	AbiJ	Defense	GCF_022343085.1|NZ_CP082303.1|NZ_CP082303.1_1750	GCF_022343085.1|NZ_CP082303.1|NZ_CP082303.1_1750	GCF_022343085.1|NZ_CP082303.1|NZ_CP082303.1_1750	1	AbiJ__AbiJ
clust_rep_seq_VP1826_499	VP1826	VP1826	Defense	GCF_009665475.1|NZ_CP035731.1|NZ_CP035731.1_396	GCF_009665475.1|NZ_CP035731.1|NZ_CP035731.1_396	GCF_009665475.1|NZ_CP035731.1|NZ_CP035731.1_396	1	VP1826__VP1826
clust_rep_seq_Damona_243	Damona	Damona	Defense	GCF_009763625.1|NZ_CP046787.1|NZ_CP046787.1_2069	GCF_009763625.1|NZ_CP046787.1|NZ_CP046787.1_2069	GCF_009763625.1|NZ_CP046787.1|NZ_CP046787.1_2069	1	Damona__VCA0399
clust_rep_seq_Toutatis_483	Toutatis	Toutatis	Defense	GCF_009763625.1|NZ_CP046787.1|NZ_CP046787.1_2070	GCF_009763625.1|NZ_CP046787.1|NZ_CP046787.1_2070	GCF_009763625.1|NZ_CP046787.1|NZ_CP046787.1_2070	1	Toutatis__TutB_VCA0447
clust_rep_seq_Aristaios_69	Aristaios	Aristaios	Defense	GCF_029958905.1|NZ_CP124613.1|NZ_CP124613.1_865	GCF_029958905.1|NZ_CP124613.1|NZ_CP124613.1_865	GCF_029958905.1|NZ_CP124613.1|NZ_CP124613.1_865	1	Aristaios__Aristaios
clust_rep_seq_Septu_437	Septu	Septu	Defense	GCF_030238725.2|NZ_CP160382.1|NZ_CP160382.1_1782	GCF_030238725.2|NZ_CP160382.1|NZ_CP160382.1_1783	GCF_030238725.2|NZ_CP160382.1|NZ_CP160382.1_1782,GCF_030238725.2|NZ_CP160382.1|NZ_CP160382.1_1783	2	Septu__PtuA,Septu__PtuB
clust_rep_seq_PD-T4-7_359	PD-T4-7	PD-T4-7	Defense	GCF_045348105.1|NZ_CP150831.1|NZ_CP150831.1_956	GCF_045348105.1|NZ_CP150831.1|NZ_CP150831.1_956	GCF_045348105.1|NZ_CP150831.1|NZ_CP150831.1_956	1	PD-T4-7__PD-T4-7
clust_rep_seq_Rugutis_413	Rugutis	Rugutis	Defense	GCF_056097205.1|NZ_CP184760.1|NZ_CP184760.1_1476	GCF_056097205.1|NZ_CP184760.1|NZ_CP184760.1_1476	GCF_056097205.1|NZ_CP184760.1|NZ_CP184760.1_1476	1	Rugutis__Rugutis
clust_rep_seq_Epona_264	Epona	Epona	Defense	GCF_056135565.1|NZ_CM148681.1|NZ_CM148681.1_1206	GCF_056135565.1|NZ_CM148681.1|NZ_CM148681.1_1206	GCF_056135565.1|NZ_CM148681.1|NZ_CM148681.1_1206	1	Epona__VCA0366
clust_rep_seq_Lit_298	Lit	Lit	Defense	GCF_057368455.1|NZ_CM170641.1|NZ_CM170641.1_975	GCF_057368455.1|NZ_CM170641.1|NZ_CM170641.1_975	GCF_057368455.1|NZ_CM170641.1|NZ_CM170641.1_975	1	Lit__Lit
clust_rep_seq_Retron_IV_395	Retron	Retron_IV	Defense	GCF_057368455.1|NZ_CM170641.1|NZ_CM170641.1_1005	GCF_057368455.1|NZ_CM170641.1|NZ_CM170641.1_1006	GCF_057368455.1|NZ_CM170641.1|NZ_CM170641.1_1005,GCF_057368455.1|NZ_CM170641.1|NZ_CM170641.1_1006	2	Retron_IV__2TM,Retron__RT_Tot_8
clust_rep_seq_Aristaios_70	Aristaios	Aristaios	Defense	GCF_057368455.1|NZ_CM170641.1|NZ_CM170641.1_1044	GCF_057368455.1|NZ_CM170641.1|NZ_CM170641.1_1044	GCF_057368455.1|NZ_CM170641.1|NZ_CM170641.1_1044	1	Aristaios__Aristaios
clust_rep_seq_VP1848_513	VP1848	VP1848	Defense	GCF_057396045.1|NZ_CM171552.1|NZ_CM171552.1_1201	GCF_057396045.1|NZ_CM171552.1|NZ_CM171552.1_1201	GCF_057396045.1|NZ_CM171552.1|NZ_CM171552.1_1201	1	VP1848__VP1848
clust_rep_seq_Other_Type_IV_332	Other_Type_IV	Other_Type_IV	Defense	GCF_057396045.1|NZ_CM171552.1|NZ_CM171552.1_1234	GCF_057396045.1|NZ_CM171552.1|NZ_CM171552.1_1234	GCF_057396045.1|NZ_CM171552.1|NZ_CM171552.1_1234	1	RM_Type_IV__Type_IV_05
clust_rep_seq_Shedu_445	Shedu	Shedu	Defense	GCF_057418845.1|NZ_CP166928.1|NZ_CP166928.1_704	GCF_057418845.1|NZ_CP166928.1|NZ_CP166928.1_704	GCF_057418845.1|NZ_CP166928.1|NZ_CP166928.1_704	1	Shedu__SduA
clust_rep_seq_Aristaios_71	Aristaios	Aristaios	Defense	GCF_057439855.1|NZ_CM172000.1|NZ_CM172000.1_1903	GCF_057439855.1|NZ_CM172000.1|NZ_CM172000.1_1903	GCF_057439855.1|NZ_CM172000.1|NZ_CM172000.1_1903	1	Aristaios__Aristaios
clust_rep_seq_Septu_438	Septu	Septu	Defense	GCF_057439875.1|NZ_CM172002.1|NZ_CM172002.1_1366	GCF_057439875.1|NZ_CM172002.1|NZ_CM172002.1_1367	GCF_057439875.1|NZ_CM172002.1|NZ_CM172002.1_1366,GCF_057439875.1|NZ_CM172002.1|NZ_CM172002.1_1367	2	Septu__PtuA,Septu__PtuB
clust_rep_seq_Belisama_157	Belisama	Belisama	Defense	GCF_057439875.1|NZ_CM172002.1|NZ_CM172002.1_1372	GCF_057439875.1|NZ_CM172002.1|NZ_CM172002.1_1372	GCF_057439875.1|NZ_CM172002.1|NZ_CM172002.1_1372	1	Belisama__VCA0458
clust_rep_seq_SNIPE_429	SNIPE	SNIPE	Defense	GCF_057784735.1|NZ_CM173495.1|NZ_CM173495.1_688	GCF_057784735.1|NZ_CM173495.1|NZ_CM173495.1_688	GCF_057784735.1|NZ_CM173495.1|NZ_CM173495.1_688	1	PD-Lambda-1__PD-Lambda-1
clust_rep_seq_DARNA_183	DARNA	DARNA	Defense	GCF_057784735.1|NZ_CM173495.1|NZ_CM173495.1_689	GCF_057784735.1|NZ_CM173495.1|NZ_CM173495.1_689	GCF_057784735.1|NZ_CM173495.1|NZ_CM173495.1_689	1	PD-T7-3__PD-T7-3
clust_rep_seq_Cernunnos_179	Cernunnos	Cernunnos	Defense	GCF_057785915.1|NZ_CM173507.1|NZ_CM173507.1_1126	GCF_057785915.1|NZ_CM173507.1|NZ_CM173507.1_1126	GCF_057785915.1|NZ_CM173507.1|NZ_CM173507.1_1126	1	Cernunnos__VCA0410
clust_rep_seq_Other_Type_IV_333	Other_Type_IV	Other_Type_IV	Defense	GCF_057785955.1|NZ_CM173512.1|NZ_CM173512.1_13	GCF_057785955.1|NZ_CM173512.1|NZ_CM173512.1_13	GCF_057785955.1|NZ_CM173512.1|NZ_CM173512.1_13	1	RM_Type_IV__Type_IV_05
clust_rep_seq_PD-T7-1_366	PD-T7-1	PD-T7-1	Defense	GCF_057785975.1|NZ_CM173513.1|NZ_CM173513.1_1117	GCF_057785975.1|NZ_CM173513.1|NZ_CM173513.1_1117	GCF_057785975.1|NZ_CM173513.1|NZ_CM173513.1_1117	1	PD-T7-1__PD-T7-1
clust_rep_seq_Aristaios_72	Aristaios	Aristaios	Defense	GCF_057785975.1|NZ_CM173514.1|NZ_CM173514.1_982	GCF_057785975.1|NZ_CM173514.1|NZ_CM173514.1_982	GCF_057785975.1|NZ_CM173514.1|NZ_CM173514.1_982	1	Aristaios__Aristaios
clust_rep_seq_Lugos_303	Lugos	Lugos	Defense	GCF_057785995.1|NZ_CM173517.1|NZ_CM173517.1_1645	GCF_057785995.1|NZ_CM173517.1|NZ_CM173517.1_1645	GCF_057785995.1|NZ_CM173517.1|NZ_CM173517.1_1645	1	Lugos__Lugos
clust_rep_seq_Aristaios_73	Aristaios	Aristaios	Defense	GCF_001969325.1|NZ_CP019293.1|NZ_CP019293.1_1278	GCF_001969325.1|NZ_CP019293.1|NZ_CP019293.1_1278	GCF_001969325.1|NZ_CP019293.1|NZ_CP019293.1_1278	1	Aristaios__Aristaios
clust_rep_seq_Shedu_446	Shedu	Shedu	Defense	GCF_002212025.1|NZ_CP022104.1|NZ_CP022104.1_366	GCF_002212025.1|NZ_CP022104.1|NZ_CP022104.1_366	GCF_002212025.1|NZ_CP022104.1|NZ_CP022104.1_366	1	Shedu__SduA
clust_rep_seq_Aristaios_74	Aristaios	Aristaios	Defense	GCF_002257545.1|NZ_CP022742.1|NZ_CP022742.1_657	GCF_002257545.1|NZ_CP022742.1|NZ_CP022742.1_657	GCF_002257545.1|NZ_CP022742.1|NZ_CP022742.1_657	1	Aristaios__Aristaios
clust_rep_seq_AbiAlpha_6	AbiAlpha	AbiAlpha	Defense	GCF_000969235.1|NZ_CP010811.1|NZ_CP010811.1_2419	GCF_000969235.1|NZ_CP010811.1|NZ_CP010811.1_2419	GCF_000969235.1|NZ_CP010811.1|NZ_CP010811.1_2419	1	AbiAlpha__AbiAlpha
clust_rep_seq_EcoKMcrA_255	EcoKMcrA	EcoKMcrA	Defense	GCF_001262735.2|NZ_CP169261.1|NZ_CP169261.1_2035	GCF_001262735.2|NZ_CP169261.1|NZ_CP169261.1_2035	GCF_001262735.2|NZ_CP169261.1|NZ_CP169261.1_2035	1	EcoKMcrA__EcoKMcrA
clust_rep_seq_AbiV_40	AbiV	AbiV	Defense	GCF_001310575.2|NZ_CP045859.1|NZ_CP045859.1_1302	GCF_001310575.2|NZ_CP045859.1|NZ_CP045859.1_1302	GCF_001310575.2|NZ_CP045859.1|NZ_CP045859.1_1302	1	AbiV__AbiV
clust_rep_seq_Dag_227	Dag	Dag	Defense	GCF_001310575.2|NZ_CP045859.1|NZ_CP045859.1_1305	GCF_001310575.2|NZ_CP045859.1|NZ_CP045859.1_1305	GCF_001310575.2|NZ_CP045859.1|NZ_CP045859.1_1305	1	Dag__Dag4
clust_rep_seq_PD-T7-1_367	PD-T7-1	PD-T7-1	Defense	GCF_001695575.2|NZ_LUAX02000002.1|NZ_LUAX02000002.1_13	GCF_001695575.2|NZ_LUAX02000002.1|NZ_LUAX02000002.1_13	GCF_001695575.2|NZ_LUAX02000002.1|NZ_LUAX02000002.1_13	1	PD-T7-1__PD-T7-1
clust_rep_seq_VP1848_514	VP1848	VP1848	Defense	GCF_001700835.1|NZ_CP010883.1|NZ_CP010883.1_1847	GCF_001700835.1|NZ_CP010883.1|NZ_CP010883.1_1847	GCF_001700835.1|NZ_CP010883.1|NZ_CP010883.1_1847	1	VP1848__VP1848
clust_rep_seq_Lugos_304	Lugos	Lugos	Defense	GCF_001700835.1|NZ_CP010886.1|NZ_CP010886.1_1	GCF_001700835.1|NZ_CP010886.1|NZ_CP010886.1_1	GCF_001700835.1|NZ_CP010886.1|NZ_CP010886.1_1	1	Lugos__Lugos
clust_rep_seq_Aristaios_75	Aristaios	Aristaios	Defense	GCF_001700835.1|NZ_CP010886.1|NZ_CP010886.1_15	GCF_001700835.1|NZ_CP010886.1|NZ_CP010886.1_15	GCF_001700835.1|NZ_CP010886.1|NZ_CP010886.1_15	1	Aristaios__Aristaios
clust_rep_seq_Sirona_466	Sirona	Sirona	Defense	GCF_001700835.1|NZ_CP010886.1|NZ_CP010886.1_31	GCF_001700835.1|NZ_CP010886.1|NZ_CP010886.1_31	GCF_001700835.1|NZ_CP010886.1|NZ_CP010886.1_31	1	Sirona__VCA0356
clust_rep_seq_VP1839_503	VP1839	VP1839	Defense	GCF_002953335.1|NZ_CP014094.1|NZ_CP014094.1_1666	GCF_002953335.1|NZ_CP014094.1|NZ_CP014094.1_1666	GCF_002953335.1|NZ_CP014094.1|NZ_CP014094.1_1666	1	VP1839__VP1839
clust_rep_seq_SEFIR_424	SEFIR	SEFIR	Defense	GCF_002953355.1|NZ_CP014134.1|NZ_CP014134.1_43	GCF_002953355.1|NZ_CP014134.1|NZ_CP014134.1_43	GCF_002953355.1|NZ_CP014134.1|NZ_CP014134.1_43	1	SEFIR__bSEFIR
clust_rep_seq_Dag_228	Dag	Dag	Defense	GCF_002953355.1|NZ_CP014134.1|NZ_CP014134.1_61	GCF_002953355.1|NZ_CP014134.1|NZ_CP014134.1_61	GCF_002953355.1|NZ_CP014134.1|NZ_CP014134.1_61	1	Dag__Dag6
clust_rep_seq_EcoKMcrA_256	EcoKMcrA	EcoKMcrA	Defense	GCF_002953355.1|NZ_CP014134.1|NZ_CP014134.1_72	GCF_002953355.1|NZ_CP014134.1|NZ_CP014134.1_72	GCF_002953355.1|NZ_CP014134.1|NZ_CP014134.1_72	1	EcoKMcrA__EcoKMcrA
clust_rep_seq_Shedu_447	Shedu	Shedu	Defense	GCF_002953355.1|NZ_CP014134.1|NZ_CP014134.1_81	GCF_002953355.1|NZ_CP014134.1|NZ_CP014134.1_81	GCF_002953355.1|NZ_CP014134.1|NZ_CP014134.1_81	1	Shedu__SduA
clust_rep_seq_AbiAlpha_7	AbiAlpha	AbiAlpha	Defense	GCF_004319645.1|NZ_CP027030.1|NZ_CP027030.1_1273	GCF_004319645.1|NZ_CP027030.1|NZ_CP027030.1_1273	GCF_004319645.1|NZ_CP027030.1|NZ_CP027030.1_1273	1	AbiAlpha__AbiAlpha
clust_rep_seq_Lugos_305	Lugos	Lugos	Defense	GCF_004319645.1|NZ_CP027030.1|NZ_CP027030.1_1276	GCF_004319645.1|NZ_CP027030.1|NZ_CP027030.1_1276	GCF_004319645.1|NZ_CP027030.1|NZ_CP027030.1_1276	1	Lugos__Lugos
clust_rep_seq_Pycsar_TIR_380	Pycsar	Pycsar_TIR	Defense	GCF_005280275.1|NZ_CP040022.1|NZ_CP040022.1_137	GCF_006364355.1|NZ_CP040990.1|NZ_CP040990.1_2412	GCF_005280275.1|NZ_CP040022.1|NZ_CP040022.1_137,GCF_006364355.1|NZ_CP040990.1|NZ_CP040990.1_2412	2	CBASS__Effector_TIR,Pycsar__AG_cyclase
clust_rep_seq_Aristaios_76	Aristaios	Aristaios	Defense	GCF_008369605.1|NZ_CP043556.1|NZ_CP043556.1_907	GCF_008369605.1|NZ_CP043556.1|NZ_CP043556.1_907	GCF_008369605.1|NZ_CP043556.1|NZ_CP043556.1_907	1	Aristaios__Aristaios
clust_rep_seq_CBASS_I_TM_169	CBASS	CBASS_I_TM	Defense	GCF_013357685.1|NZ_CP053803.1|NZ_CP053803.1_373	GCF_013357685.1|NZ_CP053803.1|NZ_CP053803.1_374	GCF_013357685.1|NZ_CP053803.1|NZ_CP053803.1_373,GCF_013357685.1|NZ_CP053803.1|NZ_CP053803.1_374	2	CBASS__2TM_new,CBASS__Cyclase_SMODS
clust_rep_seq_DRT_4_193	DRT	DRT_4	Defense	GCF_013357685.1|NZ_CP053803.1|NZ_CP053803.1_406	GCF_013357685.1|NZ_CP053803.1|NZ_CP053803.1_406	GCF_013357685.1|NZ_CP053803.1|NZ_CP053803.1_406	1	DRT_4__drt4
clust_rep_seq_DRT8_189	DRT	DRT8	Defense	GCF_013357685.1|NZ_CP053803.1|NZ_CP053803.1_408	GCF_013357685.1|NZ_CP053803.1|NZ_CP053803.1_408	GCF_013357685.1|NZ_CP053803.1|NZ_CP053803.1_408	1	DRT8__DRT8a
clust_rep_seq_Septu_439	Septu	Septu	Defense	GCF_013357745.1|NZ_CP053807.1|NZ_CP053807.1_343	GCF_013357745.1|NZ_CP053807.1|NZ_CP053807.1_344	GCF_013357745.1|NZ_CP053807.1|NZ_CP053807.1_343,GCF_013357745.1|NZ_CP053807.1|NZ_CP053807.1_344	2	Septu__PtuA,Septu__PtuB
clust_rep_seq_EcoKMcrA_257	EcoKMcrA	EcoKMcrA	Defense	GCF_014879975.1|NZ_CP062500.1|NZ_CP062500.1_1652	GCF_014879975.1|NZ_CP062500.1|NZ_CP062500.1_1652	GCF_014879975.1|NZ_CP062500.1|NZ_CP062500.1_1652	1	EcoKMcrA__EcoKMcrA
clust_rep_seq_Aristaios_77	Aristaios	Aristaios	Defense	GCF_015767675.1|NZ_CP065219.1|NZ_CP065219.1_98	GCF_015767675.1|NZ_CP065219.1|NZ_CP065219.1_98	GCF_015767675.1|NZ_CP065219.1|NZ_CP065219.1_98	1	Aristaios__Aristaios
clust_rep_seq_AbiQ_36	AbiQ	AbiQ	Defense	GCF_015767675.1|NZ_CP065219.1|NZ_CP065219.1_101	GCF_015767675.1|NZ_CP065219.1|NZ_CP065219.1_101	GCF_015767675.1|NZ_CP065219.1|NZ_CP065219.1_101	1	AbiQ__AbiQ
clust_rep_seq_DS-18_196	DS-18	DS-18	Defense	GCF_024347395.1|NZ_AP025472.1|NZ_AP025472.1_1126	GCF_024347395.1|NZ_AP025472.1|NZ_AP025472.1_1126	GCF_024347395.1|NZ_AP025472.1|NZ_AP025472.1_1126	1	DS-18__DS-18
clust_rep_seq_Aristaios_78	Aristaios	Aristaios	Defense	GCF_024347395.1|NZ_AP025472.1|NZ_AP025472.1_1160	GCF_024347395.1|NZ_AP025472.1|NZ_AP025472.1_1160	GCF_024347395.1|NZ_AP025472.1|NZ_AP025472.1_1160	1	Aristaios__Aristaios
clust_rep_seq_Kiwa_294	Kiwa	Kiwa	Defense	GCF_030994145.1|NZ_CP099919.1|NZ_CP099919.1_1245	GCF_030994145.1|NZ_CP099919.1|NZ_CP099919.1_1246	GCF_030994145.1|NZ_CP099919.1|NZ_CP099919.1_1245,GCF_030994145.1|NZ_CP099919.1|NZ_CP099919.1_1246	2	Kiwa__KwaA,Kiwa__KwaB_2
clust_rep_seq_dGTPase_532	dGTPase	dGTPase	Defense	GCF_032027525.2|NZ_CP184804.1|NZ_CP184804.1_267	GCF_032027525.2|NZ_CP184804.1|NZ_CP184804.1_267	GCF_032027525.2|NZ_CP184804.1|NZ_CP184804.1_267	1	dGTPase__Sp_dGTPase
clust_rep_seq_Damona_244	Damona	Damona	Defense	GCF_045820715.1|NZ_CP174456.1|NZ_CP174456.1_1588	GCF_045820715.1|NZ_CP174456.1|NZ_CP174456.1_1588	GCF_045820715.1|NZ_CP174456.1|NZ_CP174456.1_1588	1	Damona__VCA0399
clust_rep_seq_gcu24_535	gcu24	gcu24	Defense	GCF_045820715.1|NZ_CP174456.1|NZ_CP174456.1_1623	GCF_045820715.1|NZ_CP174456.1|NZ_CP174456.1_1623	GCF_045820715.1|NZ_CP174456.1|NZ_CP174456.1_1623	1	gcu24__gcu24
clust_rep_seq_DARNA_184	DARNA	DARNA	Defense	GCF_045820715.1|NZ_CP174456.1|NZ_CP174456.1_1624	GCF_045820715.1|NZ_CP174456.1|NZ_CP174456.1_1624	GCF_045820715.1|NZ_CP174456.1|NZ_CP174456.1_1624	1	PD-T7-3__PD-T7-3
clust_rep_seq_Aristaios_79	Aristaios	Aristaios	Defense	GCF_045820715.1|NZ_CP174456.1|NZ_CP174456.1_1626	GCF_045820715.1|NZ_CP174456.1|NZ_CP174456.1_1626	GCF_045820715.1|NZ_CP174456.1|NZ_CP174456.1_1626	1	Aristaios__Aristaios
clust_rep_seq_CapRel_175	CapRel	CapRel	Defense	GCF_046581405.1|NZ_CP041683.1|NZ_CP041683.1_3221	GCF_046581405.1|NZ_CP041683.1|NZ_CP041683.1_3221	GCF_046581405.1|NZ_CP041683.1|NZ_CP041683.1_3221	1	CapRel__CapRel
clust_rep_seq_PD-T4-4_356	PD-T4-4	PD-T4-4	Defense	GCF_046850195.1|NZ_CP133986.1|NZ_CP133986.1_1000	GCF_046850195.1|NZ_CP133986.1|NZ_CP133986.1_1001	GCF_046850195.1|NZ_CP133986.1|NZ_CP133986.1_1000,GCF_046850195.1|NZ_CP133986.1|NZ_CP133986.1_1001	2	PD-T4-4__PD-T4-4_A,PD-T4-4__PD-T4-4_B
clust_rep_seq_DS-20_199	DS-20	DS-20	Defense	GCF_049563345.1|NZ_CP110481.1|NZ_CP110481.1_316	GCF_049563345.1|NZ_CP110481.1|NZ_CP110481.1_316	GCF_049563345.1|NZ_CP110481.1|NZ_CP110481.1_316	1	DS-20__DS-20
clust_rep_seq_PD-T4-7_360	PD-T4-7	PD-T4-7	Defense	GCF_049821485.1|NZ_CP187514.1|NZ_CP187514.1_954	GCF_049821485.1|NZ_CP187514.1|NZ_CP187514.1_954	GCF_049821485.1|NZ_CP187514.1|NZ_CP187514.1_954	1	PD-T4-7__PD-T4-7
clust_rep_seq_Divona_250	Divona	Divona	Defense	GCF_054875955.1|NZ_CM142183.1|NZ_CM142183.1_784	GCF_054875955.1|NZ_CM142183.1|NZ_CM142183.1_784	GCF_054875955.1|NZ_CM142183.1|NZ_CM142183.1_784	1	Divona__VCA0374
clust_rep_seq_VP1839_504	VP1839	VP1839	Defense	GCF_054906185.1|NZ_CP166973.1|NZ_CP166973.1_322	GCF_054906185.1|NZ_CP166973.1|NZ_CP166973.1_322	GCF_054906185.1|NZ_CP166973.1|NZ_CP166973.1_322	1	VP1839__VP1839
clust_rep_seq_DS-18_197	DS-18	DS-18	Defense	GCF_056135565.1|NZ_CM148681.1|NZ_CM148681.1_1315	GCF_056135565.1|NZ_CM148681.1|NZ_CM148681.1_1315	GCF_056135565.1|NZ_CM148681.1|NZ_CM148681.1_1315	1	DS-18__DS-18
clust_rep_seq_Lugos_306	Lugos	Lugos	Defense	GCF_056135565.1|NZ_CM148681.1|NZ_CM148681.1_1331	GCF_056135565.1|NZ_CM148681.1|NZ_CM148681.1_1331	GCF_056135565.1|NZ_CM148681.1|NZ_CM148681.1_1331	1	Lugos__Lugos
clust_rep_seq_AbiP2_34	AbiP2	AbiP2	Defense	GCF_056531025.1|NZ_CM152466.1|NZ_CM152466.1_1605	GCF_056531025.1|NZ_CM152466.1|NZ_CM152466.1_1605	GCF_056531025.1|NZ_CM152466.1|NZ_CM152466.1_1605	1	AbiP2__AbiP2
clust_rep_seq_gcu24_536	gcu24	gcu24	Defense	GCF_056531025.1|NZ_CM152466.1|NZ_CM152466.1_1711	GCF_056531025.1|NZ_CM152466.1|NZ_CM152466.1_1711	GCF_056531025.1|NZ_CM152466.1|NZ_CM152466.1_1711	1	gcu24__gcu24
clust_rep_seq_EcoKMcrA_258	EcoKMcrA	EcoKMcrA	Defense	GCF_056674835.1|NZ_CM155225.1|NZ_CM155225.1_1164	GCF_056674835.1|NZ_CM155225.1|NZ_CM155225.1_1164	GCF_056674835.1|NZ_CM155225.1|NZ_CM155225.1_1164	1	EcoKMcrA__EcoKMcrA
clust_rep_seq_HEC-04_287	HEC-04	HEC-04	Defense	GCF_056674835.1|NZ_CM155225.1|NZ_CM155225.1_1165	GCF_056674835.1|NZ_CM155225.1|NZ_CM155225.1_1165	GCF_056674835.1|NZ_CM155225.1|NZ_CM155225.1_1165	1	HEC-04__HEC-04
clust_rep_seq_Rugutis_414	Rugutis	Rugutis	Defense	GCF_056820805.1|NZ_CM165957.1|NZ_CM165957.1_1290	GCF_056820805.1|NZ_CM165957.1|NZ_CM165957.1_1290	GCF_056820805.1|NZ_CM165957.1|NZ_CM165957.1_1290	1	Rugutis__Rugutis
clust_rep_seq_RosmerTA_403	RosmerTA	RosmerTA	Defense	GCF_900324435.1|NZ_LT992491.1|NZ_LT992491.1_774	GCF_900324435.1|NZ_LT992491.1|NZ_LT992491.1_775	GCF_900324435.1|NZ_LT992491.1|NZ_LT992491.1_774,GCF_900324435.1|NZ_LT992491.1|NZ_LT992491.1_775	2	RosmerTA__RmrA_2585209417,RosmerTA__RmrT_2585209417
clust_rep_seq_EcoKMcrA_259	EcoKMcrA	EcoKMcrA	Defense	GCF_001558435.2|NZ_CP014038.2|NZ_CP014038.2_507	GCF_001558435.2|NZ_CP014038.2|NZ_CP014038.2_507	GCF_001558435.2|NZ_CP014038.2|NZ_CP014038.2_507	1	EcoKMcrA__EcoKMcrA
clust_rep_seq_Other_Type_IV_334	Other_Type_IV	Other_Type_IV	Defense	GCF_001558435.2|NZ_CP014038.2|NZ_CP014038.2_562	GCF_001558435.2|NZ_CP014038.2|NZ_CP014038.2_562	GCF_001558435.2|NZ_CP014038.2|NZ_CP014038.2_562	1	RM_Type_IV__Type_IV_05
clust_rep_seq_Aristaios_80	Aristaios	Aristaios	Defense	GCF_001558435.2|NZ_CP014038.2|NZ_CP014038.2_573	GCF_001558435.2|NZ_CP014038.2|NZ_CP014038.2_573	GCF_001558435.2|NZ_CP014038.2|NZ_CP014038.2_573	1	Aristaios__Aristaios
clust_rep_seq_EcoKMcrA_260	EcoKMcrA	EcoKMcrA	Defense	GCF_001558515.2|NZ_CP014049.2|NZ_CP014049.2_1217	GCF_001558515.2|NZ_CP014049.2|NZ_CP014049.2_1217	GCF_001558515.2|NZ_CP014049.2|NZ_CP014049.2_1217	1	EcoKMcrA__EcoKMcrA
clust_rep_seq_AbiH_23	AbiH	AbiH	Defense	GCF_001675245.1|NZ_CP012739.1|NZ_CP012739.1_1367	GCF_001675245.1|NZ_CP012739.1|NZ_CP012739.1_1367	GCF_001675245.1|NZ_CP012739.1|NZ_CP012739.1_1367	1	AbiH__AbiH
clust_rep_seq_Aristaios_81	Aristaios	Aristaios	Defense	GCF_001675245.1|NZ_CP012739.1|NZ_CP012739.1_1415	GCF_001675245.1|NZ_CP012739.1|NZ_CP012739.1_1415	GCF_001675245.1|NZ_CP012739.1|NZ_CP012739.1_1415	1	Aristaios__Aristaios
clust_rep_seq_NLR_like_bNACHT01_318	NLR	NLR_like_bNACHT01	Defense	GCF_001675245.1|NZ_CP012740.1|NZ_CP012740.1_299	GCF_001675245.1|NZ_CP012740.1|NZ_CP012740.1_299	GCF_001675245.1|NZ_CP012740.1|NZ_CP012740.1_299	1	NLR_like_bNACHT01__NLR_like_bNACHT01
clust_rep_seq_Shedu_448	Shedu	Shedu	Defense	GCF_001679745.1|NZ_CP016224.1|NZ_CP016224.1_1622	GCF_001679745.1|NZ_CP016224.1|NZ_CP016224.1_1622	GCF_001679745.1|NZ_CP016224.1|NZ_CP016224.1_1622	1	Shedu__SduA
clust_rep_seq_Rugutis_415	Rugutis	Rugutis	Defense	GCF_001682175.1|NZ_CP011884.1|NZ_CP011884.1_1228	GCF_001682175.1|NZ_CP011884.1|NZ_CP011884.1_1228	GCF_001682175.1|NZ_CP011884.1|NZ_CP011884.1_1228	1	Rugutis__Rugutis
clust_rep_seq_Aristaios_82	Aristaios	Aristaios	Defense	GCF_001682175.1|NZ_CP011884.1|NZ_CP011884.1_1256	GCF_001682175.1|NZ_CP011884.1|NZ_CP011884.1_1256	GCF_001682175.1|NZ_CP011884.1|NZ_CP011884.1_1256	1	Aristaios__Aristaios
clust_rep_seq_Aristaios_83	Aristaios	Aristaios	Defense	GCF_023983475.1|NZ_CP092713.1|NZ_CP092713.1_820	GCF_023983475.1|NZ_CP092713.1|NZ_CP092713.1_820	GCF_023983475.1|NZ_CP092713.1|NZ_CP092713.1_820	1	Aristaios__Aristaios
clust_rep_seq_NLR_like_bNACHT01_319	NLR	NLR_like_bNACHT01	Defense	GCF_023983475.1|NZ_CP092713.1|NZ_CP092713.1_826	GCF_023983475.1|NZ_CP092713.1|NZ_CP092713.1_826	GCF_023983475.1|NZ_CP092713.1|NZ_CP092713.1_826	1	NLR_like_bNACHT01__NLR_like_bNACHT01
clust_rep_seq_Lugos_307	Lugos	Lugos	Defense	GCF_024347475.1|NZ_AP025488.1|NZ_AP025488.1_133	GCF_024347475.1|NZ_AP025488.1|NZ_AP025488.1_133	GCF_024347475.1|NZ_AP025488.1|NZ_AP025488.1_133	1	Lugos__Lugos
clust_rep_seq_Dag_229	Dag	Dag	Defense	GCF_001244315.1|NZ_CP009982.1|NZ_CP009982.1_1195	GCF_001244315.1|NZ_CP009982.1|NZ_CP009982.1_1195	GCF_001244315.1|NZ_CP009982.1|NZ_CP009982.1_1195	1	Dag__Dag4
clust_rep_seq_Nantosuelta_321	Nantosuelta	Nantosuelta	Defense	GCF_001262735.2|NZ_CP169261.1|NZ_CP169261.1_1995	GCF_001262735.2|NZ_CP169261.1|NZ_CP169261.1_1995	GCF_001262735.2|NZ_CP169261.1|NZ_CP169261.1_1995	1	Nantosuelta__VCA0322
clust_rep_seq_Other_Type_IV_335	Other_Type_IV	Other_Type_IV	Defense	GCF_001304775.1|NZ_CP009765.1|NZ_CP009765.1_1715	GCF_001304775.1|NZ_CP009765.1|NZ_CP009765.1_1715	GCF_001304775.1|NZ_CP009765.1|NZ_CP009765.1_1715	1	RM_Type_IV__Type_IV_05
clust_rep_seq_Shedu_449	Shedu	Shedu	Defense	GCF_002214395.1|NZ_CP018312.1|NZ_CP018312.1_1097	GCF_002214395.1|NZ_CP018312.1|NZ_CP018312.1_1097	GCF_002214395.1|NZ_CP018312.1|NZ_CP018312.1_1097	1	Shedu__SduA
clust_rep_seq_Aristaios_84	Aristaios	Aristaios	Defense	GCF_002214395.1|NZ_CP018312.1|NZ_CP018312.1_1114	GCF_002214395.1|NZ_CP018312.1|NZ_CP018312.1_1114	GCF_002214395.1|NZ_CP018312.1|NZ_CP018312.1_1114	1	Aristaios__Aristaios
clust_rep_seq_CapRel_176	CapRel	CapRel	Defense	GCF_003063885.1|NZ_CP028893.1|NZ_CP028893.1_423	GCF_003063885.1|NZ_CP028893.1|NZ_CP028893.1_423	GCF_003063885.1|NZ_CP028893.1|NZ_CP028893.1_423	1	CapRel__CapRel
clust_rep_seq_Dag_230	Dag	Dag	Defense	GCF_003085735.1|NZ_CP020034.1|NZ_CP020034.1_1172	GCF_003085735.1|NZ_CP020034.1|NZ_CP020034.1_1172	GCF_003085735.1|NZ_CP020034.1|NZ_CP020034.1_1172	1	Dag__Dag12
clust_rep_seq_DS-44_216	DS-44	DS-44	Defense	GCF_003085735.1|NZ_CP020034.1|NZ_CP020034.1_1202	GCF_003085735.1|NZ_CP020034.1|NZ_CP020034.1_1202	GCF_003085735.1|NZ_CP020034.1|NZ_CP020034.1_1202	1	DS-44__DS-44
clust_rep_seq_AbiH_24	AbiH	AbiH	Defense	GCF_003595585.1|NZ_CP022469.1|NZ_CP022469.1_914	GCF_003595585.1|NZ_CP022469.1|NZ_CP022469.1_914	GCF_003595585.1|NZ_CP022469.1|NZ_CP022469.1_914	1	AbiH__AbiH
clust_rep_seq_Old_exonuclease_326	Old_exonuclease	Old_exonuclease	Defense	GCF_009763625.1|NZ_CP046787.1|NZ_CP046787.1_2130	GCF_009763625.1|NZ_CP046787.1|NZ_CP046787.1_2130	GCF_009763625.1|NZ_CP046787.1|NZ_CP046787.1_2130	1	Old_exonuclease__Old_exonuclease
clust_rep_seq_Belisama_158	Belisama	Belisama	Defense	GCF_015767675.1|NZ_CP065217.1|NZ_CP065217.1_1645	GCF_015767675.1|NZ_CP065217.1|NZ_CP065217.1_1645	GCF_015767675.1|NZ_CP065217.1|NZ_CP065217.1_1645	1	Belisama__VCA0458
clust_rep_seq_PD-T7-5_370	PD-T7-5	PD-T7-5	Defense	GCF_019670025.1|NZ_AP019849.1|NZ_AP019849.1_1572	GCF_019670025.1|NZ_AP019849.1|NZ_AP019849.1_1572	GCF_019670025.1|NZ_AP019849.1|NZ_AP019849.1_1572	1	PD-T7-5__PD-T7-5
clust_rep_seq_TagI_474	TagI	TagI	Defense	GCF_024346715.1|NZ_AP024852.1|NZ_AP024852.1_1545	GCF_024346715.1|NZ_AP024852.1|NZ_AP024852.1_1545	GCF_024346715.1|NZ_AP024852.1|NZ_AP024852.1_1545	1	TagI__TagI
clust_rep_seq_SEFIR_425	SEFIR	SEFIR	Defense	GCF_024346715.1|NZ_AP024852.1|NZ_AP024852.1_1553	GCF_024346715.1|NZ_AP024852.1|NZ_AP024852.1_1553	GCF_024346715.1|NZ_AP024852.1|NZ_AP024852.1_1553	1	SEFIR__bSEFIR
clust_rep_seq_Reve_401	Reve	Reve	Defense	GCF_024347315.1|NZ_AP025460.1|NZ_AP025460.1_1819	GCF_024347315.1|NZ_AP025460.1|NZ_AP025460.1_1819	GCF_024347315.1|NZ_AP025460.1|NZ_AP025460.1_1819	1	Reve__Reve
clust_rep_seq_DS-22_202	DS-22	DS-22	Defense	GCF_029635775.1|NZ_CP113242.1|NZ_CP113242.1_229	GCF_029635775.1|NZ_CP113242.1|NZ_CP113242.1_229	GCF_029635775.1|NZ_CP113242.1|NZ_CP113242.1_229	1	DS-22__DS-22
clust_rep_seq_Aristaios_85	Aristaios	Aristaios	Defense	GCF_029990625.1|NZ_CP118438.1|NZ_CP118438.1_328	GCF_029990625.1|NZ_CP118438.1|NZ_CP118438.1_328	GCF_029990625.1|NZ_CP118438.1|NZ_CP118438.1_328	1	Aristaios__Aristaios
clust_rep_seq_Aristaios_86	Aristaios	Aristaios	Defense	GCF_030220165.1|NZ_CP126698.1|NZ_CP126698.1_1451	GCF_030220165.1|NZ_CP126698.1|NZ_CP126698.1_1451	GCF_030220165.1|NZ_CP126698.1|NZ_CP126698.1_1451	1	Aristaios__Aristaios
clust_rep_seq_VP1823_497	VP1823	VP1823	Defense	GCF_030220165.1|NZ_CP126698.1|NZ_CP126698.1_1524	GCF_030220165.1|NZ_CP126698.1|NZ_CP126698.1_1524	GCF_030220165.1|NZ_CP126698.1|NZ_CP126698.1_1524	1	VP1823__VP1823
clust_rep_seq_Lugos_308	Lugos	Lugos	Defense	GCF_042940635.1|NZ_CP134976.1|NZ_CP134976.1_1177	GCF_042940635.1|NZ_CP134976.1|NZ_CP134976.1_1177	GCF_042940635.1|NZ_CP134976.1|NZ_CP134976.1_1177	1	Lugos__Lugos
clust_rep_seq_Damona_245	Damona	Damona	Defense	GCF_045004315.1|NZ_CP173387.1|NZ_CP173387.1_2569	GCF_045004315.1|NZ_CP173387.1|NZ_CP173387.1_2569	GCF_045004315.1|NZ_CP173387.1|NZ_CP173387.1_2569	1	Damona__VCA0399
clust_rep_seq_Aristaios_87	Aristaios	Aristaios	Defense	GCF_045278325.1|NZ_CP128803.1|NZ_CP128803.1_1185	GCF_045278325.1|NZ_CP128803.1|NZ_CP128803.1_1185	GCF_045278325.1|NZ_CP128803.1|NZ_CP128803.1_1185	1	Aristaios__Aristaios
clust_rep_seq_VcaM4I_524	VcaM4I	VcaM4I	Defense	GCF_045586155.1|NZ_CP169050.1|NZ_CP169050.1_1710	GCF_045586155.1|NZ_CP169050.1|NZ_CP169050.1_1710	GCF_045586155.1|NZ_CP169050.1|NZ_CP169050.1_1710	1	VcaM4I__VcaM4I
clust_rep_seq_VP1848_515	VP1848	VP1848	Defense	GCF_045586155.1|NZ_CP169050.1|NZ_CP169050.1_1715	GCF_045586155.1|NZ_CP169050.1|NZ_CP169050.1_1715	GCF_045586155.1|NZ_CP169050.1|NZ_CP169050.1_1715	1	VP1848__VP1848
clust_rep_seq_Uzume_485	Uzume	Uzume	Defense	GCF_052076115.1|NZ_CP197263.1|NZ_CP197263.1_1893	GCF_052076115.1|NZ_CP197263.1|NZ_CP197263.1_1893	GCF_052076115.1|NZ_CP197263.1|NZ_CP197263.1_1893	1	Uzume__UzuA
clust_rep_seq_Aristaios_88	Aristaios	Aristaios	Defense	GCF_052076115.1|NZ_CP197263.1|NZ_CP197263.1_1901	GCF_052076115.1|NZ_CP197263.1|NZ_CP197263.1_1901	GCF_052076115.1|NZ_CP197263.1|NZ_CP197263.1_1901	1	Aristaios__Aristaios
clust_rep_seq_AbiD_18	AbiD	AbiD	Defense	GCF_052805255.1|NZ_CM127835.1|NZ_CM127835.1_1389	GCF_052805255.1|NZ_CM127835.1|NZ_CM127835.1_1389	GCF_052805255.1|NZ_CM127835.1|NZ_CM127835.1_1389	1	AbiD__AbiD
clust_rep_seq_Cernunnos_180	Cernunnos	Cernunnos	Defense	GCF_053154035.1|NZ_CP113098.1|NZ_CP113098.1_2004	GCF_053154035.1|NZ_CP113098.1|NZ_CP113098.1_2004	GCF_053154035.1|NZ_CP113098.1|NZ_CP113098.1_2004	1	Cernunnos__VCA0410
clust_rep_seq_PARIS_II_merge_347	Paris	PARIS_II_merge	Defense	GCF_053154035.1|NZ_CP113098.1|NZ_CP113098.1_2055	GCF_053154035.1|NZ_CP113098.1|NZ_CP113098.1_2055	GCF_053154035.1|NZ_CP113098.1|NZ_CP113098.1_2055	1	Paris_II_merge__AAA_21_DUF4435
clust_rep_seq_Belisama_159	Belisama	Belisama	Defense	GCF_053154035.1|NZ_CP113098.1|NZ_CP113098.1_2070	GCF_053154035.1|NZ_CP113098.1|NZ_CP113098.1_2070	GCF_053154035.1|NZ_CP113098.1|NZ_CP113098.1_2070	1	Belisama__VCA0458
clust_rep_seq_AbiAlpha_8	AbiAlpha	AbiAlpha	Defense	GCF_057368525.1|NZ_CM170647.1|NZ_CM170647.1_135	GCF_057368525.1|NZ_CM170647.1|NZ_CM170647.1_135	GCF_057368525.1|NZ_CM170647.1|NZ_CM170647.1_135	1	AbiAlpha__AbiAlpha
clust_rep_seq_VP1848_516	VP1848	VP1848	Defense	GCF_057368555.1|NZ_CM170651.1|NZ_CM170651.1_107	GCF_057368555.1|NZ_CM170651.1|NZ_CM170651.1_107	GCF_057368555.1|NZ_CM170651.1|NZ_CM170651.1_107	1	VP1848__VP1848
clust_rep_seq_Aristaios_89	Aristaios	Aristaios	Defense	GCF_057368585.1|NZ_CM170655.1|NZ_CM170655.1_981	GCF_057368585.1|NZ_CM170655.1|NZ_CM170655.1_981	GCF_057368585.1|NZ_CM170655.1|NZ_CM170655.1_981	1	Aristaios__Aristaios
clust_rep_seq_Thoeris_IV_478	Thoeris	Thoeris_IV	Defense	GCF_057368585.1|NZ_CM170655.1|NZ_CM170655.1_991	GCF_057368585.1|NZ_CM170655.1|NZ_CM170655.1_992	GCF_057368585.1|NZ_CM170655.1|NZ_CM170655.1_991,GCF_057368585.1|NZ_CM170655.1|NZ_CM170655.1_992	2	Thoeris__ThsA_Caps4,Thoeris__ThsB_5
clust_rep_seq_Dag_231	Dag	Dag	Defense	GCF_057368585.1|NZ_CM170655.1|NZ_CM170655.1_1004	GCF_057368585.1|NZ_CM170655.1|NZ_CM170655.1_1004	GCF_057368585.1|NZ_CM170655.1|NZ_CM170655.1_1004	1	Dag__Dag13
clust_rep_seq_Aristaios_90	Aristaios	Aristaios	Defense	GCF_057368585.1|NZ_CM170655.1|NZ_CM170655.1_1065	GCF_057368585.1|NZ_CM170655.1|NZ_CM170655.1_1065	GCF_057368585.1|NZ_CM170655.1|NZ_CM170655.1_1065	1	Aristaios__Aristaios
clust_rep_seq_Aristaios_91	Aristaios	Aristaios	Defense	GCF_057439675.1|NZ_CM171982.1|NZ_CM171982.1_1315	GCF_057439675.1|NZ_CM171982.1|NZ_CM171982.1_1315	GCF_057439675.1|NZ_CM171982.1|NZ_CM171982.1_1315	1	Aristaios__Aristaios
clust_rep_seq_AbiU_37	AbiU	AbiU	Defense	GCF_009763765.1|NZ_CP046794.1|NZ_CP046794.1_155	GCF_009763765.1|NZ_CP046794.1|NZ_CP046794.1_155	GCF_009763765.1|NZ_CP046794.1|NZ_CP046794.1_155	1	AbiU__AbiU
clust_rep_seq_dCTPdeaminase_530	dCTPdeaminase	dCTPdeaminase	Defense	GCF_009763845.1|NZ_CP046812.1|NZ_CP046812.1_119	GCF_009763845.1|NZ_CP046812.1|NZ_CP046812.1_119	GCF_009763845.1|NZ_CP046812.1|NZ_CP046812.1_119	1	dCTPdeaminase__dCTPdeaminase
clust_rep_seq_Lugos_309	Lugos	Lugos	Defense	GCF_009763845.1|NZ_CP046812.1|NZ_CP046812.1_121	GCF_009763845.1|NZ_CP046812.1|NZ_CP046812.1_121	GCF_009763845.1|NZ_CP046812.1|NZ_CP046812.1_121	1	Lugos__Lugos
clust_rep_seq_Aristaios_92	Aristaios	Aristaios	Defense	GCF_009764025.1|NZ_CP046847.1|NZ_CP046847.1_377	GCF_009764025.1|NZ_CP046847.1|NZ_CP046847.1_377	GCF_009764025.1|NZ_CP046847.1|NZ_CP046847.1_377	1	Aristaios__Aristaios
clust_rep_seq_Uzume_486	Uzume	Uzume	Defense	GCF_025917725.1|NZ_CP097858.1|NZ_CP097858.1_1918	GCF_025917725.1|NZ_CP097858.1|NZ_CP097858.1_1918	GCF_025917725.1|NZ_CP097858.1|NZ_CP097858.1_1918	1	Uzume__UzuA
clust_rep_seq_Aristaios_93	Aristaios	Aristaios	Defense	GCF_026970915.1|NZ_CP114194.1|NZ_CP114194.1_1899	GCF_026970915.1|NZ_CP114194.1|NZ_CP114194.1_1899	GCF_026970915.1|NZ_CP114194.1|NZ_CP114194.1_1899	1	Aristaios__Aristaios
clust_rep_seq_AbiAlpha_9	AbiAlpha	AbiAlpha	Defense	GCF_028743655.1|NZ_CP117988.1|NZ_CP117988.1_1349	GCF_028743655.1|NZ_CP117988.1|NZ_CP117988.1_1349	GCF_028743655.1|NZ_CP117988.1|NZ_CP117988.1_1349	1	AbiAlpha__AbiAlpha
clust_rep_seq_VP1817_492	VP1817	VP1817	Defense	GCF_028743655.1|NZ_CP117988.1|NZ_CP117988.1_1370	GCF_028743655.1|NZ_CP117988.1|NZ_CP117988.1_1370	GCF_028743655.1|NZ_CP117988.1|NZ_CP117988.1_1370	1	VP1817__VP1817
clust_rep_seq_Borvo_163	Borvo	Borvo	Defense	GCF_028885545.1|NZ_CP118531.1|NZ_CP118531.1_2015	GCF_028885545.1|NZ_CP118531.1|NZ_CP118531.1_2015	GCF_028885545.1|NZ_CP118531.1|NZ_CP118531.1_2015	1	Borvo__BovA
clust_rep_seq_PD-T7-5_371	PD-T7-5	PD-T7-5	Defense	GCF_028885585.1|NZ_CP118532.1|NZ_CP118532.1_1542	GCF_028885585.1|NZ_CP118532.1|NZ_CP118532.1_1542	GCF_028885585.1|NZ_CP118532.1|NZ_CP118532.1_1542	1	PD-T7-5__PD-T7-5
clust_rep_seq_DS-35_210	DS-35	DS-35	Defense	GCF_039658545.1|NZ_CP150862.1|NZ_CP150862.1_1654	GCF_039658545.1|NZ_CP150862.1|NZ_CP150862.1_1654	GCF_039658545.1|NZ_CP150862.1|NZ_CP150862.1_1654	1	DS-35__DS-35
clust_rep_seq_Thoeris_V_479	Thoeris	Thoeris_V	Defense	GCF_040254425.1|NZ_CP158305.1|NZ_CP158305.1_1857	GCF_040254425.1|NZ_CP158305.1|NZ_CP158305.1_1858	GCF_040254425.1|NZ_CP158305.1|NZ_CP158305.1_1857,GCF_040254425.1|NZ_CP158305.1|NZ_CP158305.1_1858	2	Thoeris__ThsB_6,Thoeris__ThsF_DUF2270
clust_rep_seq_Aristaios_94	Aristaios	Aristaios	Defense	GCF_040412085.2|NZ_CP115921.1|NZ_CP115921.1_697	GCF_040412085.2|NZ_CP115921.1|NZ_CP115921.1_697	GCF_040412085.2|NZ_CP115921.1|NZ_CP115921.1_697	1	Aristaios__Aristaios
clust_rep_seq_PD-T4-7_361	PD-T4-7	PD-T4-7	Defense	GCF_040735825.1|NZ_CP147727.1|NZ_CP147727.1_441	GCF_040735825.1|NZ_CP147727.1|NZ_CP147727.1_441	GCF_040735825.1|NZ_CP147727.1|NZ_CP147727.1_441	1	PD-T4-7__PD-T4-7
clust_rep_seq_Shedu_450	Shedu	Shedu	Defense	GCF_052375575.1|NZ_CM126336.1|NZ_CM126336.1_1476	GCF_052375575.1|NZ_CM126336.1|NZ_CM126336.1_1476	GCF_052375575.1|NZ_CM126336.1|NZ_CM126336.1_1476	1	Shedu__SduA
clust_rep_seq_Damona_246	Damona	Damona	Defense	GCF_052805275.1|NZ_CM127837.1|NZ_CM127837.1_2049	GCF_052805275.1|NZ_CM127837.1|NZ_CM127837.1_2049	GCF_052805275.1|NZ_CM127837.1|NZ_CM127837.1_2049	1	Damona__VCA0399
clust_rep_seq_AbiU_38	AbiU	AbiU	Defense	GCF_053154035.1|NZ_CP113099.1|NZ_CP113099.1_305	GCF_053154035.1|NZ_CP113099.1|NZ_CP113099.1_305	GCF_053154035.1|NZ_CP113099.1|NZ_CP113099.1_305	1	AbiU__AbiU
clust_rep_seq_Aristaios_95	Aristaios	Aristaios	Defense	GCF_053220495.1|NZ_CM129940.1|NZ_CM129940.1_638	GCF_053220495.1|NZ_CM129940.1|NZ_CM129940.1_638	GCF_053220495.1|NZ_CM129940.1|NZ_CM129940.1_638	1	Aristaios__Aristaios
clust_rep_seq_CBASS_I_TM_170	CBASS	CBASS_I_TM	Defense	GCF_053220535.1|NZ_CM129944.1|NZ_CM129944.1_923	GCF_053220535.1|NZ_CM129944.1|NZ_CM129944.1_924	GCF_053220535.1|NZ_CM129944.1|NZ_CM129944.1_923,GCF_053220535.1|NZ_CM129944.1|NZ_CM129944.1_924	2	CBASS__2TM_Gros,CBASS__Cyclase_SMODS
clust_rep_seq_Lit_299	Lit	Lit	Defense	GCF_059552575.1|NZ_CM183914.1|NZ_CM183914.1_1909	GCF_059552575.1|NZ_CM183914.1|NZ_CM183914.1_1909	GCF_059552575.1|NZ_CM183914.1|NZ_CM183914.1_1909	1	Lit__Lit
clust_rep_seq_Aristaios_96	Aristaios	Aristaios	Defense	GCF_059772105.1|NZ_CM186273.1|NZ_CM186273.1_1079	GCF_059772105.1|NZ_CM186273.1|NZ_CM186273.1_1079	GCF_059772105.1|NZ_CM186273.1|NZ_CM186273.1_1079	1	Aristaios__Aristaios
clust_rep_seq_Resolvase_DUF5677_390	Resolvase_DUF5677	Resolvase_DUF5677	Defense	GCF_003312585.1|NZ_CP030788.1|NZ_CP030788.1_1741	GCF_003312585.1|NZ_CP030788.1|NZ_CP030788.1_1741	GCF_003312585.1|NZ_CP030788.1|NZ_CP030788.1_1741	1	Resolvase_DUF5677__Resolvase_DUF5677
clust_rep_seq_Rugutis_416	Rugutis	Rugutis	Defense	GCF_003595585.1|NZ_CP022469.1|NZ_CP022469.1_851	GCF_003595585.1|NZ_CP022469.1|NZ_CP022469.1_851	GCF_003595585.1|NZ_CP022469.1|NZ_CP022469.1_851	1	Rugutis__Rugutis
clust_rep_seq_Aristaios_97	Aristaios	Aristaios	Defense	GCF_003726935.1|NZ_CP033577.1|NZ_CP033577.1_3251	GCF_003726935.1|NZ_CP033577.1|NZ_CP033577.1_3251	GCF_003726935.1|NZ_CP033577.1|NZ_CP033577.1_3251	1	Aristaios__Aristaios
clust_rep_seq_Kiwa_295	Kiwa	Kiwa	Defense	GCF_003726935.1|NZ_CP033578.1|NZ_CP033578.1_1450	GCF_003726935.1|NZ_CP033578.1|NZ_CP033578.1_1451	GCF_003726935.1|NZ_CP033578.1|NZ_CP033578.1_1450,GCF_003726935.1|NZ_CP033578.1|NZ_CP033578.1_1451	2	Kiwa__KwaA,Kiwa__KwaB_2
clust_rep_seq_GAPS4_284	GAPS4	GAPS4	Defense	GCF_003942025.1|NZ_CP034240.1|NZ_CP034240.1_1735	GCF_003942025.1|NZ_CP034240.1|NZ_CP034240.1_1737	GCF_003942025.1|NZ_CP034240.1|NZ_CP034240.1_1735,GCF_003942025.1|NZ_CP034240.1|NZ_CP034240.1_1737	2	GAPS4__GAPS4a,GAPS4__GAPS4b
clust_rep_seq_DRT_4_194	DRT	DRT_4	Defense	GCF_003942025.1|NZ_CP034241.1|NZ_CP034241.1_612	GCF_003942025.1|NZ_CP034241.1|NZ_CP034241.1_612	GCF_003942025.1|NZ_CP034241.1|NZ_CP034241.1_612	1	DRT_4__drt4
clust_rep_seq_Aristaios_98	Aristaios	Aristaios	Defense	GCF_000006745.1|NC_002506.1|NC_002506.1_381	GCF_000006745.1|NC_002506.1|NC_002506.1_381	GCF_000006745.1|NC_002506.1|NC_002506.1_381	1	Aristaios__Aristaios
clust_rep_seq_Esos_267	Esos	Esos	Defense	GCF_000006745.1|NC_002506.1|NC_002506.1_394	GCF_000006745.1|NC_002506.1|NC_002506.1_394	GCF_000006745.1|NC_002506.1|NC_002506.1_394	1	Esos__VCA0450
clust_rep_seq_Belenos_154	Belenos	Belenos	Defense	GCF_000006745.1|NC_002506.1|NC_002506.1_401	GCF_000006745.1|NC_002506.1|NC_002506.1_401	GCF_000006745.1|NC_002506.1|NC_002506.1_401	1	Belenos__VCA0457
clust_rep_seq_Belisama_160	Belisama	Belisama	Defense	GCF_000006745.1|NC_002506.1|NC_002506.1_402	GCF_000006745.1|NC_002506.1|NC_002506.1_402	GCF_000006745.1|NC_002506.1|NC_002506.1_402	1	Belisama__VCA0458
clust_rep_seq_Pycsar_TM_381	Pycsar	Pycsar_TM	Defense	GCF_000009745.1|NC_005139.1|NC_005139.1_1632	GCF_000009745.1|NC_005139.1|NC_005139.1_1633	GCF_000009745.1|NC_005139.1|NC_005139.1_1632,GCF_000009745.1|NC_005139.1|NC_005139.1_1633	2	CBASS__2TM_5,Pycsar__AG_cyclase
clust_rep_seq_VcaM4I_525	VcaM4I	VcaM4I	Defense	GCF_001433415.1|NZ_CP009847.1|NZ_CP009847.1_1800	GCF_001433415.1|NZ_CP009847.1|NZ_CP009847.1_1800	GCF_001433415.1|NZ_CP009847.1|NZ_CP009847.1_1800	1	VcaM4I__VcaM4I
clust_rep_seq_Aristaios_99	Aristaios	Aristaios	Defense	GCF_001433435.1|NZ_CP009984.1|NZ_CP009984.1_1206	GCF_001433435.1|NZ_CP009984.1|NZ_CP009984.1_1206	GCF_001433435.1|NZ_CP009984.1|NZ_CP009984.1_1206	1	Aristaios__Aristaios
clust_rep_seq_RnlAB_402	RnlAB	RnlAB	Defense	GCF_001469735.1|NZ_CP013484.1|NZ_CP013484.1_884	GCF_001469735.1|NZ_CP013484.1|NZ_CP013484.1_885	GCF_001469735.1|NZ_CP013484.1|NZ_CP013484.1_884,GCF_001469735.1|NZ_CP013484.1|NZ_CP013484.1_885	2	RnlAB__RnlA,RnlAB__RnlB
clust_rep_seq_SEFIR_426	SEFIR	SEFIR	Defense	GCF_001558495.2|NZ_CP014046.2|NZ_CP014046.2_1958	GCF_001558495.2|NZ_CP014046.2|NZ_CP014046.2_1958	GCF_001558495.2|NZ_CP014046.2|NZ_CP014046.2_1958	1	SEFIR__bSEFIR
clust_rep_seq_PD-T4-1_353	PD-T4-1	PD-T4-1	Defense	GCF_003612715.1|NZ_CP023485.1|NZ_CP023485.1_1690	GCF_003612715.1|NZ_CP023485.1|NZ_CP023485.1_1690	GCF_003612715.1|NZ_CP023485.1|NZ_CP023485.1_1690	1	PD-T4-1__PD-T4-1
clust_rep_seq_Aristaios_100	Aristaios	Aristaios	Defense	GCF_009763225.1|NZ_CP046798.1|NZ_CP046798.1_1165	GCF_009763225.1|NZ_CP046798.1|NZ_CP046798.1_1165	GCF_009763225.1|NZ_CP046798.1|NZ_CP046798.1_1165	1	Aristaios__Aristaios
clust_rep_seq_Aristaios_101	Aristaios	Aristaios	Defense	GCF_009763345.1|NZ_CP046796.1|NZ_CP046796.1_1365	GCF_009763345.1|NZ_CP046796.1|NZ_CP046796.1_1365	GCF_009763345.1|NZ_CP046796.1|NZ_CP046796.1_1365	1	Aristaios__Aristaios
clust_rep_seq_Septu_440	Septu	Septu	Defense	GCF_021431945.1|NZ_CP090386.1|NZ_CP090386.1_853	GCF_021431945.1|NZ_CP090386.1|NZ_CP090386.1_854	GCF_021431945.1|NZ_CP090386.1|NZ_CP090386.1_853,GCF_021431945.1|NZ_CP090386.1|NZ_CP090386.1_854	2	Septu__PtuA_2,Septu__PtuB_2
clust_rep_seq_AbiAlpha_10	AbiAlpha	AbiAlpha	Defense	GCF_021729965.1|NZ_CP068622.1|NZ_CP068622.1_1706	GCF_021729965.1|NZ_CP068622.1|NZ_CP068622.1_1706	GCF_021729965.1|NZ_CP068622.1|NZ_CP068622.1_1706	1	AbiAlpha__AbiAlpha
clust_rep_seq_Shedu_451	Shedu	Shedu	Defense	GCF_021729965.1|NZ_CP068622.1|NZ_CP068622.1_1712	GCF_021729965.1|NZ_CP068622.1|NZ_CP068622.1_1712	GCF_021729965.1|NZ_CP068622.1|NZ_CP068622.1_1712	1	Shedu__SduA
clust_rep_seq_gcu24_537	gcu24	gcu24	Defense	GCF_022343185.1|NZ_CP082317.1|NZ_CP082317.1_1212	GCF_022343185.1|NZ_CP082317.1|NZ_CP082317.1_1212	GCF_022343185.1|NZ_CP082317.1|NZ_CP082317.1_1212	1	gcu24__gcu24
clust_rep_seq_Aristaios_102	Aristaios	Aristaios	Defense	GCF_027924845.1|NZ_AP027053.1|NZ_AP027053.1_678	GCF_027924845.1|NZ_AP027053.1|NZ_AP027053.1_678	GCF_027924845.1|NZ_AP027053.1|NZ_AP027053.1_678	1	Aristaios__Aristaios
clust_rep_seq_Dag_232	Dag	Dag	Defense	GCF_028551315.1|NZ_CP117054.1|NZ_CP117054.1_745	GCF_028551315.1|NZ_CP117054.1|NZ_CP117054.1_745	GCF_028551315.1|NZ_CP117054.1|NZ_CP117054.1_745	1	Dag__Dag7
clust_rep_seq_Other_Type_IV_336	Other_Type_IV	Other_Type_IV	Defense	GCF_028609665.1|NZ_CP047985.1|NZ_CP047985.1_1414	GCF_028609665.1|NZ_CP047985.1|NZ_CP047985.1_1414	GCF_028609665.1|NZ_CP047985.1|NZ_CP047985.1_1414	1	RM_Type_IV__Type_IV_03
clust_rep_seq_Aristaios_103	Aristaios	Aristaios	Defense	GCF_028898645.1|NZ_CP118582.1|NZ_CP118582.1_2337	GCF_028898645.1|NZ_CP118582.1|NZ_CP118582.1_2337	GCF_028898645.1|NZ_CP118582.1|NZ_CP118582.1_2337	1	Aristaios__Aristaios
clust_rep_seq_Aristaios_104	Aristaios	Aristaios	Defense	GCF_033441455.1|NZ_CP133900.1|NZ_CP133900.1_1877	GCF_033441455.1|NZ_CP133900.1|NZ_CP133900.1_1877	GCF_033441455.1|NZ_CP133900.1|NZ_CP133900.1_1877	1	Aristaios__Aristaios
clust_rep_seq_DS-24_203	DS-24	DS-24	Defense	GCF_033573735.1|NZ_CP119301.1|NZ_CP119301.1_1769	GCF_033573735.1|NZ_CP119301.1|NZ_CP119301.1_1769	GCF_033573735.1|NZ_CP119301.1|NZ_CP119301.1_1769	1	DS-24__DS-24
clust_rep_seq_Aristaios_105	Aristaios	Aristaios	Defense	GCF_034480135.1|NZ_CP129938.1|NZ_CP129938.1_1912	GCF_034480135.1|NZ_CP129938.1|NZ_CP129938.1_1912	GCF_034480135.1|NZ_CP129938.1|NZ_CP129938.1_1912	1	Aristaios__Aristaios
clust_rep_seq_Aristaios_106	Aristaios	Aristaios	Defense	GCF_051352415.1|NZ_CP195598.1|NZ_CP195598.1_1164	GCF_051352415.1|NZ_CP195598.1|NZ_CP195598.1_1164	GCF_051352415.1|NZ_CP195598.1|NZ_CP195598.1_1164	1	Aristaios__Aristaios
clust_rep_seq_Aristaios_107	Aristaios	Aristaios	Defense	GCF_052076135.1|NZ_CP197268.1|NZ_CP197268.1_522	GCF_052076135.1|NZ_CP197268.1|NZ_CP197268.1_522	GCF_052076135.1|NZ_CP197268.1|NZ_CP197268.1_522	1	Aristaios__Aristaios
clust_rep_seq_PD-T2-1_350	PD-T2-1	PD-T2-1	Defense	GCF_052076135.1|NZ_CP197268.1|NZ_CP197268.1_533	GCF_052076135.1|NZ_CP197268.1|NZ_CP197268.1_534	GCF_052076135.1|NZ_CP197268.1|NZ_CP197268.1_533,GCF_052076135.1|NZ_CP197268.1|NZ_CP197268.1_534	2	PD-T2-1__PD-T2-1A,PD-T2-1__PD-T2-1B
clust_rep_seq_Kamadhenu_291	Kamadhenu	Kamadhenu	Defense	GCF_052375575.1|NZ_CM126336.1|NZ_CM126336.1_1549	GCF_052375575.1|NZ_CM126336.1|NZ_CM126336.1_1549	GCF_052375575.1|NZ_CM126336.1|NZ_CM126336.1_1549	1	Kamadhenu__Kamadhenu
clust_rep_seq_Nemetona_323	Nemetona	Nemetona	Defense	GCF_052772185.1|NZ_CM127801.1|NZ_CM127801.1_1203	GCF_052772185.1|NZ_CM127801.1|NZ_CM127801.1_1203	GCF_052772185.1|NZ_CM127801.1|NZ_CM127801.1_1203	1	Nemetona__VCA0441
clust_rep_seq_DS-20_200	DS-20	DS-20	Defense	GCF_057368635.1|NZ_CM170659.1|NZ_CM170659.1_1007	GCF_057368635.1|NZ_CM170659.1|NZ_CM170659.1_1007	GCF_057368635.1|NZ_CM170659.1|NZ_CM170659.1_1007	1	DS-20__DS-20
clust_rep_seq_Esos_268	Esos	Esos	Defense	GCF_057368635.1|NZ_CM170659.1|NZ_CM170659.1_1029	GCF_057368635.1|NZ_CM170659.1|NZ_CM170659.1_1029	GCF_057368635.1|NZ_CM170659.1|NZ_CM170659.1_1029	1	Esos__VCA0450
clust_rep_seq_PD-T4-8_365	PD-T4-8	PD-T4-8	Defense	GCF_057730755.1|NZ_CM173193.1|NZ_CM173193.1_897	GCF_057730755.1|NZ_CM173193.1|NZ_CM173193.1_897	GCF_057730755.1|NZ_CM173193.1|NZ_CM173193.1_897	1	PD-T4-8__PD-T4-8
clust_rep_seq_GAPS4_285	GAPS4	GAPS4	Defense	GCF_057814595.1|NZ_CM174090.1|NZ_CM174090.1_2120	GCF_057814595.1|NZ_CM174090.1|NZ_CM174090.1_2121	GCF_057814595.1|NZ_CM174090.1|NZ_CM174090.1_2120,GCF_057814595.1|NZ_CM174090.1|NZ_CM174090.1_2121	2	GAPS4__GAPS4a,GAPS4__GAPS4b
clust_rep_seq_Other_Type_IV_337	Other_Type_IV	Other_Type_IV	Defense	GCF_000354175.2|NC_022349.1|NC_022349.1_851	GCF_000354175.2|NC_022349.1|NC_022349.1_851	GCF_000354175.2|NC_022349.1|NC_022349.1_851	1	RM_Type_IV__Type_IV_05
clust_rep_seq_Aristaios_108	Aristaios	Aristaios	Defense	GCF_000354175.2|NC_022349.1|NC_022349.1_872	GCF_000354175.2|NC_022349.1|NC_022349.1_872	GCF_000354175.2|NC_022349.1|NC_022349.1_872	1	Aristaios__Aristaios
clust_rep_seq_gcu233_534	gcu233	gcu233	Defense	GCF_000430425.1|NC_021848.1|NC_021848.1_900	GCF_000430425.1|NC_021848.1|NC_021848.1_900	GCF_000430425.1|NC_021848.1|NC_021848.1_900	1	gcu233__gcu233
clust_rep_seq_Sirona_467	Sirona	Sirona	Defense	GCF_000969265.1|NZ_CP010812.1|NZ_CP010812.1_746	GCF_000969265.1|NZ_CP010812.1|NZ_CP010812.1_746	GCF_000969265.1|NZ_CP010812.1|NZ_CP010812.1_746	1	Sirona__VCA0356
clust_rep_seq_VP1839_505	VP1839	VP1839	Defense	GCF_001188185.2|NZ_CP026041.1|NZ_CP026041.1_1628	GCF_001188185.2|NZ_CP026041.1|NZ_CP026041.1_1628	GCF_001188185.2|NZ_CP026041.1|NZ_CP026041.1_1628	1	VP1839__VP1839
clust_rep_seq_Shedu_452	Shedu	Shedu	Defense	GCF_001188185.2|NZ_CP026041.1|NZ_CP026041.1_1663	GCF_001188185.2|NZ_CP026041.1|NZ_CP026041.1_1663	GCF_001188185.2|NZ_CP026041.1|NZ_CP026041.1_1663	1	Shedu__SduA
clust_rep_seq_Aristaios_109	Aristaios	Aristaios	Defense	GCF_001188185.2|NZ_CP026041.1|NZ_CP026041.1_1693	GCF_001188185.2|NZ_CP026041.1|NZ_CP026041.1_1693	GCF_001188185.2|NZ_CP026041.1|NZ_CP026041.1_1693	1	Aristaios__Aristaios
clust_rep_seq_UG14_484	DRT-like_UG	UG14	Defense	GCF_000021605.1|NC_012580.1|NC_012580.1_291	GCF_000021605.1|NC_012580.1|NC_012580.1_291	GCF_000021605.1|NC_012580.1|NC_012580.1_291	1	UG14__UG14
clust_rep_seq_Aristaios_110	Aristaios	Aristaios	Defense	GCF_000024825.1|NC_013456.1|NC_013456.1_1552	GCF_000024825.1|NC_013456.1|NC_013456.1_1552	GCF_000024825.1|NC_013456.1|NC_013456.1_1552	1	Aristaios__Aristaios
clust_rep_seq_PARIS_II_merge_348	Paris	PARIS_II_merge	Defense	GCF_000091465.1|NC_011744.2|NC_011744.2_792	GCF_000091465.1|NC_011744.2|NC_011744.2_792	GCF_000091465.1|NC_011744.2|NC_011744.2_792	1	Paris_II_merge__AAA_21_DUF4435
clust_rep_seq_VP1817_493	VP1817	VP1817	Defense	GCF_000186585.1|NC_014965.1|NC_014965.1_1350	GCF_000186585.1|NC_014965.1|NC_014965.1_1350	GCF_000186585.1|NC_014965.1|NC_014965.1_1350	1	VP1817__VP1817
clust_rep_seq_Aristaios_111	Aristaios	Aristaios	Defense	GCF_001433415.1|NZ_CP009847.1|NZ_CP009847.1_1772	GCF_001433415.1|NZ_CP009847.1|NZ_CP009847.1_1772	GCF_001433415.1|NZ_CP009847.1|NZ_CP009847.1_1772	1	Aristaios__Aristaios
clust_rep_seq_Retron_XII_400	Retron	Retron_XII	Defense	GCF_001433435.1|NZ_CP009984.1|NZ_CP009984.1_1258	GCF_001433435.1|NZ_CP009984.1|NZ_CP009984.1_1258	GCF_001433435.1|NZ_CP009984.1|NZ_CP009984.1_1258	1	Retron_XII__RT_12
clust_rep_seq_VP1817_494	VP1817	VP1817	Defense	GCF_001469735.1|NZ_CP013486.1|NZ_CP013486.1_109	GCF_001469735.1|NZ_CP013486.1|NZ_CP013486.1_109	GCF_001469735.1|NZ_CP013486.1|NZ_CP013486.1_109	1	VP1817__VP1817
clust_rep_seq_Lugos_310	Lugos	Lugos	Defense	GCF_001558435.2|NZ_CP014038.2|NZ_CP014038.2_494	GCF_001558435.2|NZ_CP014038.2|NZ_CP014038.2_494	GCF_001558435.2|NZ_CP014038.2|NZ_CP014038.2_494	1	Lugos__Lugos
clust_rep_seq_DS-33_208	DS-33	DS-33	Defense	GCF_001558475.2|NZ_CP014042.2|NZ_CP014042.2_1079	GCF_001558475.2|NZ_CP014042.2|NZ_CP014042.2_1079	GCF_001558475.2|NZ_CP014042.2|NZ_CP014042.2_1079	1	DS-33__DS-33
clust_rep_seq_Aristaios_112	Aristaios	Aristaios	Defense	GCF_001558475.2|NZ_CP014042.2|NZ_CP014042.2_1096	GCF_001558475.2|NZ_CP014042.2|NZ_CP014042.2_1096	GCF_001558475.2|NZ_CP014042.2|NZ_CP014042.2_1096	1	Aristaios__Aristaios
clust_rep_seq_Rugutis_417	Rugutis	Rugutis	Defense	GCF_001558475.2|NZ_CP014042.2|NZ_CP014042.2_1122	GCF_001558475.2|NZ_CP014042.2|NZ_CP014042.2_1122	GCF_001558475.2|NZ_CP014042.2|NZ_CP014042.2_1122	1	Rugutis__Rugutis
clust_rep_seq_RAZR_384	RAZR	RAZR	Defense	GCF_001558495.2|NZ_CP014046.2|NZ_CP014046.2_1898	GCF_001558495.2|NZ_CP014046.2|NZ_CP014046.2_1898	GCF_001558495.2|NZ_CP014046.2|NZ_CP014046.2_1898	1	PD-T7-4__PD-T7-4
clust_rep_seq_Esos_269	Esos	Esos	Defense	GCF_002863725.1|NZ_CP019121.1|NZ_CP019121.1_1546	GCF_002863725.1|NZ_CP019121.1|NZ_CP019121.1_1546	GCF_002863725.1|NZ_CP019121.1|NZ_CP019121.1_1546	1	Esos__VCA0450
clust_rep_seq_PARIS_I_344	Paris	PARIS_I	Defense	GCF_002874845.2|NZ_CP170009.1|NZ_CP170009.1_431	GCF_002874845.2|NZ_CP170009.1|NZ_CP170009.1_432	GCF_002874845.2|NZ_CP170009.1|NZ_CP170009.1_431,GCF_002874845.2|NZ_CP170009.1|NZ_CP170009.1_432	2	Paris_I__AriA_AAA15,Paris_I__AriB_DUF4435_I
clust_rep_seq_Shedu_453	Shedu	Shedu	Defense	GCF_002887655.1|NZ_CP025796.1|NZ_CP025796.1_122	GCF_002887655.1|NZ_CP025796.1|NZ_CP025796.1_122	GCF_002887655.1|NZ_CP025796.1|NZ_CP025796.1_122	1	Shedu__SduA
clust_rep_seq_Aristaios_113	Aristaios	Aristaios	Defense	GCF_002887655.1|NZ_CP025796.1|NZ_CP025796.1_135	GCF_002887655.1|NZ_CP025796.1|NZ_CP025796.1_135	GCF_002887655.1|NZ_CP025796.1|NZ_CP025796.1_135	1	Aristaios__Aristaios
clust_rep_seq_DUF262_Shlafen_pSlfn7_219	DUF262_Shlafen	DUF262_Shlafen_pSlfn7	Defense	GCF_009665415.1|NZ_CP035921.1|NZ_CP035921.1_278	GCF_009665415.1|NZ_CP035921.1|NZ_CP035921.1_278	GCF_009665415.1|NZ_CP035921.1|NZ_CP035921.1_278	1	DUF262_Shlafen_pSlfn7__pSlfn7
clust_rep_seq_Aristaios_114	Aristaios	Aristaios	Defense	GCF_009665415.1|NZ_CP035921.1|NZ_CP035921.1_329	GCF_009665415.1|NZ_CP035921.1|NZ_CP035921.1_329	GCF_009665415.1|NZ_CP035921.1|NZ_CP035921.1_329	1	Aristaios__Aristaios
clust_rep_seq_Dag_233	Dag	Dag	Defense	GCF_009665475.1|NZ_CP035731.1|NZ_CP035731.1_282	GCF_009665475.1|NZ_CP035731.1|NZ_CP035731.1_282	GCF_009665475.1|NZ_CP035731.1|NZ_CP035731.1_282	1	Dag__Dag8
clust_rep_seq_PhiR47.1_PanTA_376	PhiR47.1_PanTA	PhiR47.1_PanTA	Defense	GCF_009665475.1|NZ_CP035731.1|NZ_CP035731.1_319	GCF_009665475.1|NZ_CP035731.1|NZ_CP035731.1_320	GCF_009665475.1|NZ_CP035731.1|NZ_CP035731.1_319,GCF_009665475.1|NZ_CP035731.1|NZ_CP035731.1_320	2	PhiR47.1_PanTA__PanA,PhiR47.1_PanTA__PanT
clust_rep_seq_Shedu_454	Shedu	Shedu	Defense	GCF_009762965.1|NZ_CP046741.1|NZ_CP046741.1_527	GCF_009762965.1|NZ_CP046741.1|NZ_CP046741.1_527	GCF_009762965.1|NZ_CP046741.1|NZ_CP046741.1_527	1	Shedu__SduA
clust_rep_seq_AbiJ_30	AbiJ	AbiJ	Defense	GCF_009763085.1|NZ_CP046772.1|NZ_CP046772.1_1925	GCF_009763085.1|NZ_CP046772.1|NZ_CP046772.1_1925	GCF_009763085.1|NZ_CP046772.1|NZ_CP046772.1_1925	1	AbiJ__AbiJ
clust_rep_seq_PD-T4-10_355	PD-T4-10	PD-T4-10	Defense	GCF_009763085.1|NZ_CP046772.1|NZ_CP046772.1_1929	GCF_009763085.1|NZ_CP046772.1|NZ_CP046772.1_1930	GCF_009763085.1|NZ_CP046772.1|NZ_CP046772.1_1929,GCF_009763085.1|NZ_CP046772.1|NZ_CP046772.1_1930	2	PD-T4-10__PD-T4-10_A,PD-T4-10__PD-T4-10_B
clust_rep_seq_DRT6_186	DRT	DRT6	Defense	GCF_013357765.1|NZ_CP053809.1|NZ_CP053809.1_380	GCF_013357765.1|NZ_CP053809.1|NZ_CP053809.1_380	GCF_013357765.1|NZ_CP053809.1|NZ_CP053809.1_380	1	DRT6__DRT6
clust_rep_seq_CBASS_I_TM_171	CBASS	CBASS_I_TM	Defense	GCF_013357765.1|NZ_CP053809.1|NZ_CP053809.1_618	GCF_013357765.1|NZ_CP053809.1|NZ_CP053809.1_619	GCF_013357765.1|NZ_CP053809.1|NZ_CP053809.1_618,GCF_013357765.1|NZ_CP053809.1|NZ_CP053809.1_619	2	CBASS__Cyclase_II,CBASS__Effector_2TM_S_2TMBeta
clust_rep_seq_Resolvase_DUF5677_391	Resolvase_DUF5677	Resolvase_DUF5677	Defense	GCF_013357785.1|NZ_CP053811.1|NZ_CP053811.1_340	GCF_013357785.1|NZ_CP053811.1|NZ_CP053811.1_340	GCF_013357785.1|NZ_CP053811.1|NZ_CP053811.1_340	1	Resolvase_DUF5677__Resolvase_DUF5677
clust_rep_seq_Belisama_161	Belisama	Belisama	Defense	GCF_013357805.1|NZ_CP053814.1|NZ_CP053814.1_468	GCF_013357805.1|NZ_CP053814.1|NZ_CP053814.1_468	GCF_013357805.1|NZ_CP053814.1|NZ_CP053814.1_468	1	Belisama__VCA0458
clust_rep_seq_Aristaios_115	Aristaios	Aristaios	Defense	GCF_013393885.1|NZ_CP040103.1|NZ_CP040103.1_1916	GCF_013393885.1|NZ_CP040103.1|NZ_CP040103.1_1916	GCF_013393885.1|NZ_CP040103.1|NZ_CP040103.1_1916	1	Aristaios__Aristaios
clust_rep_seq_SNIPE_430	SNIPE	SNIPE	Defense	GCF_024347495.1|NZ_AP025491.1|NZ_AP025491.1_1009	GCF_024347495.1|NZ_AP025491.1|NZ_AP025491.1_1009	GCF_024347495.1|NZ_AP025491.1|NZ_AP025491.1_1009	1	PD-Lambda-1__PD-Lambda-1
clust_rep_seq_Belisama_162	Belisama	Belisama	Defense	GCF_024347535.1|NZ_AP025497.1|NZ_AP025497.1_1330	GCF_024347535.1|NZ_AP025497.1|NZ_AP025497.1_1330	GCF_024347535.1|NZ_AP025497.1|NZ_AP025497.1_1330	1	Belisama__VCA0458
clust_rep_seq_Resolvase_Schlafen_392	Resolvase_Schlafen	Resolvase_Schlafen	Defense	GCF_024347655.1|NZ_AP025514.1|NZ_AP025514.1_1325	GCF_024347655.1|NZ_AP025514.1|NZ_AP025514.1_1325	GCF_024347655.1|NZ_AP025514.1|NZ_AP025514.1_1325	1	Resolvase_Schlafen__Resolvase_Schlafen
clust_rep_seq_DARNA_185	DARNA	DARNA	Defense	GCF_030994145.1|NZ_CP099919.1|NZ_CP099919.1_1209	GCF_030994145.1|NZ_CP099919.1|NZ_CP099919.1_1209	GCF_030994145.1|NZ_CP099919.1|NZ_CP099919.1_1209	1	PD-T7-3__PD-T7-3
clust_rep_seq_Nemetona_324	Nemetona	Nemetona	Defense	GCF_031883075.1|NZ_CP134783.1|NZ_CP134783.1_1528	GCF_031883075.1|NZ_CP134783.1|NZ_CP134783.1_1528	GCF_031883075.1|NZ_CP134783.1|NZ_CP134783.1_1528	1	Nemetona__VCA0441
clust_rep_seq_Dag_234	Dag	Dag	Defense	GCF_031883075.1|NZ_CP134783.1|NZ_CP134783.1_1551	GCF_031883075.1|NZ_CP134783.1|NZ_CP134783.1_1551	GCF_031883075.1|NZ_CP134783.1|NZ_CP134783.1_1551	1	Dag__Dag15
clust_rep_seq_PhiR5.1_HipAD_379	PhiR5.1_HipAD	PhiR5.1_HipAD	Defense	GCF_051046905.1|NZ_CP095332.1|NZ_CP095332.1_788	GCF_051046905.1|NZ_CP095332.1|NZ_CP095332.1_789	GCF_051046905.1|NZ_CP095332.1|NZ_CP095332.1_788,GCF_051046905.1|NZ_CP095332.1|NZ_CP095332.1_789	2	PhiR5.1_HipAD__HipA2,PhiR5.1_HipAD__HipD2
clust_rep_seq_Esos_270	Esos	Esos	Defense	GCF_051046905.1|NZ_CP095332.1|NZ_CP095332.1_807	GCF_051046905.1|NZ_CP095332.1|NZ_CP095332.1_807	GCF_051046905.1|NZ_CP095332.1|NZ_CP095332.1_807	1	Esos__VCA0450
clust_rep_seq_RAZR_385	RAZR	RAZR	Defense	GCF_051131125.1|NZ_CP150869.1|NZ_CP150869.1_1106	GCF_051131125.1|NZ_CP150869.1|NZ_CP150869.1_1106	GCF_051131125.1|NZ_CP150869.1|NZ_CP150869.1_1106	1	PD-T7-4__PD-T7-4
clust_rep_seq_HEC-08_288	HEC-08	HEC-08	Defense	GCF_051132235.1|NZ_CP072677.1|NZ_CP072677.1_1816	GCF_051132235.1|NZ_CP072677.1|NZ_CP072677.1_1816	GCF_051132235.1|NZ_CP072677.1|NZ_CP072677.1_1816	1	HEC-08__HEC-08
clust_rep_seq_Aristaios_116	Aristaios	Aristaios	Defense	GCF_051132235.1|NZ_CP072677.1|NZ_CP072677.1_1864	GCF_051132235.1|NZ_CP072677.1|NZ_CP072677.1_1864	GCF_051132235.1|NZ_CP072677.1|NZ_CP072677.1_1864	1	Aristaios__Aristaios
clust_rep_seq_PARIS_II_merge_349	Paris	PARIS_II_merge	Defense	GCF_051175305.1|NZ_CP195090.1|NZ_CP195090.1_625	GCF_051175305.1|NZ_CP195090.1|NZ_CP195090.1_625	GCF_051175305.1|NZ_CP195090.1|NZ_CP195090.1_625	1	Paris_II_merge__AAA_21_DUF4435
clust_rep_seq_mEp332_T2SS_GspM_542	mEp332_T2SS_GspM	mEp332_T2SS_GspM	Defense	GCF_057439825.1|NZ_CM171998.1|NZ_CM171998.1_1225	GCF_057439825.1|NZ_CM171998.1|NZ_CM171998.1_1225	GCF_057439825.1|NZ_CM171998.1|NZ_CM171998.1_1225	1	mEp332_T2SS_GspM__T2SS_GspM
clust_rep_seq_PD-T7-5_372	PD-T7-5	PD-T7-5	Defense	GCF_057730755.1|NZ_CM173193.1|NZ_CM173193.1_910	GCF_057730755.1|NZ_CM173193.1|NZ_CM173193.1_910	GCF_057730755.1|NZ_CM173193.1|NZ_CM173193.1_910	1	PD-T7-5__PD-T7-5
clust_rep_seq_AbiH_25	AbiH	AbiH	Defense	GCF_057730815.1|NZ_CM173199.1|NZ_CM173199.1_861	GCF_057730815.1|NZ_CM173199.1|NZ_CM173199.1_861	GCF_057730815.1|NZ_CM173199.1|NZ_CM173199.1_861	1	AbiH__AbiH
clust_rep_seq_Divona_251	Divona	Divona	Defense	GCF_057730815.1|NZ_CM173199.1|NZ_CM173199.1_875	GCF_057730815.1|NZ_CM173199.1|NZ_CM173199.1_875	GCF_057730815.1|NZ_CM173199.1|NZ_CM173199.1_875	1	Divona__VCA0374
clust_rep_seq_AbiAlpha_11	AbiAlpha	AbiAlpha	Defense	GCF_057730815.1|NZ_CM173199.1|NZ_CM173199.1_892	GCF_057730815.1|NZ_CM173199.1|NZ_CM173199.1_892	GCF_057730815.1|NZ_CM173199.1|NZ_CM173199.1_892	1	AbiAlpha__AbiAlpha
clust_rep_seq_Retron_I_C_398	Retron	Retron_I_C	Defense	GCF_057730815.1|NZ_CM173199.1|NZ_CM173199.1_898	GCF_057730815.1|NZ_CM173199.1|NZ_CM173199.1_898	GCF_057730815.1|NZ_CM173199.1|NZ_CM173199.1_898	1	Retron_I_C__RT_1_C1
clust_rep_seq_Aristaios_117	Aristaios	Aristaios	Defense	GCF_058267735.1|NZ_CM177832.1|NZ_CM177832.1_1274	GCF_058267735.1|NZ_CM177832.1|NZ_CM177832.1_1274	GCF_058267735.1|NZ_CM177832.1|NZ_CM177832.1_1274	1	Aristaios__Aristaios
clust_rep_seq_Ogmios_325	Ogmios	Ogmios	Defense	GCF_000006745.1|NC_002506.1|NC_002506.1_280	GCF_000006745.1|NC_002506.1|NC_002506.1_280	GCF_000006745.1|NC_002506.1|NC_002506.1_280	1	Ogmios__VCA0308
clust_rep_seq_EcoKMcrA_261	EcoKMcrA	EcoKMcrA	Defense	GCF_000006745.1|NC_002506.1|NC_002506.1_281	GCF_000006745.1|NC_002506.1|NC_002506.1_281	GCF_000006745.1|NC_002506.1|NC_002506.1_281	1	EcoKMcrA__EcoKMcrA
clust_rep_seq_Nantosuelta_322	Nantosuelta	Nantosuelta	Defense	GCF_000006745.1|NC_002506.1|NC_002506.1_291	GCF_000006745.1|NC_002506.1|NC_002506.1_291	GCF_000006745.1|NC_002506.1|NC_002506.1_291	1	Nantosuelta__VCA0322
clust_rep_seq_Sucellos_472	Sucellos	Sucellos	Defense	GCF_000006745.1|NC_002506.1|NC_002506.1_334	GCF_000006745.1|NC_002506.1|NC_002506.1_334	GCF_000006745.1|NC_002506.1|NC_002506.1_334	1	Sucellos__SclB_VCA0368
clust_rep_seq_Taranis_476	Taranis	Taranis	Defense	GCF_000006745.1|NC_002506.1|NC_002506.1_352	GCF_000006745.1|NC_002506.1|NC_002506.1_352	GCF_000006745.1|NC_002506.1|NC_002506.1_352	1	Taranis__VCA0396
clust_rep_seq_Damona_247	Damona	Damona	Defense	GCF_000006745.1|NC_002506.1|NC_002506.1_355	GCF_000006745.1|NC_002506.1|NC_002506.1_355	GCF_000006745.1|NC_002506.1|NC_002506.1_355	1	Damona__VCA0399
clust_rep_seq_Lugos_311	Lugos	Lugos	Defense	GCF_000006745.1|NC_002506.1|NC_002506.1_362	GCF_000006745.1|NC_002506.1|NC_002506.1_362	GCF_000006745.1|NC_002506.1|NC_002506.1_362	1	Lugos__Lugos
clust_rep_seq_Cernunnos_181	Cernunnos	Cernunnos	Defense	GCF_000006745.1|NC_002506.1|NC_002506.1_363	GCF_000006745.1|NC_002506.1|NC_002506.1_363	GCF_000006745.1|NC_002506.1|NC_002506.1_363	1	Cernunnos__VCA0410
clust_rep_seq_Shedu_455	Shedu	Shedu	Defense	GCF_009665215.1|NZ_CP035680.1|NZ_CP035680.1_1968	GCF_009665215.1|NZ_CP035680.1|NZ_CP035680.1_1968	GCF_009665215.1|NZ_CP035680.1|NZ_CP035680.1_1968	1	Shedu__SduA
clust_rep_seq_VcaM4I_526	VcaM4I	VcaM4I	Defense	GCF_013393845.1|NZ_CP040100.1|NZ_CP040100.1_1842	GCF_013393845.1|NZ_CP040100.1|NZ_CP040100.1_1842	GCF_013393845.1|NZ_CP040100.1|NZ_CP040100.1_1842	1	VcaM4I__VcaM4I
clust_rep_seq_VcaM4I_527	VcaM4I	VcaM4I	Defense	GCF_014107515.1|NZ_CP044206.1|NZ_CP044206.1_2154	GCF_014107515.1|NZ_CP044206.1|NZ_CP044206.1_2154	GCF_014107515.1|NZ_CP044206.1|NZ_CP044206.1_2154	1	VcaM4I__VcaM4I
clust_rep_seq_Aristaios_118	Aristaios	Aristaios	Defense	GCF_041714635.1|NZ_CP168212.1|NZ_CP168212.1_2076	GCF_041714635.1|NZ_CP168212.1|NZ_CP168212.1_2076	GCF_041714635.1|NZ_CP168212.1|NZ_CP168212.1_2076	1	Aristaios__Aristaios
clust_rep_seq_Aristaios_119	Aristaios	Aristaios	Defense	GCF_042691635.1|NZ_CP170491.1|NZ_CP170491.1_1847	GCF_042691635.1|NZ_CP170491.1|NZ_CP170491.1_1847	GCF_042691635.1|NZ_CP170491.1|NZ_CP170491.1_1847	1	Aristaios__Aristaios
clust_rep_seq_Aristaios_120	Aristaios	Aristaios	Defense	GCF_042848055.1|NZ_AP031614.1|NZ_AP031614.1_1191	GCF_042848055.1|NZ_AP031614.1|NZ_AP031614.1_1191	GCF_042848055.1|NZ_AP031614.1|NZ_AP031614.1_1191	1	Aristaios__Aristaios
clust_rep_seq_Other_Type_IV_338	Other_Type_IV	Other_Type_IV	Defense	GCF_042848055.1|NZ_AP031614.1|NZ_AP031614.1_1208	GCF_042848055.1|NZ_AP031614.1|NZ_AP031614.1_1208	GCF_042848055.1|NZ_AP031614.1|NZ_AP031614.1_1208	1	RM_Type_IV__Type_IV_03
clust_rep_seq_DRT6_187	DRT	DRT6	Defense	GCF_043995865.1|NZ_CP171887.1|NZ_CP171887.1_1699	GCF_043995865.1|NZ_CP171887.1|NZ_CP171887.1_1699	GCF_043995865.1|NZ_CP171887.1|NZ_CP171887.1_1699	1	DRT6__DRT6
clust_rep_seq_gcuWGS21_540	gcuWGS21	gcuWGS21	Defense	GCF_053643215.1|NZ_CM132188.1|NZ_CM132188.1_1052	GCF_053643215.1|NZ_CM132188.1|NZ_CM132188.1_1052	GCF_053643215.1|NZ_CM132188.1|NZ_CM132188.1_1052	1	gcuWGS21__gcuWGS21
clust_rep_seq_AbiH_26	AbiH	AbiH	Defense	GCF_002850455.1|NZ_CP019320.1|NZ_CP019320.1_1842	GCF_002850455.1|NZ_CP019320.1|NZ_CP019320.1_1842	GCF_002850455.1|NZ_CP019320.1|NZ_CP019320.1_1842	1	AbiH__AbiH
clust_rep_seq_DS-24_204	DS-24	DS-24	Defense	GCF_002874615.2|NZ_CP170017.1|NZ_CP170017.1_494	GCF_002874615.2|NZ_CP170017.1|NZ_CP170017.1_494	GCF_002874615.2|NZ_CP170017.1|NZ_CP170017.1_494	1	DS-24__DS-24
clust_rep_seq_gcu24_538	gcu24	gcu24	Defense	GCF_002906655.1|NZ_CP025794.1|NZ_CP025794.1_106	GCF_002906655.1|NZ_CP025794.1|NZ_CP025794.1_106	GCF_002906655.1|NZ_CP025794.1|NZ_CP025794.1_106	1	gcu24__gcu24
clust_rep_seq_Sirona_468	Sirona	Sirona	Defense	GCF_002906655.1|NZ_CP025794.1|NZ_CP025794.1_110	GCF_002906655.1|NZ_CP025794.1|NZ_CP025794.1_110	GCF_002906655.1|NZ_CP025794.1|NZ_CP025794.1_110	1	Sirona__VCA0356
clust_rep_seq_Sucellos_473	Sucellos	Sucellos	Defense	GCF_040735825.1|NZ_CP147727.1|NZ_CP147727.1_289	GCF_040735825.1|NZ_CP147727.1|NZ_CP147727.1_289	GCF_040735825.1|NZ_CP147727.1|NZ_CP147727.1_289	1	Sucellos__SclA_VCA0367
clust_rep_seq_Aristaios_121	Aristaios	Aristaios	Defense	GCF_041734175.1|NZ_CP168658.1|NZ_CP168658.1_1006	GCF_041734175.1|NZ_CP168658.1|NZ_CP168658.1_1006	GCF_041734175.1|NZ_CP168658.1|NZ_CP168658.1_1006	1	Aristaios__Aristaios
clust_rep_seq_Aristaios_122	Aristaios	Aristaios	Defense	GCF_045004265.1|NZ_CP173383.1|NZ_CP173383.1_1433	GCF_045004265.1|NZ_CP173383.1|NZ_CP173383.1_1433	GCF_045004265.1|NZ_CP173383.1|NZ_CP173383.1_1433	1	Aristaios__Aristaios
clust_rep_seq_AbiJ_31	AbiJ	AbiJ	Defense	GCF_045278325.1|NZ_CP128803.1|NZ_CP128803.1_1228	GCF_045278325.1|NZ_CP128803.1|NZ_CP128803.1_1228	GCF_045278325.1|NZ_CP128803.1|NZ_CP128803.1_1228	1	AbiJ__AbiJ
clust_rep_seq_RAZR_386	RAZR	RAZR	Defense	GCF_045291255.1|NZ_CP134278.1|NZ_CP134278.1_1169	GCF_045291255.1|NZ_CP134278.1|NZ_CP134278.1_1169	GCF_045291255.1|NZ_CP134278.1|NZ_CP134278.1_1169	1	PD-T7-4__PD-T7-4
clust_rep_seq_PD-T2-1_351	PD-T2-1	PD-T2-1	Defense	GCF_053643215.1|NZ_CM132188.1|NZ_CM132188.1_987	GCF_053643215.1|NZ_CM132188.1|NZ_CM132188.1_988	GCF_053643215.1|NZ_CM132188.1|NZ_CM132188.1_987,GCF_053643215.1|NZ_CM132188.1|NZ_CM132188.1_988	2	PD-T2-1__PD-T2-1A,PD-T2-1__PD-T2-1B
clust_rep_seq_Aristaios_123	Aristaios	Aristaios	Defense	GCF_054111865.1|NZ_CM134200.1|NZ_CM134200.1_1738	GCF_054111865.1|NZ_CM134200.1|NZ_CM134200.1_1738	GCF_054111865.1|NZ_CM134200.1|NZ_CM134200.1_1738	1	Aristaios__Aristaios
clust_rep_seq_PhiR47.1_PanTA_377	PhiR47.1_PanTA	PhiR47.1_PanTA	Defense	GCF_055797365.1|NZ_CP118728.1|NZ_CP118728.1_614	GCF_055797365.1|NZ_CP118728.1|NZ_CP118728.1_615	GCF_055797365.1|NZ_CP118728.1|NZ_CP118728.1_614,GCF_055797365.1|NZ_CP118728.1|NZ_CP118728.1_615	2	PhiR47.1_PanTA__PanA,PhiR47.1_PanTA__PanT
clust_rep_seq_Shedu_456	Shedu	Shedu	Defense	GCF_059682885.1|NZ_CM185026.1|NZ_CM185026.1_437	GCF_059682885.1|NZ_CM185026.1|NZ_CM185026.1_437	GCF_059682885.1|NZ_CM185026.1|NZ_CM185026.1_437	1	Shedu__SduA
clust_rep_seq_Aristaios_124	Aristaios	Aristaios	Defense	GCF_059683725.1|NZ_CM185037.1|NZ_CM185037.1_1075	GCF_059683725.1|NZ_CM185037.1|NZ_CM185037.1_1075	GCF_059683725.1|NZ_CM185037.1|NZ_CM185037.1_1075	1	Aristaios__Aristaios
clust_rep_seq_PD-T4-7_362	PD-T4-7	PD-T4-7	Defense	GCF_059683725.1|NZ_CM185038.1|NZ_CM185038.1_1142	GCF_059683725.1|NZ_CM185038.1|NZ_CM185038.1_1142	GCF_059683725.1|NZ_CM185038.1|NZ_CM185038.1_1142	1	PD-T4-7__PD-T4-7
clust_rep_seq_Shedu_457	Shedu	Shedu	Defense	GCF_002142655.1|NZ_CP021145.1|NZ_CP021145.1_1364	GCF_002142655.1|NZ_CP021145.1|NZ_CP021145.1_1364	GCF_002142655.1|NZ_CP021145.1|NZ_CP021145.1_1364	1	Shedu__SduA
clust_rep_seq_TagI_475	TagI	TagI	Defense	GCF_002211985.1|NZ_CP022102.1|NZ_CP022102.1_430	GCF_002211985.1|NZ_CP022102.1|NZ_CP022102.1_430	GCF_002211985.1|NZ_CP022102.1|NZ_CP022102.1_430	1	TagI__TagI
clust_rep_seq_AbiO_33	AbiO	AbiO	Defense	GCF_002863725.1|NZ_CP019121.1|NZ_CP019121.1_1733	GCF_002863725.1|NZ_CP019121.1|NZ_CP019121.1_1733	GCF_002863725.1|NZ_CP019121.1|NZ_CP019121.1_1733	1	AbiO__AbiO
clust_rep_seq_DS-35_211	DS-35	DS-35	Defense	GCF_002872705.2|NZ_CP169998.1|NZ_CP169998.1_213	GCF_002872705.2|NZ_CP169998.1|NZ_CP169998.1_213	GCF_002872705.2|NZ_CP169998.1|NZ_CP169998.1_213	1	DS-35__DS-35
clust_rep_seq_Other_Type_IV_339	Other_Type_IV	Other_Type_IV	Defense	GCF_002906455.1|NZ_CP026315.1|NZ_CP026315.1_2639	GCF_002906455.1|NZ_CP026315.1|NZ_CP026315.1_2639	GCF_002906455.1|NZ_CP026315.1|NZ_CP026315.1_2639	1	RM_Type_IV__Type_IV_05
clust_rep_seq_Esos_271	Esos	Esos	Defense	GCF_002906455.1|NZ_CP026320.1|NZ_CP026320.1_43	GCF_002906455.1|NZ_CP026320.1|NZ_CP026320.1_43	GCF_002906455.1|NZ_CP026320.1|NZ_CP026320.1_43	1	Esos__VCA0450
clust_rep_seq_Brigantia_164	Brigantia	Brigantia	Defense	GCF_000006745.1|NC_002506.1|NC_002506.1_370	GCF_000006745.1|NC_002506.1|NC_002506.1_370	GCF_000006745.1|NC_002506.1|NC_002506.1_370	1	Brigantia__VCA0419
clust_rep_seq_VP1817_495	VP1817	VP1817	Defense	GCF_000196095.1|NC_004603.1|NC_004603.1_1716	GCF_000196095.1|NC_004603.1|NC_004603.1_1716	GCF_000196095.1|NC_004603.1|NC_004603.1_1716	1	VP1817__VP1817
clust_rep_seq_VP1839_506	VP1839	VP1839	Defense	GCF_000196095.1|NC_004603.1|NC_004603.1_1734	GCF_000196095.1|NC_004603.1|NC_004603.1_1734	GCF_000196095.1|NC_004603.1|NC_004603.1_1734	1	VP1839__VP1839
clust_rep_seq_Dag_235	Dag	Dag	Defense	GCF_000196095.1|NC_004603.1|NC_004603.1_1735	GCF_000196095.1|NC_004603.1|NC_004603.1_1735	GCF_000196095.1|NC_004603.1|NC_004603.1_1735	1	Dag__Dag1_VP1840
clust_rep_seq_VP1851_517	VP1851	VP1851	Defense	GCF_000196095.1|NC_004603.1|NC_004603.1_1746	GCF_000196095.1|NC_004603.1|NC_004603.1_1746	GCF_000196095.1|NC_004603.1|NC_004603.1_1746	1	VP1851__VP1851
clust_rep_seq_VP1853_518	VP1853	VP1853	Defense	GCF_000196095.1|NC_004603.1|NC_004603.1_1749	GCF_000196095.1|NC_004603.1|NC_004603.1_1749	GCF_000196095.1|NC_004603.1|NC_004603.1_1749	1	VP1853__VP1853
clust_rep_seq_Other_Type_IV_340	Other_Type_IV	Other_Type_IV	Defense	GCF_000430425.1|NC_021848.1|NC_021848.1_821	GCF_000430425.1|NC_021848.1|NC_021848.1_821	GCF_000430425.1|NC_021848.1|NC_021848.1_821	1	RM_Type_IV__Type_IV_05
clust_rep_seq_Uzume_487	Uzume	Uzume	Defense	GCF_000430425.1|NC_021848.1|NC_021848.1_849	GCF_000430425.1|NC_021848.1|NC_021848.1_849	GCF_000430425.1|NC_021848.1|NC_021848.1_849	1	Uzume__UzuA
clust_rep_seq_BstA_166	BstA	BstA	Defense	GCF_000430425.1|NC_021848.1|NC_021848.1_856	GCF_000430425.1|NC_021848.1|NC_021848.1_856	GCF_000430425.1|NC_021848.1|NC_021848.1_856	1	BstA__BstA
clust_rep_seq_Aristaios_125	Aristaios	Aristaios	Defense	GCF_000746665.1|NZ_CP009261.1|NZ_CP009261.1_1690	GCF_000746665.1|NZ_CP009261.1|NZ_CP009261.1_1690	GCF_000746665.1|NZ_CP009261.1|NZ_CP009261.1_1690	1	Aristaios__Aristaios
clust_rep_seq_DS-20_201	DS-20	DS-20	Defense	GCF_001636035.1|NZ_CP011406.1|NZ_CP011406.1_1912	GCF_001636035.1|NZ_CP011406.1|NZ_CP011406.1_1912	GCF_001636035.1|NZ_CP011406.1|NZ_CP011406.1_1912	1	DS-20__DS-20
clust_rep_seq_RAZR_387	RAZR	RAZR	Defense	GCF_001653775.1|NZ_CP011775.1|NZ_CP011775.1_1488	GCF_001653775.1|NZ_CP011775.1|NZ_CP011775.1_1488	GCF_001653775.1|NZ_CP011775.1|NZ_CP011775.1_1488	1	PD-T7-4__PD-T7-4
clust_rep_seq_VP1817_496	VP1817	VP1817	Defense	GCF_001680065.1|NZ_CP016349.1|NZ_CP016349.1_1918	GCF_001680065.1|NZ_CP016349.1|NZ_CP016349.1_1918	GCF_001680065.1|NZ_CP016349.1|NZ_CP016349.1_1918	1	VP1817__VP1817
clust_rep_seq_Aristaios_126	Aristaios	Aristaios	Defense	GCF_008693685.1|NZ_CP044069.1|NZ_CP044069.1_1722	GCF_008693685.1|NZ_CP044069.1|NZ_CP044069.1_1722	GCF_008693685.1|NZ_CP044069.1|NZ_CP044069.1_1722	1	Aristaios__Aristaios
clust_rep_seq_Aristaios_127	Aristaios	Aristaios	Defense	GCF_009184745.1|NZ_CP045070.1|NZ_CP045070.1_2649	GCF_009184745.1|NZ_CP045070.1|NZ_CP045070.1_2649	GCF_009184745.1|NZ_CP045070.1|NZ_CP045070.1_2649	1	Aristaios__Aristaios
clust_rep_seq_PD-T2-1_352	PD-T2-1	PD-T2-1	Defense	GCF_009665315.1|NZ_CP035693.1|NZ_CP035693.1_2310	GCF_009665315.1|NZ_CP035693.1|NZ_CP035693.1_2311	GCF_009665315.1|NZ_CP035693.1|NZ_CP035693.1_2310,GCF_009665315.1|NZ_CP035693.1|NZ_CP035693.1_2311	2	PD-T2-1__PD-T2-1A,PD-T2-1__PD-T2-1B
clust_rep_seq_Other_Type_IV_341	Other_Type_IV	Other_Type_IV	Defense	GCF_009665315.1|NZ_CP035693.1|NZ_CP035693.1_2354	GCF_009665315.1|NZ_CP035693.1|NZ_CP035693.1_2354	GCF_009665315.1|NZ_CP035693.1|NZ_CP035693.1_2354	1	RM_Type_IV__Type_IV_05
clust_rep_seq_Aristaios_128	Aristaios	Aristaios	Defense	GCF_009665415.1|NZ_CP035921.1|NZ_CP035921.1_339	GCF_009665415.1|NZ_CP035921.1|NZ_CP035921.1_339	GCF_009665415.1|NZ_CP035921.1|NZ_CP035921.1_339	1	Aristaios__Aristaios
clust_rep_seq_VP1840_512	VP1840	VP1840	Defense	GCF_009764115.1|NZ_CP046835.1|NZ_CP046835.1_1231	GCF_009764115.1|NZ_CP046835.1|NZ_CP046835.1_1231	GCF_009764115.1|NZ_CP046835.1|NZ_CP046835.1_1231	1	VP1840__VP1840
clust_rep_seq_AbiP2_35	AbiP2	AbiP2	Defense	GCF_013357885.1|NZ_CP053745.1|NZ_CP053745.1_324	GCF_013357885.1|NZ_CP053745.1|NZ_CP053745.1_324	GCF_013357885.1|NZ_CP053745.1|NZ_CP053745.1_324	1	AbiP2__AbiP2
clust_rep_seq_AbiAlpha_12	AbiAlpha	AbiAlpha	Defense	GCF_013393865.1|NZ_CP040101.1|NZ_CP040101.1_1561	GCF_013393865.1|NZ_CP040101.1|NZ_CP040101.1_1561	GCF_013393865.1|NZ_CP040101.1|NZ_CP040101.1_1561	1	AbiAlpha__AbiAlpha
clust_rep_seq_Shedu_458	Shedu	Shedu	Defense	GCF_014083925.1|NZ_CP046268.1|NZ_CP046268.1_1525	GCF_014083925.1|NZ_CP046268.1|NZ_CP046268.1_1525	GCF_014083925.1|NZ_CP046268.1|NZ_CP046268.1_1525	1	Shedu__SduA
clust_rep_seq_Aristaios_129	Aristaios	Aristaios	Defense	GCF_014107515.1|NZ_CP044206.1|NZ_CP044206.1_2029	GCF_014107515.1|NZ_CP044206.1|NZ_CP044206.1_2029	GCF_014107515.1|NZ_CP044206.1|NZ_CP044206.1_2029	1	Aristaios__Aristaios
clust_rep_seq_HEC-08_289	HEC-08	HEC-08	Defense	GCF_014107515.1|NZ_CP044206.1|NZ_CP044206.1_2036	GCF_014107515.1|NZ_CP044206.1|NZ_CP044206.1_2036	GCF_014107515.1|NZ_CP044206.1|NZ_CP044206.1_2036	1	HEC-08__HEC-08
clust_rep_seq_PD-T7-5_373	PD-T7-5	PD-T7-5	Defense	GCF_023716625.1|NZ_CP071855.1|NZ_CP071855.1_1635	GCF_023716625.1|NZ_CP071855.1|NZ_CP071855.1_1635	GCF_023716625.1|NZ_CP071855.1|NZ_CP071855.1_1635	1	PD-T7-5__PD-T7-5
clust_rep_seq_DS-31_207	DS-31	DS-31	Defense	GCF_023716845.1|NZ_CP068024.1|NZ_CP068024.1_1459	GCF_023716845.1|NZ_CP068024.1|NZ_CP068024.1_1459	GCF_023716845.1|NZ_CP068024.1|NZ_CP068024.1_1459	1	DS-31__DS-31
clust_rep_seq_EcoKMcrA_262	EcoKMcrA	EcoKMcrA	Defense	GCF_024346995.1|NZ_AP024887.1|NZ_AP024887.1_843	GCF_024346995.1|NZ_AP024887.1|NZ_AP024887.1_843	GCF_024346995.1|NZ_AP024887.1|NZ_AP024887.1_843	1	EcoKMcrA__EcoKMcrA
clust_rep_seq_SNIPE_431	SNIPE	SNIPE	Defense	GCF_024346995.1|NZ_AP024888.1|NZ_AP024888.1_143	GCF_024346995.1|NZ_AP024888.1|NZ_AP024888.1_143	GCF_024346995.1|NZ_AP024888.1|NZ_AP024888.1_143	1	PD-Lambda-1__PD-Lambda-1
clust_rep_seq_Aristaios_130	Aristaios	Aristaios	Defense	GCF_030060435.1|NZ_CP125875.1|NZ_CP125875.1_883	GCF_030060435.1|NZ_CP125875.1|NZ_CP125875.1_883	GCF_030060435.1|NZ_CP125875.1|NZ_CP125875.1_883	1	Aristaios__Aristaios
clust_rep_seq_DS-40_215	DS-40	DS-40	Defense	GCF_030704285.1|NZ_CP131931.1|NZ_CP131931.1_1587	GCF_030704285.1|NZ_CP131931.1|NZ_CP131931.1_1587	GCF_030704285.1|NZ_CP131931.1|NZ_CP131931.1_1587	1	DS-40__DS-40
clust_rep_seq_Aristaios_131	Aristaios	Aristaios	Defense	GCF_045586155.1|NZ_CP169050.1|NZ_CP169050.1_1599	GCF_045586155.1|NZ_CP169050.1|NZ_CP169050.1_1599	GCF_045586155.1|NZ_CP169050.1|NZ_CP169050.1_1599	1	Aristaios__Aristaios
clust_rep_seq_GAPS1_283	GAPS1	GAPS1	Defense	GCF_045586155.1|NZ_CP169050.1|NZ_CP169050.1_1657	GCF_045586155.1|NZ_CP169050.1|NZ_CP169050.1_1657	GCF_045586155.1|NZ_CP169050.1|NZ_CP169050.1_1657	1	GAPS1__GAPS1
clust_rep_seq_SEFIR_427	SEFIR	SEFIR	Defense	GCF_050920685.1|NZ_CP138328.1|NZ_CP138328.1_1203	GCF_050920685.1|NZ_CP138328.1|NZ_CP138328.1_1203	GCF_050920685.1|NZ_CP138328.1|NZ_CP138328.1_1203	1	SEFIR__bSEFIR
clust_rep_seq_Lugos_312	Lugos	Lugos	Defense	GCF_050920685.1|NZ_CP138328.1|NZ_CP138328.1_1260	GCF_050920685.1|NZ_CP138328.1|NZ_CP138328.1_1260	GCF_050920685.1|NZ_CP138328.1|NZ_CP138328.1_1260	1	Lugos__Lugos
clust_rep_seq_Dag_236	Dag	Dag	Defense	GCF_050920685.1|NZ_CP138328.1|NZ_CP138328.1_1273	GCF_050920685.1|NZ_CP138328.1|NZ_CP138328.1_1273	GCF_050920685.1|NZ_CP138328.1|NZ_CP138328.1_1273	1	Dag__Dag14
clust_rep_seq_DS-27_206	DS-27	DS-27	Defense	GCF_051046905.1|NZ_CP095332.1|NZ_CP095332.1_628	GCF_051046905.1|NZ_CP095332.1|NZ_CP095332.1_628	GCF_051046905.1|NZ_CP095332.1|NZ_CP095332.1_628	1	DS-27__DS-27
clust_rep_seq_DS-38_213	DS-38	DS-38	Defense	GCF_051131125.1|NZ_CP150869.1|NZ_CP150869.1_1187	GCF_051131125.1|NZ_CP150869.1|NZ_CP150869.1_1187	GCF_051131125.1|NZ_CP150869.1|NZ_CP150869.1_1187	1	DS-38__DS-38
clust_rep_seq_Esos_272	Esos	Esos	Defense	GCF_057368475.1|NZ_CM170643.1|NZ_CM170643.1_914	GCF_057368475.1|NZ_CM170643.1|NZ_CM170643.1_914	GCF_057368475.1|NZ_CM170643.1|NZ_CM170643.1_914	1	Esos__VCA0450
clust_rep_seq_Aristaios_132	Aristaios	Aristaios	Defense	GCF_057368475.1|NZ_CM170643.1|NZ_CM170643.1_920	GCF_057368475.1|NZ_CM170643.1|NZ_CM170643.1_920	GCF_057368475.1|NZ_CM170643.1|NZ_CM170643.1_920	1	Aristaios__Aristaios
clust_rep_seq_Dag_237	Dag	Dag	Defense	GCF_057368525.1|NZ_CM170646.1|NZ_CM170646.1_1383	GCF_057368525.1|NZ_CM170646.1|NZ_CM170646.1_1383	GCF_057368525.1|NZ_CM170646.1|NZ_CM170646.1_1383	1	Dag__Dag10
clust_rep_seq_Aristaios_133	Aristaios	Aristaios	Defense	GCF_057368635.1|NZ_CM170659.1|NZ_CM170659.1_947	GCF_057368635.1|NZ_CM170659.1|NZ_CM170659.1_947	GCF_057368635.1|NZ_CM170659.1|NZ_CM170659.1_947	1	Aristaios__Aristaios
clust_rep_seq_Other_Type_IV_342	Other_Type_IV	Other_Type_IV	Defense	GCF_964198015.1|NZ_OZ078861.1|NZ_OZ078861.1_1454	GCF_964198015.1|NZ_OZ078861.1|NZ_OZ078861.1_1454	GCF_964198015.1|NZ_OZ078861.1|NZ_OZ078861.1_1454	1	RM_Type_IV__Type_IV_05
clust_rep_seq_Dag_238	Dag	Dag	Defense	GCF_000039765.1|NC_004459.3|NC_004459.3_2234	GCF_000039765.1|NC_004459.3|NC_004459.3_2234	GCF_000039765.1|NC_004459.3|NC_004459.3_2234	1	Dag__Dag14
clust_rep_seq_Resolvase_Schlafen_393	Resolvase_Schlafen	Resolvase_Schlafen	Defense	GCF_000354175.2|NC_022349.1|NC_022349.1_799	GCF_000354175.2|NC_022349.1|NC_022349.1_799	GCF_000354175.2|NC_022349.1|NC_022349.1_799	1	Resolvase_Schlafen__Resolvase_Schlafen
clust_rep_seq_PD-T7-1_368	PD-T7-1	PD-T7-1	Defense	GCF_023169625.1|NZ_AP023187.1|NZ_AP023187.1_1985	GCF_023169625.1|NZ_AP023187.1|NZ_AP023187.1_1985	GCF_023169625.1|NZ_AP023187.1|NZ_AP023187.1_1985	1	PD-T7-1__PD-T7-1
clust_rep_seq_PD-T4-7_363	PD-T4-7	PD-T4-7	Defense	GCF_023206035.1|NZ_CP065207.1|NZ_CP065207.1_1120	GCF_023206035.1|NZ_CP065207.1|NZ_CP065207.1_1120	GCF_023206035.1|NZ_CP065207.1|NZ_CP065207.1_1120	1	PD-T4-7__PD-T4-7
clust_rep_seq_VP1839_507	VP1839	VP1839	Defense	GCF_023716545.1|NZ_CP071845.1|NZ_CP071845.1_1306	GCF_023716545.1|NZ_CP071845.1|NZ_CP071845.1_1306	GCF_023716545.1|NZ_CP071845.1|NZ_CP071845.1_1306	1	VP1839__VP1839
clust_rep_seq_Septu_441	Septu	Septu	Defense	GCF_000772105.1|NZ_CP009356.1|NZ_CP009356.1_109	GCF_000772105.1|NZ_CP009356.1|NZ_CP009356.1_110	GCF_000772105.1|NZ_CP009356.1|NZ_CP009356.1_109,GCF_000772105.1|NZ_CP009356.1|NZ_CP009356.1_110	2	Septu__PtuA,Septu__PtuB
clust_rep_seq_Aristaios_134	Aristaios	Aristaios	Defense	GCF_000772105.1|NZ_CP009356.1|NZ_CP009356.1_111	GCF_000772105.1|NZ_CP009356.1|NZ_CP009356.1_111	GCF_000772105.1|NZ_CP009356.1|NZ_CP009356.1_111	1	Aristaios__Aristaios
clust_rep_seq_Kongming_296	Kongming	Kongming	Defense	GCF_000788715.2|NZ_CP012997.1|NZ_CP012997.1_828	GCF_000788715.2|NZ_CP012997.1|NZ_CP012997.1_831	GCF_000788715.2|NZ_CP012997.1|NZ_CP012997.1_828,GCF_000788715.2|NZ_CP012997.1|NZ_CP012997.1_831	2	Kongming__KomB,Kongming__KomC
clust_rep_seq_Aristaios_135	Aristaios	Aristaios	Defense	GCF_001675245.1|NZ_CP012739.1|NZ_CP012739.1_1361	GCF_001675245.1|NZ_CP012739.1|NZ_CP012739.1_1361	GCF_001675245.1|NZ_CP012739.1|NZ_CP012739.1_1361	1	Aristaios__Aristaios
clust_rep_seq_Aristaios_136	Aristaios	Aristaios	Defense	GCF_001682175.1|NZ_CP011884.1|NZ_CP011884.1_1190	GCF_001682175.1|NZ_CP011884.1|NZ_CP011884.1_1190	GCF_001682175.1|NZ_CP011884.1|NZ_CP011884.1_1190	1	Aristaios__Aristaios
clust_rep_seq_VP1839_508	VP1839	VP1839	Defense	GCF_002953335.1|NZ_CP014094.1|NZ_CP014094.1_1644	GCF_002953335.1|NZ_CP014094.1|NZ_CP014094.1_1644	GCF_002953335.1|NZ_CP014094.1|NZ_CP014094.1_1644	1	VP1839__VP1839
clust_rep_seq_PD-T4-1_354	PD-T4-1	PD-T4-1	Defense	GCF_009665275.1|NZ_CP035689.1|NZ_CP035689.1_507	GCF_009665275.1|NZ_CP035689.1|NZ_CP035689.1_507	GCF_009665275.1|NZ_CP035689.1|NZ_CP035689.1_507	1	PD-T4-1__PD-T4-1
clust_rep_seq_Dag_239	Dag	Dag	Defense	GCF_009938205.1|NZ_AP019654.1|NZ_AP019654.1_1302	GCF_009938205.1|NZ_AP019654.1|NZ_AP019654.1_1302	GCF_009938205.1|NZ_AP019654.1|NZ_AP019654.1_1302	1	Dag__Dag5
clust_rep_seq_Rugutis_418	Rugutis	Rugutis	Defense	GCF_010587385.1|NZ_CP047476.1|NZ_CP047476.1_1374	GCF_010587385.1|NZ_CP047476.1|NZ_CP047476.1_1374	GCF_010587385.1|NZ_CP047476.1|NZ_CP047476.1_1374	1	Rugutis__Rugutis
clust_rep_seq_Lugos_313	Lugos	Lugos	Defense	GCF_013357685.1|NZ_CP053803.1|NZ_CP053803.1_508	GCF_013357685.1|NZ_CP053803.1|NZ_CP053803.1_508	GCF_013357685.1|NZ_CP053803.1|NZ_CP053803.1_508	1	Lugos__Lugos
clust_rep_seq_PhiR47.1_PanTA_378	PhiR47.1_PanTA	PhiR47.1_PanTA	Defense	GCF_013357765.1|NZ_CP053809.1|NZ_CP053809.1_303	GCF_013357765.1|NZ_CP053809.1|NZ_CP053809.1_304	GCF_013357765.1|NZ_CP053809.1|NZ_CP053809.1_303,GCF_013357765.1|NZ_CP053809.1|NZ_CP053809.1_304	2	PhiR47.1_PanTA__PanA,PhiR47.1_PanTA__PanT
clust_rep_seq_Aristaios_137	Aristaios	Aristaios	Defense	GCF_023277445.1|NZ_CP080238.1|NZ_CP080238.1_220	GCF_023277445.1|NZ_CP080238.1|NZ_CP080238.1_220	GCF_023277445.1|NZ_CP080238.1|NZ_CP080238.1_220	1	Aristaios__Aristaios
clust_rep_seq_AbiH_27	AbiH	AbiH	Defense	GCF_023277445.1|NZ_CP080238.1|NZ_CP080238.1_226	GCF_023277445.1|NZ_CP080238.1|NZ_CP080238.1_226	GCF_023277445.1|NZ_CP080238.1|NZ_CP080238.1_226	1	AbiH__AbiH
clust_rep_seq_DS-24_205	DS-24	DS-24	Defense	GCF_023716545.1|NZ_CP071845.1|NZ_CP071845.1_1191	GCF_023716545.1|NZ_CP071845.1|NZ_CP071845.1_1191	GCF_023716545.1|NZ_CP071845.1|NZ_CP071845.1_1191	1	DS-24__DS-24
clust_rep_seq_Aristaios_138	Aristaios	Aristaios	Defense	GCF_024442215.1|NZ_CP050476.1|NZ_CP050476.1_1781	GCF_024442215.1|NZ_CP050476.1|NZ_CP050476.1_1781	GCF_024442215.1|NZ_CP050476.1|NZ_CP050476.1_1781	1	Aristaios__Aristaios
clust_rep_seq_VP1826_500	VP1826	VP1826	Defense	GCF_025917745.1|NZ_CP097873.1|NZ_CP097873.1_1186	GCF_025917745.1|NZ_CP097873.1|NZ_CP097873.1_1186	GCF_025917745.1|NZ_CP097873.1|NZ_CP097873.1_1186	1	VP1826__VP1826
clust_rep_seq_Dag_240	Dag	Dag	Defense	GCF_025917745.1|NZ_CP097873.1|NZ_CP097873.1_1189	GCF_025917745.1|NZ_CP097873.1|NZ_CP097873.1_1189	GCF_025917745.1|NZ_CP097873.1|NZ_CP097873.1_1189	1	Dag__Dag16
clust_rep_seq_Aristaios_139	Aristaios	Aristaios	Defense	GCF_025917745.1|NZ_CP097873.1|NZ_CP097873.1_1209	GCF_025917745.1|NZ_CP097873.1|NZ_CP097873.1_1209	GCF_025917745.1|NZ_CP097873.1|NZ_CP097873.1_1209	1	Aristaios__Aristaios
clust_rep_seq_Shedu_459	Shedu	Shedu	Defense	GCF_033803245.2|NZ_CP184809.1|NZ_CP184809.1_100	GCF_033803245.2|NZ_CP184809.1|NZ_CP184809.1_100	GCF_033803245.2|NZ_CP184809.1|NZ_CP184809.1_100	1	Shedu__SduA
clust_rep_seq_Aristaios_140	Aristaios	Aristaios	Defense	GCF_034428235.1|NZ_CP140102.1|NZ_CP140102.1_1068	GCF_034428235.1|NZ_CP140102.1|NZ_CP140102.1_1068	GCF_034428235.1|NZ_CP140102.1|NZ_CP140102.1_1068	1	Aristaios__Aristaios
clust_rep_seq_Lugos_314	Lugos	Lugos	Defense	GCF_034428235.1|NZ_CP140102.1|NZ_CP140102.1_1070	GCF_034428235.1|NZ_CP140102.1|NZ_CP140102.1_1070	GCF_034428235.1|NZ_CP140102.1|NZ_CP140102.1_1070	1	Lugos__Lugos
clust_rep_seq_CBASS_I_TM_172	CBASS	CBASS_I_TM	Defense	GCF_036351935.1|NZ_CP143559.1|NZ_CP143559.1_1275	GCF_036351935.1|NZ_CP143559.1|NZ_CP143559.1_1276	GCF_036351935.1|NZ_CP143559.1|NZ_CP143559.1_1275,GCF_036351935.1|NZ_CP143559.1|NZ_CP143559.1_1276	2	CBASS__4TM_new,CBASS__Cyclase_II
clust_rep_seq_AbiAlpha_13	AbiAlpha	AbiAlpha	Defense	GCF_046532695.1|NZ_CP151938.1|NZ_CP151938.1_1086	GCF_046532695.1|NZ_CP151938.1|NZ_CP151938.1_1086	GCF_046532695.1|NZ_CP151938.1|NZ_CP151938.1_1086	1	AbiAlpha__AbiAlpha
clust_rep_seq_Lugos_315	Lugos	Lugos	Defense	GCF_046532695.1|NZ_CP151938.1|NZ_CP151938.1_1112	GCF_046532695.1|NZ_CP151938.1|NZ_CP151938.1_1112	GCF_046532695.1|NZ_CP151938.1|NZ_CP151938.1_1112	1	Lugos__Lugos
clust_rep_seq_Aristaios_141	Aristaios	Aristaios	Defense	GCF_046850195.1|NZ_CP133986.1|NZ_CP133986.1_930	GCF_046850195.1|NZ_CP133986.1|NZ_CP133986.1_930	GCF_046850195.1|NZ_CP133986.1|NZ_CP133986.1_930	1	Aristaios__Aristaios
clust_rep_seq_Esos_273	Esos	Esos	Defense	GCF_056135565.1|NZ_CM148681.1|NZ_CM148681.1_1275	GCF_056135565.1|NZ_CM148681.1|NZ_CM148681.1_1275	GCF_056135565.1|NZ_CM148681.1|NZ_CM148681.1_1275	1	Esos__VCA0450
clust_rep_seq_AbiAlpha_14	AbiAlpha	AbiAlpha	Defense	GCF_056135565.1|NZ_CM148681.1|NZ_CM148681.1_1282	GCF_056135565.1|NZ_CM148681.1|NZ_CM148681.1_1282	GCF_056135565.1|NZ_CM148681.1|NZ_CM148681.1_1282	1	AbiAlpha__AbiAlpha
clust_rep_seq_PD-T7-5_374	PD-T7-5	PD-T7-5	Defense	GCF_056674835.1|NZ_CM155225.1|NZ_CM155225.1_1223	GCF_056674835.1|NZ_CM155225.1|NZ_CM155225.1_1223	GCF_056674835.1|NZ_CM155225.1|NZ_CM155225.1_1223	1	PD-T7-5__PD-T7-5
clust_rep_seq_Sirona_469	Sirona	Sirona	Defense	GCF_056824445.1|NZ_CP103957.1|NZ_CP103957.1_1664	GCF_056824445.1|NZ_CP103957.1|NZ_CP103957.1_1664	GCF_056824445.1|NZ_CP103957.1|NZ_CP103957.1_1664	1	Sirona__VCA0356
clust_rep_seq_Aristaios_142	Aristaios	Aristaios	Defense	GCF_056824445.1|NZ_CP103957.1|NZ_CP103957.1_1671	GCF_056824445.1|NZ_CP103957.1|NZ_CP103957.1_1671	GCF_056824445.1|NZ_CP103957.1|NZ_CP103957.1_1671	1	Aristaios__Aristaios
clust_rep_seq_AbiC_16	AbiC	AbiC	Defense	GCF_057368435.1|NZ_CM170639.1|NZ_CM170639.1_1105	GCF_057368435.1|NZ_CM170639.1|NZ_CM170639.1_1105	GCF_057368435.1|NZ_CM170639.1|NZ_CM170639.1_1105	1	AbiC__AbiC
clust_rep_seq_Sirona_470	Sirona	Sirona	Defense	GCF_060301545.1|NZ_CM190977.1|NZ_CM190977.1_1274	GCF_060301545.1|NZ_CM190977.1|NZ_CM190977.1_1274	GCF_060301545.1|NZ_CM190977.1|NZ_CM190977.1_1274	1	Sirona__VCA0356
clust_rep_seq_Pycsar_TM_382	Pycsar	Pycsar_TM	Defense	GCF_905175335.1|NZ_HG992751.1|NZ_HG992751.1_1495	GCF_905175335.1|NZ_HG992751.1|NZ_HG992751.1_1496	GCF_905175335.1|NZ_HG992751.1|NZ_HG992751.1_1495,GCF_905175335.1|NZ_HG992751.1|NZ_HG992751.1_1496	2	CBASS__2TM_5,Pycsar__AG_cyclase
clust_rep_seq_Lugos_316	Lugos	Lugos	Defense	GCF_905175335.1|NZ_HG992751.1|NZ_HG992751.1_1524	GCF_905175335.1|NZ_HG992751.1|NZ_HG992751.1_1524	GCF_905175335.1|NZ_HG992751.1|NZ_HG992751.1_1524	1	Lugos__Lugos
clust_rep_seq_Aristaios_143	Aristaios	Aristaios	Defense	GCF_905175335.1|NZ_HG992751.1|NZ_HG992751.1_1537	GCF_905175335.1|NZ_HG992751.1|NZ_HG992751.1_1537	GCF_905175335.1|NZ_HG992751.1|NZ_HG992751.1_1537	1	Aristaios__Aristaios
clust_rep_seq_Aristaios_144	Aristaios	Aristaios	Defense	GCF_905175355.1|NZ_HG992742.1|NZ_HG992742.1_1416	GCF_905175355.1|NZ_HG992742.1|NZ_HG992742.1_1416	GCF_905175355.1|NZ_HG992742.1|NZ_HG992742.1_1416	1	Aristaios__Aristaios
clust_rep_seq_Shedu_460	Shedu	Shedu	Defense	GCF_948151475.1|NZ_OX411212.1|NZ_OX411212.1_1325	GCF_948151475.1|NZ_OX411212.1|NZ_OX411212.1_1325	GCF_948151475.1|NZ_OX411212.1|NZ_OX411212.1_1325	1	Shedu__SduA
clust_rep_seq_Rugutis_419	Rugutis	Rugutis	Defense	GCF_948151475.1|NZ_OX411212.1|NZ_OX411212.1_1339	GCF_948151475.1|NZ_OX411212.1|NZ_OX411212.1_1339	GCF_948151475.1|NZ_OX411212.1|NZ_OX411212.1_1339	1	Rugutis__Rugutis
clust_rep_seq_PD-T7-5_375	PD-T7-5	PD-T7-5	Defense	GCF_964264695.1|NZ_OZ183474.1|NZ_OZ183474.1_376	GCF_964264695.1|NZ_OZ183474.1|NZ_OZ183474.1_376	GCF_964264695.1|NZ_OZ183474.1|NZ_OZ183474.1_376	1	PD-T7-5__PD-T7-5
clust_rep_seq_CapRel_177	CapRel	CapRel	Defense	GCF_964264695.1|NZ_OZ183474.1|NZ_OZ183474.1_390	GCF_964264695.1|NZ_OZ183474.1|NZ_OZ183474.1_390	GCF_964264695.1|NZ_OZ183474.1|NZ_OZ183474.1_390	1	CapRel__CapRel
clust_rep_seq_Shedu_461	Shedu	Shedu	Defense	GCF_964264695.1|NZ_OZ183474.1|NZ_OZ183474.1_430	GCF_964264695.1|NZ_OZ183474.1|NZ_OZ183474.1_430	GCF_964264695.1|NZ_OZ183474.1|NZ_OZ183474.1_430	1	Shedu__SduA
clust_rep_seq_AbiD_19	AbiD	AbiD	Defense	GCF_023716605.1|NZ_CP071852.1|NZ_CP071852.1_1954	GCF_023716605.1|NZ_CP071852.1|NZ_CP071852.1_1954	GCF_023716605.1|NZ_CP071852.1|NZ_CP071852.1_1954	1	AbiD__AbiD
clust_rep_seq_Shedu_462	Shedu	Shedu	Defense	GCF_023716665.1|NZ_CP071860.1|NZ_CP071860.1_925	GCF_023716665.1|NZ_CP071860.1|NZ_CP071860.1_925	GCF_023716665.1|NZ_CP071860.1|NZ_CP071860.1_925	1	Shedu__SduA
clust_rep_seq_Thoeris_II_477	Thoeris	Thoeris_II	Defense	GCF_023983475.1|NZ_CP092713.1|NZ_CP092713.1_954	GCF_023983475.1|NZ_CP092713.1|NZ_CP092713.1_955	GCF_023983475.1|NZ_CP092713.1|NZ_CP092713.1_954,GCF_023983475.1|NZ_CP092713.1|NZ_CP092713.1_955	2	Thoeris__ThsA_MacroTM,Thoeris__ThsB_3
clust_rep_seq_AbiV_41	AbiV	AbiV	Defense	GCF_025917705.1|NZ_CP097355.1|NZ_CP097355.1_1736	GCF_025917705.1|NZ_CP097355.1|NZ_CP097355.1_1736	GCF_025917705.1|NZ_CP097355.1|NZ_CP097355.1_1736	1	AbiV__AbiV
clust_rep_seq_Aristaios_145	Aristaios	Aristaios	Defense	GCF_025917705.1|NZ_CP097355.1|NZ_CP097355.1_1744	GCF_025917705.1|NZ_CP097355.1|NZ_CP097355.1_1744	GCF_025917705.1|NZ_CP097355.1|NZ_CP097355.1_1744	1	Aristaios__Aristaios
clust_rep_seq_Dag_241	Dag	Dag	Defense	GCF_026651645.1|NZ_CP033457.1|NZ_CP033457.1_483	GCF_026651645.1|NZ_CP033457.1|NZ_CP033457.1_483	GCF_026651645.1|NZ_CP033457.1|NZ_CP033457.1_483	1	Dag__Dag13
clust_rep_seq_DRT9_190	DRT	DRT9	Defense	GCF_026651645.1|NZ_CP033457.1|NZ_CP033457.1_511	GCF_026651645.1|NZ_CP033457.1|NZ_CP033457.1_511	GCF_026651645.1|NZ_CP033457.1|NZ_CP033457.1_511	1	DRT9__DRT9
clust_rep_seq_mEp332_T2SS_GspM_543	mEp332_T2SS_GspM	mEp332_T2SS_GspM	Defense	GCF_027286325.1|NZ_CP114588.1|NZ_CP114588.1_1517	GCF_027286325.1|NZ_CP114588.1|NZ_CP114588.1_1517	GCF_027286325.1|NZ_CP114588.1|NZ_CP114588.1_1517	1	mEp332_T2SS_GspM__T2SS_GspM
clust_rep_seq_Aristaios_146	Aristaios	Aristaios	Defense	GCF_027924725.1|NZ_AP027045.1|NZ_AP027045.1_1872	GCF_027924725.1|NZ_AP027045.1|NZ_AP027045.1_1872	GCF_027924725.1|NZ_AP027045.1|NZ_AP027045.1_1872	1	Aristaios__Aristaios
clust_rep_seq_Esos_274	Esos	Esos	Defense	GCF_028885545.1|NZ_CP118530.1|NZ_CP118530.1_1235	GCF_028885545.1|NZ_CP118530.1|NZ_CP118530.1_1235	GCF_028885545.1|NZ_CP118530.1|NZ_CP118530.1_1235	1	Esos__VCA0450
clust_rep_seq_Aristaios_147	Aristaios	Aristaios	Defense	GCF_049384865.1|NZ_JAIWIW010000001.1|NZ_JAIWIW010000001.1_1355	GCF_049384865.1|NZ_JAIWIW010000001.1|NZ_JAIWIW010000001.1_1355	GCF_049384865.1|NZ_JAIWIW010000001.1|NZ_JAIWIW010000001.1_1355	1	Aristaios__Aristaios
clust_rep_seq_Shedu_463	Shedu	Shedu	Defense	GCF_049816175.1|NZ_CP187434.1|NZ_CP187434.1_1286	GCF_049816175.1|NZ_CP187434.1|NZ_CP187434.1_1286	GCF_049816175.1|NZ_CP187434.1|NZ_CP187434.1_1286	1	Shedu__SduA
clust_rep_seq_VP1839_509	VP1839	VP1839	Defense	GCF_049816605.1|NZ_CP187437.1|NZ_CP187437.1_1695	GCF_049816605.1|NZ_CP187437.1|NZ_CP187437.1_1695	GCF_049816605.1|NZ_CP187437.1|NZ_CP187437.1_1695	1	VP1839__VP1839
clust_rep_seq_Gao_Ape_286	Gao_Ape	Gao_Ape	Defense	GCF_050507685.1|NZ_CP191479.1|NZ_CP191479.1_1443	GCF_050507685.1|NZ_CP191479.1|NZ_CP191479.1_1443	GCF_050507685.1|NZ_CP191479.1|NZ_CP191479.1_1443	1	Gao_Ape__ApeA
clust_rep_seq_Aristaios_148	Aristaios	Aristaios	Defense	GCF_051132235.1|NZ_CP072677.1|NZ_CP072677.1_1719	GCF_051132235.1|NZ_CP072677.1|NZ_CP072677.1_1719	GCF_051132235.1|NZ_CP072677.1|NZ_CP072677.1_1719	1	Aristaios__Aristaios
clust_rep_seq_VP1839_510	VP1839	VP1839	Defense	GCF_051132235.1|NZ_CP072677.1|NZ_CP072677.1_1748	GCF_051132235.1|NZ_CP072677.1|NZ_CP072677.1_1748	GCF_051132235.1|NZ_CP072677.1|NZ_CP072677.1_1748	1	VP1839__VP1839
clust_rep_seq_PD-T4-7_364	PD-T4-7	PD-T4-7	Defense	GCF_051132235.1|NZ_CP072677.1|NZ_CP072677.1_1777	GCF_051132235.1|NZ_CP072677.1|NZ_CP072677.1_1777	GCF_051132235.1|NZ_CP072677.1|NZ_CP072677.1_1777	1	PD-T4-7__PD-T4-7
clust_rep_seq_Aristaios_149	Aristaios	Aristaios	Defense	GCF_057439695.1|NZ_CM171984.1|NZ_CM171984.1_1181	GCF_057439695.1|NZ_CM171984.1|NZ_CM171984.1_1181	GCF_057439695.1|NZ_CM171984.1|NZ_CM171984.1_1181	1	Aristaios__Aristaios
clust_rep_seq_Sirona_471	Sirona	Sirona	Defense	GCF_057439825.1|NZ_CM171998.1|NZ_CM171998.1_1273	GCF_057439825.1|NZ_CM171998.1|NZ_CM171998.1_1273	GCF_057439825.1|NZ_CM171998.1|NZ_CM171998.1_1273	1	Sirona__VCA0356
clust_rep_seq_FS_GIY_YIG_280	FS_GIY_YIG	FS_GIY_YIG	Defense	GCF_057439825.1|NZ_CM171998.1|NZ_CM171998.1_1296	GCF_057439825.1|NZ_CM171998.1|NZ_CM171998.1_1296	GCF_057439825.1|NZ_CM171998.1|NZ_CM171998.1_1296	1	FS_GIY_YIG__GIY_YIG
clust_rep_seq_AbiAlpha_15	AbiAlpha	AbiAlpha	Defense	GCF_057730815.1|NZ_CM173199.1|NZ_CM173199.1_941	GCF_057730815.1|NZ_CM173199.1|NZ_CM173199.1_941	GCF_057730815.1|NZ_CM173199.1|NZ_CM173199.1_941	1	AbiAlpha__AbiAlpha
clust_rep_seq_CBASS_I_TM_173	CBASS	CBASS_I_TM	Defense	GCF_057730825.1|NZ_CM173203.1|NZ_CM173203.1_108	GCF_057730825.1|NZ_CM173203.1|NZ_CM173203.1_109	GCF_057730825.1|NZ_CM173203.1|NZ_CM173203.1_108,GCF_057730825.1|NZ_CM173203.1|NZ_CM173203.1_109	2	CBASS__Cyclase_new,CBASS__Effector_2TM_S_2TMBeta
clust_rep_seq_SEFIR_428	SEFIR	SEFIR	Defense	GCF_001995825.2|NZ_CP065151.1|NZ_CP065151.1_1313	GCF_001995825.2|NZ_CP065151.1|NZ_CP065151.1_1313	GCF_001995825.2|NZ_CP065151.1|NZ_CP065151.1_1313	1	SEFIR__bSEFIR
clust_rep_seq_Aristaios_150	Aristaios	Aristaios	Defense	GCF_001995825.2|NZ_CP065151.1|NZ_CP065151.1_1269	GCF_001995825.2|NZ_CP065151.1|NZ_CP065151.1_1269	GCF_001995825.2|NZ_CP065151.1|NZ_CP065151.1_1269	1	Aristaios__Aristaios
clust_rep_seq_RAZR_388	RAZR	RAZR	Defense	GCF_001996365.2|NZ_CP043421.1|NZ_CP043421.1_1335	GCF_001996365.2|NZ_CP043421.1|NZ_CP043421.1_1335	GCF_001996365.2|NZ_CP043421.1|NZ_CP043421.1_1335	1	PD-T7-4__PD-T7-4
clust_rep_seq_Aristaios_151	Aristaios	Aristaios	Defense	GCF_002021755.1|NZ_CP019959.1|NZ_CP019959.1_2853	GCF_002021755.1|NZ_CP019959.1|NZ_CP019959.1_2853	GCF_002021755.1|NZ_CP019959.1|NZ_CP019959.1_2853	1	Aristaios__Aristaios
clust_rep_seq_DarTG_248	DarTG	DarTG	Defense	GCF_002211985.1|NZ_CP022102.1|NZ_CP022102.1_473	GCF_002211985.1|NZ_CP022102.1|NZ_CP022102.1_474	GCF_002211985.1|NZ_CP022102.1|NZ_CP022102.1_473,GCF_002211985.1|NZ_CP022102.1|NZ_CP022102.1_474	2	DarTG__DarG,DarTG__DarT
clust_rep_seq_Aristaios_152	Aristaios	Aristaios	Defense	GCF_002212005.1|NZ_CP022100.1|NZ_CP022100.1_540	GCF_002212005.1|NZ_CP022100.1|NZ_CP022100.1_540	GCF_002212005.1|NZ_CP022100.1|NZ_CP022100.1_540	1	Aristaios__Aristaios
clust_rep_seq_Esos_275	Esos	Esos	Defense	GCF_002215135.1|NZ_CP014636.1|NZ_CP014636.1_1315	GCF_002215135.1|NZ_CP014636.1|NZ_CP014636.1_1315	GCF_002215135.1|NZ_CP014636.1|NZ_CP014636.1_1315	1	Esos__VCA0450
