hit_id	replicon	hit_pos	hit_sequence_length	gene_name	i_eval	hit_score	hit_profile_cov	hit_seq_cov	hit_begin_match	hit_end_match
GCF_009665395.1|NZ_CP035698.1|NZ_CP035698.1_438	clust_rep_seq	3	308	PD-T4-5__PD-T4-5	1.3e-91	306.8	0.983	0.984	1	303
GCF_009763025.1|NZ_CP046776.1|NZ_CP046776.1_1283	clust_rep_seq	36	219	AbiT__AbiTi	8e-09	34.9	0.924	0.868	29	218
GCF_009763025.1|NZ_CP046776.1|NZ_CP046776.1_1284	clust_rep_seq	37	195	AbiT__AbiTi	0.0003	20.0	0.538	0.508	78	176
GCF_009763065.1|NZ_CP046750.1|NZ_CP046750.1_99	clust_rep_seq	42	376	Rugutis__Rugutis	1.7e-36	125.7	0.772	0.891	6	340
GCF_009763485.1|NZ_CP046816.1|NZ_CP046816.1_282	clust_rep_seq	67	277	Hailong__HalB	1.3e-35	122.7	0.903	0.736	2	205
GCF_009763485.1|NZ_CP046816.1|NZ_CP046816.1_283	clust_rep_seq	68	281	Hailong__HalA	7.2e-30	103.9	0.685	0.883	34	281
GCF_009763545.1|NZ_CP046782.1|NZ_CP046782.1_1842	clust_rep_seq	79	272	Retron_VII_2__DUF3800	3.8e-12	46.3	0.981	0.772	6	215
GCF_009763545.1|NZ_CP046782.1|NZ_CP046782.1_1859	clust_rep_seq	83	404	AbiZ__AbiZ	5.8e-35	120.9	0.918	0.948	17	399
GCF_022343165.1|NZ_CP082315.1|NZ_CP082315.1_1238	clust_rep_seq	112	338	Belisama__VCA0458	1.1e-29	102.9	0.791	0.669	92	317
GCF_023205895.1|NZ_CP064033.1|NZ_CP064033.1_1173	clust_rep_seq	151	343	Lamassu__LmuA_SMEK	3.5e-29	101.9	0.517	0.484	3	168
GCF_023206775.1|NZ_CP072782.1|NZ_CP072782.1_1727	clust_rep_seq	159	207	ScoMcrA__ScoMcrA	9.6e-43	146.4	0.477	0.986	2	205
GCF_023716545.1|NZ_CP071845.1|NZ_CP071845.1_1168	clust_rep_seq	199	343	DarTG__DarG	5.1000000000000005e-26	91.4	0.85	0.883	1	303
GCF_028885605.1|NZ_CP118528.1|NZ_CP118528.1_2601	clust_rep_seq	202	182	DRT_2__drt2	3.9e-95	319.1	0.424	0.989	1	180
GCF_029541605.1|NZ_CP120719.1|NZ_CP120719.1_2132	clust_rep_seq	236	248	SEFIR__bSEFIR	2.1e-78	264.3	0.515	0.835	3	209
GCF_030060435.1|NZ_CP125875.1|NZ_CP125875.1_946	clust_rep_seq	265	320	Aristaios__Aristaios	5.4e-50	170.2	0.62	0.95	15	318
GCF_030316235.1|NZ_CP128201.1|NZ_CP128201.1_609	clust_rep_seq	296	230	Dag__Dag3	5.099999999999999e-88	293.8	0.958	0.887	26	229
GCF_030388405.1|NZ_CP116414.1|NZ_CP116414.1_990	clust_rep_seq	300	301	FS_GIY_YIG__GIY_YIG	4.9999999999999995e-112	373.9	0.918	0.993	2	300
GCF_034480505.1|NZ_CP129932.1|NZ_CP129932.1_1821	clust_rep_seq	313	231	Aristaios__Aristaios	8.8e-43	146.5	0.449	0.892	14	219
GCF_039544385.1|NZ_CP154269.1|NZ_CP154269.1_60	clust_rep_seq	358	1493	Avs2__Avs2	0.0	1302.1	0.933	0.993	2	1484
GCF_039658515.1|NZ_CP150864.1|NZ_CP150864.1_1357	clust_rep_seq	378	335	Aristaios__Aristaios	3.4e-50	170.9	0.614	0.684	2	230
GCF_040235185.1|NZ_CP158117.1|NZ_CP158117.1_623	clust_rep_seq	387	317	DS-34__DS-34B	2e-48	164.8	0.543	0.555	137	312
GCF_052747775.1|NZ_CM127575.1|NZ_CM127575.1_869	clust_rep_seq	420	195	Kiwa__KwaA	7.7e-46	155.7	0.927	0.964	1	188
GCF_052747775.1|NZ_CM127575.1|NZ_CM127575.1_870	clust_rep_seq	421	301	Kiwa__KwaB	5.1e-73	245.8	0.965	0.987	5	301
GCF_052747775.1|NZ_CM127575.1|NZ_CM127575.1_904	clust_rep_seq	427	452	DS-37__DS-37	4.2e-141	470.2	0.976	0.965	15	450
GCF_052805275.1|NZ_CM127837.1|NZ_CM127837.1_2160	clust_rep_seq	439	427	CBASS__Endonuc_small	2.4e-07	30.2	0.456	0.258	15	124
GCF_052806215.1|NZ_CM127845.1|NZ_CM127845.1_806	clust_rep_seq	443	322	DS-34__DS-34B	5.699999999999999e-53	179.7	0.647	0.637	116	320
GCF_053220615.1|NZ_CM129952.1|NZ_CM129952.1_902	clust_rep_seq	480	412	Paris_II__AriA_AAA21	1.2e-18	67.2	0.451	0.4	88	252
GCF_053220615.1|NZ_CM129952.1|NZ_CM129952.1_902	clust_rep_seq	480	412	Paris_II_merge__AAA_21_DUF4435	3.2e-121	405.1	0.693	0.92	13	391
GCF_965140425.1|NZ_OZ223211.1|NZ_OZ223211.1_1450	clust_rep_seq	505	168	Kiwa__KwaA	9.599999999999998e-22	77.1	0.916	0.988	2	167
GCF_000009745.1|NC_005139.1|NC_005139.1_1634	clust_rep_seq	507	355	Rugutis__Rugutis	5.8e-53	179.9	0.802	0.918	15	340
GCF_000009745.1|NC_005139.1|NC_005139.1_1642	clust_rep_seq	511	757	Retron_I_B__ATPase_TOPRIM	1.5e-238	793.4	0.997	0.976	7	745
GCF_000009745.1|NC_005139.1|NC_005139.1_1643	clust_rep_seq	512	372	Retron__RT_Tot_1	6.3e-29	100.6	0.667	0.602	63	286
GCF_000009745.1|NC_005139.1|NC_005139.1_1643	clust_rep_seq	512	372	Retron__RT_Tot_7	1.9e-32	112.2	0.579	0.68	63	315
GCF_000009745.1|NC_005139.1|NC_005139.1_1643	clust_rep_seq	512	372	Retron__RT_Tot_4	4.4000000000000005e-36	124.2	0.66	0.602	63	286
GCF_000009745.1|NC_005139.1|NC_005139.1_1643	clust_rep_seq	512	372	Retron__RT_Tot_3	3.3e-123	410.9	0.992	0.987	4	370
GCF_000009745.1|NC_005139.1|NC_005139.1_1678	clust_rep_seq	523	200	Dag__Dag8	1.3999999999999999e-67	227.0	0.964	0.95	6	195
GCF_000009745.1|NC_005139.1|NC_005139.1_1711	clust_rep_seq	536	369	TIR-I__TIR-I_A	4.9999999999999996e-185	614.3	0.984	0.997	1	368
GCF_001908435.2|NZ_CP018681.2|NZ_CP018681.2_1170	clust_rep_seq	552	255	Aristaios__Aristaios	4.4e-52	177.1	0.595	0.98	4	253
GCF_001969325.1|NZ_CP019293.1|NZ_CP019293.1_1207	clust_rep_seq	585	369	Rugutis__Rugutis	1.3e-111	373.0	0.84	0.93	7	349
GCF_056824445.1|NZ_CP103956.1|NZ_CP103956.1_1824	clust_rep_seq	601	155	DS-5__DS-5B	1.6e-48	165.4	0.417	0.994	1	154
GCF_057368475.1|NZ_CM170643.1|NZ_CM170643.1_876	clust_rep_seq	645	316	VP1826__VP1826	1.6e-68	231.5	0.711	0.934	3	297
GCF_057368475.1|NZ_CM170643.1|NZ_CM170643.1_888	clust_rep_seq	651	298	PD-T4-7__PD-T4-7	1.8e-31	108.9	0.684	0.732	56	273
GCF_057368475.1|NZ_CM170643.1|NZ_CM170643.1_889	clust_rep_seq	652	204	Dag__Dag12	1.4e-64	217.4	0.99	0.995	1	203
GCF_057368475.1|NZ_CM170643.1|NZ_CM170643.1_907	clust_rep_seq	664	427	DRT2__DRT2	1e-165	552.0	0.812	0.986	6	426
GCF_057368475.1|NZ_CM170643.1|NZ_CM170643.1_907	clust_rep_seq	664	427	DRT_2__drt2	3.4e-205	681.7	0.998	0.995	2	426
GCF_057368585.1|NZ_CM170655.1|NZ_CM170655.1_1081	clust_rep_seq	668	210	Retron_I_A__HNH_TIGR02646	1e-15	57.6	0.504	0.529	23	133
GCF_057368585.1|NZ_CM170655.1|NZ_CM170655.1_1081	clust_rep_seq	668	210	Septu__PtuB	4.7000000000000005e-26	91.9	0.757	0.838	19	194
GCF_057368585.1|NZ_CM170655.1|NZ_CM170655.1_1082	clust_rep_seq	669	408	Paris_II__AriA_AAA21	7e-30	104.2	0.904	0.877	1	358
GCF_057368585.1|NZ_CM170655.1|NZ_CM170655.1_1082	clust_rep_seq	669	408	Septu__PtuA	1.7e-89	301.2	0.915	0.998	1	407
GCF_057368615.1|NZ_CM170656.1|NZ_CM170656.1_1299	clust_rep_seq	674	267	PD_DExK_I_II_III_IV_V_VI_5	2.4e-17	62.2	0.858	0.419	16	127
GCF_057368615.1|NZ_CM170657.1|NZ_CM170657.1_1002	clust_rep_seq	682	609	NLR_like_bNACHT01__NLR_like_bNACHT01	3.7e-112	375.5	0.881	0.872	3	533
GCF_057368635.1|NZ_CM170659.1|NZ_CM170659.1_917	clust_rep_seq	698	155	VP1817__VP1817	4.3e-36	123.7	0.993	0.981	1	152
GCF_059941805.1|NZ_CM188133.1|NZ_CM188133.1_1127	clust_rep_seq	711	273	SEFIR__bSEFIR	3.1e-69	234.1	0.41	0.623	102	271
GCF_059941805.1|NZ_CM188133.1|NZ_CM188133.1_1290	clust_rep_seq	723	338	CBASS__Endonuc_small	9.8e-14	51.1	0.469	0.331	14	125
GCF_059941805.1|NZ_CM188133.1|NZ_CM188133.1_1290	clust_rep_seq	723	338	PD_DExK_I_II_III_IV_V_VI_5	4.3e-32	109.8	0.976	0.364	2	124
GCF_059983175.1|NZ_CM188256.1|NZ_CM188256.1_1292	clust_rep_seq	731	566	Lamassu__LmuA_Protease_II	3.4e-10	39.2	0.449	0.329	375	560
GCF_059983175.1|NZ_CM188256.1|NZ_CM188256.1_1292	clust_rep_seq	731	566	RT_I_II_III_IV_V_VI_1	3.3e-12	45.5	0.579	0.283	59	218
GCF_059983175.1|NZ_CM188256.1|NZ_CM188256.1_1292	clust_rep_seq	731	566	Retron__RT_Tot_8	2.8e-32	111.6	0.779	0.539	25	329
GCF_059983175.1|NZ_CM188256.1|NZ_CM188256.1_1292	clust_rep_seq	731	566	Retron__RT_Tot_12	1.1000000000000002e-34	119.8	0.846	0.496	27	307
GCF_059983175.1|NZ_CM188256.1|NZ_CM188256.1_1292	clust_rep_seq	731	566	Retron__RT_Tot_9	2.5e-38	131.6	0.775	0.542	29	335
GCF_059983175.1|NZ_CM188256.1|NZ_CM188256.1_1292	clust_rep_seq	731	566	Retron__RT_Tot_1	5.9e-41	140.1	0.814	0.449	55	308
GCF_059983175.1|NZ_CM188256.1|NZ_CM188256.1_1292	clust_rep_seq	731	566	Retron__RT_Tot_11	2.2e-45	154.7	0.812	0.505	60	345
GCF_059983175.1|NZ_CM188256.1|NZ_CM188256.1_1292	clust_rep_seq	731	566	Retron__RT_Tot_13	3.4e-52	176.9	0.72	0.442	27	276
GCF_059983175.1|NZ_CM188256.1|NZ_CM188256.1_1292	clust_rep_seq	731	566	Retron__RT_Tot_4	1.1999999999999999e-54	185.2	0.804	0.447	55	307
GCF_059983175.1|NZ_CM188256.1|NZ_CM188256.1_1292	clust_rep_seq	731	566	Retron__RT_Tot_10	2.6e-61	207.2	0.868	0.534	27	328
GCF_059983175.1|NZ_CM188256.1|NZ_CM188256.1_1292	clust_rep_seq	731	566	Retron__RT_Tot_14	7.8e-66	221.7	0.892	0.484	31	304
GCF_059983175.1|NZ_CM188256.1|NZ_CM188256.1_1292	clust_rep_seq	731	566	Retron__RT_Tot_6	2.8999999999999997e-67	226.4	0.803	0.489	26	302
GCF_059983175.1|NZ_CM188256.1|NZ_CM188256.1_1292	clust_rep_seq	731	566	Retron__RT_Tot_5	1.1999999999999998e-67	228.0	0.513	0.473	30	297
GCF_059983175.1|NZ_CM188256.1|NZ_CM188256.1_1292	clust_rep_seq	731	566	Retron__RT_Tot_7	2.8e-83	279.5	0.799	0.602	29	369
GCF_059983175.1|NZ_CM188256.1|NZ_CM188256.1_1292	clust_rep_seq	731	566	Retron__RT_Tot_15	5.7e-87	292.6	0.474	0.572	26	349
GCF_059983175.1|NZ_CM188256.1|NZ_CM188256.1_1292	clust_rep_seq	731	566	Retron_I_C__RT_1_C2	4.7e-90	302.2	0.494	0.493	27	305
GCF_059983175.1|NZ_CM188256.1|NZ_CM188256.1_1292	clust_rep_seq	731	566	Retron_I_C__RT_1_C1	1.8e-99	333.1	0.548	0.574	25	349
GCF_059983175.1|NZ_CM188256.1|NZ_CM188256.1_1292	clust_rep_seq	731	566	Retron_I_C__RT_1_C3	2.6e-112	375.8	0.559	0.587	30	361
GCF_059983175.1|NZ_CM188256.1|NZ_CM188256.1_1292	clust_rep_seq	731	566	Retron_XII__RT_12	9.300000000000002e-128	426.5	0.616	0.638	25	385
GCF_059983175.1|NZ_CM188256.1|NZ_CM188256.1_1292	clust_rep_seq	731	566	Retron_XI__RT_11	3.8e-208	692.1	0.983	0.954	24	563
GCF_059983175.1|NZ_CM188257.1|NZ_CM188257.1_2043	clust_rep_seq	740	189	FS_HsdR_like__HP	2.5e-14	53.2	0.989	0.984	1	186
GCF_964264695.1|NZ_OZ183474.1|NZ_OZ183474.1_462	clust_rep_seq	792	192	FS_HsdR_like__HP	6.1e-20	71.5	0.931	0.906	9	182
GCF_964264695.1|NZ_OZ183474.1|NZ_OZ183474.1_463	clust_rep_seq	793	353	FS_HsdR_like__DUF6731	2.4000000000000003e-128	427.8	0.967	0.986	5	352
GCF_002257545.1|NZ_CP022742.1|NZ_CP022742.1_674	clust_rep_seq	817	374	CapRel__CapRel	9.000000000000001e-159	528.1	0.995	0.992	1	371
GCF_002287545.1|NZ_CP023055.1|NZ_CP023055.1_366	clust_rep_seq	829	120	CBASS__Cyclase_SMODS	7.3e-08	32.3	0.445	0.567	5	72
GCF_002287545.1|NZ_CP023055.1|NZ_CP023055.1_372	clust_rep_seq	833	185	CBASS__Cyclase_II	9.3e-05	21.2	0.467	0.735	30	165
GCF_002287545.1|NZ_CP023055.1|NZ_CP023055.1_374	clust_rep_seq	834	309	CBASS__Effector_4TM_S_4TM	3.7e-68	229.6	0.99	0.964	3	300
GCF_002291265.1|NZ_CP023209.1|NZ_CP023209.1_412	clust_rep_seq	837	261	Clover__CloA	6.5e-57	192.8	0.512	0.935	14	257
GCF_002863725.1|NZ_CP019121.1|NZ_CP019121.1_1620	clust_rep_seq	882	305	Lit__Lit	2.8999999999999996e-47	160.8	0.933	0.875	39	305
GCF_002863725.1|NZ_CP019121.1|NZ_CP019121.1_1644	clust_rep_seq	893	525	GAPS1__GAPS1	1.3999999999999999e-171	571.1	0.992	0.989	3	521
GCF_002863725.1|NZ_CP019121.1|NZ_CP019121.1_1645	clust_rep_seq	894	267	AbiAlpha__AbiAlpha	1.8e-47	161.3	1.0	0.708	77	265
GCF_000770115.1|NZ_CP009467.1|NZ_CP009467.1_2072	clust_rep_seq	911	425	AbiL__AbiLi2	9.8e-21	74.0	0.607	0.635	1	270
GCF_000770115.1|NZ_CP009467.1|NZ_CP009467.1_2073	clust_rep_seq	912	220	AbiL__AbiLii2	2.4e-10	39.8	0.444	0.591	50	179
GCF_000770115.1|NZ_CP009467.1|NZ_CP009467.1_2106	clust_rep_seq	927	456	Shedu__SduA	2.3e-33	115.8	0.61	0.594	177	447
GCF_000770115.1|NZ_CP009467.1|NZ_CP009467.1_2118	clust_rep_seq	932	274	RM_Type_IV__Type_IV_05	3e-24	85.9	0.531	0.599	95	258
GCF_000770115.1|NZ_CP009467.1|NZ_CP009467.1_2123	clust_rep_seq	933	361	Hailong__HalA	1.6999999999999998e-44	152.0	0.829	0.884	18	336
GCF_000772065.1|NZ_CP009617.1|NZ_CP009617.1_1096	clust_rep_seq	938	190	Aristaios__Aristaios	9.999999999999999e-42	143.0	0.561	0.979	1	186
GCF_000772065.1|NZ_CP009617.1|NZ_CP009617.1_1115	clust_rep_seq	947	440	Clover__CloA	3e-37	127.9	0.784	0.841	13	382
GCF_000772065.1|NZ_CP009617.1|NZ_CP009617.1_1115	clust_rep_seq	947	440	dGTPase__Sp_dGTPase	1.2e-142	475.4	0.987	0.991	2	437
GCF_000772065.1|NZ_CP009617.1|NZ_CP009617.1_1121	clust_rep_seq	951	322	Aristaios__Aristaios	1.3e-43	149.3	0.607	0.984	3	319
GCF_000829215.1|NZ_AP014525.1|NZ_AP014525.1_254	clust_rep_seq	969	204	Kiwa__KwaA	6.6e-44	149.3	0.937	0.99	2	203
GCF_000829215.1|NZ_AP014525.1|NZ_AP014525.1_255	clust_rep_seq	970	319	Kiwa__KwaB	8.3e-52	176.1	0.94	0.95	16	318
GCF_000829215.1|NZ_AP014525.1|NZ_AP014525.1_296	clust_rep_seq	986	299	MMB_gp29_gp30__gp29	5.2e-10	38.2	0.942	0.973	3	293
GCF_002953975.1|NZ_CP014045.1|NZ_CP014045.1_1265	clust_rep_seq	1033	380	Dnd__DndB	2.1e-26	92.1	0.57	0.75	5	289
GCF_003047125.1|NZ_CP017635.1|NZ_CP017635.1_623	clust_rep_seq	1041	430	Paris_II__AriA_AAA21	2.8e-19	69.3	0.821	0.886	19	399
GCF_003047125.1|NZ_CP017635.1|NZ_CP017635.1_755	clust_rep_seq	1050	330	RT_I_II_III_IV_V_VI_1	4e-31	107.6	0.522	0.506	17	183
GCF_003063885.1|NZ_CP028893.1|NZ_CP028893.1_313	clust_rep_seq	1058	601	gcu142__gcu142	2.4e-96	322.9	0.994	0.948	9	578
GCF_003063885.1|NZ_CP028893.1|NZ_CP028893.1_324	clust_rep_seq	1061	151	MqsRAC__mqsC	1.4e-26	93.2	0.939	0.96	3	147
GCF_003085735.1|NZ_CP020034.1|NZ_CP020034.1_1134	clust_rep_seq	1082	324	WYL_I_II_III_IV_V_VI_4	0.00016	21.3	0.436	0.235	126	201
GCF_003085735.1|NZ_CP020034.1|NZ_CP020034.1_1134	clust_rep_seq	1082	324	WYL_I_II_III_IV_V_VI_1	1.8e-09	37.1	0.422	0.448	119	263
GCF_009762915.1|NZ_CP046738.1|NZ_CP046738.1_847	clust_rep_seq	1133	607	Gabija__GajA	3.2e-31	108.3	0.753	0.807	3	492
GCF_009762915.1|NZ_CP046738.1|NZ_CP046738.1_853	clust_rep_seq	1135	268	VcaM4I__VcaM4I	7.7999999999999995e-59	199.5	0.55	0.705	79	267
GCF_009762915.1|NZ_CP046738.1|NZ_CP046738.1_909	clust_rep_seq	1145	282	CBASS__Effector_TIR	8.800000000000001e-30	103.3	0.424	0.514	2	146
GCF_009762965.1|NZ_CP046741.1|NZ_CP046741.1_395	clust_rep_seq	1156	405	Retron_IX__HEPN	2.9e-06	27.0	0.872	0.247	158	257
GCF_009762965.1|NZ_CP046741.1|NZ_CP046741.1_424	clust_rep_seq	1164	390	RM_Type_II__Type_II_REase09	5.7e-07	29.7	0.543	0.646	32	283
GCF_009762965.1|NZ_CP046741.1|NZ_CP046741.1_424	clust_rep_seq	1164	390	Menshen__NsnA	3.4e-54	184.0	0.896	0.949	17	386
GCF_009762965.1|NZ_CP046741.1|NZ_CP046741.1_430	clust_rep_seq	1167	244	RM_Type_IV__Type_IV_05	6e-21	75.1	0.461	0.668	74	236
GCF_009762965.1|NZ_CP046741.1|NZ_CP046741.1_430	clust_rep_seq	1167	244	EcoKMcrA__EcoKMcrA	5.3000000000000005e-34	117.7	0.44	0.713	67	240
GCF_009763225.1|NZ_CP046798.1|NZ_CP046798.1_1145	clust_rep_seq	1197	207	VP1840__VP1840	6.899999999999999e-22	77.7	0.682	0.932	8	200
GCF_002119525.1|NZ_CP017916.1|NZ_CP017916.1_1359	clust_rep_seq	1210	435	RM_Type_IV__Type_IV_03	2.6000000000000002e-30	105.9	0.923	0.607	157	420
GCF_000011805.1|NC_006841.2|NC_006841.2_661	clust_rep_seq	1262	389	Dazbog__DzbA	7.199999999999999e-137	456.2	0.98	0.982	5	386
GCF_000011805.1|NC_006841.2|NC_006841.2_662	clust_rep_seq	1263	341	Dazbog__DzbB	7.4e-49	166.4	0.933	0.977	8	340
GCF_004319645.1|NZ_CP027030.1|NZ_CP027030.1_1373	clust_rep_seq	1307	177	VP1839__VP1839	2.2e-31	108.3	0.882	0.944	2	168
GCF_009601765.2|NZ_CP045700.1|NZ_CP045700.1_861	clust_rep_seq	1357	254	Aristaios__Aristaios	4.7e-56	190.1	0.595	0.988	2	252
GCF_009665195.1|NZ_CP035683.1|NZ_CP035683.1_146	clust_rep_seq	1370	422	AbiL__AbiLi	6.3e-05	21.7	0.553	0.637	1	269
GCF_009665195.1|NZ_CP035683.1|NZ_CP035683.1_146	clust_rep_seq	1370	422	AbiL__AbiLi2	2.2e-08	33.3	0.549	0.64	1	270
GCF_009763705.1|NZ_CP046801.1|NZ_CP046801.1_529	clust_rep_seq	1405	280	Aristaios__Aristaios	2.4e-26	92.5	0.592	0.936	12	273
GCF_009763705.1|NZ_CP046801.1|NZ_CP046801.1_532	clust_rep_seq	1407	347	PD-T2-1__PD-T2-1B	1e-46	159.1	1.0	1.0	1	347
GCF_013357845.1|NZ_CP053817.1|NZ_CP053817.1_304	clust_rep_seq	1436	182	RM_Type_II__Type_II_REase08	2.8e-09	37.7	0.798	0.885	22	182
GCF_013393845.1|NZ_CP040100.1|NZ_CP040100.1_1611	clust_rep_seq	1448	281	Aristaios__Aristaios	4.4e-52	177.1	0.601	0.989	2	279
GCF_013393885.1|NZ_CP040103.1|NZ_CP040103.1_1951	clust_rep_seq	1455	552	dCTPdeaminase__dCTPdeaminase	7.1e-107	357.7	0.923	0.996	1	550
GCF_024347495.1|NZ_AP025491.1|NZ_AP025491.1_929	clust_rep_seq	1526	242	Esos__VCA0450	7.7e-36	123.8	0.441	0.607	2	148
GCF_024971935.1|NZ_CP080098.1|NZ_CP080098.1_2679	clust_rep_seq	1567	182	PfiAT__PfiA	1.8e-05	24.2	0.902	0.434	1	79
GCF_024971935.1|NZ_CP080098.1|NZ_CP080098.1_2681	clust_rep_seq	1569	136	AbiH__AbiH	5.9e-14	52.2	0.483	0.809	14	123
GCF_025917705.1|NZ_CP097355.1|NZ_CP097355.1_1697	clust_rep_seq	1599	252	PD_DExK_I_II_III_IV_V_VI_5	7.2e-37	125.3	0.961	0.484	17	138
GCF_025917705.1|NZ_CP097355.1|NZ_CP097355.1_1697	clust_rep_seq	1599	252	CBASS__Endonuc_small	9.8e-85	283.6	0.971	0.929	17	250
GCF_030580635.1|NZ_CP129422.1|NZ_CP129422.1_456	clust_rep_seq	1621	204	AbiJ__AbiJ	7e-10	38.3	0.566	0.838	31	201
GCF_030704285.1|NZ_CP131931.1|NZ_CP131931.1_1432	clust_rep_seq	1632	127	CmdTAC__CmdC	1.3e-44	151.1	0.969	0.984	1	125
GCF_030704285.1|NZ_CP131931.1|NZ_CP131931.1_1434	clust_rep_seq	1634	185	CmdTAC__CmdT	0.00029	20.0	0.529	0.595	4	113
GCF_030994145.1|NZ_CP099919.1|NZ_CP099919.1_1133	clust_rep_seq	1636	222	AbiG__AbiGi	1.6e-24	86.3	0.809	0.941	1	209
GCF_030994165.1|NZ_CP099921.1|NZ_CP099921.1_1256	clust_rep_seq	1642	256	SEFIR__bSEFIR	2.3e-77	260.9	0.432	0.691	5	181
GCF_031884875.1|NZ_CP134781.1|NZ_CP134781.1_618	clust_rep_seq	1664	255	Retron_VII_2__DUF3800	9.6e-10	38.6	0.972	0.69	5	180
GCF_032841475.3|NZ_CP184806.1|NZ_CP184806.1_376	clust_rep_seq	1690	327	Epona__VCA0366	1.5e-117	391.8	0.984	0.939	20	326
GCF_045348105.1|NZ_CP150831.1|NZ_CP150831.1_906	clust_rep_seq	1703	305	AbiT__AbiTii	5.3e-13	48.7	0.774	0.587	3	181
GCF_045348105.1|NZ_CP150831.1|NZ_CP150831.1_915	clust_rep_seq	1705	328	Rugutis__Rugutis	7.6e-52	176.3	0.782	0.933	10	315
GCF_045689275.1|NZ_CP137092.1|NZ_CP137092.1_759	clust_rep_seq	1722	200	Thoeris__ThsB_acc	7.4e-70	234.2	0.847	0.95	2	191
GCF_046118645.1|NZ_CP176035.1|NZ_CP176035.1_2575	clust_rep_seq	1729	120	Toutatis__TutA_VCA0446	1.1e-17	63.9	0.572	0.683	38	119
GCF_046118655.1|NZ_CP176031.1|NZ_CP176031.1_2029	clust_rep_seq	1738	535	Paris_II_merge__AAA_21_DUF4435	4.8e-134	447.5	0.949	0.991	3	532
GCF_046532655.1|NZ_CP151937.1|NZ_CP151937.1_1431	clust_rep_seq	1744	240	AbiA_small__AbiA_SLATT	1.4e-10	40.7	0.846	0.758	28	209
GCF_046532655.1|NZ_CP151937.1|NZ_CP151937.1_1431	clust_rep_seq	1744	240	DRT9__SLATT	8.1e-17	60.7	0.889	0.783	23	210
GCF_046532655.1|NZ_CP151937.1|NZ_CP151937.1_1431	clust_rep_seq	1744	240	AbiA_small__SLATT	2.3000000000000002e-20	72.6	0.963	0.792	21	210
GCF_046532655.1|NZ_CP151937.1|NZ_CP151937.1_1431	clust_rep_seq	1744	240	DRT_3__SLATT	3.1999999999999996e-41	140.3	0.93	0.8	20	211
GCF_046532655.1|NZ_CP151937.1|NZ_CP151937.1_1451	clust_rep_seq	1747	276	Aristaios__Aristaios	2.4e-42	145.1	0.607	0.978	6	275
GCF_046532655.1|NZ_CP151937.1|NZ_CP151937.1_1506	clust_rep_seq	1756	320	Retron_II__NDT	3.7e-89	298.7	0.988	0.975	2	313
GCF_046532655.1|NZ_CP151937.1|NZ_CP151937.1_1507	clust_rep_seq	1757	310	RT_I_II_III_IV_V_VI_1	3.7e-15	55.1	0.764	0.726	26	250
GCF_046532655.1|NZ_CP151937.1|NZ_CP151937.1_1507	clust_rep_seq	1757	310	Retron__RT_Tot_11	3.8e-29	101.3	0.663	0.758	27	261
GCF_046532655.1|NZ_CP151937.1|NZ_CP151937.1_1507	clust_rep_seq	1757	310	Retron__RT_Tot_3	7.4e-35	120.2	0.704	0.79	22	266
GCF_046532655.1|NZ_CP151937.1|NZ_CP151937.1_1507	clust_rep_seq	1757	310	Retron__RT_Tot_13	1.6e-35	122.1	0.804	0.881	14	286
GCF_046532655.1|NZ_CP151937.1|NZ_CP151937.1_1507	clust_rep_seq	1757	310	Retron__RT_Tot_10	7.7e-40	136.6	0.852	0.929	9	296
GCF_046532655.1|NZ_CP151937.1|NZ_CP151937.1_1507	clust_rep_seq	1757	310	Retron__RT_Tot_14	2e-42	144.9	0.85	0.835	4	262
GCF_046532655.1|NZ_CP151937.1|NZ_CP151937.1_1507	clust_rep_seq	1757	310	Retron__RT_Tot_2	8.699999999999999e-45	152.7	0.864	0.858	43	308
GCF_046532655.1|NZ_CP151937.1|NZ_CP151937.1_1507	clust_rep_seq	1757	310	Retron__RT_Tot_5	9.2e-55	185.5	0.536	0.887	7	281
GCF_046532655.1|NZ_CP151937.1|NZ_CP151937.1_1507	clust_rep_seq	1757	310	Retron__RT_Tot_7	6.699999999999999e-60	202.5	0.772	0.955	4	299
GCF_046532655.1|NZ_CP151937.1|NZ_CP151937.1_1507	clust_rep_seq	1757	310	Retron__RT_Tot_6	2.1e-62	210.4	0.877	0.968	2	301
GCF_046532655.1|NZ_CP151937.1|NZ_CP151937.1_1507	clust_rep_seq	1757	310	Retron__RT_Tot_1	7.2e-119	396.1	0.994	0.997	1	309
GCF_046532655.1|NZ_CP151937.1|NZ_CP151937.1_1507	clust_rep_seq	1757	310	Retron__RT_Tot_4	5.600000000000001e-122	406.3	0.987	0.997	1	309
GCF_049384865.1|NZ_JAIWIW010000001.1|NZ_JAIWIW010000001.1_1299	clust_rep_seq	1787	212	gcuWGS21__gcuWGS21	1.6000000000000002e-76	255.8	0.991	0.991	1	210
GCF_049384865.1|NZ_JAIWIW010000001.1|NZ_JAIWIW010000001.1_1319	clust_rep_seq	1792	218	AbiA_small__AbiA_SLATT	3.8e-06	26.2	0.75	0.697	15	166
GCF_049384865.1|NZ_JAIWIW010000001.1|NZ_JAIWIW010000001.1_1319	clust_rep_seq	1792	218	DRT9__SLATT	7.5e-14	51.0	0.899	0.844	2	185
GCF_049384865.1|NZ_JAIWIW010000001.1|NZ_JAIWIW010000001.1_1319	clust_rep_seq	1792	218	DRT_3__SLATT	6.8e-29	100.1	0.95	0.867	2	190
GCF_022869905.1|NZ_CP064381.1|NZ_CP064381.1_526	clust_rep_seq	1804	399	Rugutis__Rugutis	1.1000000000000002e-34	119.8	0.787	0.82	14	340
GCF_023151555.2|NZ_CP100425.1|NZ_CP100425.1_1887	clust_rep_seq	1811	165	VP1817__VP1817	8.3e-49	164.9	0.993	0.945	1	156
GCF_023205895.1|NZ_CP064033.1|NZ_CP064033.1_1186	clust_rep_seq	1821	440	Retron_I_A__ATPase_TypeIA	1.5e-22	79.9	0.8	0.882	25	412
GCF_023205895.1|NZ_CP064033.1|NZ_CP064033.1_1186	clust_rep_seq	1821	440	Paris_II__AriA_AAA21	1.1e-24	87.0	0.773	0.716	28	342
GCF_023205895.1|NZ_CP064033.1|NZ_CP064033.1_1186	clust_rep_seq	1821	440	Septu__PtuA_2	4.4e-32	110.9	0.484	0.759	12	345
GCF_023205895.1|NZ_CP064033.1|NZ_CP064033.1_1186	clust_rep_seq	1821	440	Septu__PtuA	1.1e-55	189.7	0.89	0.93	16	424
GCF_023205895.1|NZ_CP064033.1|NZ_CP064033.1_1187	clust_rep_seq	1822	218	Septu__PtuB	1.2e-28	100.4	0.626	0.734	26	185
GCF_023205895.1|NZ_CP064033.1|NZ_CP064033.1_1210	clust_rep_seq	1826	340	Rst_2TM_1TM_TIR__Rst_TIR_tm	1.8000000000000002e-116	388.4	0.966	0.926	1	315
GCF_023277445.1|NZ_CP080238.1|NZ_CP080238.1_157	clust_rep_seq	1844	370	RosmerTA__RmrA_2641389401	7.9e-09	34.4	0.596	0.616	132	359
GCF_023277445.1|NZ_CP080238.1|NZ_CP080238.1_157	clust_rep_seq	1844	370	RosmerTA__RmrA_2734955840	3.5e-11	42.3	0.916	0.962	5	360
GCF_023277445.1|NZ_CP080238.1|NZ_CP080238.1_157	clust_rep_seq	1844	370	RosmerTA__RmrA_2753529055	2.2e-11	42.8	0.767	0.846	5	317
GCF_023277445.1|NZ_CP080238.1|NZ_CP080238.1_157	clust_rep_seq	1844	370	RosmerTA__RmrA_2585209417	5.2e-13	48.2	0.727	0.765	14	296
GCF_023277445.1|NZ_CP080238.1|NZ_CP080238.1_157	clust_rep_seq	1844	370	RosmerTA__RmrA_2664250653	4.1e-16	58.2	0.884	0.943	7	355
GCF_023277445.1|NZ_CP080238.1|NZ_CP080238.1_157	clust_rep_seq	1844	370	RosmerTA__RmrA_2634882613	3.7e-16	58.4	0.846	0.9	5	337
GCF_023277445.1|NZ_CP080238.1|NZ_CP080238.1_157	clust_rep_seq	1844	370	RosmerTA__RmrA_2617826694	2.5e-17	62.1	0.941	0.962	6	361
GCF_023277445.1|NZ_CP080238.1|NZ_CP080238.1_157	clust_rep_seq	1844	370	RosmerTA__RmrA_2662548665	6.7e-19	67.5	0.875	0.959	5	359
GCF_023277445.1|NZ_CP080238.1|NZ_CP080238.1_157	clust_rep_seq	1844	370	RosmerTA__RmrA_2623274509	2.3e-19	68.8	0.916	0.957	4	357
GCF_023277445.1|NZ_CP080238.1|NZ_CP080238.1_157	clust_rep_seq	1844	370	RosmerTA__RmrA_2600853143	1.1000000000000001e-20	73.4	0.797	0.849	2	315
GCF_023277445.1|NZ_CP080238.1|NZ_CP080238.1_157	clust_rep_seq	1844	370	RosmerTA__RmrA_2677172838	4.2e-21	74.7	0.808	0.843	6	317
GCF_023277445.1|NZ_CP080238.1|NZ_CP080238.1_157	clust_rep_seq	1844	370	RosmerTA__RmrA_2634932349	4.1e-24	84.5	0.923	0.965	9	365
GCF_023277445.1|NZ_CP080238.1|NZ_CP080238.1_161	clust_rep_seq	1847	353	Menshen__NsnA	5.5000000000000005e-36	124.0	0.834	0.941	20	351
GCF_023277445.1|NZ_CP080238.1|NZ_CP080238.1_162	clust_rep_seq	1848	274	Aristaios__Aristaios	1.6e-48	165.4	0.614	0.993	1	272
GCF_024442215.1|NZ_CP050475.1|NZ_CP050475.1_2669	clust_rep_seq	1930	180	DS-15__DS-15B	1.4e-16	60.1	0.856	0.589	72	177
GCF_024442215.1|NZ_CP050476.1|NZ_CP050476.1_528	clust_rep_seq	1933	321	Dpd__DpdB	1.8e-08	32.8	0.422	0.47	3	153
GCF_024582835.1|NZ_CP102097.1|NZ_CP102097.1_968	clust_rep_seq	1955	225	RM_Type_IV__Type_IV_05	5.4e-21	75.2	0.469	0.484	104	212
GCF_025994915.1|NZ_AP026552.1|NZ_AP026552.1_1334	clust_rep_seq	1980	152	VP1817__VP1817	8e-49	165.0	0.993	0.941	1	143
GCF_026000435.1|NZ_AP026763.1|NZ_AP026763.1_1178	clust_rep_seq	1986	334	Belisama__VCA0458	4.9e-35	120.4	0.756	0.653	95	312
GCF_038695265.1|NZ_CP152308.1|NZ_CP152308.1_505	clust_rep_seq	2026	372	Rugutis__Rugutis	5.9999999999999996e-114	380.7	0.888	0.981	5	369
GCF_039602145.1|NZ_CP142015.1|NZ_CP142015.1_854	clust_rep_seq	2031	244	RM_Type_IV__Type_IV_05	1.7e-21	76.9	0.465	0.689	61	228
GCF_039602145.1|NZ_CP142015.1|NZ_CP142015.1_854	clust_rep_seq	2031	244	EcoKMcrA__EcoKMcrA	1.2e-33	116.5	0.438	0.754	58	241
GCF_039602145.1|NZ_CP142015.1|NZ_CP142015.1_921	clust_rep_seq	2036	278	AbiAlpha__AbiAlpha	6.7e-54	182.3	1.0	0.683	81	270
GCF_040254425.1|NZ_CP158305.1|NZ_CP158305.1_1737	clust_rep_seq	2056	280	EcoKMcrA__EcoKMcrA	4.6e-29	101.5	0.432	0.65	89	270
GCF_040735825.1|NZ_CP147727.1|NZ_CP147727.1_393	clust_rep_seq	2070	334	Aristaios__Aristaios	8.8e-19	67.7	0.536	0.937	5	317
GCF_040869035.2|NZ_CP162101.2|NZ_CP162101.2_299	clust_rep_seq	2095	240	RM_Type_II__Type_II_REase19	3.3e-17	62.5	0.453	0.583	99	238
GCF_040869035.2|NZ_CP162101.2|NZ_CP162101.2_299	clust_rep_seq	2095	240	VcaM4I__VcaM4I	4.9e-64	216.6	0.512	0.771	55	239
GCF_040869035.2|NZ_CP162101.2|NZ_CP162101.2_301	clust_rep_seq	2097	250	Aristaios__Aristaios	1.7e-26	93.0	0.614	0.924	12	242
GCF_053202865.1|NZ_CM129926.1|NZ_CM129926.1_529	clust_rep_seq	2111	150	PD-Lambda-3__PD-Lambda-3_A	2.6e-45	153.6	0.874	0.927	2	140
GCF_053202865.1|NZ_CM129926.1|NZ_CM129926.1_555	clust_rep_seq	2118	521	Menshen__NsnB	6.4e-39	134.1	0.954	0.99	3	518
GCF_053220475.1|NZ_CM129938.1|NZ_CM129938.1_502	clust_rep_seq	2121	373	RM_Type_IV__Type_IV_03	9.1e-23	81.1	0.865	0.759	80	362
GCF_053220475.1|NZ_CM129938.1|NZ_CM129938.1_506	clust_rep_seq	2122	246	VcaM4I__VcaM4I	5.299999999999999e-59	200.0	0.534	0.732	66	245
GCF_053220615.1|NZ_CM129952.1|NZ_CM129952.1_795	clust_rep_seq	2142	232	AbiAlpha__AbiAlpha	9.9e-15	54.5	0.617	0.483	91	202
GCF_053220615.1|NZ_CM129952.1|NZ_CM129952.1_802	clust_rep_seq	2144	163	Esos__VCA0450	5.6e-17	61.8	0.417	0.877	18	160
GCF_053220615.1|NZ_CM129952.1|NZ_CM129952.1_835	clust_rep_seq	2146	210	Aristaios__Aristaios	9.6e-16	57.7	0.583	0.919	8	200
GCF_053220615.1|NZ_CM129952.1|NZ_CM129952.1_869	clust_rep_seq	2151	214	DarTG__DarT	1e-18	67.4	0.92	0.804	21	192
GCF_053890595.1|NZ_CM132683.1|NZ_CM132683.1_703	clust_rep_seq	2157	281	CBASS__Endonuc_small	2e-19	69.8	0.51	0.452	17	143
GCF_053890595.1|NZ_CM132683.1|NZ_CM132683.1_703	clust_rep_seq	2157	281	PD_DExK_I_II_III_IV_V_VI_5	1.2e-35	121.4	0.984	0.459	15	143
GCF_054850435.1|NZ_CM141453.1|NZ_CM141453.1_1210	clust_rep_seq	2197	251	CBASS__Endonuc_small	3.9e-17	62.3	0.452	0.45	11	123
GCF_054850435.1|NZ_CM141453.1|NZ_CM141453.1_1210	clust_rep_seq	2197	251	PD_DExK_I_II_III_IV_V_VI_5	4.3000000000000005e-26	90.4	0.906	0.474	7	125
GCF_058545285.1|NZ_CM178589.1|NZ_CM178589.1_288	clust_rep_seq	2221	272	Aristaios__Aristaios	2.4e-49	168.1	0.595	0.982	1	267
GCF_058545285.1|NZ_CM178590.1|NZ_CM178590.1_706	clust_rep_seq	2231	208	DarTG__DarT	6.9e-59	198.5	1.0	0.952	11	208
GCF_059427945.1|NZ_CM182084.1|NZ_CM182084.1_1764	clust_rep_seq	2234	281	VcaM4I__VcaM4I	6.599999999999999e-67	226.0	0.54	0.68	89	279
GCF_059772125.1|NZ_CM186276.1|NZ_CM186276.1_864	clust_rep_seq	2273	253	Aristaios__Aristaios	2.9e-48	164.5	0.611	0.945	8	246
GCF_059941605.1|NZ_CM188127.1|NZ_CM188127.1_2198	clust_rep_seq	2284	367	Rugutis__Rugutis	1.2e-107	360.0	0.83	0.913	3	337
GCF_059941605.1|NZ_CM188127.1|NZ_CM188127.1_2275	clust_rep_seq	2295	214	Hachiman_II__HamC	7.7e-39	133.6	0.893	0.981	2	211
GCF_011801435.1|NZ_CP042449.1|NZ_CP042449.1_1360	clust_rep_seq	2340	354	Shedu__SduA	4.9e-48	164.1	0.777	0.836	50	345
GCF_013357625.1|NZ_CP053797.1|NZ_CP053797.1_260	clust_rep_seq	2363	205	PD-T4-10__PD-T4-10_B	1.2e-14	54.2	0.559	0.966	7	204
GCF_013357725.1|NZ_CP053805.1|NZ_CP053805.1_309	clust_rep_seq	2381	133	Lugos__Lugos	6.8e-26	90.1	0.781	0.992	1	132
GCF_013357725.1|NZ_CP053805.1|NZ_CP053805.1_336	clust_rep_seq	2390	288	PD-T7-5__PD-T7-5	7.300000000000001e-42	143.0	0.653	0.83	1	239
GCF_013357725.1|NZ_CP053805.1|NZ_CP053805.1_344	clust_rep_seq	2393	147	VP1817__VP1817	1e-18	67.2	0.841	0.878	18	146
GCF_013357725.1|NZ_CP053805.1|NZ_CP053805.1_369	clust_rep_seq	2399	167	AbiA_small__AbiA_SLATT	1.1e-09	37.7	0.644	0.749	3	127
GCF_013357725.1|NZ_CP053805.1|NZ_CP053805.1_369	clust_rep_seq	2399	167	DRT9__SLATT	2e-12	46.4	0.591	0.701	13	129
GCF_013357725.1|NZ_CP053805.1|NZ_CP053805.1_369	clust_rep_seq	2399	167	AbiA_small__SLATT	3.7e-14	52.3	0.712	0.826	8	145
GCF_013357725.1|NZ_CP053805.1|NZ_CP053805.1_369	clust_rep_seq	2399	167	DRT_3__SLATT	4.5e-36	123.5	0.745	0.964	5	165
GCF_000196095.1|NC_004603.1|NC_004603.1_1701	clust_rep_seq	2404	275	VP1796__VP1796	9.3e-118	392.0	0.985	0.964	10	274
GCF_000196095.1|NC_004603.1|NC_004603.1_1701	clust_rep_seq	2404	275	Dag__Dag2_VP1796	4.3e-127	423.0	0.873	0.975	5	272
GCF_000217675.1|NC_015637.1|NC_015637.1_885	clust_rep_seq	2426	278	PD-T2-1__PD-T2-1B	1.8e-43	148.5	0.82	0.842	2	235
GCF_000328405.1|NC_019955.1|NC_019955.1_1641	clust_rep_seq	2444	283	CBASS__Effector_TIR	1.3999999999999999e-39	135.6	0.444	0.576	2	164
GCF_002204915.1|NZ_CP016321.1|NZ_CP016321.1_1518	clust_rep_seq	2520	310	SEFIR__bSEFIR	1.6e-80	271.3	0.704	0.958	2	298
GCF_002204915.1|NZ_CP016321.1|NZ_CP016321.1_1522	clust_rep_seq	2523	148	Lugos__Lugos	1.2e-24	86.0	0.762	0.986	1	146
GCF_002211985.1|NZ_CP022102.1|NZ_CP022102.1_363	clust_rep_seq	2547	277	AbiH__AbiH	3.2e-42	144.8	0.958	0.866	4	243
GCF_002211985.1|NZ_CP022102.1|NZ_CP022102.1_479	clust_rep_seq	2549	238	Dag__Dag5	9.000000000000001e-26	90.5	0.97	0.987	4	238
GCF_002212005.1|NZ_CP022100.1|NZ_CP022100.1_588	clust_rep_seq	2575	577	Retron_I_A__ATPase_TypeIA	6.3e-15	54.7	0.725	0.64	1	369
GCF_002212005.1|NZ_CP022100.1|NZ_CP022100.1_588	clust_rep_seq	2575	577	Paris_II__AriA_AAA21	1.1e-19	70.6	0.844	0.619	1	357
GCF_002212005.1|NZ_CP022100.1|NZ_CP022100.1_588	clust_rep_seq	2575	577	Septu__PtuA	2.7000000000000002e-30	106.1	0.791	0.65	1	375
GCF_002212005.1|NZ_CP022100.1|NZ_CP022100.1_588	clust_rep_seq	2575	577	Gabija__GajA	5.4e-40	137.3	0.763	0.841	1	485
GCF_003612695.1|NZ_CP023472.1|NZ_CP023472.1_1812	clust_rep_seq	2603	385	Aristaios__Aristaios	1.8e-39	135.7	0.595	0.875	1	337
GCF_003612695.1|NZ_CP023472.1|NZ_CP023472.1_1842	clust_rep_seq	2611	268	Aristaios__Aristaios	1.1e-38	133.0	0.595	0.914	1	245
GCF_003691485.1|NZ_CP033134.1|NZ_CP033134.1_1795	clust_rep_seq	2621	236	CBASS__Endonuc_small	4.7e-14	52.2	0.867	0.894	10	220
GCF_003691485.1|NZ_CP033134.1|NZ_CP033134.1_1795	clust_rep_seq	2621	236	PD_DExK_I_II_III_IV_V_VI_5	5.2e-26	90.2	0.976	0.517	2	123
GCF_003691525.1|NZ_CP033141.1|NZ_CP033141.1_1297	clust_rep_seq	2655	214	Retron_I_A__HNH_TIGR02646	5.2e-12	45.5	0.547	0.621	47	179
GCF_003691525.1|NZ_CP033141.1|NZ_CP033141.1_1297	clust_rep_seq	2655	214	Septu__PtuB	3.2e-23	82.7	0.612	0.734	42	198
GCF_003691525.1|NZ_CP033141.1|NZ_CP033141.1_1298	clust_rep_seq	2656	272	DS-6__DS-6A	2.9e-34	118.6	0.631	0.963	1	262
GCF_004194515.1|NZ_CP034565.1|NZ_CP034565.1_1649	clust_rep_seq	2668	416	Paris_II__AriA_AAA21	6.7e-15	54.8	0.819	0.861	1	358
GCF_004328575.1|NZ_CP036500.1|NZ_CP036500.1_375	clust_rep_seq	2682	115	Retron_VII_2__DUF3800	0.00045	20.4	0.417	0.365	19	60
GCF_009764005.1|NZ_CP046824.1|NZ_CP046824.1_880	clust_rep_seq	2714	122	DRT_3__SLATT	8.7e-18	63.8	0.53	0.885	1	108
GCF_009764025.1|NZ_CP046847.1|NZ_CP046847.1_480	clust_rep_seq	2734	152	Nantosuelta__VCA0322	6.2e-31	107.2	0.54	0.941	3	145
GCF_009764055.1|NZ_CP046831.1|NZ_CP046831.1_1702	clust_rep_seq	2760	231	Sirona__VCA0356	5.8e-85	284.5	0.805	0.987	2	229
GCF_009883815.1|NZ_CP034285.1|NZ_CP034285.1_1213	clust_rep_seq	2788	612	dCTPdeaminase__dCTPdeaminase	1.1e-123	413.1	0.986	0.972	3	597
GCF_009938205.1|NZ_AP019654.1|NZ_AP019654.1_1292	clust_rep_seq	2800	483	RT_I_II_III_IV_V_VI_1	2.1e-24	85.5	0.734	0.422	225	428
GCF_009938205.1|NZ_AP019654.1|NZ_AP019654.1_1292	clust_rep_seq	2800	483	Retron__RT_Tot_12	5.2000000000000004e-30	104.5	0.796	0.518	184	433
GCF_009938205.1|NZ_AP019654.1|NZ_AP019654.1_1292	clust_rep_seq	2800	483	Retron__RT_Tot_3	5.2e-33	114.1	0.715	0.497	206	445
GCF_009938205.1|NZ_AP019654.1|NZ_AP019654.1_1292	clust_rep_seq	2800	483	Retron__RT_Tot_2	1.7e-39	135.3	0.729	0.455	220	439
GCF_009938205.1|NZ_AP019654.1|NZ_AP019654.1_1292	clust_rep_seq	2800	483	Retron__RT_Tot_9	1.7e-40	138.7	0.683	0.532	186	442
GCF_009938205.1|NZ_AP019654.1|NZ_AP019654.1_1292	clust_rep_seq	2800	483	Retron__RT_Tot_11	1.1999999999999999e-41	142.4	0.66	0.46	211	432
GCF_009938205.1|NZ_AP019654.1|NZ_AP019654.1_1292	clust_rep_seq	2800	483	Retron__RT_Tot_1	8.3e-51	172.5	0.91	0.559	188	457
GCF_009938205.1|NZ_AP019654.1|NZ_AP019654.1_1292	clust_rep_seq	2800	483	Retron__RT_Tot_15	1.1e-52	179.4	0.42	0.516	208	456
GCF_009938205.1|NZ_AP019654.1|NZ_AP019654.1_1292	clust_rep_seq	2800	483	Retron__RT_Tot_13	7e-54	182.4	0.844	0.565	186	458
GCF_009938205.1|NZ_AP019654.1|NZ_AP019654.1_1292	clust_rep_seq	2800	483	Retron__RT_Tot_14	1.8e-54	184.4	0.875	0.526	186	439
GCF_009938205.1|NZ_AP019654.1|NZ_AP019654.1_1292	clust_rep_seq	2800	483	Retron__RT_Tot_10	1.9e-62	210.9	0.855	0.571	186	461
GCF_009938205.1|NZ_AP019654.1|NZ_AP019654.1_1292	clust_rep_seq	2800	483	Retron__RT_Tot_4	1.1000000000000001e-63	214.8	0.907	0.561	188	458
GCF_009938205.1|NZ_AP019654.1|NZ_AP019654.1_1292	clust_rep_seq	2800	483	Retron__RT_Tot_6	1.0999999999999999e-67	227.8	0.849	0.573	186	462
GCF_009938205.1|NZ_AP019654.1|NZ_AP019654.1_1292	clust_rep_seq	2800	483	Retron__RT_Tot_7	6.1e-75	252.0	0.653	0.518	188	437
GCF_009938205.1|NZ_AP019654.1|NZ_AP019654.1_1292	clust_rep_seq	2800	483	Retron__RT_Tot_5	1.6e-213	709.1	0.996	0.996	1	481
GCF_021391375.1|NZ_CP090020.1|NZ_CP090020.1_356	clust_rep_seq	2806	173	VP1839__VP1839	1.6e-57	193.5	0.844	0.913	1	158
GCF_021432065.1|NZ_CP090365.1|NZ_CP090365.1_277	clust_rep_seq	2828	323	Aristaios__Aristaios	4.5e-51	173.8	0.648	0.851	6	280
GCF_021441885.1|NZ_CP090438.1|NZ_CP090438.1_1404	clust_rep_seq	2830	376	Retron_VII_2__DUF3800	3e-07	30.6	0.991	0.795	9	307
GCF_022453845.1|NZ_CP092682.1|NZ_CP092682.1_1282	clust_rep_seq	2878	119	Cernunnos__VCA0410	5.2e-40	136.1	0.657	0.975	2	117
GCF_026970915.1|NZ_CP114194.1|NZ_CP114194.1_1798	clust_rep_seq	2902	306	CBASS__Endonuc_small	1.2e-13	50.9	0.419	0.33	35	135
GCF_026970915.1|NZ_CP114194.1|NZ_CP114194.1_1798	clust_rep_seq	2902	306	PD_DExK_I_II_III_IV_V_VI_5	1.1e-33	115.0	0.819	0.34	31	134
GCF_026970915.1|NZ_CP114194.1|NZ_CP114194.1_1798	clust_rep_seq	2902	306	Damona__VCA0399	7.1e-82	274.3	0.979	0.984	1	301
GCF_028743655.1|NZ_CP117989.1|NZ_CP117989.1_1182	clust_rep_seq	2940	307	FS_GIY_YIG__GIY_YIG	1.4e-44	152.1	0.934	0.967	9	305
GCF_028898625.1|NZ_CP118577.1|NZ_CP118577.1_658	clust_rep_seq	2962	370	Menshen__NsnA	5.8e-36	124.0	0.592	0.603	16	238
GCF_028898625.1|NZ_CP118577.1|NZ_CP118577.1_673	clust_rep_seq	2968	257	Aristaios__Aristaios	9.3e-46	156.3	0.592	0.973	4	253
GCF_037101305.1|NZ_AP028806.1|NZ_AP028806.1_356	clust_rep_seq	3002	191	FS_HEPN_TM__TM	7.1e-05	22.1	0.526	0.508	8	104
GCF_039542195.1|NZ_CP154264.1|NZ_CP154264.1_1917	clust_rep_seq	3009	199	Retron_I_A__HNH_TIGR02646	9.8e-16	57.7	0.658	0.879	5	179
GCF_039542195.1|NZ_CP154264.1|NZ_CP154264.1_1917	clust_rep_seq	3009	199	Septu__PtuB	3.5e-24	85.8	0.598	0.809	15	175
GCF_039542195.1|NZ_CP154264.1|NZ_CP154264.1_1918	clust_rep_seq	3010	351	Septu__PtuA	1.2999999999999999e-27	97.2	0.421	0.473	151	316
GCF_041734175.1|NZ_CP168658.1|NZ_CP168658.1_941	clust_rep_seq	3095	300	Resolvase_DUF5677__Resolvase_DUF5677	7.4e-09	34.8	0.588	0.487	64	209
GCF_053220535.1|NZ_CM129944.1|NZ_CM129944.1_984	clust_rep_seq	3111	398	Rugutis__Rugutis	5.4999999999999994e-114	380.9	0.86	0.882	20	370
GCF_053220535.1|NZ_CM129944.1|NZ_CM129944.1_1016	clust_rep_seq	3119	388	Thoeris__ThsB_acc	3.7e-53	179.6	0.856	0.972	1	377
GCF_053220535.1|NZ_CM129944.1|NZ_CM129944.1_1035	clust_rep_seq	3123	270	AbiAlpha__AbiAlpha	1.6e-36	125.6	1.0	0.696	78	265
GCF_054053395.1|NZ_CM133231.1|NZ_CM133231.1_468	clust_rep_seq	3156	380	Retron_VII_2__DUF3800	1.2e-11	44.8	0.981	0.758	7	294
GCF_054512795.1|NZ_JBTNLO010000004.1|NZ_JBTNLO010000004.1_45	clust_rep_seq	3170	256	Aristaios__Aristaios	7.600000000000001e-57	192.7	0.604	0.988	2	254
GCF_058315275.1|NZ_CM177759.1|NZ_CM177759.1_1707	clust_rep_seq	3203	310	CBASS__Endonuc_small	4.1e-17	62.2	0.822	0.629	2	196
GCF_058315275.1|NZ_CM177759.1|NZ_CM177759.1_1707	clust_rep_seq	3203	310	PD_DExK_I_II_III_IV_V_VI_5	1.4e-23	82.3	0.984	0.4	3	126
GCF_059552575.1|NZ_CM183915.1|NZ_CM183915.1_1910	clust_rep_seq	3226	267	Aristaios__Aristaios	6.3e-26	91.1	0.564	0.959	4	259
GCF_059552575.1|NZ_JCANWL010000003.1|NZ_JCANWL010000003.1_158	clust_rep_seq	3240	249	CBASS__Cyclase_SMODS	1.9e-06	27.7	0.701	0.43	43	149
GCF_059552575.1|NZ_JCANWL010000003.1|NZ_JCANWL010000003.1_158	clust_rep_seq	3240	249	CBASS__Cyclase_II	4e-07	29.0	0.68	0.775	44	236
GCF_059641075.1|NZ_CM184931.1|NZ_CM184931.1_2240	clust_rep_seq	3255	349	Aristaios__Aristaios	1.4e-32	113.1	0.567	0.96	2	336
GCF_059772125.1|NZ_CM186276.1|NZ_CM186276.1_934	clust_rep_seq	3273	212	Thoeris__ThsK_Ion_channel	1.1e-77	260.1	0.991	0.972	1	206
GCF_059772125.1|NZ_CM186276.1|NZ_CM186276.1_935	clust_rep_seq	3274	172	Thoeris__ThsB_3	5.9e-49	165.7	0.994	1.0	1	172
GCF_059772125.1|NZ_CM186276.1|NZ_CM186276.1_948	clust_rep_seq	3279	254	CBASS__Effector_TIR	1.7000000000000002e-32	112.3	0.491	0.713	3	183
GCF_009938185.1|NZ_AP019652.1|NZ_AP019652.1_817	clust_rep_seq	3314	148	PD-T7-4__PD-T7-4	5.7e-60	201.9	0.676	0.98	2	146
GCF_009938205.1|NZ_AP019654.1|NZ_AP019654.1_1291	clust_rep_seq	3320	219	Retron_II__NDT2	1.4e-86	289.3	0.987	0.995	1	218
GCF_013357685.1|NZ_CP053803.1|NZ_CP053803.1_316	clust_rep_seq	3353	269	Rst_2TM_1TM_TIR__Rst_TIR_tm	1.9e-56	191.5	0.724	0.77	1	207
GCF_013357725.1|NZ_CP053805.1|NZ_CP053805.1_562	clust_rep_seq	3359	512	RT_I_II_III_IV_V_VI_1	8.4e-21	73.7	0.801	0.475	37	279
GCF_013357725.1|NZ_CP053805.1|NZ_CP053805.1_562	clust_rep_seq	3359	512	DRT8__DRT8	1.8000000000000003e-156	521.5	0.985	0.992	3	510
GCF_013357725.1|NZ_CP053805.1|NZ_CP053805.1_562	clust_rep_seq	3359	512	DRT8__DRT8a	1.6e-169	565.0	0.925	0.992	3	510
GCF_013357725.1|NZ_CP053805.1|NZ_CP053805.1_578	clust_rep_seq	3364	618	Paris_II__AriA_AAA21	9.999999999999999e-23	80.6	0.821	0.539	23	355
GCF_013357725.1|NZ_CP053805.1|NZ_CP053805.1_578	clust_rep_seq	3364	618	Septu__PtuA	2.5999999999999998e-27	96.2	0.715	0.549	26	364
GCF_013357745.1|NZ_CP053807.1|NZ_CP053807.1_266	clust_rep_seq	3366	210	Thoeris__ThsK_Ion_channel	7.300000000000001e-87	290.1	0.995	0.99	1	208
GCF_013357745.1|NZ_CP053807.1|NZ_CP053807.1_267	clust_rep_seq	3367	163	Thoeris__ThsB_3	2.1999999999999997e-47	160.5	0.899	0.92	1	150
GCF_013357745.1|NZ_CP053807.1|NZ_CP053807.1_412	clust_rep_seq	3375	255	AbiH__AbiH	6.499999999999999e-47	160.2	0.886	0.918	22	255
GCF_013357825.1|NZ_CP053823.1|NZ_CP053823.1_417	clust_rep_seq	3387	609	Gabija__GajA	1.5e-34	119.4	0.759	0.89	3	544
GCF_013357825.1|NZ_CP053823.1|NZ_CP053823.1_464	clust_rep_seq	3396	335	mEp332_T2SS_GspM__T2SS_GspM	5.9e-51	173.0	0.971	0.964	6	328
GCF_013357825.1|NZ_CP053823.1|NZ_CP053823.1_486	clust_rep_seq	3399	141	Lugos__Lugos	1.6e-33	114.9	0.831	0.979	1	138
GCF_018140575.1|NZ_CP073274.1|NZ_CP073274.1_1229	clust_rep_seq	3418	206	Aristaios__Aristaios	3.6e-39	134.7	0.564	0.99	1	204
GCF_018336415.1|NZ_CP047306.1|NZ_CP047306.1_313	clust_rep_seq	3420	232	Sirona__VCA0356	2.6e-91	305.3	0.809	0.978	5	231
GCF_019458465.1|NZ_CP080463.1|NZ_CP080463.1_191	clust_rep_seq	3432	307	Shedu__SduA	3.5e-59	200.8	0.602	0.697	89	302
GCF_019458465.1|NZ_CP080463.1|NZ_CP080463.1_199	clust_rep_seq	3433	220	DS-45__DS-45	9.8e-87	289.8	0.952	0.986	2	218
GCF_020717785.1|NZ_CP085843.1|NZ_CP085843.1_1642	clust_rep_seq	3446	326	FS_GIY_YIG__GIY_YIG	3.6e-58	196.8	0.934	0.979	5	323
GCF_024971935.1|NZ_CP080098.1|NZ_CP080098.1_2767	clust_rep_seq	3478	241	RM_Type_II__Type_II_REase19	1.1e-10	41.0	0.411	0.614	11	158
GCF_025258925.1|NZ_CP104355.1|NZ_CP104355.1_496	clust_rep_seq	3490	285	Retron_VII_2__DUF3800	1.6e-13	50.8	0.991	0.744	3	214
GCF_025258925.1|NZ_CP104355.1|NZ_CP104355.1_525	clust_rep_seq	3493	483	DS-20__DS-20	1.2e-176	587.8	0.984	0.99	5	482
GCF_025258925.1|NZ_CP104355.1|NZ_CP104355.1_534	clust_rep_seq	3495	385	Paris_II__AriA_AAA21	3.8999999999999995e-22	78.7	0.798	0.795	1	306
GCF_025258925.1|NZ_CP104355.1|NZ_CP104355.1_534	clust_rep_seq	3495	385	Septu__PtuA	8.700000000000001e-56	190.1	0.862	0.966	1	372
GCF_025258925.1|NZ_CP104355.1|NZ_CP104355.1_535	clust_rep_seq	3496	193	Ambrosia__AbrD	9.7e-14	51.1	0.791	0.808	20	175
GCF_025258925.1|NZ_CP104355.1|NZ_CP104355.1_535	clust_rep_seq	3496	193	Retron_I_A__HNH_TIGR02646	3.4e-24	85.3	0.684	0.772	26	174
GCF_025258925.1|NZ_CP104355.1|NZ_CP104355.1_535	clust_rep_seq	3496	193	Septu__PtuB	7.5e-39	133.8	0.79	0.855	16	180
GCF_030718785.1|NZ_CP132189.1|NZ_CP132189.1_452	clust_rep_seq	3517	291	Aristaios__Aristaios	2.9e-43	148.1	0.614	0.924	22	290
GCF_030994225.1|NZ_CP099928.1|NZ_CP099928.1_1156	clust_rep_seq	3527	280	DS-40__DS-40	9.9e-86	287.1	0.99	0.993	2	279
GCF_036553415.2|NZ_CM170608.1|NZ_CM170608.1_614	clust_rep_seq	3541	299	PD-Lambda-4__PD-Lambda-4_B	1.1e-29	103.1	0.97	0.973	1	291
GCF_048284855.2|NZ_CP192285.1|NZ_CP192285.1_1859	clust_rep_seq	3610	218	DS-18__DS-18	1.4e-09	37.1	0.637	0.693	27	177
GCF_048284885.2|NZ_CP192147.1|NZ_CP192147.1_1209	clust_rep_seq	3618	299	CBASS__Cyclase_II	1.1e-14	53.9	0.663	0.803	17	256
GCF_048284885.2|NZ_CP192147.1|NZ_CP192147.1_1209	clust_rep_seq	3618	299	CBASS__Cyclase_new	3.6e-15	55.3	0.63	0.753	26	250
GCF_048284885.2|NZ_CP192147.1|NZ_CP192147.1_1210	clust_rep_seq	3619	210	Panoptes__OptE	4.3e-10	39.2	0.848	0.871	9	191
GCF_048284885.2|NZ_CP192147.1|NZ_CP192147.1_1210	clust_rep_seq	3619	210	CBASS__2TM_Gros	5.7e-26	91.6	0.664	0.929	11	205
GCF_048284885.2|NZ_CP192147.1|NZ_CP192147.1_1210	clust_rep_seq	3619	210	CBASS__Effector_2TM_S_2TMBeta	8.2e-28	96.8	0.939	0.843	14	190
GCF_048284885.2|NZ_CP192147.1|NZ_CP192147.1_1222	clust_rep_seq	3620	170	PhiR47.1_PanTA__PanT	7.3e-25	86.5	0.782	0.753	37	164
GCF_049315005.1|NZ_CP186026.1|NZ_CP186026.1_671	clust_rep_seq	3632	281	DS-35__DS-35	2e-90	302.7	0.974	0.989	3	280
GCF_049816165.1|NZ_CP187429.1|NZ_CP187429.1_1301	clust_rep_seq	3645	415	Retron_I_A__ATPase_TypeIA	5.7e-19	68.1	0.792	0.99	2	412
GCF_049816165.1|NZ_CP187429.1|NZ_CP187429.1_1301	clust_rep_seq	3645	415	Paris_II__AriA_AAA21	3.9e-24	85.2	0.869	0.896	2	373
GCF_049816165.1|NZ_CP187429.1|NZ_CP187429.1_1301	clust_rep_seq	3645	415	Septu__PtuA	1.3e-45	156.5	0.862	0.995	1	413
GCF_049816175.1|NZ_CP187434.1|NZ_CP187434.1_1232	clust_rep_seq	3647	562	RT_I_II_III_IV_V_VI_1	3.8e-14	51.8	0.747	0.406	38	265
GCF_049816175.1|NZ_CP187434.1|NZ_CP187434.1_1232	clust_rep_seq	3647	562	Retron__RT_Tot_11	1.1000000000000002e-34	119.6	0.848	0.518	36	326
GCF_049816175.1|NZ_CP187434.1|NZ_CP187434.1_1232	clust_rep_seq	3647	562	Retron__RT_Tot_9	6.8e-35	120.3	0.739	0.539	16	318
GCF_049816175.1|NZ_CP187434.1|NZ_CP187434.1_1232	clust_rep_seq	3647	562	Retron__RT_Tot_8	2.1e-35	121.9	0.794	0.568	10	328
GCF_049816175.1|NZ_CP187434.1|NZ_CP187434.1_1232	clust_rep_seq	3647	562	Retron__RT_Tot_12	1.3e-36	126.2	0.94	0.571	6	326
GCF_049816175.1|NZ_CP187434.1|NZ_CP187434.1_1232	clust_rep_seq	3647	562	Retron__RT_Tot_1	1.9e-41	141.7	0.821	0.468	16	278
GCF_049816175.1|NZ_CP187434.1|NZ_CP187434.1_1232	clust_rep_seq	3647	562	Retron__RT_Tot_13	3.2e-43	147.4	0.679	0.425	36	274
GCF_049816175.1|NZ_CP187434.1|NZ_CP187434.1_1232	clust_rep_seq	3647	562	Retron__RT_Tot_4	3.8e-53	180.2	0.811	0.466	18	279
GCF_049816175.1|NZ_CP187434.1|NZ_CP187434.1_1232	clust_rep_seq	3647	562	Retron__RT_Tot_5	1.6e-59	201.2	0.566	0.56	15	329
GCF_049816175.1|NZ_CP187434.1|NZ_CP187434.1_1232	clust_rep_seq	3647	562	Retron__RT_Tot_10	2.2999999999999998e-60	204.1	0.935	0.591	6	337
GCF_049816175.1|NZ_CP187434.1|NZ_CP187434.1_1232	clust_rep_seq	3647	562	Retron__RT_Tot_14	8.7e-62	208.4	0.878	0.489	14	288
GCF_049816175.1|NZ_CP187434.1|NZ_CP187434.1_1232	clust_rep_seq	3647	562	Retron__RT_Tot_6	6e-62	208.9	0.871	0.569	6	325
GCF_049816175.1|NZ_CP187434.1|NZ_CP187434.1_1232	clust_rep_seq	3647	562	Retron__RT_Tot_7	6.5e-76	255.2	0.772	0.573	14	335
GCF_049816175.1|NZ_CP187434.1|NZ_CP187434.1_1232	clust_rep_seq	3647	562	Retron__RT_Tot_15	2e-77	261.1	0.469	0.56	6	320
GCF_049816175.1|NZ_CP187434.1|NZ_CP187434.1_1232	clust_rep_seq	3647	562	Retron_I_C__RT_1_C3	1.6e-98	330.3	0.726	0.781	8	446
GCF_049816175.1|NZ_CP187434.1|NZ_CP187434.1_1232	clust_rep_seq	3647	562	Retron_XII__RT_12	1.5e-112	376.3	0.646	0.658	7	376
GCF_049816175.1|NZ_CP187434.1|NZ_CP187434.1_1232	clust_rep_seq	3647	562	Retron_I_C__RT_1_C2	1.2e-164	548.5	0.989	0.988	6	560
GCF_049816175.1|NZ_CP187434.1|NZ_CP187434.1_1232	clust_rep_seq	3647	562	Retron_I_C__RT_1_C1	7.199999999999999e-224	743.9	0.979	0.998	1	561
GCF_049816175.1|NZ_CP187434.1|NZ_CP187434.1_1253	clust_rep_seq	3651	308	Rst_DUF4238__DUF4238_Pers	1e-103	346.5	0.997	0.997	2	308
GCF_050710195.2|NZ_CM139086.1|NZ_CM139086.1_2081	clust_rep_seq	3672	148	PD-Lambda-3__PD-Lambda-3_A	4.1e-24	84.7	0.761	0.804	18	136
GCF_052076115.1|NZ_CP197263.1|NZ_CP197263.1_1784	clust_rep_seq	3686	215	RM_Type_IV__Type_IV_05	6e-24	84.9	0.645	0.944	11	213
GCF_052076115.1|NZ_CP197263.1|NZ_CP197263.1_1805	clust_rep_seq	3688	212	Dag__Dag3	4.2e-83	277.7	0.967	0.986	3	211
GCF_900185995.1|NZ_LT897798.1|NZ_LT897798.1_474	clust_rep_seq	3764	431	Retron_I_A__ATPase_TypeIA	1.3e-19	70.3	0.704	0.984	2	425
GCF_900185995.1|NZ_LT897798.1|NZ_LT897798.1_474	clust_rep_seq	3764	431	Septu__PtuA	4.600000000000001e-28	98.7	0.74	0.977	3	423
GCF_900185995.1|NZ_LT897798.1|NZ_LT897798.1_474	clust_rep_seq	3764	431	Paris_II__AriA_AAA21	2.1000000000000002e-57	194.8	0.849	0.993	3	430
GCF_900185995.1|NZ_LT897798.1|NZ_LT897798.1_474	clust_rep_seq	3764	431	Paris_I__AriA_AAA15	3.5e-65	220.7	0.917	0.984	3	426
GCF_900185995.1|NZ_LT897798.1|NZ_LT897798.1_475	clust_rep_seq	3765	300	Paris_II__AriB_DUF4435_II	1.6e-22	80.3	0.844	0.893	13	280
GCF_900185995.1|NZ_LT897798.1|NZ_LT897798.1_475	clust_rep_seq	3765	300	Paris_I__AriB_DUF4435_I	2.5999999999999998e-27	96.0	0.88	0.92	6	281
GCF_900185995.1|NZ_LT897798.1|NZ_LT897798.1_484	clust_rep_seq	3767	378	Abi2__Abi_2	1.5000000000000001e-46	158.5	0.994	0.513	36	229
GCF_900185995.1|NZ_LT897798.1|NZ_LT897798.1_484	clust_rep_seq	3767	378	AbiD__AbiD	3.7e-86	289.0	0.904	0.791	6	304
GCF_900185995.1|NZ_LT897798.1|NZ_LT897798.1_518	clust_rep_seq	3771	219	Dag__Dag15	2.2e-77	259.3	0.982	0.968	3	214
GCF_001758605.1|NZ_CP012950.1|NZ_CP012950.1_1262	clust_rep_seq	3792	340	Dazbog__DzbA	2.7999999999999997e-41	141.5	0.654	0.721	4	248
GCF_001758605.1|NZ_CP012950.1|NZ_CP012950.1_1271	clust_rep_seq	3795	328	FS_GIY_YIG__GIY_YIG	5.3e-88	294.9	0.949	0.96	3	317
GCF_001758605.1|NZ_CP012950.1|NZ_CP012950.1_1279	clust_rep_seq	3797	263	Lamassu__LmuA_Mrr	3e-21	76.2	0.452	0.529	12	150
GCF_019670485.1|NZ_AP024165.1|NZ_AP024165.1_1097	clust_rep_seq	3834	211	AbiV__AbiV	1.5e-06	27.7	0.637	0.635	19	152
GCF_019670485.1|NZ_AP024165.1|NZ_AP024165.1_1110	clust_rep_seq	3839	271	AbiAlpha__AbiAlpha	1.8999999999999998e-44	151.4	1.0	0.694	77	264
GCF_019670485.1|NZ_AP024165.1|NZ_AP024165.1_1112	clust_rep_seq	3840	219	Retron_VII_2__DUF3800	4.3e-10	39.7	0.991	0.872	5	195
GCF_019670485.1|NZ_AP024165.1|NZ_AP024165.1_1114	clust_rep_seq	3841	291	CBASS__Endonuc_small	1.5e-15	57.0	0.432	0.368	10	116
GCF_019670485.1|NZ_AP024165.1|NZ_AP024165.1_1114	clust_rep_seq	3841	291	PD_DExK_I_II_III_IV_V_VI_5	3e-23	81.3	0.85	0.381	6	116
GCF_019670485.1|NZ_AP024165.1|NZ_AP024165.1_1128	clust_rep_seq	3846	278	Aristaios__Aristaios	6.9e-32	110.7	0.567	0.881	19	263
GCF_019670485.1|NZ_AP024165.1|NZ_AP024165.1_1167	clust_rep_seq	3857	399	Dazbog__DzbA	9.3e-20	70.7	0.662	0.614	143	387
GCF_021397735.1|NZ_CP090179.1|NZ_CP090179.1_475	clust_rep_seq	3864	239	VcaM4I__VcaM4I	9.3e-61	205.8	0.512	0.741	62	238
GCF_021397735.1|NZ_CP090179.1|NZ_CP090179.1_491	clust_rep_seq	3865	291	BstA__BstA	8.899999999999999e-118	392.1	0.964	0.993	2	290
GCF_021730085.1|NZ_CP068641.1|NZ_CP068641.1_1460	clust_rep_seq	3894	218	DS-45__DS-45	1.1e-65	220.9	0.943	0.991	2	217
GCF_022343085.1|NZ_CP082303.1|NZ_CP082303.1_1750	clust_rep_seq	3896	251	AbiJ__AbiJ	8.6e-13	47.8	0.46	0.558	104	243
GCF_009665475.1|NZ_CP035731.1|NZ_CP035731.1_396	clust_rep_seq	3922	291	VP1826__VP1826	9e-56	189.5	0.609	0.821	1	239
GCF_009665495.1|NZ_CP035701.1|NZ_CP035701.1_1359	clust_rep_seq	3930	269	Hailong__HalA	4.4999999999999996e-41	140.8	0.677	0.87	36	269
GCF_009763065.1|NZ_CP046750.1|NZ_CP046750.1_78	clust_rep_seq	3962	336	FS_HsdR_like__DUF6731	0.00011	21.0	0.483	0.509	8	178
GCF_009763625.1|NZ_CP046787.1|NZ_CP046787.1_2069	clust_rep_seq	3995	309	CBASS__Endonuc_small	5.799999999999999e-23	81.4	0.523	0.405	5	129
GCF_009763625.1|NZ_CP046787.1|NZ_CP046787.1_2069	clust_rep_seq	3995	309	Damona__VCA0399	2.2e-32	111.9	0.662	0.722	23	245
GCF_009763625.1|NZ_CP046787.1|NZ_CP046787.1_2069	clust_rep_seq	3995	309	PD_DExK_I_II_III_IV_V_VI_5	1.2e-36	124.5	0.969	0.395	4	125
GCF_009763625.1|NZ_CP046787.1|NZ_CP046787.1_2070	clust_rep_seq	3996	224	RM_Type_II__Type_II_MTases_FAM_26	2.2e-12	46.1	0.722	0.955	5	218
GCF_009763625.1|NZ_CP046787.1|NZ_CP046787.1_2070	clust_rep_seq	3996	224	RM_Type_II__Type_II_MTases_FAM_3	1.2e-34	119.6	0.896	0.969	3	219
GCF_009763625.1|NZ_CP046787.1|NZ_CP046787.1_2070	clust_rep_seq	3996	224	RM_Type_II__Type_II_MTases_FAM_1	1.1999999999999999e-41	142.6	0.879	0.973	3	220
GCF_009763625.1|NZ_CP046787.1|NZ_CP046787.1_2070	clust_rep_seq	3996	224	Toutatis__TutB_VCA0447	9.3e-158	523.1	0.862	1.0	1	224
GCF_009763625.1|NZ_CP046787.1|NZ_CP046787.1_2081	clust_rep_seq	3997	291	CBASS__Effector_TIR	3.5e-29	101.3	0.491	0.605	2	177
GCF_028898705.1|NZ_CP118596.1|NZ_CP118596.1_1471	clust_rep_seq	4012	253	DS-34__DS-34B	2.4e-83	279.6	0.758	0.984	4	252
GCF_029958905.1|NZ_CP124613.1|NZ_CP124613.1_865	clust_rep_seq	4040	370	Aristaios__Aristaios	1e-48	166.0	0.629	0.854	53	368
GCF_030238725.2|NZ_CP160382.1|NZ_CP160382.1_1782	clust_rep_seq	4070	427	Paris_II__AriA_AAA21	1.2e-28	100.1	0.854	0.789	1	337
GCF_030238725.2|NZ_CP160382.1|NZ_CP160382.1_1782	clust_rep_seq	4070	427	Retron_I_A__ATPase_TypeIA	1.1999999999999999e-73	248.5	0.418	0.529	201	426
GCF_030238725.2|NZ_CP160382.1|NZ_CP160382.1_1782	clust_rep_seq	4070	427	Septu__PtuA	1.7999999999999997e-114	383.4	0.954	0.986	1	421
GCF_030238725.2|NZ_CP160382.1|NZ_CP160382.1_1783	clust_rep_seq	4071	209	Retron_I_A__HNH_TIGR02646	4.3e-25	88.3	0.889	0.99	1	207
GCF_030238725.2|NZ_CP160382.1|NZ_CP160382.1_1783	clust_rep_seq	4071	209	Septu__PtuB	1.8e-30	106.4	0.902	0.995	1	208
GCF_030238725.2|NZ_CP160382.1|NZ_CP160382.1_1784	clust_rep_seq	4072	133	Thoeris__ThsF_DUF2270	3.6e-49	165.8	0.949	0.977	1	130
GCF_030238765.2|NZ_CM129898.1|NZ_CM129898.1_1236	clust_rep_seq	4092	297	AbiT__AbiTii	2.7000000000000003e-20	72.6	0.737	0.576	3	173
GCF_030580635.1|NZ_CP129422.1|NZ_CP129422.1_349	clust_rep_seq	4097	238	DS-15__DS-15C	1.4e-12	47.1	0.744	0.71	60	228
GCF_030580635.1|NZ_CP129422.1|NZ_CP129422.1_350	clust_rep_seq	4098	163	DS-15__DS-15B	2.2e-18	65.9	0.886	0.669	50	158
GCF_045004305.1|NZ_CP173389.1|NZ_CP173389.1_2022	clust_rep_seq	4112	130	Kiwa__KwaA	1.3e-18	66.8	0.529	0.8	7	110
GCF_045348105.1|NZ_CP150831.1|NZ_CP150831.1_956	clust_rep_seq	4117	329	PD-T4-7__PD-T4-7	7.799999999999999e-68	228.4	0.964	0.939	2	310
GCF_045348105.1|NZ_CP150831.1|NZ_CP150831.1_964	clust_rep_seq	4119	203	AbiA_small__SLATT	1.3e-10	40.7	0.665	0.635	25	153
GCF_045348105.1|NZ_CP150831.1|NZ_CP150831.1_964	clust_rep_seq	4119	203	DRT_3__SLATT	1.3e-36	125.2	0.785	0.788	2	161
GCF_046271895.1|NZ_CP176646.1|NZ_CP176646.1_1675	clust_rep_seq	4160	140	FS_HEPN_TM__TM	3e-06	26.6	0.468	0.664	12	104
GCF_056097205.1|NZ_CP184760.1|NZ_CP184760.1_1476	clust_rep_seq	4209	309	Rugutis__Rugutis	1.1e-54	185.6	0.764	0.974	8	308
GCF_056135565.1|NZ_CM148681.1|NZ_CM148681.1_1206	clust_rep_seq	4214	307	Epona__VCA0366	3.4e-110	367.7	0.994	0.993	2	306
GCF_057368455.1|NZ_CM170641.1|NZ_CM170641.1_975	clust_rep_seq	4238	314	Lit__Lit	1.8e-69	233.7	0.965	0.959	4	304
GCF_057368455.1|NZ_CM170641.1|NZ_CM170641.1_981	clust_rep_seq	4240	371	CBASS__Endonuc_small	2.4e-07	30.3	0.473	0.307	37	150
GCF_057368455.1|NZ_CM170641.1|NZ_CM170641.1_981	clust_rep_seq	4240	371	PD_DExK_I_II_III_IV_V_VI_5	3.7000000000000004e-26	90.6	0.969	0.329	23	144
GCF_057368455.1|NZ_CM170641.1|NZ_CM170641.1_1005	clust_rep_seq	4248	405	Retron__RT_Tot_5	1.9e-29	102.0	0.524	0.674	11	283
GCF_057368455.1|NZ_CM170641.1|NZ_CM170641.1_1005	clust_rep_seq	4248	405	Retron__RT_Tot_15	2.4e-29	102.2	0.529	0.842	14	354
GCF_057368455.1|NZ_CM170641.1|NZ_CM170641.1_1005	clust_rep_seq	4248	405	Retron__RT_Tot_13	4.3000000000000004e-30	104.3	0.704	0.598	39	280
GCF_057368455.1|NZ_CM170641.1|NZ_CM170641.1_1005	clust_rep_seq	4248	405	Retron__RT_Tot_6	8e-37	126.4	0.88	0.77	14	325
GCF_057368455.1|NZ_CM170641.1|NZ_CM170641.1_1005	clust_rep_seq	4248	405	Retron__RT_Tot_7	3.8e-49	167.1	0.825	0.81	13	340
GCF_057368455.1|NZ_CM170641.1|NZ_CM170641.1_1005	clust_rep_seq	4248	405	Retron__RT_Tot_10	5.7e-69	232.3	0.917	0.793	10	330
GCF_057368455.1|NZ_CM170641.1|NZ_CM170641.1_1005	clust_rep_seq	4248	405	Retron__RT_Tot_9	5.2e-82	275.4	0.957	0.941	12	392
GCF_057368455.1|NZ_CM170641.1|NZ_CM170641.1_1005	clust_rep_seq	4248	405	Retron__RT_Tot_8	2.2e-183	609.1	0.992	0.968	3	394
GCF_057368455.1|NZ_CM170641.1|NZ_CM170641.1_1006	clust_rep_seq	4249	242	Retron_IV__2TM	9.5e-80	266.8	0.983	0.963	10	242
GCF_057368455.1|NZ_CM170641.1|NZ_CM170641.1_1044	clust_rep_seq	4268	269	Aristaios__Aristaios	5.4e-44	150.5	0.623	0.892	10	249
GCF_057396045.1|NZ_CM171552.1|NZ_CM171552.1_1185	clust_rep_seq	4281	198	ShosTA__ShosT	9.3e-11	41.4	0.591	0.687	62	197
GCF_057396045.1|NZ_CM171552.1|NZ_CM171552.1_1201	clust_rep_seq	4286	214	VP1848__VP1848	4.1e-99	329.9	0.986	0.991	2	213
GCF_057396045.1|NZ_CM171552.1|NZ_CM171552.1_1232	clust_rep_seq	4291	154	MqsRAC__mqsC	4.0000000000000003e-28	98.2	0.903	0.974	4	153
GCF_057396045.1|NZ_CM171552.1|NZ_CM171552.1_1234	clust_rep_seq	4292	240	RM_Type_IV__Type_IV_05	3.9999999999999997e-22	78.9	0.605	0.713	70	240
GCF_057396045.1|NZ_CM171552.1|NZ_CM171552.1_1283	clust_rep_seq	4305	182	Butters_gp30_gp31__Butters_gp31	4.5e-07	29.6	0.887	0.967	1	176
GCF_057418845.1|NZ_CP166928.1|NZ_CP166928.1_704	clust_rep_seq	4314	361	Shedu__SduA	8.2e-38	130.5	0.815	0.95	18	360
GCF_057418845.1|NZ_CP166928.1|NZ_CP166928.1_715	clust_rep_seq	4316	523	Septu__PtuA	1.5e-23	83.9	0.8	0.585	173	478
GCF_057418845.1|NZ_CP166928.1|NZ_CP166928.1_715	clust_rep_seq	4316	523	Septu__PtuA_2	6.3e-176	585.5	0.951	0.992	1	519
GCF_057418855.1|NZ_CP166930.1|NZ_CP166930.1_1006	clust_rep_seq	4326	566	Lamassu__LmuB_Short	6.8e-45	153.4	0.974	0.998	1	565
GCF_057418855.1|NZ_CP166930.1|NZ_CP166930.1_1119	clust_rep_seq	4327	290	Retron_I_A__HNH_TIGR02646	4.6e-07	29.3	0.406	0.303	87	174
GCF_057418855.1|NZ_CP166930.1|NZ_CP166930.1_1119	clust_rep_seq	4327	290	Septu__PtuB	4.1e-14	52.9	0.584	0.497	94	237
GCF_057418855.1|NZ_CP166930.1|NZ_CP166930.1_1119	clust_rep_seq	4327	290	Septu__PtuB_2	5.7e-38	130.8	0.862	0.859	1	249
GCF_057439855.1|NZ_CM172000.1|NZ_CM172000.1_1903	clust_rep_seq	4337	356	Aristaios__Aristaios	2.1e-34	119.0	0.607	0.643	1	229
GCF_057439875.1|NZ_CM172002.1|NZ_CM172002.1_1366	clust_rep_seq	4344	221	Retron_I_A__HNH_TIGR02646	5.1e-14	52.1	0.466	0.48	25	130
GCF_057439875.1|NZ_CM172002.1|NZ_CM172002.1_1366	clust_rep_seq	4344	221	Septu__PtuB	3.3e-36	125.1	0.579	0.665	21	167
GCF_057439875.1|NZ_CM172002.1|NZ_CM172002.1_1367	clust_rep_seq	4345	473	Retron_I_A__ATPase_TypeIA	2.7999999999999998e-24	85.6	0.766	0.86	2	408
GCF_057439875.1|NZ_CM172002.1|NZ_CM172002.1_1367	clust_rep_seq	4345	473	Paris_I__AriA_AAA15	8.700000000000001e-30	104.1	0.898	0.786	23	394
GCF_057439875.1|NZ_CM172002.1|NZ_CM172002.1_1367	clust_rep_seq	4345	473	Paris_II__AriA_AAA21	5e-32	111.2	0.846	0.805	21	401
GCF_057439875.1|NZ_CM172002.1|NZ_CM172002.1_1367	clust_rep_seq	4345	473	Septu__PtuA_2	2.0999999999999999e-38	131.7	0.471	0.77	21	384
GCF_057439875.1|NZ_CM172002.1|NZ_CM172002.1_1367	clust_rep_seq	4345	473	Septu__PtuA	9.900000000000001e-55	186.6	0.91	0.951	17	466
GCF_057439875.1|NZ_CM172002.1|NZ_CM172002.1_1372	clust_rep_seq	4348	335	Belisama__VCA0458	5.8e-32	110.4	0.875	0.827	53	329
GCF_057784735.1|NZ_CM173495.1|NZ_CM173495.1_688	clust_rep_seq	4368	480	PD-Lambda-1__PD-Lambda-1	5e-177	589.1	0.965	0.996	1	478
GCF_057784735.1|NZ_CM173495.1|NZ_CM173495.1_689	clust_rep_seq	4369	432	PD-T7-3__PD-T7-3	2.4e-49	168.2	0.965	0.933	7	409
GCF_057785915.1|NZ_CM173507.1|NZ_CM173507.1_1126	clust_rep_seq	4373	127	Cernunnos__VCA0410	7.5e-23	80.3	0.651	0.929	8	125
GCF_057785955.1|NZ_CM173512.1|NZ_CM173512.1_13	clust_rep_seq	4385	213	RM_Type_IV__Type_IV_05	6.8e-22	78.2	0.762	0.836	36	213
GCF_057785975.1|NZ_CM173513.1|NZ_CM173513.1_1117	clust_rep_seq	4389	455	PD-T7-5__PD-T7-5	2e-59	200.8	0.855	0.705	112	432
GCF_057785975.1|NZ_CM173513.1|NZ_CM173513.1_1117	clust_rep_seq	4389	455	PD-T7-1__PD-T7-1	2.9999999999999995e-187	622.3	0.982	0.98	8	453
GCF_057785975.1|NZ_CM173514.1|NZ_CM173514.1_982	clust_rep_seq	4398	292	Aristaios__Aristaios	4.6e-42	144.2	0.586	0.959	4	283
GCF_057785995.1|NZ_CM173517.1|NZ_CM173517.1_1645	clust_rep_seq	4400	143	Lugos__Lugos	2.2e-29	101.4	0.806	0.93	1	133
GCF_001969325.1|NZ_CP019293.1|NZ_CP019293.1_1278	clust_rep_seq	4415	265	Aristaios__Aristaios	5.7e-56	189.9	0.626	0.966	3	258
GCF_002212025.1|NZ_CP022104.1|NZ_CP022104.1_354	clust_rep_seq	4432	208	Hailong__HalB	6.7e-70	234.8	0.935	0.976	2	204
GCF_002212025.1|NZ_CP022104.1|NZ_CP022104.1_366	clust_rep_seq	4437	366	Shedu__SduA	1.1e-33	116.8	0.774	0.71	99	358
GCF_002257545.1|NZ_CP022742.1|NZ_CP022742.1_657	clust_rep_seq	4479	282	Aristaios__Aristaios	3e-52	177.6	0.617	0.95	3	270
GCF_000969235.1|NZ_CP010811.1|NZ_CP010811.1_2419	clust_rep_seq	4505	269	AbiAlpha__AbiAlpha	1.8e-31	109.1	1.0	0.71	70	260
GCF_001244315.1|NZ_CP009982.1|NZ_CP009982.1_1161	clust_rep_seq	4544	169	RosmerTA__RmrA_2641389401	8.3e-08	31.0	0.404	0.947	6	165
GCF_001262735.2|NZ_CP169261.1|NZ_CP169261.1_2035	clust_rep_seq	4561	245	RM_Type_IV__Type_IV_05	8.5e-24	84.4	0.617	0.706	67	239
GCF_001262735.2|NZ_CP169261.1|NZ_CP169261.1_2035	clust_rep_seq	4561	245	EcoKMcrA__EcoKMcrA	7.9e-36	123.7	0.449	0.767	46	233
GCF_001310575.2|NZ_CP045859.1|NZ_CP045859.1_1273	clust_rep_seq	4580	61	PD-T2-1__PD-T2-1A	7.3e-20	71.2	0.756	0.967	1	59
GCF_001310575.2|NZ_CP045859.1|NZ_CP045859.1_1302	clust_rep_seq	4594	225	AbiV__AbiV	2.3e-10	40.1	0.711	0.644	13	157
GCF_001310575.2|NZ_CP045859.1|NZ_CP045859.1_1303	clust_rep_seq	4595	267	PD_DExK_I_II_III_IV_V_VI_5	1.5e-21	75.8	0.937	0.449	4	123
GCF_001310575.2|NZ_CP045859.1|NZ_CP045859.1_1305	clust_rep_seq	4596	195	Dag__Dag4	3e-36	124.4	0.871	0.933	12	193
GCF_001310575.2|NZ_CP045859.1|NZ_CP045859.1_1309	clust_rep_seq	4598	249	JukAB__JukA	3.9000000000000003e-35	121.2	0.867	0.988	2	247
GCF_001695575.2|NZ_LUAX02000002.1|NZ_LUAX02000002.1_13	clust_rep_seq	4609	484	PD-T7-5__PD-T7-5	5.5e-51	173.0	0.897	0.68	141	469
GCF_001695575.2|NZ_LUAX02000002.1|NZ_LUAX02000002.1_13	clust_rep_seq	4609	484	PD-T7-1__PD-T7-1	7.3e-160	532.0	0.982	0.909	36	475
GCF_001700835.1|NZ_CP010883.1|NZ_CP010883.1_1847	clust_rep_seq	4616	216	VP1848__VP1848	5.900000000000001e-79	264.0	0.991	0.986	3	215
GCF_001700835.1|NZ_CP010886.1|NZ_CP010886.1_1	clust_rep_seq	4617	137	Lugos__Lugos	7.1e-21	73.8	0.787	0.978	1	134
GCF_001700835.1|NZ_CP010886.1|NZ_CP010886.1_15	clust_rep_seq	4620	248	Aristaios__Aristaios	1.1e-48	165.9	0.576	0.988	2	246
GCF_001700835.1|NZ_CP010886.1|NZ_CP010886.1_31	clust_rep_seq	4625	252	Sirona__VCA0356	8.2e-28	97.0	0.606	0.623	2	158
GCF_001700835.1|NZ_CP010886.1|NZ_CP010886.1_69	clust_rep_seq	4630	332	Lamassu__LmuA_Hydrolase	8.600000000000001e-63	211.9	0.93	0.91	7	308
GCF_001700835.1|NZ_CP010886.1|NZ_CP010886.1_71	clust_rep_seq	4632	839	Hachiman__HamB	2.1999999999999997e-51	174.6	0.417	0.458	141	524
GCF_002953335.1|NZ_CP014094.1|NZ_CP014094.1_1666	clust_rep_seq	4647	116	VP1839__VP1839	1.1e-13	50.6	0.5	0.828	7	102
GCF_002953335.1|NZ_CP014093.1|NZ_CP014093.1_109	clust_rep_seq	4656	272	TIR-I__TIR-I_A	1.5999999999999999e-133	444.8	0.714	0.982	1	267
GCF_002953355.1|NZ_CP014134.1|NZ_CP014134.1_43	clust_rep_seq	4658	422	SEFIR__bSEFIR	6.1000000000000006e-71	239.8	0.403	0.405	3	173
GCF_002953355.1|NZ_CP014134.1|NZ_CP014134.1_47	clust_rep_seq	4659	170	Thoeris__ThsF_DUF2270_like	4.7e-15	54.9	0.939	0.929	5	162
GCF_002953355.1|NZ_CP014134.1|NZ_CP014134.1_61	clust_rep_seq	4663	201	Dag__Dag6	1.3e-56	191.3	0.78	0.97	6	200
GCF_002953355.1|NZ_CP014134.1|NZ_CP014134.1_72	clust_rep_seq	4668	299	EcoKMcrA__EcoKMcrA	6.600000000000001e-26	91.1	0.449	0.753	70	294
GCF_002953355.1|NZ_CP014134.1|NZ_CP014134.1_81	clust_rep_seq	4670	240	Shedu__SduA	1.7e-25	89.9	0.513	0.779	10	196
GCF_004135105.1|NZ_CP035458.1|NZ_CP035458.1_615	clust_rep_seq	4721	284	PD-T2-1__PD-T2-1B	7.599999999999999e-90	300.7	0.986	0.989	4	284
GCF_004319645.1|NZ_CP027030.1|NZ_CP027030.1_1267	clust_rep_seq	4738	793	Gabija__GajB_3	2.3e-09	36.5	0.573	0.317	510	760
GCF_004319645.1|NZ_CP027030.1|NZ_CP027030.1_1267	clust_rep_seq	4738	793	Gabija__GajB_2	1.3e-49	168.8	0.737	0.675	226	760
GCF_004319645.1|NZ_CP027030.1|NZ_CP027030.1_1267	clust_rep_seq	4738	793	Armada_type_II__ArmD_redo	9.5e-93	311.3	0.96	0.937	18	760
GCF_004319645.1|NZ_CP027030.1|NZ_CP027030.1_1273	clust_rep_seq	4740	277	AbiAlpha__AbiAlpha	3.3999999999999997e-44	150.6	0.974	0.7	74	267
GCF_004319645.1|NZ_CP027030.1|NZ_CP027030.1_1276	clust_rep_seq	4741	135	Lugos__Lugos	3.5000000000000004e-26	91.0	0.706	0.874	1	118
GCF_005280275.1|NZ_CP040022.1|NZ_CP040022.1_137	clust_rep_seq	4755	259	Pycsar__AG_cyclase	6.7e-12	44.7	0.596	0.768	20	218
GCF_006364355.1|NZ_CP040990.1|NZ_CP040990.1_2412	clust_rep_seq	4761	277	CBASS__Effector_TIR	8.900000000000001e-36	123.0	0.442	0.549	2	153
GCF_008369605.1|NZ_CP043556.1|NZ_CP043556.1_907	clust_rep_seq	4799	336	Aristaios__Aristaios	1.6e-36	126.0	0.601	0.676	25	251
GCF_011212705.1|NZ_CP048693.1|NZ_CP048693.1_2716	clust_rep_seq	4803	331	Menshen__NsnA	3.9000000000000003e-35	121.2	0.862	0.973	4	325
GCF_011306175.1|NZ_CP049914.1|NZ_CP049914.1_518	clust_rep_seq	4816	198	Aristaios__Aristaios	3.1e-42	144.7	0.461	0.869	27	198
GCF_011306175.1|NZ_CP049914.1|NZ_CP049914.1_523	clust_rep_seq	4817	287	Aristaios__Aristaios	1.2e-43	149.3	0.604	0.983	2	283
GCF_013357685.1|NZ_CP053803.1|NZ_CP053803.1_373	clust_rep_seq	4851	168	CBASS__2TM_Gros	7.4e-09	35.6	0.68	0.923	7	161
GCF_013357685.1|NZ_CP053803.1|NZ_CP053803.1_373	clust_rep_seq	4851	168	CBASS__2TM_new	1.1e-29	103.2	0.669	0.94	6	163
GCF_013357685.1|NZ_CP053803.1|NZ_CP053803.1_374	clust_rep_seq	4852	259	CBASS__Cyclase_II	1.6e-08	33.5	0.527	0.625	17	178
GCF_013357685.1|NZ_CP053803.1|NZ_CP053803.1_374	clust_rep_seq	4852	259	CBASS__Cyclase_SMODS	5.2e-41	140.1	1.0	0.61	1	158
GCF_013357685.1|NZ_CP053803.1|NZ_CP053803.1_406	clust_rep_seq	4858	546	DRT_4__drt4	2.1e-175	584.2	0.903	0.943	2	516
GCF_013357685.1|NZ_CP053803.1|NZ_CP053803.1_408	clust_rep_seq	4859	514	RT_I_II_III_IV_V_VI_1	4.3e-14	51.6	0.529	0.29	124	272
GCF_013357685.1|NZ_CP053803.1|NZ_CP053803.1_408	clust_rep_seq	4859	514	DRT8__DRT8	1.7000000000000001e-115	386.3	0.994	0.996	1	512
GCF_013357685.1|NZ_CP053803.1|NZ_CP053803.1_408	clust_rep_seq	4859	514	DRT8__DRT8a	7.9e-147	490.0	0.936	0.998	1	513
GCF_013357745.1|NZ_CP053807.1|NZ_CP053807.1_343	clust_rep_seq	4876	377	Retron_I_A__ATPase_TypeIA	1.3e-10	40.5	0.401	0.546	142	347
GCF_013357745.1|NZ_CP053807.1|NZ_CP053807.1_343	clust_rep_seq	4876	377	Paris_II__AriA_AAA21	1.3000000000000001e-20	73.6	0.763	0.708	8	274
GCF_013357745.1|NZ_CP053807.1|NZ_CP053807.1_343	clust_rep_seq	4876	377	Septu__PtuA_2	3.5e-25	88.1	0.575	0.873	10	338
GCF_013357745.1|NZ_CP053807.1|NZ_CP053807.1_343	clust_rep_seq	4876	377	Septu__PtuA	1.5999999999999999e-29	103.5	0.924	0.971	7	372
GCF_013357745.1|NZ_CP053807.1|NZ_CP053807.1_344	clust_rep_seq	4877	204	Septu__PtuB	4.0999999999999995e-22	79.0	0.589	0.784	15	174
GCF_013357805.1|NZ_CP053814.1|NZ_CP053814.1_296	clust_rep_seq	4897	224	Kiwa__KwaB	1.7e-31	109.4	0.616	0.906	9	211
GCF_014788305.1|NZ_CP061845.1|NZ_CP061845.1_173	clust_rep_seq	4906	495	RT_I_II_III_IV_V_VI_1	4.7e-71	238.6	0.869	0.539	64	330
GCF_014788305.1|NZ_CP061845.1|NZ_CP061845.1_187	clust_rep_seq	4911	201	CBASS__2TM_Gros	4.3e-15	56.0	0.639	0.915	14	197
GCF_014788305.1|NZ_CP061845.1|NZ_CP061845.1_187	clust_rep_seq	4911	201	CBASS__Effector_2TM_S_2TMBeta	2.6000000000000002e-30	105.0	0.994	0.871	15	189
GCF_014788305.1|NZ_CP061845.1|NZ_CP061845.1_187	clust_rep_seq	4911	201	Panoptes__OptE	3.7e-92	307.2	1.0	1.0	1	201
GCF_014879975.1|NZ_CP062500.1|NZ_CP062500.1_1652	clust_rep_seq	4918	278	EcoKMcrA__EcoKMcrA	5.9e-34	117.6	0.405	0.806	50	273
GCF_015767675.1|NZ_CP065219.1|NZ_CP065219.1_98	clust_rep_seq	4960	253	Aristaios__Aristaios	5.3e-47	160.4	0.573	0.992	2	252
GCF_015767675.1|NZ_CP065219.1|NZ_CP065219.1_101	clust_rep_seq	4961	180	AbiQ__AbiQ	1.9999999999999998e-41	141.0	0.942	0.889	1	160
GCF_019321785.1|NZ_CP074415.1|NZ_CP074415.1_1993	clust_rep_seq	4968	231	Paris_II__AriA_AAA21	1e-15	57.5	0.421	0.775	11	189
GCF_019321785.1|NZ_CP074415.1|NZ_CP074415.1_1993	clust_rep_seq	4968	231	Septu__PtuA	6.5e-33	114.7	0.503	0.918	18	229
GCF_024347015.1|NZ_AP024891.1|NZ_AP024891.1_51	clust_rep_seq	5007	275	Thoeris__ThsA_MacroTM	1.7e-66	224.0	0.971	0.935	3	259
GCF_024347395.1|NZ_AP025472.1|NZ_AP025472.1_1126	clust_rep_seq	5026	243	DS-18__DS-18	1.5e-87	292.4	0.968	0.996	1	242
GCF_024347395.1|NZ_AP025472.1|NZ_AP025472.1_1134	clust_rep_seq	5031	162	Retron_IX__HEPN	6.3e-06	25.9	0.761	0.63	22	123
GCF_024347395.1|NZ_AP025472.1|NZ_AP025472.1_1160	clust_rep_seq	5038	320	Aristaios__Aristaios	8.5e-48	163.0	0.573	0.872	33	311
GCF_024347535.1|NZ_AP025498.1|NZ_AP025498.1_1167	clust_rep_seq	5067	207	AbiG__AbiGi	3.1e-40	137.8	0.753	0.995	1	206
GCF_030704285.1|NZ_CP131931.1|NZ_CP131931.1_1603	clust_rep_seq	5102	239	CBASS__Endonuc_small	1.3e-16	60.5	0.423	0.427	16	117
GCF_030704285.1|NZ_CP131931.1|NZ_CP131931.1_1603	clust_rep_seq	5102	239	PD_DExK_I_II_III_IV_V_VI_5	1.6e-33	114.4	0.953	0.502	3	122
GCF_030994145.1|NZ_CP099919.1|NZ_CP099919.1_1245	clust_rep_seq	5108	188	Kiwa__KwaA	8.7e-11	41.3	0.948	0.995	1	187
GCF_030994145.1|NZ_CP099919.1|NZ_CP099919.1_1246	clust_rep_seq	5109	275	Kiwa__KwaB	1.4e-13	50.5	0.79	0.873	30	269
GCF_030994145.1|NZ_CP099919.1|NZ_CP099919.1_1246	clust_rep_seq	5109	275	Kiwa__KwaB_2	1.4e-58	198.0	0.896	0.938	15	272
GCF_032027525.2|NZ_CP184804.1|NZ_CP184804.1_267	clust_rep_seq	5162	432	Clover__CloA	2.4e-32	111.7	0.499	0.565	11	254
GCF_032027525.2|NZ_CP184804.1|NZ_CP184804.1_267	clust_rep_seq	5162	432	dGTPase__Sp_dGTPase	1.7e-175	583.7	0.962	0.975	12	432
GCF_045820715.1|NZ_CP174456.1|NZ_CP174456.1_1588	clust_rep_seq	5203	280	CBASS__Endonuc_small	1.9e-17	63.3	0.432	0.371	33	136
GCF_045820715.1|NZ_CP174456.1|NZ_CP174456.1_1588	clust_rep_seq	5203	280	PD_DExK_I_II_III_IV_V_VI_5	5.7000000000000006e-36	122.4	0.85	0.393	26	135
GCF_045820715.1|NZ_CP174456.1|NZ_CP174456.1_1588	clust_rep_seq	5203	280	Damona__VCA0399	1.6e-101	338.7	0.972	0.968	1	271
GCF_045820715.1|NZ_CP174456.1|NZ_CP174456.1_1623	clust_rep_seq	5213	375	DS-5__DS-5B	1.5e-58	198.4	0.989	0.971	8	371
GCF_045820715.1|NZ_CP174456.1|NZ_CP174456.1_1623	clust_rep_seq	5213	375	gcu24__gcu24	3.3e-107	358.8	0.884	0.989	3	373
GCF_045820715.1|NZ_CP174456.1|NZ_CP174456.1_1624	clust_rep_seq	5214	436	PD-T7-3__PD-T7-3	2.0000000000000002e-144	481.5	0.993	0.984	1	429
GCF_045820715.1|NZ_CP174456.1|NZ_CP174456.1_1626	clust_rep_seq	5215	240	Aristaios__Aristaios	6.1e-22	78.0	0.545	0.879	14	224
GCF_046097525.1|NZ_CP175807.1|NZ_CP175807.1_353	clust_rep_seq	5218	382	CBASS__Endonuc_small	1.3e-16	60.5	0.498	0.309	30	147
GCF_046097525.1|NZ_CP175807.1|NZ_CP175807.1_353	clust_rep_seq	5218	382	PD_DExK_I_II_III_IV_V_VI_5	2.1e-31	107.6	0.976	0.319	25	146
GCF_046581405.1|NZ_CP041683.1|NZ_CP041683.1_3221	clust_rep_seq	5236	338	CapRel__CapRel	1.7e-45	155.2	0.944	0.962	10	334
GCF_046850195.1|NZ_CP133986.1|NZ_CP133986.1_1000	clust_rep_seq	5250	183	PD-T4-4__PD-T4-4_B	2e-06	27.1	0.864	0.852	24	179
GCF_046850195.1|NZ_CP133986.1|NZ_CP133986.1_1001	clust_rep_seq	5251	466	Paris_II__AriA_AAA21	3.5e-16	59.1	0.839	0.818	7	387
GCF_046850195.1|NZ_CP133986.1|NZ_CP133986.1_1001	clust_rep_seq	5251	466	PD-T4-4__PD-T4-4_A	2.3e-76	257.2	0.991	0.964	11	459
GCF_046850195.1|NZ_CP133986.1|NZ_CP133986.1_1027	clust_rep_seq	5255	405	Retron_IX__HEPN	6.8e-07	29.0	0.872	0.247	160	259
GCF_049563345.1|NZ_CP110481.1|NZ_CP110481.1_316	clust_rep_seq	5265	472	DS-20__DS-20	7.499999999999999e-164	545.7	0.986	1.0	1	472
GCF_049810405.1|NZ_CP187389.1|NZ_CP187389.1_1269	clust_rep_seq	5268	368	PD-T2-1__PD-T2-1B	1.4e-90	303.1	0.982	0.995	1	366
GCF_049818045.1|NZ_CP187480.1|NZ_CP187480.1_1789	clust_rep_seq	5285	199	AbiA_small__AbiA_SLATT	3.6e-07	29.6	0.726	0.688	9	145
GCF_049818045.1|NZ_CP187480.1|NZ_CP187480.1_1789	clust_rep_seq	5285	199	DRT9__SLATT	1.3e-15	56.8	0.955	0.955	7	196
GCF_049818045.1|NZ_CP187480.1|NZ_CP187480.1_1789	clust_rep_seq	5285	199	AbiA_small__SLATT	1.8e-16	59.9	0.707	0.693	18	155
GCF_049818045.1|NZ_CP187480.1|NZ_CP187480.1_1789	clust_rep_seq	5285	199	DRT_3__SLATT	2.3999999999999997e-67	225.6	0.97	0.975	5	198
GCF_049821485.1|NZ_CP187514.1|NZ_CP187514.1_954	clust_rep_seq	5291	330	PD-T4-7__PD-T4-7	1.6e-55	187.9	0.751	0.73	4	244
GCF_054875955.1|NZ_CM142183.1|NZ_CM142183.1_784	clust_rep_seq	5314	329	Divona__VCA0374	2.1e-104	348.7	0.979	0.976	3	323
GCF_054906185.1|NZ_CP166973.1|NZ_CP166973.1_322	clust_rep_seq	5326	175	VP1839__VP1839	7.7e-31	106.6	0.876	0.914	2	161
GCF_056135565.1|NZ_CM148681.1|NZ_CM148681.1_1315	clust_rep_seq	5336	249	DS-18__DS-18	4e-61	205.9	0.968	0.972	7	248
GCF_056135565.1|NZ_CM148681.1|NZ_CM148681.1_1331	clust_rep_seq	5342	149	Lugos__Lugos	3.8e-28	97.4	0.725	0.913	2	137
GCF_056531025.1|NZ_CM152466.1|NZ_CM152466.1_1605	clust_rep_seq	5352	508	RT_I_II_III_IV_V_VI_1	2.1e-14	52.7	0.492	0.307	137	292
GCF_056531025.1|NZ_CM152466.1|NZ_CM152466.1_1605	clust_rep_seq	5352	508	AbiP2__AbiP2	7e-191	634.9	0.969	0.992	1	504
GCF_056531025.1|NZ_CM152466.1|NZ_CM152466.1_1711	clust_rep_seq	5358	356	DS-5__DS-5B	4e-63	213.4	0.967	0.952	1	339
GCF_056531025.1|NZ_CM152466.1|NZ_CM152466.1_1711	clust_rep_seq	5358	356	gcu24__gcu24	6.2e-95	318.4	0.872	0.978	2	349
GCF_056674835.1|NZ_CM155225.1|NZ_CM155225.1_1164	clust_rep_seq	5360	275	EcoKMcrA__EcoKMcrA	2.2e-26	92.7	0.446	0.829	43	270
GCF_056674835.1|NZ_CM155225.1|NZ_CM155225.1_1165	clust_rep_seq	5361	502	HEC-04__HEC-04	1.6e-221	735.7	0.978	0.986	2	496
GCF_056820805.1|NZ_CM165957.1|NZ_CM165957.1_1290	clust_rep_seq	5366	449	Rugutis__Rugutis	4.6e-88	295.5	0.853	0.764	100	442
GCF_056820805.1|NZ_CM165957.1|NZ_CM165957.1_1346	clust_rep_seq	5376	166	PhiR47.1_PanTA__PanA	6.6e-62	207.9	0.74	0.97	4	164
GCF_900185995.1|NZ_LT897798.1|NZ_LT897798.1_385	clust_rep_seq	5427	121	Panoptes__OptS	7.4e-53	177.4	0.992	0.992	1	120
GCF_900324435.1|NZ_LT992491.1|NZ_LT992491.1_774	clust_rep_seq	5437	215	RosmerTA__RmrT_2585209417	1.8000000000000002e-28	98.9	0.96	0.972	4	212
GCF_900324435.1|NZ_LT992491.1|NZ_LT992491.1_775	clust_rep_seq	5438	375	RosmerTA__RmrA_2676476075	5.1e-38	130.6	0.815	0.787	10	304
GCF_900324435.1|NZ_LT992491.1|NZ_LT992491.1_775	clust_rep_seq	5438	375	RosmerTA__RmrA_2641389401	1.1e-39	135.9	0.967	0.936	14	364
GCF_900324435.1|NZ_LT992491.1|NZ_LT992491.1_775	clust_rep_seq	5438	375	RosmerTA__RmrA_2753529055	1.6000000000000002e-46	158.5	0.855	0.88	9	338
GCF_900324435.1|NZ_LT992491.1|NZ_LT992491.1_775	clust_rep_seq	5438	375	RosmerTA__RmrA_2617826694	9.9e-48	162.0	0.961	0.933	12	361
GCF_900324435.1|NZ_LT992491.1|NZ_LT992491.1_775	clust_rep_seq	5438	375	RosmerTA__RmrA_2603008502	1e-50	172.5	0.959	0.947	11	365
GCF_900324435.1|NZ_LT992491.1|NZ_LT992491.1_775	clust_rep_seq	5438	375	RosmerTA__RmrA_2634882613	5.2e-58	196.2	0.952	0.976	9	374
GCF_900324435.1|NZ_LT992491.1|NZ_LT992491.1_775	clust_rep_seq	5438	375	RosmerTA__RmrA_2664250653	1.8e-62	210.8	0.937	0.949	10	365
GCF_900324435.1|NZ_LT992491.1|NZ_LT992491.1_775	clust_rep_seq	5438	375	RosmerTA__RmrA_2677172838	1.5e-62	211.1	0.955	0.936	9	359
GCF_900324435.1|NZ_LT992491.1|NZ_LT992491.1_775	clust_rep_seq	5438	375	RosmerTA__RmrA_2662548665	6.700000000000001e-64	215.7	0.902	0.939	9	360
GCF_900324435.1|NZ_LT992491.1|NZ_LT992491.1_775	clust_rep_seq	5438	375	RosmerTA__RmrA_2634932349	4.2e-65	219.3	0.906	0.899	14	350
GCF_900324435.1|NZ_LT992491.1|NZ_LT992491.1_775	clust_rep_seq	5438	375	RosmerTA__RmrA_2623274509	1.6000000000000002e-65	220.8	0.943	0.933	7	356
GCF_900324435.1|NZ_LT992491.1|NZ_LT992491.1_775	clust_rep_seq	5438	375	RosmerTA__RmrA_2734955840	1.3e-65	221.4	0.925	0.92	7	351
GCF_900324435.1|NZ_LT992491.1|NZ_LT992491.1_775	clust_rep_seq	5438	375	RosmerTA__RmrA_2600853143	1.2e-65	221.5	0.891	0.888	8	340
GCF_900324435.1|NZ_LT992491.1|NZ_LT992491.1_775	clust_rep_seq	5438	375	RosmerTA__RmrA_2585209417	1.7e-120	401.9	0.986	0.968	11	373
GCF_001558435.2|NZ_CP014038.2|NZ_CP014038.2_507	clust_rep_seq	5513	225	EcoKMcrA__EcoKMcrA	3.6e-40	138.0	0.44	0.956	5	219
GCF_001558435.2|NZ_CP014038.2|NZ_CP014038.2_562	clust_rep_seq	5530	307	RM_Type_IV__Type_IV_05	2.6e-21	76.2	0.797	0.948	11	301
GCF_001558435.2|NZ_CP014038.2|NZ_CP014038.2_573	clust_rep_seq	5536	276	Aristaios__Aristaios	2.4e-38	132.0	0.598	0.942	10	269
GCF_001558515.2|NZ_CP014049.2|NZ_CP014049.2_1217	clust_rep_seq	5550	266	EcoKMcrA__EcoKMcrA	6.7e-34	117.4	0.432	0.853	34	260
GCF_001675245.1|NZ_CP012739.1|NZ_CP012739.1_1367	clust_rep_seq	5564	269	AbiH__AbiH	2e-15	57.0	0.483	0.498	80	213
GCF_001675245.1|NZ_CP012739.1|NZ_CP012739.1_1383	clust_rep_seq	5568	142	CBASS__2TM_type_IV	2.5e-12	46.5	0.601	0.859	20	141
GCF_001675245.1|NZ_CP012739.1|NZ_CP012739.1_1415	clust_rep_seq	5573	276	Aristaios__Aristaios	1.2e-43	149.3	0.595	0.982	2	272
GCF_001675245.1|NZ_CP012740.1|NZ_CP012740.1_299	clust_rep_seq	5577	594	NLR_like_bNACHT01__NLR_like_bNACHT01	6.3e-142	473.8	0.962	0.956	3	570
GCF_001679745.1|NZ_CP016224.1|NZ_CP016224.1_1622	clust_rep_seq	5580	539	Shedu__SduA	8.100000000000001e-42	143.6	0.831	0.738	138	535
GCF_001682175.1|NZ_CP011884.1|NZ_CP011884.1_1228	clust_rep_seq	5584	361	Rugutis__Rugutis	6.3e-99	331.3	0.891	0.989	1	357
GCF_001682175.1|NZ_CP011884.1|NZ_CP011884.1_1253	clust_rep_seq	5594	257	CBASS__Cyclase_II	1.7e-21	76.2	0.71	0.86	12	232
GCF_001682175.1|NZ_CP011884.1|NZ_CP011884.1_1253	clust_rep_seq	5594	257	CBASS__Cyclase_SMODS	3.5e-27	95.1	0.988	0.603	12	166
GCF_001682175.1|NZ_CP011884.1|NZ_CP011884.1_1256	clust_rep_seq	5596	205	Aristaios__Aristaios	5.3e-38	130.8	0.598	0.985	1	202
GCF_023920225.1|NZ_CP092587.1|NZ_CP092587.1_1760	clust_rep_seq	5630	367	RM_Type_II__Type_II_REase09	6e-16	59.1	0.655	0.768	13	294
GCF_023920225.1|NZ_CP092587.1|NZ_CP092587.1_1760	clust_rep_seq	5630	367	Menshen__NsnA	8.000000000000001e-65	219.0	0.808	0.891	17	343
GCF_023920225.1|NZ_CP092588.1|NZ_CP092588.1_310	clust_rep_seq	5638	608	Paris_II__AriA_AAA21	6.7e-14	51.5	0.836	0.63	1	383
GCF_023920225.1|NZ_CP092588.1|NZ_CP092588.1_310	clust_rep_seq	5638	608	Septu__PtuA	1.4e-21	77.3	0.768	0.646	1	393
GCF_023920225.1|NZ_CP092588.1|NZ_CP092588.1_310	clust_rep_seq	5638	608	Gabija__GajA	1.1e-49	169.3	0.771	0.832	1	506
GCF_023983475.1|NZ_CP092713.1|NZ_CP092713.1_820	clust_rep_seq	5643	280	Aristaios__Aristaios	6.1e-58	196.4	0.636	0.95	1	266
GCF_023983475.1|NZ_CP092713.1|NZ_CP092713.1_826	clust_rep_seq	5646	594	NLR_like_bNACHT01__NLR_like_bNACHT01	6.6e-116	387.9	0.905	0.892	10	539
GCF_023983475.1|NZ_CP092713.1|NZ_CP092713.1_848	clust_rep_seq	5655	413	Dazbog__DzbB	1.5e-05	24.1	0.449	0.392	217	378
GCF_024347475.1|NZ_AP025488.1|NZ_AP025488.1_133	clust_rep_seq	5672	152	Lugos__Lugos	1.4e-34	118.4	0.831	0.947	1	144
GCF_000969265.1|NZ_CP010812.1|NZ_CP010812.1_739	clust_rep_seq	5731	440	Menshen__NsnB	1.2e-68	231.8	0.991	0.973	1	428
GCF_000969265.1|NZ_CP010812.1|NZ_CP010812.1_739	clust_rep_seq	5731	440	HEC-03__HEC-03B	1.3e-69	234.9	0.87	0.989	1	435
GCF_001244315.1|NZ_CP009982.1|NZ_CP009982.1_1195	clust_rep_seq	5733	177	Dag__Dag4	2.2e-50	170.5	0.832	0.96	8	177
GCF_001262735.2|NZ_CP169261.1|NZ_CP169261.1_1943	clust_rep_seq	5751	188	DRT_1__drt1b	1.8e-29	102.4	0.685	0.777	28	173
GCF_001262735.2|NZ_CP169261.1|NZ_CP169261.1_1995	clust_rep_seq	5773	152	Nantosuelta__VCA0322	2.9e-56	190.3	0.57	0.974	1	148
GCF_001304775.1|NZ_CP009765.1|NZ_CP009765.1_1715	clust_rep_seq	5789	206	RM_Type_IV__Type_IV_05	6e-22	78.4	0.508	0.68	61	200
GCF_002214395.1|NZ_CP018312.1|NZ_CP018312.1_1097	clust_rep_seq	5802	380	Shedu__SduA	2.3e-44	152.0	0.745	0.779	77	372
GCF_002214395.1|NZ_CP018312.1|NZ_CP018312.1_1114	clust_rep_seq	5805	230	Aristaios__Aristaios	8.3e-59	199.2	0.604	0.996	2	230
GCF_002214395.1|NZ_CP018312.1|NZ_CP018312.1_1127	clust_rep_seq	5808	205	Kiwa__KwaA	2.2e-26	92.2	0.759	0.751	12	165
GCF_002216685.1|NZ_CP022352.1|NZ_CP022352.1_128	clust_rep_seq	5841	263	Retron_VII_2__DUF3800	2.4e-08	34.1	0.944	0.692	12	193
GCF_002224265.1|NZ_CP012881.1|NZ_CP012881.1_2552	clust_rep_seq	5855	453	RT_I_II_III_IV_V_VI_1	2.9e-68	229.5	0.862	0.592	39	306
GCF_003063885.1|NZ_CP028893.1|NZ_CP028893.1_423	clust_rep_seq	5905	360	CapRel__CapRel	1e-39	136.3	0.957	0.908	3	329
GCF_003085735.1|NZ_CP020034.1|NZ_CP020034.1_1154	clust_rep_seq	5914	420	PD-T7-2__PD-T7-2_A	3.5e-17	61.9	0.856	0.869	6	370
GCF_003085735.1|NZ_CP020034.1|NZ_CP020034.1_1154	clust_rep_seq	5914	420	pAgo__GbbAgaS	1.3e-19	69.9	0.84	0.805	4	341
GCF_003085735.1|NZ_CP020034.1|NZ_CP020034.1_1172	clust_rep_seq	5923	213	Dag__Dag12	1.3e-56	191.3	0.99	0.972	5	211
GCF_003085735.1|NZ_CP020034.1|NZ_CP020034.1_1202	clust_rep_seq	5933	539	DS-44__DS-44	3.6000000000000004e-207	689.0	0.991	0.998	1	538
GCF_003595585.1|NZ_CP022469.1|NZ_CP022469.1_914	clust_rep_seq	5976	314	AbiH__AbiH	1e-58	198.9	0.996	0.889	4	282
GCF_003595585.1|NZ_CP022469.1|NZ_CP022469.1_956	clust_rep_seq	5984	282	Rst_gop_beta_cll__cll	8.7e-18	64.4	0.574	0.546	97	250
GCF_009763085.1|NZ_CP046774.1|NZ_CP046774.1_99	clust_rep_seq	6002	254	DS-28__DS-28B	7.9e-92	306.7	0.992	0.992	1	252
GCF_009763625.1|NZ_CP046787.1|NZ_CP046787.1_2130	clust_rep_seq	6026	578	Gabija__GajA	4.2999999999999996e-33	114.5	0.755	0.785	4	457
GCF_009763625.1|NZ_CP046787.1|NZ_CP046787.1_2130	clust_rep_seq	6026	578	Old_exonuclease__Old_exonuclease	1.2e-130	436.1	0.995	0.993	3	576
GCF_009763625.1|NZ_CP046787.1|NZ_CP046787.1_2134	clust_rep_seq	6027	375	Retron_VII_2__DUF3800	2.3e-11	43.8	0.972	0.848	4	321
GCF_009763625.1|NZ_CP046787.1|NZ_CP046787.1_2159	clust_rep_seq	6035	145	DRT_1__drt1b	3.3000000000000004e-31	108.1	0.675	0.945	7	143
GCF_009763725.1|NZ_CP046791.1|NZ_CP046791.1_1614	clust_rep_seq	6045	436	RT_I_II_III_IV_V_VI_1	3e-83	278.7	0.926	0.635	6	282
GCF_009763725.1|NZ_CP046791.1|NZ_CP046791.1_1673	clust_rep_seq	6055	213	CBASS__4TM_new	2.5e-12	46.3	0.584	0.704	62	211
GCF_009763885.1|NZ_CP046849.1|NZ_CP046849.1_64	clust_rep_seq	6064	189	Rugutis__Rugutis	1.1e-59	202.1	0.414	0.905	5	175
GCF_009763885.1|NZ_CP046849.1|NZ_CP046849.1_65	clust_rep_seq	6065	194	Rugutis__Rugutis	7.1e-43	146.7	0.454	0.964	3	189
GCF_015767675.1|NZ_CP065217.1|NZ_CP065217.1_1607	clust_rep_seq	6150	222	SanaTA__SanaA	7.3e-17	61.5	0.776	0.464	1	103
GCF_015767675.1|NZ_CP065217.1|NZ_CP065217.1_1645	clust_rep_seq	6153	179	Belisama__VCA0458	1.5e-18	66.4	0.564	0.883	1	158
GCF_019670025.1|NZ_AP019849.1|NZ_AP019849.1_1572	clust_rep_seq	6173	371	PD-T7-1__PD-T7-1	2.3e-44	151.3	0.731	0.968	3	361
GCF_019670025.1|NZ_AP019849.1|NZ_AP019849.1_1572	clust_rep_seq	6173	371	PD-T7-5__PD-T7-5	3.1000000000000004e-109	364.7	0.908	0.987	3	368
GCF_024346675.1|NZ_AP024851.1|NZ_AP024851.1_748	clust_rep_seq	6249	179	PD-Lambda-3__PD-Lambda-3_A	5.7e-05	22.5	0.415	0.38	65	132
GCF_024346715.1|NZ_AP024852.1|NZ_AP024852.1_1545	clust_rep_seq	6257	285	EcoKMcrA__EcoKMcrA	4.2999999999999996e-24	85.2	0.423	0.723	55	260
GCF_024346715.1|NZ_AP024852.1|NZ_AP024852.1_1545	clust_rep_seq	6257	285	ScoMcrA__ScoMcrA	7.8e-82	275.1	0.685	0.993	2	284
GCF_024346715.1|NZ_AP024852.1|NZ_AP024852.1_1545	clust_rep_seq	6257	285	TagI__TagI	4.2e-87	292.3	0.769	0.989	3	284
GCF_024346715.1|NZ_AP024852.1|NZ_AP024852.1_1553	clust_rep_seq	6263	388	SEFIR__bSEFIR	8.4e-74	249.2	0.682	0.791	4	310
GCF_024347315.1|NZ_AP025460.1|NZ_AP025460.1_1819	clust_rep_seq	6280	585	Reve__Reve	9.800000000000001e-32	109.7	0.957	0.959	17	577
GCF_029635775.1|NZ_CP113242.1|NZ_CP113242.1_229	clust_rep_seq	6304	410	DS-22__DS-22	3.5e-148	493.5	0.979	0.988	2	406
GCF_029990625.1|NZ_CP118438.1|NZ_CP118438.1_328	clust_rep_seq	6335	259	Aristaios__Aristaios	2.8e-19	69.3	0.636	0.911	17	252
GCF_029990625.1|NZ_CP118438.1|NZ_CP118438.1_340	clust_rep_seq	6339	294	Kiwa__KwaB	1.8e-47	161.9	0.921	0.969	5	289
GCF_029990625.1|NZ_CP118438.1|NZ_CP118438.1_340	clust_rep_seq	6339	294	Kiwa__KwaB_2	2.9e-92	308.6	0.986	0.976	4	290
GCF_030220165.1|NZ_CP126698.1|NZ_CP126698.1_1451	clust_rep_seq	6345	248	Aristaios__Aristaios	4.6e-27	94.9	0.573	0.907	18	242
GCF_030220165.1|NZ_CP126698.1|NZ_CP126698.1_1453	clust_rep_seq	6346	312	UG25__DUF1848	1.8e-32	112.4	0.964	0.872	1	272
GCF_030220165.1|NZ_CP126698.1|NZ_CP126698.1_1524	clust_rep_seq	6366	366	VP1823__VP1823	2.2000000000000003e-168	559.4	1.0	0.973	1	356
GCF_030316215.1|NZ_CP128205.1|NZ_CP128205.1_181	clust_rep_seq	6378	173	RM_Type_II__Type_II_REase05	4.3e-07	29.8	0.5	0.694	33	152
GCF_030718785.1|NZ_CP132189.1|NZ_CP132189.1_341	clust_rep_seq	6397	367	RM_Type_II__Type_II_REase09	1.4e-10	41.5	0.945	0.962	13	365
GCF_030718785.1|NZ_CP132189.1|NZ_CP132189.1_341	clust_rep_seq	6397	367	PD-T4-2__PD-T4-2_A	6.3e-45	153.2	0.888	0.899	33	362
GCF_030718785.1|NZ_CP132189.1|NZ_CP132189.1_341	clust_rep_seq	6397	367	Menshen__NsnA	4.6e-83	279.0	0.914	0.962	14	366
GCF_042940635.1|NZ_CP134976.1|NZ_CP134976.1_1177	clust_rep_seq	6411	119	Lugos__Lugos	5.3e-18	64.4	0.506	0.908	1	108
GCF_042940635.1|NZ_CP134976.1|NZ_CP134976.1_1208	clust_rep_seq	6418	315	Aristaios__Aristaios	9.100000000000001e-42	143.2	0.611	0.997	2	315
GCF_042940635.1|NZ_CP134976.1|NZ_CP134976.1_1228	clust_rep_seq	6422	266	Aristaios__Aristaios	2.8999999999999996e-23	82.4	0.517	0.883	4	238
GCF_045004315.1|NZ_CP173387.1|NZ_CP173387.1_2569	clust_rep_seq	6441	239	CBASS__Endonuc_small	1.8e-17	63.4	0.647	0.699	9	175
GCF_045004315.1|NZ_CP173387.1|NZ_CP173387.1_2569	clust_rep_seq	6441	239	PD_DExK_I_II_III_IV_V_VI_5	8.6e-29	99.2	0.717	0.381	2	92
GCF_045004315.1|NZ_CP173387.1|NZ_CP173387.1_2569	clust_rep_seq	6441	239	Damona__VCA0399	9e-64	214.9	0.815	0.967	1	231
GCF_045278325.1|NZ_CP128803.1|NZ_CP128803.1_1185	clust_rep_seq	6452	302	Aristaios__Aristaios	5.2e-46	157.1	0.607	0.964	8	298
GCF_045586155.1|NZ_CP169050.1|NZ_CP169050.1_1710	clust_rep_seq	6479	273	RM_Type_II__Type_II_REase19	5.2e-23	81.5	0.544	0.634	101	273
GCF_045586155.1|NZ_CP169050.1|NZ_CP169050.1_1710	clust_rep_seq	6479	273	VcaM4I__VcaM4I	8.700000000000001e-63	212.5	0.525	0.74	70	271
GCF_045586155.1|NZ_CP169050.1|NZ_CP169050.1_1715	clust_rep_seq	6482	215	VP1848__VP1848	8.000000000000001e-69	230.9	0.977	0.977	3	212
GCF_052076115.1|NZ_CP197263.1|NZ_CP197263.1_1893	clust_rep_seq	6517	268	Uzume__UzuA	1.3e-91	306.4	0.989	0.993	3	268
GCF_052076115.1|NZ_CP197263.1|NZ_CP197263.1_1901	clust_rep_seq	6521	230	Aristaios__Aristaios	7.400000000000001e-26	90.9	0.579	0.943	8	224
GCF_052545415.1|NZ_CM127143.1|NZ_CM127143.1_324	clust_rep_seq	6528	350	Dpd__DpdB	4.7e-08	31.4	0.487	0.491	15	186
GCF_052591495.1|NZ_CM127328.1|NZ_CM127328.1_1166	clust_rep_seq	6536	458	Gao_Qat__QatA	5.2e-08	31.5	0.417	0.544	18	266
GCF_052591495.1|NZ_CM127328.1|NZ_CM127328.1_1166	clust_rep_seq	6536	458	Pif__PifA	7.7e-12	43.8	0.416	0.692	9	325
GCF_052805255.1|NZ_CM127835.1|NZ_CM127835.1_1389	clust_rep_seq	6555	310	Abi2__Abi_2	5e-48	163.3	0.994	0.606	42	229
GCF_052805255.1|NZ_CM127835.1|NZ_CM127835.1_1389	clust_rep_seq	6555	310	AbiD__AbiD	4.5e-78	262.4	0.926	0.955	9	304
GCF_053154035.1|NZ_CP113098.1|NZ_CP113098.1_2004	clust_rep_seq	6584	150	Cernunnos__VCA0410	8.1e-44	148.5	0.777	0.947	8	149
GCF_053154035.1|NZ_CP113098.1|NZ_CP113098.1_2026	clust_rep_seq	6586	289	MMB_gp29_gp30__gp29	7.7e-09	34.3	0.952	0.976	5	286
GCF_053154035.1|NZ_CP113098.1|NZ_CP113098.1_2055	clust_rep_seq	6589	532	Paris_I__AriB_DUF4435_I	7.8e-16	58.3	0.63	0.38	293	494
GCF_053154035.1|NZ_CP113098.1|NZ_CP113098.1_2055	clust_rep_seq	6589	532	Paris_II_merge__AAA_21_DUF4435	4.9e-140	467.2	0.928	0.97	16	531
GCF_053154035.1|NZ_CP113098.1|NZ_CP113098.1_2070	clust_rep_seq	6594	288	Belisama__VCA0458	2.1000000000000002e-69	233.2	0.951	0.955	6	280
GCF_057368525.1|NZ_CM170647.1|NZ_CM170647.1_135	clust_rep_seq	6603	257	AbiAlpha__AbiAlpha	2.1000000000000002e-20	73.0	1.0	0.72	67	251
GCF_057368555.1|NZ_CM170650.1|NZ_CM170650.1_1404	clust_rep_seq	6605	663	Paris_II__AriA_AAA21	6e-18	64.9	0.743	0.552	26	391
GCF_057368555.1|NZ_CM170651.1|NZ_CM170651.1_58	clust_rep_seq	6609	189	DISARM__drmC	1.1e-10	41.0	0.547	0.698	55	186
GCF_057368555.1|NZ_CM170651.1|NZ_CM170651.1_107	clust_rep_seq	6626	213	VP1848__VP1848	2.5e-65	219.5	0.995	1.0	1	213
GCF_057368585.1|NZ_CM170655.1|NZ_CM170655.1_981	clust_rep_seq	6631	480	Aristaios__Aristaios	1.2e-31	109.9	0.617	0.981	3	473
GCF_057368585.1|NZ_CM170655.1|NZ_CM170655.1_991	clust_rep_seq	6635	136	Thoeris__ThsB_5	6e-49	165.1	1.0	0.956	1	130
GCF_057368585.1|NZ_CM170655.1|NZ_CM170655.1_992	clust_rep_seq	6636	267	Thoeris__ThsA_Caps4	1.5e-111	372.5	0.808	0.955	1	255
GCF_057368585.1|NZ_CM170655.1|NZ_CM170655.1_1004	clust_rep_seq	6642	251	Dag__Dag13	5.1e-90	301.8	0.626	0.996	2	251
GCF_057368585.1|NZ_CM170655.1|NZ_CM170655.1_1065	clust_rep_seq	6658	289	Aristaios__Aristaios	1.7e-45	155.4	0.576	0.948	4	277
GCF_057418915.1|NZ_CP166946.1|NZ_CP166946.1_1567	clust_rep_seq	6676	276	Hailong__HalB	1e-26	93.6	0.857	0.692	3	193
GCF_057439675.1|NZ_CM171982.1|NZ_CM171982.1_1315	clust_rep_seq	6683	299	Aristaios__Aristaios	1e-50	172.6	0.579	0.953	3	287
GCF_057439805.1|NZ_CM171995.1|NZ_CM171995.1_848	clust_rep_seq	6700	444	HEC-03__HEC-03B	2.3e-50	171.4	0.833	0.93	4	416
GCF_057439805.1|NZ_CM171995.1|NZ_CM171995.1_848	clust_rep_seq	6700	444	Menshen__NsnB	3.1999999999999996e-53	181.1	0.959	0.932	5	418
GCF_009763625.1|NZ_CP046787.1|NZ_CP046787.1_2119	clust_rep_seq	6705	302	Rst_2TM_1TM_TIR__Rst_TIR_tm	1.7e-76	257.3	0.696	0.669	1	202
GCF_009763765.1|NZ_CP046794.1|NZ_CP046794.1_155	clust_rep_seq	6719	595	AbiU__AbiU	2.2e-48	164.8	0.727	0.709	63	484
GCF_009763845.1|NZ_CP046812.1|NZ_CP046812.1_119	clust_rep_seq	6723	577	dCTPdeaminase__dCTPdeaminase	3.2999999999999995e-125	418.1	0.903	0.983	8	574
GCF_009763845.1|NZ_CP046812.1|NZ_CP046812.1_121	clust_rep_seq	6724	134	Lugos__Lugos	5.6e-34	116.4	0.806	0.955	1	128
GCF_009763865.1|NZ_CP046818.1|NZ_CP046818.1_969	clust_rep_seq	6733	250	AbiEii__AbiEii	4.9e-13	49.2	0.828	0.708	33	209
GCF_009763865.1|NZ_CP046818.1|NZ_CP046818.1_1000	clust_rep_seq	6741	548	Avs1__Avs1C	0.00019	20.8	0.759	0.126	7	75
GCF_009763865.1|NZ_CP046818.1|NZ_CP046818.1_1010	clust_rep_seq	6743	607	Septu__PtuA	2.2e-24	86.6	0.848	0.727	1	441
GCF_009763865.1|NZ_CP046818.1|NZ_CP046818.1_1010	clust_rep_seq	6743	607	Gabija__GajA	2.6e-48	164.8	0.849	0.918	1	557
GCF_009763905.1|NZ_CP046819.1|NZ_CP046819.1_156	clust_rep_seq	6754	252	AbiG__AbiGi	1.7e-39	135.4	0.924	0.992	3	252
GCF_009764025.1|NZ_CP046847.1|NZ_CP046847.1_377	clust_rep_seq	6770	210	Aristaios__Aristaios	8.6e-18	64.4	0.583	0.924	5	198
GCF_025917725.1|NZ_CP097858.1|NZ_CP097858.1_1918	clust_rep_seq	6803	280	Uzume__UzuA	1.3e-95	319.5	0.993	0.986	5	280
GCF_026970915.1|NZ_CP114194.1|NZ_CP114194.1_1856	clust_rep_seq	6836	180	Thoeris__ThsB_acc	7.1e-51	172.1	0.824	0.978	4	179
GCF_026970915.1|NZ_CP114194.1|NZ_CP114194.1_1857	clust_rep_seq	6837	151	Thoeris__ThsF_DUF2270	5.7000000000000006e-36	123.0	0.927	0.861	20	149
GCF_026970915.1|NZ_CP114194.1|NZ_CP114194.1_1877	clust_rep_seq	6841	202	DRT9__SLATT	1.9e-11	43.2	0.909	0.946	5	195
GCF_026970915.1|NZ_CP114194.1|NZ_CP114194.1_1877	clust_rep_seq	6841	202	AbiA_small__SLATT	1.4e-17	63.5	0.911	0.911	9	192
GCF_026970915.1|NZ_CP114194.1|NZ_CP114194.1_1877	clust_rep_seq	6841	202	DRT_3__SLATT	1.0000000000000001e-78	262.7	0.965	0.99	2	201
GCF_026970915.1|NZ_CP114194.1|NZ_CP114194.1_1899	clust_rep_seq	6846	210	Aristaios__Aristaios	1.5e-58	198.3	0.595	0.99	1	208
GCF_028743655.1|NZ_CP117988.1|NZ_CP117988.1_1349	clust_rep_seq	6872	258	AbiAlpha__AbiAlpha	1.4e-19	70.3	0.71	0.57	66	212
GCF_028743655.1|NZ_CP117988.1|NZ_CP117988.1_1370	clust_rep_seq	6876	170	VP1817__VP1817	3.9e-24	84.8	0.815	0.771	37	167
GCF_028885545.1|NZ_CP118531.1|NZ_CP118531.1_2015	clust_rep_seq	6878	713	Borvo__BovA	8.3e-236	784.3	0.983	0.996	3	712
GCF_028885545.1|NZ_CP118531.1|NZ_CP118531.1_2025	clust_rep_seq	6882	331	SDIC1__SDIC1A	4.7e-134	445.9	0.997	0.952	17	331
GCF_028885585.1|NZ_CP118532.1|NZ_CP118532.1_1542	clust_rep_seq	6893	339	PD-T7-1__PD-T7-1	3.7e-51	173.7	0.707	0.935	2	318
GCF_028885585.1|NZ_CP118532.1|NZ_CP118532.1_1542	clust_rep_seq	6893	339	PD-T7-5__PD-T7-5	1.3999999999999999e-130	434.9	0.916	0.991	1	336
GCF_028885585.1|NZ_CP118532.1|NZ_CP118532.1_1556	clust_rep_seq	6896	267	Retron_VII_2__DUF3800	6.2e-05	23.1	0.648	0.378	108	208
GCF_039658545.1|NZ_CP150862.1|NZ_CP150862.1_1642	clust_rep_seq	6914	238	PhiR5.1_HipAD__HipA2	1.6e-35	122.2	0.841	0.878	1	209
GCF_039658545.1|NZ_CP150862.1|NZ_CP150862.1_1642	clust_rep_seq	6914	238	DS-6__DS-6A	7.9e-64	215.8	0.656	0.996	1	237
GCF_039658545.1|NZ_CP150862.1|NZ_CP150862.1_1642	clust_rep_seq	6914	238	PhiR5.1_HipAD__HipA	1.8e-91	306.4	0.647	0.987	1	235
GCF_039658545.1|NZ_CP150862.1|NZ_CP150862.1_1654	clust_rep_seq	6915	242	DS-35__DS-35	1.7e-61	207.8	0.81	0.901	20	237
GCF_039658545.1|NZ_CP150862.1|NZ_CP150862.1_1660	clust_rep_seq	6920	443	Clover__CloA	7.6e-65	218.9	0.792	0.862	14	395
GCF_039658545.1|NZ_CP150862.1|NZ_CP150862.1_1662	clust_rep_seq	6922	662	RM_Type_II__Type_II_REase06	6.9e-12	45.2	0.83	0.853	21	585
GCF_040254425.1|NZ_CP158305.1|NZ_CP158305.1_1857	clust_rep_seq	6930	145	Thoeris__ThsF_DUF2270	6.9e-32	109.8	0.942	0.979	3	144
GCF_040254425.1|NZ_CP158305.1|NZ_CP158305.1_1858	clust_rep_seq	6931	283	Thoeris__ThsB_6	6.2e-61	205.7	0.988	0.954	1	270
GCF_040412085.2|NZ_CP115921.1|NZ_CP115921.1_697	clust_rep_seq	6979	275	Aristaios__Aristaios	6.4e-49	166.7	0.595	0.985	2	272
GCF_040735825.1|NZ_CP147727.1|NZ_CP147727.1_441	clust_rep_seq	6981	308	PD-T4-7__PD-T4-7	1.1e-55	188.5	0.833	0.838	24	281
GCF_040735825.1|NZ_CP147727.1|NZ_CP147727.1_452	clust_rep_seq	6983	255	RT_I_II_III_IV_V_VI_1	1.6e-11	43.2	0.579	0.667	32	201
GCF_052375575.1|NZ_CM126336.1|NZ_CM126336.1_1476	clust_rep_seq	7002	267	Shedu__SduA	4.9e-42	144.4	0.581	0.854	9	236
GCF_052805255.1|NZ_CM127835.1|NZ_CM127835.1_1353	clust_rep_seq	7029	339	Retron_VII_2__DUF3800	1.4e-06	28.4	0.963	0.802	5	276
GCF_052805275.1|NZ_CM127837.1|NZ_CM127837.1_2049	clust_rep_seq	7036	281	CBASS__Endonuc_small	1.8e-17	63.4	0.502	0.445	33	157
GCF_052805275.1|NZ_CM127837.1|NZ_CM127837.1_2049	clust_rep_seq	7036	281	PD_DExK_I_II_III_IV_V_VI_5	1.4e-34	117.9	0.898	0.406	20	133
GCF_052805275.1|NZ_CM127837.1|NZ_CM127837.1_2049	clust_rep_seq	7036	281	Damona__VCA0399	3.3e-97	324.6	0.957	0.957	3	271
GCF_052805275.1|NZ_CM127837.1|NZ_CM127837.1_2090	clust_rep_seq	7051	250	Aristaios__Aristaios	5.7e-56	189.9	0.598	0.992	2	249
GCF_052805275.1|NZ_CM127837.1|NZ_CM127837.1_2093	clust_rep_seq	7052	289	Aristaios__Aristaios	4.4e-49	167.2	0.607	0.972	4	284
GCF_053154035.1|NZ_CP113099.1|NZ_CP113099.1_305	clust_rep_seq	7078	606	AbiU__AbiU	6.6e-21	74.1	0.464	0.482	254	545
GCF_053202865.1|NZ_CM129925.1|NZ_CM129925.1_2520	clust_rep_seq	7083	477	Thoeris__ThsA_SIRim	1.7000000000000003e-199	662.9	0.998	0.998	1	476
GCF_053220495.1|NZ_CM129940.1|NZ_CM129940.1_638	clust_rep_seq	7086	262	Aristaios__Aristaios	1.7e-51	175.1	0.607	0.992	2	261
GCF_053220535.1|NZ_CM129944.1|NZ_CM129944.1_923	clust_rep_seq	7098	293	CBASS__Cyclase_II	2.8e-15	55.8	0.657	0.713	1	209
GCF_053220535.1|NZ_CM129944.1|NZ_CM129944.1_923	clust_rep_seq	7098	293	CBASS__Cyclase_SMODS	8.3e-47	159.0	1.0	0.567	1	166
GCF_053220535.1|NZ_CM129944.1|NZ_CM129944.1_924	clust_rep_seq	7099	187	CBASS__2TM_Gros	3e-50	171.1	0.768	0.979	4	186
GCF_057785995.1|NZ_CM173517.1|NZ_CM173517.1_1649	clust_rep_seq	7102	294	AbiT__AbiTi	1.4e-13	50.4	0.679	0.418	171	293
GCF_057785995.1|NZ_CM173517.1|NZ_CM173517.1_1649	clust_rep_seq	7102	294	AbiT__AbiTii	6.1e-72	241.4	0.972	0.721	1	212
GCF_059552575.1|NZ_CM183914.1|NZ_CM183914.1_1909	clust_rep_seq	7125	305	Lit__Lit	9.699999999999999e-73	244.5	0.968	0.987	2	302
GCF_059772105.1|NZ_CM186273.1|NZ_CM186273.1_1079	clust_rep_seq	7200	249	Aristaios__Aristaios	4.5e-51	173.8	0.614	0.944	2	236
GCF_002953535.1|NZ_CP014040.1|NZ_CP014040.1_1607	clust_rep_seq	7213	306	DS-34__DS-34B	8.1e-31	106.9	0.546	0.562	135	306
GCF_003312585.1|NZ_CP030788.1|NZ_CP030788.1_1741	clust_rep_seq	7228	312	Resolvase_DUF5677__Resolvase_DUF5677	3.8e-07	29.2	0.704	0.564	32	207
GCF_003595585.1|NZ_CP022469.1|NZ_CP022469.1_851	clust_rep_seq	7253	371	Rugutis__Rugutis	1.3e-120	402.7	0.886	0.978	6	368
GCF_003595585.1|NZ_CP022469.1|NZ_CP022469.1_875	clust_rep_seq	7259	313	Gao_Qat__QatA	3.2e-14	52.0	0.422	0.821	18	274
GCF_003726935.1|NZ_CP033577.1|NZ_CP033577.1_3251	clust_rep_seq	7282	247	Aristaios__Aristaios	3.3000000000000003e-56	190.7	0.623	0.988	3	246
GCF_003726935.1|NZ_CP033578.1|NZ_CP033578.1_1450	clust_rep_seq	7286	173	Kiwa__KwaA	2.0999999999999998e-23	82.5	0.937	0.977	1	169
GCF_003726935.1|NZ_CP033578.1|NZ_CP033578.1_1451	clust_rep_seq	7287	294	Kiwa__KwaB	1.8e-35	122.4	0.924	0.98	6	293
GCF_003726935.1|NZ_CP033578.1|NZ_CP033578.1_1451	clust_rep_seq	7287	294	Kiwa__KwaB_2	2.3000000000000002e-74	249.8	0.993	0.99	4	294
GCF_003942025.1|NZ_CP034240.1|NZ_CP034240.1_1735	clust_rep_seq	7291	372	GAPS4__GAPS4b	2.1e-111	371.9	0.973	0.976	5	367
GCF_003942025.1|NZ_CP034240.1|NZ_CP034240.1_1737	clust_rep_seq	7293	220	GAPS4__GAPS4a	3.7000000000000003e-72	242.7	0.678	0.977	2	216
GCF_003942025.1|NZ_CP034241.1|NZ_CP034241.1_612	clust_rep_seq	7298	530	DRT_4__drt4	7.9e-203	674.8	0.925	0.974	2	517
GCF_000006745.1|NC_002506.1|NC_002506.1_381	clust_rep_seq	7303	285	Aristaios__Aristaios	1.4000000000000001e-55	188.6	0.601	0.996	1	284
GCF_000006745.1|NC_002506.1|NC_002506.1_394	clust_rep_seq	7306	176	Esos__VCA0450	2.3999999999999997e-73	247.1	0.532	0.994	1	175
GCF_000006745.1|NC_002506.1|NC_002506.1_401	clust_rep_seq	7310	204	Belenos__VCA0457	1.7999999999999998e-94	314.9	1.0	0.995	1	203
GCF_000006745.1|NC_002506.1|NC_002506.1_402	clust_rep_seq	7311	285	Belisama__VCA0458	1.0000000000000001e-124	414.7	0.983	0.986	1	281
GCF_000006745.1|NC_002506.1|NC_002506.1_432	clust_rep_seq	7323	85	PfiAT__PfiA	3.1e-07	29.9	0.939	0.965	1	82
GCF_000006745.1|NC_002506.1|NC_002506.1_439	clust_rep_seq	7329	290	Retron_VII_2__DUF3800	1.1e-12	48.0	0.991	0.714	29	235
GCF_000009745.1|NC_005139.1|NC_005139.1_1632	clust_rep_seq	7340	453	CBASS__A_Cyclase_AGS_C	4.1e-19	68.4	0.898	0.302	314	450
GCF_000009745.1|NC_005139.1|NC_005139.1_1632	clust_rep_seq	7340	453	Pycsar__AG_cyclase	2e-80	269.8	0.98	0.989	2	449
GCF_000009745.1|NC_005139.1|NC_005139.1_1633	clust_rep_seq	7341	196	CBASS__2TM_5	3.7e-36	123.8	0.988	0.857	1	168
GCF_001433415.1|NZ_CP009847.1|NZ_CP009847.1_1800	clust_rep_seq	7407	273	RM_Type_II__Type_II_REase19	9e-17	61.0	0.438	0.509	134	272
GCF_001433415.1|NZ_CP009847.1|NZ_CP009847.1_1800	clust_rep_seq	7407	273	VcaM4I__VcaM4I	4.2e-64	216.8	0.519	0.736	72	272
GCF_001433415.1|NZ_CP009847.1|NZ_CP009847.1_1802	clust_rep_seq	7408	151	DISARM__drmC	1.5e-10	40.6	0.472	0.808	13	134
GCF_001433435.1|NZ_CP009984.1|NZ_CP009984.1_1206	clust_rep_seq	7428	279	Aristaios__Aristaios	1.3e-46	159.1	0.598	0.986	4	278
GCF_001469735.1|NZ_CP013484.1|NZ_CP013484.1_884	clust_rep_seq	7439	112	RnlAB__RnlB	1.4e-22	79.4	0.966	0.991	1	111
GCF_001469735.1|NZ_CP013484.1|NZ_CP013484.1_885	clust_rep_seq	7440	374	RnlAB__RnlA	8.9e-82	274.4	0.989	0.989	2	371
GCF_001558495.2|NZ_CP014046.2|NZ_CP014046.2_1958	clust_rep_seq	7495	362	SEFIR__bSEFIR	2e-58	198.6	0.835	0.961	1	348
GCF_003391375.1|NZ_CP031473.1|NZ_CP031473.1_1593	clust_rep_seq	7511	293	CBASS__Endonuc_small	4.5e-08	32.6	0.427	0.399	37	153
GCF_003391375.1|NZ_CP031474.1|NZ_CP031474.1_46	clust_rep_seq	7512	318	CBASS__Endonuc_small	2.6e-18	66.1	0.685	0.497	6	163
GCF_003391375.1|NZ_CP031474.1|NZ_CP031474.1_46	clust_rep_seq	7512	318	PD_DExK_I_II_III_IV_V_VI_5	4.399999999999999e-22	77.5	0.984	0.39	4	127
GCF_003522555.1|NZ_CP019290.1|NZ_CP019290.1_1245	clust_rep_seq	7523	280	Rst_2TM_1TM_TIR__Rst_TIR_tm	1.8e-80	270.3	0.648	0.668	1	187
GCF_003612715.1|NZ_CP023485.1|NZ_CP023485.1_1690	clust_rep_seq	7585	407	PD-T4-1__PD-T4-1	5.1e-109	364.1	0.984	0.99	4	406
GCF_003691505.1|NZ_CP033137.1|NZ_CP033137.1_1289	clust_rep_seq	7597	285	PD-T2-1__PD-T2-1B	9.5e-80	267.5	0.823	0.825	1	235
GCF_009763225.1|NZ_CP046798.1|NZ_CP046798.1_1165	clust_rep_seq	7608	257	Aristaios__Aristaios	7.4e-43	146.8	0.526	0.895	3	232
GCF_009763345.1|NZ_CP046796.1|NZ_CP046796.1_1365	clust_rep_seq	7615	232	Aristaios__Aristaios	2.3e-55	187.9	0.604	0.991	2	231
GCF_009763605.1|NZ_CP046785.1|NZ_CP046785.1_2163	clust_rep_seq	7630	263	CBASS__Endonuc_small	2e-06	27.2	0.531	0.494	23	152
GCF_009763605.1|NZ_CP046785.1|NZ_CP046785.1_2163	clust_rep_seq	7630	263	PD_DExK_I_II_III_IV_V_VI_5	3.8e-18	64.8	0.795	0.384	25	125
GCF_009763605.1|NZ_CP046785.1|NZ_CP046785.1_2213	clust_rep_seq	7641	233	Retron_IV__2TM	2.2e-07	29.9	0.679	0.678	11	168
GCF_021431945.1|NZ_CP090386.1|NZ_CP090386.1_853	clust_rep_seq	7727	279	Septu__PtuB_2	2.3e-26	92.7	0.727	0.76	55	266
GCF_021431945.1|NZ_CP090386.1|NZ_CP090386.1_854	clust_rep_seq	7728	498	Septu__PtuA_2	1.1999999999999998e-149	498.9	0.954	0.994	2	496
GCF_021729965.1|NZ_CP068622.1|NZ_CP068622.1_1706	clust_rep_seq	7739	259	AbiAlpha__AbiAlpha	1.8e-35	122.2	0.984	0.699	73	253
GCF_021729965.1|NZ_CP068622.1|NZ_CP068622.1_1712	clust_rep_seq	7740	209	Shedu__SduA	1.2e-19	70.7	0.5	0.9	15	202
GCF_021729965.1|NZ_CP068622.1|NZ_CP068622.1_1737	clust_rep_seq	7745	241	Nhi__Nhi	3e-77	259.7	0.487	0.996	2	241
GCF_021729965.1|NZ_CP068622.1|NZ_CP068622.1_1737	clust_rep_seq	7745	241	AbiO__AbiO	1.2e-95	320.4	0.487	0.996	2	241
GCF_021729965.1|NZ_CP068622.1|NZ_CP068622.1_1738	clust_rep_seq	7746	221	Nhi__Nhi	1.5e-64	217.9	0.411	0.91	1	201
GCF_021729965.1|NZ_CP068622.1|NZ_CP068622.1_1738	clust_rep_seq	7746	221	AbiO__AbiO	2.8e-74	249.9	0.428	0.95	1	210
GCF_022343185.1|NZ_CP082317.1|NZ_CP082317.1_1212	clust_rep_seq	7782	351	DS-5__DS-5B	8.7e-57	192.6	0.973	0.957	1	336
GCF_022343185.1|NZ_CP082317.1|NZ_CP082317.1_1212	clust_rep_seq	7782	351	gcu24__gcu24	4.3999999999999995e-88	295.8	0.857	0.963	1	338
GCF_022343185.1|NZ_CP082317.1|NZ_CP082317.1_1252	clust_rep_seq	7783	558	Dnd__DndB	1.4e-26	92.7	0.59	0.525	175	467
GCF_027924845.1|NZ_AP027052.1|NZ_AP027052.1_217	clust_rep_seq	7817	465	Pif__PifA	2e-07	29.2	0.468	0.759	18	370
GCF_027924845.1|NZ_AP027053.1|NZ_AP027053.1_678	clust_rep_seq	7828	311	Aristaios__Aristaios	2.2e-50	171.5	0.607	0.987	3	309
GCF_028551315.1|NZ_CP117054.1|NZ_CP117054.1_735	clust_rep_seq	7847	374	Paris_II__AriA_AAA21	2.3e-17	63.0	0.831	0.89	1	333
GCF_028551315.1|NZ_CP117054.1|NZ_CP117054.1_745	clust_rep_seq	7850	256	Dag__Dag7	7.2e-101	337.8	0.731	0.988	2	254
GCF_028609665.1|NZ_CP047985.1|NZ_CP047985.1_1414	clust_rep_seq	7857	199	RM_Type_IV__Type_IV_03	8.6e-19	68.1	0.615	0.849	16	184
GCF_028898645.1|NZ_CP118582.1|NZ_CP118582.1_2337	clust_rep_seq	7863	202	Aristaios__Aristaios	2.6e-37	128.5	0.445	0.886	4	182
GCF_028898645.1|NZ_CP118582.1|NZ_CP118582.1_2364	clust_rep_seq	7872	479	CBASS__Effector_TIR	2.5e-36	124.8	0.444	0.326	2	157
GCF_033441455.1|NZ_CP133900.1|NZ_CP133900.1_1877	clust_rep_seq	7902	299	Aristaios__Aristaios	7.4e-39	133.6	0.576	0.926	10	286
GCF_033573735.1|NZ_CP119301.1|NZ_CP119301.1_1769	clust_rep_seq	7922	307	Detocs__dtcC_REase	3.2e-05	22.6	0.401	0.433	160	292
GCF_033573735.1|NZ_CP119301.1|NZ_CP119301.1_1769	clust_rep_seq	7922	307	DS-24__DS-24	1.3000000000000001e-71	241.1	0.695	0.609	120	306
GCF_033573735.1|NZ_CP119301.1|NZ_CP119301.1_1808	clust_rep_seq	7927	263	JukAB__JukA	2.8e-88	295.5	0.941	0.935	1	246
GCF_033803245.2|NZ_CP184809.1|NZ_CP184809.1_27	clust_rep_seq	7935	207	Retron_VII_2__DUF3800	0.00013	22.1	0.407	0.459	43	137
GCF_034480135.1|NZ_CP129938.1|NZ_CP129938.1_1912	clust_rep_seq	7937	291	Aristaios__Aristaios	1.1000000000000001e-30	106.8	0.555	0.959	3	281
GCF_051352415.1|NZ_CP195598.1|NZ_CP195598.1_1164	clust_rep_seq	8017	198	Aristaios__Aristaios	1.3e-45	155.8	0.586	0.944	1	187
GCF_052076135.1|NZ_CP197268.1|NZ_CP197268.1_522	clust_rep_seq	8037	308	Aristaios__Aristaios	8.9e-39	133.4	0.654	0.916	22	303
GCF_052076135.1|NZ_CP197268.1|NZ_CP197268.1_533	clust_rep_seq	8041	62	PD-T2-1__PD-T2-1A	5.3e-18	65.2	0.733	0.968	1	60
GCF_052076135.1|NZ_CP197268.1|NZ_CP197268.1_534	clust_rep_seq	8042	279	PD-T2-1__PD-T2-1B	7.1e-78	261.4	1.0	1.0	1	279
GCF_052375575.1|NZ_CM126336.1|NZ_CM126336.1_1532	clust_rep_seq	8059	229	CBASS__Endonuc_small	5.4e-08	32.3	0.51	0.541	2	125
GCF_052375575.1|NZ_CM126336.1|NZ_CM126336.1_1532	clust_rep_seq	8059	229	PD_DExK_I_II_III_IV_V_VI_5	2.4e-18	65.4	0.953	0.533	2	123
GCF_052375575.1|NZ_CM126336.1|NZ_CM126336.1_1549	clust_rep_seq	8066	168	Kamadhenu__Kamadhenu	3.7e-43	147.4	0.912	0.994	1	167
GCF_052772185.1|NZ_CM127801.1|NZ_CM127801.1_1203	clust_rep_seq	8081	337	Nemetona__VCA0441	5.1e-08	32.0	0.681	0.599	31	232
GCF_052772185.1|NZ_CM127801.1|NZ_CM127801.1_1241	clust_rep_seq	8094	440	Pif__PifA	5.6e-13	47.6	0.476	0.814	21	378
GCF_057368635.1|NZ_CM170659.1|NZ_CM170659.1_1007	clust_rep_seq	8101	470	DS-20__DS-20	3.7000000000000004e-159	530.2	0.974	1.0	1	470
GCF_057368635.1|NZ_CM170659.1|NZ_CM170659.1_1029	clust_rep_seq	8108	165	Esos__VCA0450	1.3e-19	70.5	0.426	0.909	8	157
GCF_057439715.1|NZ_CM171986.1|NZ_CM171986.1_2301	clust_rep_seq	8114	238	AbiG__AbiGi	5.499999999999999e-47	160.0	0.913	0.979	5	237
GCF_057730755.1|NZ_CM173193.1|NZ_CM173193.1_897	clust_rep_seq	8172	398	Shedu__SduA	7.1e-49	166.9	0.723	0.726	106	394
GCF_057730755.1|NZ_CM173193.1|NZ_CM173193.1_897	clust_rep_seq	8172	398	PD-T4-8__PD-T4-8	2.8e-142	473.9	0.988	0.977	2	390
GCF_057814595.1|NZ_CM174090.1|NZ_CM174090.1_2120	clust_rep_seq	8183	369	GAPS4__GAPS4b	2e-127	424.6	0.987	0.997	1	368
GCF_057814595.1|NZ_CM174090.1|NZ_CM174090.1_2121	clust_rep_seq	8184	316	GAPS4__GAPS4a	4.7e-114	380.4	0.997	0.994	1	314
GCF_000354175.2|NC_022349.1|NC_022349.1_851	clust_rep_seq	8205	188	RM_Type_IV__Type_IV_05	1.3000000000000001e-20	73.9	0.449	0.723	53	188
GCF_000354175.2|NC_022349.1|NC_022349.1_872	clust_rep_seq	8208	230	Aristaios__Aristaios	8.699999999999999e-44	149.8	0.586	0.817	4	191
GCF_000354175.2|NC_022349.1|NC_022349.1_879	clust_rep_seq	8213	512	Hailong__HalA	5.2000000000000004e-30	104.4	0.724	0.531	239	510
GCF_000430425.1|NC_021848.1|NC_021848.1_900	clust_rep_seq	8224	166	gcu233__gcu233	2.8e-58	196.1	0.965	0.976	1	162
GCF_000969265.1|NZ_CP010812.1|NZ_CP010812.1_746	clust_rep_seq	8242	255	Sirona__VCA0356	1.4e-86	289.8	0.924	0.992	1	253
GCF_001188185.2|NZ_CP026041.1|NZ_CP026041.1_1628	clust_rep_seq	8246	185	VP1839__VP1839	3e-13	49.2	0.833	0.795	24	170
GCF_001188185.2|NZ_CP026041.1|NZ_CP026041.1_1658	clust_rep_seq	8261	277	DS-15__DS-15A	2.6e-110	367.7	0.982	0.989	2	275
GCF_001188185.2|NZ_CP026041.1|NZ_CP026041.1_1660	clust_rep_seq	8262	237	DS-15__DS-15C	1.1e-12	47.4	0.892	0.928	3	222
GCF_001188185.2|NZ_CP026041.1|NZ_CP026041.1_1663	clust_rep_seq	8264	268	Shedu__SduA	2e-52	178.6	0.688	0.959	8	264
GCF_001188185.2|NZ_CP026041.1|NZ_CP026041.1_1675	clust_rep_seq	8269	376	Paris_II__AriA_AAA21	2.3e-14	53.1	0.836	0.878	3	332
GCF_001188185.2|NZ_CP026041.1|NZ_CP026041.1_1693	clust_rep_seq	8276	285	Aristaios__Aristaios	9e-28	97.2	0.558	0.905	14	271
GCF_000021605.1|NC_012580.1|NC_012580.1_291	clust_rep_seq	8320	521	RT_I_II_III_IV_V_VI_1	3.4e-17	61.8	0.455	0.269	167	306
GCF_000021605.1|NC_012580.1|NC_012580.1_291	clust_rep_seq	8320	521	UG14__UG14	2.1e-202	672.9	0.992	0.987	6	519
GCF_000024825.1|NC_013456.1|NC_013456.1_1529	clust_rep_seq	8330	263	Rst_2TM_1TM_TIR__Rst_TIR_tm	4.5e-61	206.7	0.829	0.913	2	241
GCF_000024825.1|NC_013456.1|NC_013456.1_1552	clust_rep_seq	8339	243	Aristaios__Aristaios	7.6e-17	61.3	0.558	0.914	3	224
GCF_000024825.1|NC_013456.1|NC_013456.1_1571	clust_rep_seq	8347	251	JukAB__JukA	5.2e-106	353.6	0.926	0.992	1	249
GCF_000091465.1|NC_011744.2|NC_011744.2_792	clust_rep_seq	8366	533	Paris_II__AriA_AAA21	2e-16	59.9	0.433	0.302	91	251
GCF_000091465.1|NC_011744.2|NC_011744.2_792	clust_rep_seq	8366	533	Paris_II_merge__AAA_21_DUF4435	2.4999999999999998e-135	451.7	0.884	0.923	13	504
GCF_000186585.1|NC_014965.1|NC_014965.1_1350	clust_rep_seq	8387	154	VP1817__VP1817	3.2e-36	124.1	0.967	0.981	1	151
GCF_001433415.1|NZ_CP009847.1|NZ_CP009847.1_1772	clust_rep_seq	8414	271	Aristaios__Aristaios	1.1e-15	57.4	0.545	0.937	1	254
GCF_001433435.1|NZ_CP009984.1|NZ_CP009984.1_1258	clust_rep_seq	8427	531	Retron__RT_Tot_12	9.400000000000001e-30	103.6	0.733	0.465	50	296
GCF_001433435.1|NZ_CP009984.1|NZ_CP009984.1_1258	clust_rep_seq	8427	531	Retron__RT_Tot_1	3.1e-32	111.5	0.84	0.497	57	320
GCF_001433435.1|NZ_CP009984.1|NZ_CP009984.1_1258	clust_rep_seq	8427	531	Retron__RT_Tot_11	6.200000000000001e-36	123.6	0.818	0.539	78	363
GCF_001433435.1|NZ_CP009984.1|NZ_CP009984.1_1258	clust_rep_seq	8427	531	Retron__RT_Tot_9	8.1e-38	129.9	0.652	0.49	57	316
GCF_001433435.1|NZ_CP009984.1|NZ_CP009984.1_1258	clust_rep_seq	8427	531	Retron__RT_Tot_13	1.4e-47	161.7	0.676	0.443	67	301
GCF_001433435.1|NZ_CP009984.1|NZ_CP009984.1_1258	clust_rep_seq	8427	531	Retron__RT_Tot_4	1.4999999999999998e-47	161.8	0.843	0.501	59	324
GCF_001433435.1|NZ_CP009984.1|NZ_CP009984.1_1258	clust_rep_seq	8427	531	Retron__RT_Tot_5	3.6e-58	196.7	0.489	0.482	68	323
GCF_001433435.1|NZ_CP009984.1|NZ_CP009984.1_1258	clust_rep_seq	8427	531	Retron__RT_Tot_10	6.7e-59	199.3	0.815	0.533	41	323
GCF_001433435.1|NZ_CP009984.1|NZ_CP009984.1_1258	clust_rep_seq	8427	531	Retron__RT_Tot_14	3.2e-62	209.8	0.861	0.497	55	318
GCF_001433435.1|NZ_CP009984.1|NZ_CP009984.1_1258	clust_rep_seq	8427	531	Retron__RT_Tot_6	1.2e-64	217.7	0.874	0.612	51	375
GCF_001433435.1|NZ_CP009984.1|NZ_CP009984.1_1258	clust_rep_seq	8427	531	Retron__RT_Tot_7	2.9e-72	243.2	0.802	0.629	44	377
GCF_001433435.1|NZ_CP009984.1|NZ_CP009984.1_1258	clust_rep_seq	8427	531	Retron__RT_Tot_15	2.1e-80	270.9	0.5	0.635	43	379
GCF_001433435.1|NZ_CP009984.1|NZ_CP009984.1_1258	clust_rep_seq	8427	531	Retron_I_C__RT_1_C2	1.1999999999999999e-89	300.8	0.472	0.503	48	314
GCF_001433435.1|NZ_CP009984.1|NZ_CP009984.1_1258	clust_rep_seq	8427	531	Retron_I_C__RT_1_C1	5.2e-92	308.5	0.542	0.599	52	369
GCF_001433435.1|NZ_CP009984.1|NZ_CP009984.1_1258	clust_rep_seq	8427	531	Retron_I_C__RT_1_C3	4.3e-101	338.8	0.573	0.633	48	383
GCF_001433435.1|NZ_CP009984.1|NZ_CP009984.1_1258	clust_rep_seq	8427	531	Retron_XII__RT_12	1.2000000000000001e-191	637.5	0.826	0.902	33	511
GCF_001469735.1|NZ_CP013486.1|NZ_CP013486.1_109	clust_rep_seq	8441	144	VP1817__VP1817	9e-36	122.6	0.98	0.958	1	138
GCF_001547935.1|NZ_AP014636.1|NZ_AP014636.1_688	clust_rep_seq	8446	439	RT_I_II_III_IV_V_VI_1	1.2e-74	250.4	0.946	0.677	26	322
GCF_001558435.2|NZ_CP014038.2|NZ_CP014038.2_494	clust_rep_seq	8466	140	Lugos__Lugos	5.2e-26	90.5	0.794	0.957	2	135
GCF_001558475.2|NZ_CP014042.2|NZ_CP014042.2_1079	clust_rep_seq	8468	296	DS-33__DS-33	2.3e-106	355.0	0.916	0.946	10	289
GCF_001558475.2|NZ_CP014042.2|NZ_CP014042.2_1096	clust_rep_seq	8472	277	Aristaios__Aristaios	3.1e-33	115.2	0.57	0.982	2	273
GCF_001558475.2|NZ_CP014042.2|NZ_CP014042.2_1098	clust_rep_seq	8473	597	Gabija__GajA	8.4e-33	113.6	0.846	0.903	1	539
GCF_001558475.2|NZ_CP014042.2|NZ_CP014042.2_1122	clust_rep_seq	8478	370	Rugutis__Rugutis	9.3e-115	383.4	0.853	0.935	5	350
GCF_001558495.2|NZ_CP014046.2|NZ_CP014046.2_1898	clust_rep_seq	8492	248	PD-T7-4__PD-T7-4	2.1e-74	249.1	0.967	0.984	3	246
GCF_002863725.1|NZ_CP019121.1|NZ_CP019121.1_1546	clust_rep_seq	8539	167	Esos__VCA0450	9.400000000000001e-28	97.3	0.465	0.928	1	155
GCF_002874845.2|NZ_CP170009.1|NZ_CP170009.1_431	clust_rep_seq	8571	296	Paris_I__AriB_DUF4435_I	4.8e-38	131.2	0.88	0.953	3	284
GCF_002874845.2|NZ_CP170009.1|NZ_CP170009.1_432	clust_rep_seq	8572	448	Retron_I_A__ATPase_TypeIA	1.8e-15	56.5	0.693	0.975	3	439
GCF_002874845.2|NZ_CP170009.1|NZ_CP170009.1_432	clust_rep_seq	8572	448	Septu__PtuA	2e-26	93.3	0.72	0.962	5	435
GCF_002874845.2|NZ_CP170009.1|NZ_CP170009.1_432	clust_rep_seq	8572	448	Paris_II__AriA_AAA21	5.5000000000000006e-55	186.8	0.839	0.989	2	444
GCF_002874845.2|NZ_CP170009.1|NZ_CP170009.1_432	clust_rep_seq	8572	448	Paris_I__AriA_AAA15	1.3e-77	261.6	0.917	0.989	2	444
GCF_002887655.1|NZ_CP025796.1|NZ_CP025796.1_122	clust_rep_seq	8596	346	Shedu__SduA	2.8e-40	138.6	0.753	0.905	31	343
GCF_002887655.1|NZ_CP025796.1|NZ_CP025796.1_135	clust_rep_seq	8600	236	Aristaios__Aristaios	1.4e-20	73.5	0.598	0.915	13	228
GCF_009665415.1|NZ_CP035921.1|NZ_CP035921.1_278	clust_rep_seq	8610	597	DUF262_Shlafen_pSlfn7__pSlfn7	2.5e-192	640.2	0.997	0.982	2	587
GCF_009665415.1|NZ_CP035921.1|NZ_CP035921.1_329	clust_rep_seq	8622	271	Aristaios__Aristaios	3.6e-19	68.9	0.536	0.875	3	239
GCF_009665475.1|NZ_CP035731.1|NZ_CP035731.1_282	clust_rep_seq	8624	148	Dag__Dag8	3e-58	196.6	0.736	0.973	1	144
GCF_009665475.1|NZ_CP035731.1|NZ_CP035731.1_319	clust_rep_seq	8633	161	PhiR47.1_PanTA__PanA	1.6999999999999998e-53	180.4	0.735	0.963	1	155
GCF_009665475.1|NZ_CP035731.1|NZ_CP035731.1_320	clust_rep_seq	8634	118	PhiR47.1_PanTA__PanT	6.6e-20	70.5	0.726	0.771	28	118
GCF_009665475.1|NZ_CP035731.1|NZ_CP035731.1_341	clust_rep_seq	8640	551	Menshen__NsnB	1e-32	113.7	0.736	0.481	268	532
GCF_009762965.1|NZ_CP046741.1|NZ_CP046741.1_527	clust_rep_seq	8680	318	Shedu__SduA	1.9e-52	178.6	0.747	0.881	35	314
GCF_009763085.1|NZ_CP046772.1|NZ_CP046772.1_1925	clust_rep_seq	8694	277	AbiJ__AbiJ	5.2e-09	35.4	0.57	0.621	103	274
GCF_009763085.1|NZ_CP046772.1|NZ_CP046772.1_1929	clust_rep_seq	8695	333	PD-T4-10__PD-T4-10_B	2.1e-112	375.4	0.994	0.994	1	331
GCF_009763085.1|NZ_CP046772.1|NZ_CP046772.1_1930	clust_rep_seq	8696	140	PD-T4-10__PD-T4-10_A	1.5e-54	183.3	0.958	0.971	1	136
GCF_013357765.1|NZ_CP053809.1|NZ_CP053809.1_380	clust_rep_seq	8704	537	RT_I_II_III_IV_V_VI_1	7e-13	47.7	0.498	0.277	142	290
GCF_013357765.1|NZ_CP053809.1|NZ_CP053809.1_380	clust_rep_seq	8704	537	DRT6__DRT6	2.3000000000000002e-184	613.7	0.887	0.935	18	519
GCF_013357765.1|NZ_CP053809.1|NZ_CP053809.1_618	clust_rep_seq	8706	444	CBASS__Cyclase_SMODS	5.3e-06	26.3	0.616	0.216	23	118
GCF_013357765.1|NZ_CP053809.1|NZ_CP053809.1_618	clust_rep_seq	8706	444	CBASS__A_Cyclase_AGS_C	3.2e-22	78.4	0.867	0.243	321	428
GCF_013357765.1|NZ_CP053809.1|NZ_CP053809.1_618	clust_rep_seq	8706	444	CBASS__Cyclase_II	2.1999999999999997e-41	141.6	0.882	0.633	10	290
GCF_013357765.1|NZ_CP053809.1|NZ_CP053809.1_619	clust_rep_seq	8707	192	Panoptes__OptE	6.7e-09	35.3	0.809	0.839	15	175
GCF_013357765.1|NZ_CP053809.1|NZ_CP053809.1_619	clust_rep_seq	8707	192	CBASS__2TM_Gros	7.9e-12	45.3	0.531	0.885	22	191
GCF_013357765.1|NZ_CP053809.1|NZ_CP053809.1_619	clust_rep_seq	8707	192	CBASS__Effector_2TM_S_2TMBeta	4.2e-15	55.4	0.961	0.906	16	189
GCF_013357785.1|NZ_CP053811.1|NZ_CP053811.1_314	clust_rep_seq	8714	327	Dnd__DndB	8.9e-12	43.9	0.665	0.862	13	294
GCF_013357785.1|NZ_CP053811.1|NZ_CP053811.1_314	clust_rep_seq	8714	327	Dpd__DpdB	6.6e-15	54.0	0.77	0.844	12	287
GCF_013357785.1|NZ_CP053811.1|NZ_CP053811.1_340	clust_rep_seq	8717	291	Resolvase_DUF5677__Resolvase_DUF5677	1.2e-05	24.2	0.482	0.491	34	176
GCF_013357805.1|NZ_CP053814.1|NZ_CP053814.1_468	clust_rep_seq	8734	273	Belisama__VCA0458	7.6e-60	201.9	0.777	0.839	2	230
GCF_013357845.1|NZ_CP053817.1|NZ_CP053817.1_340	clust_rep_seq	8737	158	Kiwa__KwaB	1.4e-44	152.4	0.511	1.0	1	158
GCF_013357845.1|NZ_CP053817.1|NZ_CP053817.1_368	clust_rep_seq	8740	277	Retron_VII_2__DUF3800	5.1e-13	49.1	0.972	0.751	3	210
GCF_013357865.1|NZ_CP053821.1|NZ_CP053821.1_264	clust_rep_seq	8744	160	Thoeris__ThsB_1	3.0000000000000003e-63	212.4	0.981	0.981	3	159
GCF_013357865.1|NZ_CP053821.1|NZ_CP053821.1_272	clust_rep_seq	8746	441	Menshen__NsnB	8.499999999999999e-47	159.9	0.91	0.98	2	433
GCF_013357865.1|NZ_CP053821.1|NZ_CP053821.1_272	clust_rep_seq	8746	441	HEC-03__HEC-03B	2.9000000000000003e-63	213.9	0.811	0.993	1	438
GCF_013393845.1|NZ_CP040100.1|NZ_CP040100.1_1754	clust_rep_seq	8767	539	Gabija__GajA	2.6e-33	115.3	0.771	0.848	1	457
GCF_013393845.1|NZ_CP040100.1|NZ_CP040100.1_1797	clust_rep_seq	8773	396	DS-34__DS-34B	3.7000000000000005e-71	239.5	0.834	0.689	104	376
GCF_013393865.1|NZ_CP040101.1|NZ_CP040101.1_1579	clust_rep_seq	8776	380	gcu24__gcu24	1.2e-42	146.1	0.855	0.932	4	357
GCF_013393865.1|NZ_CP040101.1|NZ_CP040101.1_1579	clust_rep_seq	8776	380	DS-5__DS-5B	2.4e-78	263.5	0.992	0.995	1	378
GCF_013393885.1|NZ_CP040103.1|NZ_CP040103.1_1877	clust_rep_seq	8784	244	CBASS__Endonuc_small	1.8e-08	33.9	0.535	0.529	2	130
GCF_013393885.1|NZ_CP040103.1|NZ_CP040103.1_1877	clust_rep_seq	8784	244	PD_DExK_I_II_III_IV_V_VI_5	2.4e-18	65.4	0.969	0.504	1	123
GCF_013393885.1|NZ_CP040103.1|NZ_CP040103.1_1916	clust_rep_seq	8790	247	Aristaios__Aristaios	1.7e-51	175.2	0.579	0.939	4	235
GCF_024347495.1|NZ_AP025491.1|NZ_AP025491.1_1009	clust_rep_seq	8844	487	PD-Lambda-1__PD-Lambda-1	7.2e-177	588.5	0.992	0.984	9	487
GCF_024347495.1|NZ_AP025491.1|NZ_AP025491.1_1015	clust_rep_seq	8849	368	Hailong__HalA	2.4e-47	161.4	0.78	0.788	78	367
GCF_024347535.1|NZ_AP025497.1|NZ_AP025497.1_1330	clust_rep_seq	8859	300	Belisama__VCA0458	2.9e-24	85.1	0.794	0.783	61	295
GCF_024347655.1|NZ_AP025514.1|NZ_AP025514.1_1325	clust_rep_seq	8883	380	Resolvase_Schlafen__Resolvase_Schlafen	8.9e-110	367.0	0.971	0.997	1	379
GCF_024347655.1|NZ_AP025514.1|NZ_AP025514.1_1624	clust_rep_seq	8888	69	PD-T2-1__PD-T2-1A	1.2e-09	38.5	0.756	0.928	1	64
GCF_030994145.1|NZ_CP099919.1|NZ_CP099919.1_1209	clust_rep_seq	8931	433	PD-T7-3__PD-T7-3	5.999999999999999e-44	150.4	0.91	0.873	8	385
GCF_031883075.1|NZ_CP134783.1|NZ_CP134783.1_1528	clust_rep_seq	8953	297	Nemetona__VCA0441	9.500000000000001e-144	477.6	0.993	1.0	1	297
GCF_031883075.1|NZ_CP134783.1|NZ_CP134783.1_1551	clust_rep_seq	8956	217	Dag__Dag15	4.499999999999999e-81	271.3	0.973	0.982	5	217
GCF_032463505.1|NZ_CP135968.1|NZ_CP135968.1_1755	clust_rep_seq	8972	277	Lamassu__LmuA_Protease_II	6.6e-11	41.5	0.449	0.671	86	271
GCF_032463505.1|NZ_CP135968.1|NZ_CP135968.1_1756	clust_rep_seq	8973	236	RT_I_II_III_IV_V_VI_1	1e-12	47.1	0.566	0.661	59	214
GCF_032463505.1|NZ_CP135968.1|NZ_CP135968.1_1756	clust_rep_seq	8973	236	Retron__RT_Tot_12	2e-29	102.6	0.604	0.801	27	215
GCF_032463505.1|NZ_CP135968.1|NZ_CP135968.1_1756	clust_rep_seq	8973	236	Retron__RT_Tot_8	3.8e-32	111.1	0.51	0.814	25	216
GCF_032463505.1|NZ_CP135968.1|NZ_CP135968.1_1756	clust_rep_seq	8973	236	Retron__RT_Tot_9	4.8e-33	114.2	0.496	0.818	28	220
GCF_032463505.1|NZ_CP135968.1|NZ_CP135968.1_1756	clust_rep_seq	8973	236	Retron__RT_Tot_1	1.1e-35	122.8	0.551	0.695	55	218
GCF_032463505.1|NZ_CP135968.1|NZ_CP135968.1_1756	clust_rep_seq	8973	236	Retron__RT_Tot_11	1.2e-36	125.9	0.478	0.678	60	219
GCF_032463505.1|NZ_CP135968.1|NZ_CP135968.1_1756	clust_rep_seq	8973	236	Retron__RT_Tot_4	1.8e-46	158.3	0.593	0.75	55	231
GCF_032463505.1|NZ_CP135968.1|NZ_CP135968.1_1756	clust_rep_seq	8973	236	Retron__RT_Tot_13	5.1e-50	169.7	0.589	0.822	26	219
GCF_032463505.1|NZ_CP135968.1|NZ_CP135968.1_1756	clust_rep_seq	8973	236	Retron__RT_Tot_10	9.4e-52	175.8	0.622	0.873	26	231
GCF_032463505.1|NZ_CP135968.1|NZ_CP135968.1_1756	clust_rep_seq	8973	236	Retron__RT_Tot_14	1.4e-52	178.2	0.693	0.856	31	232
GCF_032463505.1|NZ_CP135968.1|NZ_CP135968.1_1756	clust_rep_seq	8973	236	Retron__RT_Tot_6	3e-56	190.2	0.578	0.814	26	217
GCF_032463505.1|NZ_CP135968.1|NZ_CP135968.1_1756	clust_rep_seq	8973	236	Retron__RT_Tot_7	1.6999999999999997e-67	227.5	0.532	0.869	28	232
GCF_049817095.1|NZ_CP187446.1|NZ_CP187446.1_2137	clust_rep_seq	9003	361	Lamassu__LmuA_Hydrolase	8.3e-14	50.8	0.757	0.778	9	289
GCF_050888945.2|NZ_CP180435.1|NZ_CP180435.1_1143	clust_rep_seq	9020	262	CBASS__Endonuc_small	1.4e-14	53.9	0.452	0.412	3	110
GCF_050888945.2|NZ_CP180435.1|NZ_CP180435.1_1143	clust_rep_seq	9020	262	PD_DExK_I_II_III_IV_V_VI_5	1.5e-26	91.9	0.945	0.454	4	122
GCF_051046905.1|NZ_CP095332.1|NZ_CP095332.1_788	clust_rep_seq	9032	275	PhiR5.1_HipAD__HipD2	4.2e-42	144.3	0.978	0.975	1	268
GCF_051046905.1|NZ_CP095332.1|NZ_CP095332.1_789	clust_rep_seq	9033	268	DS-6__DS-6A	5.7e-32	111.0	0.651	0.937	15	265
GCF_051046905.1|NZ_CP095332.1|NZ_CP095332.1_789	clust_rep_seq	9033	268	PhiR5.1_HipAD__HipA2	5.8e-41	140.0	0.933	0.896	25	264
GCF_051046905.1|NZ_CP095332.1|NZ_CP095332.1_807	clust_rep_seq	9037	183	Esos__VCA0450	7.5e-19	68.0	0.438	0.792	22	166
GCF_051131115.1|NZ_CP150876.1|NZ_CP150876.1_1865	clust_rep_seq	9039	374	Retron_VII_2__DUF3800	3.6e-08	33.5	0.935	0.751	5	285
GCF_051131125.1|NZ_CP150869.1|NZ_CP150869.1_1106	clust_rep_seq	9047	209	PD-T7-4__PD-T7-4	1.5e-84	282.2	0.986	0.99	1	207
GCF_051132235.1|NZ_CP072677.1|NZ_CP072677.1_1816	clust_rep_seq	9061	347	FS_HsdR_like__HdrR	5.2e-72	242.5	0.945	0.983	6	346
GCF_051132235.1|NZ_CP072677.1|NZ_CP072677.1_1816	clust_rep_seq	9061	347	DS-38__DS-38	6.900000000000001e-102	340.4	0.974	0.994	3	347
GCF_051132235.1|NZ_CP072677.1|NZ_CP072677.1_1816	clust_rep_seq	9061	347	HEC-08__HEC-08	1.3e-116	389.1	0.955	0.991	4	347
GCF_051132235.1|NZ_CP072677.1|NZ_CP072677.1_1864	clust_rep_seq	9070	274	Aristaios__Aristaios	1.4e-26	93.3	0.551	0.898	19	264
GCF_051132235.1|NZ_CP072677.1|NZ_CP072677.1_1874	clust_rep_seq	9072	188	ShosTA__ShosT	4.4e-05	22.8	0.637	0.809	34	185
GCF_051175305.1|NZ_CP195090.1|NZ_CP195090.1_625	clust_rep_seq	9089	535	Paris_II_merge__AAA_21_DUF4435	1.2000000000000001e-191	637.6	0.944	0.983	4	529
GCF_051175305.1|NZ_CP195090.1|NZ_CP195090.1_627	clust_rep_seq	9090	341	Lamassu__LmuA_Protease_II	2.4e-07	29.8	0.426	0.557	30	219
GCF_051175305.1|NZ_CP195090.1|NZ_CP195090.1_653	clust_rep_seq	9091	265	PD_DExK_I_II_III_IV_V_VI_5	2.4e-16	58.9	0.913	0.464	7	129
GCF_057439825.1|NZ_CM171998.1|NZ_CM171998.1_1225	clust_rep_seq	9101	342	mEp332_T2SS_GspM__T2SS_GspM	3.7e-114	380.8	0.985	0.982	3	338
GCF_057730755.1|NZ_CM173193.1|NZ_CM173193.1_910	clust_rep_seq	9125	348	PD-T7-1__PD-T7-1	8.3e-48	162.7	0.683	0.894	1	311
GCF_057730755.1|NZ_CM173193.1|NZ_CM173193.1_910	clust_rep_seq	9125	348	PD-T7-5__PD-T7-5	7.5e-130	432.6	0.916	0.991	1	345
GCF_057730815.1|NZ_CM173199.1|NZ_CM173199.1_861	clust_rep_seq	9134	287	AbiH__AbiH	2.4000000000000003e-55	187.9	0.992	0.875	4	254
GCF_057730815.1|NZ_CM173199.1|NZ_CM173199.1_875	clust_rep_seq	9141	329	Divona__VCA0374	5.7e-119	396.6	0.979	0.973	5	324
GCF_057730815.1|NZ_CM173199.1|NZ_CM173199.1_892	clust_rep_seq	9149	241	AbiAlpha__AbiAlpha	1.3e-25	90.0	0.694	0.535	65	193
GCF_057730815.1|NZ_CM173199.1|NZ_CM173199.1_898	clust_rep_seq	9152	588	Retron__RT_Tot_12	5.9000000000000005e-30	104.3	0.752	0.44	3	261
GCF_057730815.1|NZ_CM173199.1|NZ_CM173199.1_898	clust_rep_seq	9152	588	Retron__RT_Tot_9	2.9e-31	108.3	0.632	0.439	16	273
GCF_057730815.1|NZ_CM173199.1|NZ_CM173199.1_898	clust_rep_seq	9152	588	Retron__RT_Tot_1	7.7e-33	113.5	0.885	0.498	22	314
GCF_057730815.1|NZ_CM173199.1|NZ_CM173199.1_898	clust_rep_seq	9152	588	Retron__RT_Tot_11	1.5e-34	119.1	0.597	0.378	40	261
GCF_057730815.1|NZ_CM173199.1|NZ_CM173199.1_898	clust_rep_seq	9152	588	Retron__RT_Tot_13	5.1e-43	146.7	0.832	0.51	16	315
GCF_057730815.1|NZ_CM173199.1|NZ_CM173199.1_898	clust_rep_seq	9152	588	Retron__RT_Tot_4	2.1e-45	154.8	0.846	0.478	34	314
GCF_057730815.1|NZ_CM173199.1|NZ_CM173199.1_898	clust_rep_seq	9152	588	Retron__RT_Tot_5	5.5e-52	176.3	0.552	0.512	14	314
GCF_057730815.1|NZ_CM173199.1|NZ_CM173199.1_898	clust_rep_seq	9152	588	Retron__RT_Tot_14	1.6999999999999998e-53	181.2	0.941	0.503	14	309
GCF_057730815.1|NZ_CM173199.1|NZ_CM173199.1_898	clust_rep_seq	9152	588	Retron__RT_Tot_10	3.2e-55	187.2	0.858	0.524	6	313
GCF_057730815.1|NZ_CM173199.1|NZ_CM173199.1_898	clust_rep_seq	9152	588	Retron__RT_Tot_6	1.9e-56	190.9	0.843	0.52	9	314
GCF_057730815.1|NZ_CM173199.1|NZ_CM173199.1_898	clust_rep_seq	9152	588	Retron__RT_Tot_7	7.299999999999999e-67	225.4	0.762	0.527	15	324
GCF_057730815.1|NZ_CM173199.1|NZ_CM173199.1_898	clust_rep_seq	9152	588	Retron__RT_Tot_15	8.999999999999999e-73	245.7	0.471	0.526	6	314
GCF_057730815.1|NZ_CM173199.1|NZ_CM173199.1_898	clust_rep_seq	9152	588	Retron_I_C__RT_1_C3	1.3e-94	317.4	0.635	0.641	8	384
GCF_057730815.1|NZ_CM173199.1|NZ_CM173199.1_898	clust_rep_seq	9152	588	Retron_XII__RT_12	4.1999999999999996e-103	345.2	0.653	0.651	4	386
GCF_057730815.1|NZ_CM173199.1|NZ_CM173199.1_898	clust_rep_seq	9152	588	Retron_I_C__RT_1_C2	3.3e-164	547.0	0.993	0.985	6	584
GCF_057730815.1|NZ_CM173199.1|NZ_CM173199.1_898	clust_rep_seq	9152	588	Retron_I_C__RT_1_C1	5.5e-228	757.4	0.983	0.995	1	585
GCF_058267735.1|NZ_CM177832.1|NZ_CM177832.1_1274	clust_rep_seq	9189	243	Aristaios__Aristaios	2.9e-55	187.5	0.607	0.975	6	242
GCF_000006745.1|NC_002506.1|NC_002506.1_280	clust_rep_seq	9207	402	Ogmios__VCA0308	3.2e-257	853.0	0.969	0.998	2	402
GCF_000006745.1|NC_002506.1|NC_002506.1_281	clust_rep_seq	9208	234	EcoKMcrA__EcoKMcrA	1.9000000000000002e-31	109.3	0.464	0.825	36	228
GCF_000006745.1|NC_002506.1|NC_002506.1_291	clust_rep_seq	9212	148	Nantosuelta__VCA0322	2.0999999999999999e-75	253.0	0.57	0.993	1	147
GCF_000006745.1|NC_002506.1|NC_002506.1_334	clust_rep_seq	9229	200	Sucellos__SclB_VCA0368	4.9000000000000003e-76	254.0	0.941	0.985	1	197
GCF_000006745.1|NC_002506.1|NC_002506.1_352	clust_rep_seq	9235	276	Taranis__VCA0396	1.2999999999999999e-114	381.7	0.958	0.993	2	275
GCF_000006745.1|NC_002506.1|NC_002506.1_355	clust_rep_seq	9237	280	CBASS__Endonuc_small	1.8e-16	60.1	0.705	0.643	48	227
GCF_000006745.1|NC_002506.1|NC_002506.1_355	clust_rep_seq	9237	280	PD_DExK_I_II_III_IV_V_VI_5	2e-31	107.7	0.835	0.382	45	151
GCF_000006745.1|NC_002506.1|NC_002506.1_355	clust_rep_seq	9237	280	Damona__VCA0399	1.2e-82	276.8	0.957	0.932	19	279
GCF_000006745.1|NC_002506.1|NC_002506.1_362	clust_rep_seq	9240	152	Lugos__Lugos	1.2e-26	92.5	0.85	0.967	5	151
GCF_000006745.1|NC_002506.1|NC_002506.1_363	clust_rep_seq	9241	120	Cernunnos__VCA0410	4.5e-49	165.7	0.686	0.992	1	119
GCF_009665215.1|NZ_CP035680.1|NZ_CP035680.1_1968	clust_rep_seq	9285	385	Shedu__SduA	2.5e-64	217.7	0.831	0.912	34	384
GCF_009665315.1|NZ_CP035693.1|NZ_CP035693.1_2390	clust_rep_seq	9290	247	AbiG__AbiGi	2.1e-18	66.2	0.819	0.866	6	219
GCF_013357825.1|NZ_CP053823.1|NZ_CP053823.1_503	clust_rep_seq	9302	467	Paris_II__AriA_AAA21	7.399999999999999e-22	77.7	0.811	0.863	6	408
GCF_013393845.1|NZ_CP040100.1|NZ_CP040100.1_1842	clust_rep_seq	9328	231	VcaM4I__VcaM4I	3.7000000000000002e-62	210.4	0.512	0.714	66	230
GCF_014107515.1|NZ_CP044206.1|NZ_CP044206.1_2154	clust_rep_seq	9351	234	RM_Type_II__Type_II_REase19	1e-15	57.6	0.438	0.59	96	233
GCF_014107515.1|NZ_CP044206.1|NZ_CP044206.1_2154	clust_rep_seq	9351	234	VcaM4I__VcaM4I	8.7e-62	209.2	0.59	0.812	44	233
GCF_015654285.1|NZ_CP064859.1|NZ_CP064859.1_169	clust_rep_seq	9400	337	Kiwa__KwaB	7.799999999999999e-54	182.7	0.984	0.979	5	334
GCF_041714635.1|NZ_CP168212.1|NZ_CP168212.1_2076	clust_rep_seq	9403	275	Aristaios__Aristaios	2.1e-33	115.7	0.551	0.96	3	266
GCF_041950465.1|NZ_CP169540.1|NZ_CP169540.1_1054	clust_rep_seq	9410	229	Retron_VII_2__DUF3800	2.3e-15	56.7	0.991	0.856	4	199
GCF_042245395.1|NZ_CP145310.1|NZ_CP145310.1_1501	clust_rep_seq	9422	521	Septu__PtuA	3e-21	76.2	0.766	0.551	36	322
GCF_042691635.1|NZ_CP170491.1|NZ_CP170491.1_1847	clust_rep_seq	9430	208	Aristaios__Aristaios	7.3e-46	156.7	0.598	0.976	1	203
GCF_042691635.1|NZ_CP170491.1|NZ_CP170491.1_1849	clust_rep_seq	9431	449	Septu__PtuA	3.9e-30	105.6	0.747	0.713	1	320
GCF_042691635.1|NZ_CP170491.1|NZ_CP170491.1_1849	clust_rep_seq	9431	449	Paris_II__AriA_AAA21	2.4999999999999998e-33	115.5	0.854	0.724	1	325
GCF_042848055.1|NZ_AP031614.1|NZ_AP031614.1_1181	clust_rep_seq	9436	369	Lamassu__LmuA_Mrr	8.3e-06	25.4	0.407	0.382	35	175
GCF_042848055.1|NZ_AP031614.1|NZ_AP031614.1_1191	clust_rep_seq	9438	236	Aristaios__Aristaios	1.1e-59	202.1	0.611	0.996	2	236
GCF_042848055.1|NZ_AP031614.1|NZ_AP031614.1_1208	clust_rep_seq	9440	313	RM_Type_IV__Type_IV_03	1.5e-22	80.4	0.838	0.792	26	273
GCF_042940635.1|NZ_CP134976.1|NZ_CP134976.1_1287	clust_rep_seq	9455	64	PD-T2-1__PD-T2-1A	7.5e-11	42.3	0.86	1.0	1	64
GCF_043995865.1|NZ_CP171887.1|NZ_CP171887.1_1699	clust_rep_seq	9477	551	RT_I_II_III_IV_V_VI_1	6.2e-12	44.6	0.508	0.283	114	269
GCF_043995865.1|NZ_CP171887.1|NZ_CP171887.1_1699	clust_rep_seq	9477	551	DRT6__DRT6	1.3e-192	641.0	0.914	0.982	3	543
GCF_044496695.1|NZ_CP172405.1|NZ_CP172405.1_848	clust_rep_seq	9493	192	AbiT__AbiTii	4.2e-06	26.2	0.654	0.714	17	153
GCF_053643215.1|NZ_CM132188.1|NZ_CM132188.1_1052	clust_rep_seq	9521	207	gcuWGS21__gcuWGS21	2.0999999999999998e-67	226.1	0.981	0.995	2	207
GCF_001879585.1|NZ_CP013248.1|NZ_CP013248.1_1779	clust_rep_seq	9616	99	WYL_I_II_III_IV_V_VI_4	2e-05	24.3	0.413	0.737	5	77
GCF_001879585.1|NZ_CP013248.1|NZ_CP013248.1_1830	clust_rep_seq	9631	206	CmdTAC__CmdT	1.7e-06	27.3	0.471	0.587	28	148
GCF_001887055.1|NZ_CP013826.1|NZ_CP013826.1_1170	clust_rep_seq	9668	272	PD_DExK_I_II_III_IV_V_VI_5	1.1e-21	76.2	0.961	0.46	4	128
GCF_001887515.1|NZ_CP013318.1|NZ_CP013318.1_312	clust_rep_seq	9682	203	DarTG__DarT	1.8999999999999999e-22	79.6	0.91	0.833	14	182
GCF_001887615.1|NZ_CP013320.1|NZ_CP013320.1_263	clust_rep_seq	9684	185	DEDDh_I_II_III_IV_V_VI_1	6.1e-35	120.3	0.994	0.843	19	174
GCF_001887615.1|NZ_CP013320.1|NZ_CP013320.1_415	clust_rep_seq	9687	100	PfiAT__PfiT	5.9e-05	22.6	0.843	0.9	3	92
GCF_002850455.1|NZ_CP019320.1|NZ_CP019320.1_1842	clust_rep_seq	9713	267	AbiH__AbiH	3.6e-12	46.3	0.418	0.427	101	214
GCF_002874015.2|NZ_CP170001.1|NZ_CP170001.1_485	clust_rep_seq	9745	385	Detocs__dtcC_hydrolase	2.3999999999999996e-22	78.7	0.522	0.527	169	371
GCF_002874615.2|NZ_CP170017.1|NZ_CP170017.1_494	clust_rep_seq	9751	305	DS-24__DS-24	6.7e-51	173.1	0.58	0.525	132	291
GCF_002906655.1|NZ_CP025794.1|NZ_CP025794.1_106	clust_rep_seq	9787	366	DS-5__DS-5B	1.8e-73	247.5	0.981	0.945	7	352
GCF_002906655.1|NZ_CP025794.1|NZ_CP025794.1_106	clust_rep_seq	9787	366	gcu24__gcu24	2e-89	300.2	0.884	0.954	3	351
GCF_002906655.1|NZ_CP025794.1|NZ_CP025794.1_110	clust_rep_seq	9788	212	Sirona__VCA0356	1.9e-21	76.2	0.78	0.962	3	206
GCF_040735825.1|NZ_CP147727.1|NZ_CP147727.1_289	clust_rep_seq	9816	346	Sucellos__SclA_VCA0367	1.0999999999999999e-127	425.1	0.994	0.928	1	321
GCF_041734175.1|NZ_CP168658.1|NZ_CP168658.1_1006	clust_rep_seq	9845	272	Aristaios__Aristaios	5.6e-47	160.3	0.611	0.993	1	270
GCF_045004265.1|NZ_CP173383.1|NZ_CP173383.1_1433	clust_rep_seq	9878	271	Aristaios__Aristaios	1.3e-38	132.8	0.583	0.923	9	258
GCF_045278325.1|NZ_CP128803.1|NZ_CP128803.1_1228	clust_rep_seq	9889	271	AbiJ__AbiJ	1.6e-07	30.5	0.467	0.52	126	266
GCF_045291255.1|NZ_CP134278.1|NZ_CP134278.1_1169	clust_rep_seq	9898	189	PD-T7-4__PD-T7-4	2.6e-74	248.7	0.803	0.937	10	186
GCF_053515815.1|NZ_CM130728.1|NZ_CM130728.1_917	clust_rep_seq	9901	199	CBASS__2TM_Gros	3.3e-13	49.8	0.598	0.915	10	191
GCF_053515815.1|NZ_CM130728.1|NZ_CM130728.1_917	clust_rep_seq	9901	199	CBASS__Effector_2TM_S_2TMBeta	2.6e-26	91.9	0.994	0.869	15	187
GCF_053515815.1|NZ_CM130728.1|NZ_CM130728.1_917	clust_rep_seq	9901	199	Panoptes__OptE	1.1e-74	250.2	1.0	1.0	1	199
GCF_053643215.1|NZ_CM132188.1|NZ_CM132188.1_987	clust_rep_seq	9908	354	PD-T2-1__PD-T2-1B	1.1e-40	139.4	0.986	0.983	5	352
GCF_053643215.1|NZ_CM132188.1|NZ_CM132188.1_988	clust_rep_seq	9909	57	PD-T2-1__PD-T2-1A	9.5e-11	42.0	0.744	0.982	1	56
GCF_054111865.1|NZ_CM134200.1|NZ_CM134200.1_1738	clust_rep_seq	9924	176	Aristaios__Aristaios	8.1e-21	74.4	0.442	0.915	14	174
GCF_055389885.1|NZ_AP040272.1|NZ_AP040272.1_2743	clust_rep_seq	9954	335	Retron_VII_2__DUF3800	4.5e-09	36.4	0.972	0.806	3	272
GCF_055797365.1|NZ_CP118728.1|NZ_CP118728.1_612	clust_rep_seq	9958	368	gcu24__gcu24	2.4e-37	128.7	0.828	0.97	5	361
GCF_055797365.1|NZ_CP118728.1|NZ_CP118728.1_612	clust_rep_seq	9958	368	DS-5__DS-5B	5e-87	292.1	0.981	0.995	1	366
GCF_055797365.1|NZ_CP118728.1|NZ_CP118728.1_614	clust_rep_seq	9959	122	PhiR47.1_PanTA__PanT	7.3e-20	70.4	0.766	0.803	25	122
GCF_055797365.1|NZ_CP118728.1|NZ_CP118728.1_615	clust_rep_seq	9960	163	PhiR47.1_PanTA__PanA	2.7e-50	169.9	0.74	0.957	1	156
GCF_055808835.1|NZ_CM147884.1|NZ_CM147884.1_2415	clust_rep_seq	9971	529	Detocs__dtcC_TOPRIM	2.2e-23	82.5	0.593	0.408	301	516
GCF_056820805.1|NZ_CM165957.1|NZ_CM165957.1_1431	clust_rep_seq	9996	244	AbiA_small__SLATT	2.4e-14	52.9	0.911	0.758	33	217
GCF_056820805.1|NZ_CM165957.1|NZ_CM165957.1_1431	clust_rep_seq	9996	244	DRT_3__SLATT	6.3e-48	162.2	0.97	0.807	24	220
GCF_056820805.1|NZ_CM165957.1|NZ_CM165957.1_1434	clust_rep_seq	9997	292	CBASS__Effector_TIR	1.1e-35	122.8	0.453	0.538	3	159
GCF_058215515.1|NZ_CM177085.1|NZ_CM177085.1_855	clust_rep_seq	10002	202	AbiA_small__AbiA_SLATT	7e-09	35.1	0.678	0.658	14	146
GCF_058215515.1|NZ_CM177085.1|NZ_CM177085.1_855	clust_rep_seq	10002	202	AbiA_small__SLATT	1.4e-16	60.2	0.916	0.906	7	189
GCF_058215515.1|NZ_CM177085.1|NZ_CM177085.1_855	clust_rep_seq	10002	202	DRT9__SLATT	4.9e-17	61.4	0.768	0.837	3	171
GCF_058215515.1|NZ_CM177085.1|NZ_CM177085.1_855	clust_rep_seq	10002	202	DRT_3__SLATT	7.2e-46	155.5	0.945	0.98	2	199
GCF_059682885.1|NZ_CM185026.1|NZ_CM185026.1_437	clust_rep_seq	10033	263	Shedu__SduA	2.8e-58	197.8	0.618	0.97	8	262
GCF_059683725.1|NZ_CM185037.1|NZ_CM185037.1_1075	clust_rep_seq	10038	199	Aristaios__Aristaios	6.8e-33	114.0	0.533	0.884	5	180
GCF_059683725.1|NZ_CM185038.1|NZ_CM185038.1_1142	clust_rep_seq	10053	204	PD-T4-7__PD-T4-7	1.2e-26	93.1	0.571	0.824	29	196
GCF_059683745.1|NZ_CM185039.1|NZ_CM185039.1_1718	clust_rep_seq	10070	674	Retron_I_A__ATPase_TypeIA	6.9e-06	24.9	0.777	0.65	1	438
GCF_059683745.1|NZ_CM185039.1|NZ_CM185039.1_1718	clust_rep_seq	10070	674	Gabija__GajA	1.4e-53	182.2	0.838	0.869	1	586
GCF_059910985.1|NZ_CM187677.1|NZ_CM187677.1_480	clust_rep_seq	10089	116	TIR-VIII__TIR-VIII_A	6.5e-50	167.4	0.957	0.957	1	111
GCF_002142655.1|NZ_CP021145.1|NZ_CP021145.1_1345	clust_rep_seq	10114	193	AbiA_small__AbiA_SLATT	1.4e-07	30.9	0.74	0.741	6	148
GCF_002142655.1|NZ_CP021145.1|NZ_CP021145.1_1345	clust_rep_seq	10114	193	DRT9__SLATT	6.5e-18	64.3	0.894	0.933	4	183
GCF_002142655.1|NZ_CP021145.1|NZ_CP021145.1_1345	clust_rep_seq	10114	193	AbiA_small__SLATT	1.3e-19	70.1	0.717	0.741	9	151
GCF_002142655.1|NZ_CP021145.1|NZ_CP021145.1_1345	clust_rep_seq	10114	193	DRT_3__SLATT	8e-63	210.8	0.96	0.99	2	192
GCF_002142655.1|NZ_CP021145.1|NZ_CP021145.1_1361	clust_rep_seq	10118	144	PhiR47.1_PanTA__PanA	1.9e-40	137.8	0.721	0.986	2	143
GCF_002142655.1|NZ_CP021145.1|NZ_CP021145.1_1364	clust_rep_seq	10121	221	Shedu__SduA	3.9e-14	52.5	0.497	0.837	14	198
GCF_002196515.1|NZ_CP018836.1|NZ_CP018836.1_115	clust_rep_seq	10146	848	Detocs__dtcC	7.7e-28	97.0	0.579	0.283	3	242
GCF_002196515.1|NZ_CP018836.1|NZ_CP018836.1_572	clust_rep_seq	10150	319	Retron_IX__HEPN	2e-09	37.2	0.974	0.386	188	310
GCF_002204915.1|NZ_CP016321.1|NZ_CP016321.1_1465	clust_rep_seq	10156	82	cas2_I_II_III_IV_V_VI_13	3.9e-05	23.3	0.944	0.817	3	69
GCF_002211985.1|NZ_CP022102.1|NZ_CP022102.1_430	clust_rep_seq	10197	289	EcoKMcrA__EcoKMcrA	9.700000000000001e-34	116.9	0.429	0.789	50	277
GCF_002211985.1|NZ_CP022102.1|NZ_CP022102.1_430	clust_rep_seq	10197	289	ScoMcrA__ScoMcrA	7.5e-66	222.5	0.645	0.934	18	287
GCF_002211985.1|NZ_CP022102.1|NZ_CP022102.1_430	clust_rep_seq	10197	289	TagI__TagI	7.7e-77	258.5	0.698	0.917	17	281
GCF_002863725.1|NZ_CP019121.1|NZ_CP019121.1_1731	clust_rep_seq	10210	596	Gabija__GajA	1.8e-35	122.3	0.694	0.807	1	481
GCF_002863725.1|NZ_CP019121.1|NZ_CP019121.1_1732	clust_rep_seq	10211	251	AbiG__AbiGi	1.8e-46	158.3	0.913	0.98	6	251
GCF_002863725.1|NZ_CP019121.1|NZ_CP019121.1_1733	clust_rep_seq	10212	489	Nhi__Nhi	4e-164	546.2	0.99	1.0	1	489
GCF_002863725.1|NZ_CP019121.1|NZ_CP019121.1_1733	clust_rep_seq	10212	489	AbiO__AbiO	9.199999999999999e-195	647.3	0.996	1.0	1	489
GCF_002872705.2|NZ_CP169998.1|NZ_CP169998.1_213	clust_rep_seq	10224	285	DS-35__DS-35	5.4e-71	239.0	0.985	0.961	5	278
GCF_002872705.2|NZ_CP169998.1|NZ_CP169998.1_765	clust_rep_seq	10229	456	Hailong__HalA	8.500000000000001e-28	97.1	0.819	0.739	116	452
GCF_002873285.2|NZ_CP170019.1|NZ_CP170019.1_1805	clust_rep_seq	10245	558	Avs1__Avs1C	9.9e-09	34.6	0.782	0.131	10	82
GCF_002906455.1|NZ_CP026315.1|NZ_CP026315.1_2588	clust_rep_seq	10274	231	Aristaios__Aristaios	9.7e-39	133.2	0.601	0.987	2	229
GCF_002906455.1|NZ_CP026315.1|NZ_CP026315.1_2606	clust_rep_seq	10277	174	Aristaios__Aristaios	1.7e-43	148.9	0.449	0.879	15	167
GCF_002906455.1|NZ_CP026315.1|NZ_CP026315.1_2639	clust_rep_seq	10281	281	RM_Type_IV__Type_IV_05	2.6e-22	79.5	0.461	0.431	158	278
GCF_002906455.1|NZ_CP026319.1|NZ_CP026319.1_63	clust_rep_seq	10286	449	RT_I_II_III_IV_V_VI_1	2.2e-90	302.1	0.953	0.633	28	311
GCF_002906455.1|NZ_CP026320.1|NZ_CP026320.1_43	clust_rep_seq	10294	216	Esos__VCA0450	3.1000000000000003e-30	105.4	0.459	0.727	45	201
GCF_000006745.1|NC_002506.1|NC_002506.1_370	clust_rep_seq	10298	251	Brigantia__VCA0419	1.3e-107	358.1	0.983	0.908	23	250
GCF_000196095.1|NC_004603.1|NC_004603.1_1716	clust_rep_seq	10306	148	VP1817__VP1817	6.7e-47	158.7	0.993	0.993	1	147
GCF_000196095.1|NC_004603.1|NC_004603.1_1734	clust_rep_seq	10312	170	VP1839__VP1839	1.1000000000000001e-63	213.7	0.882	0.982	1	167
GCF_000196095.1|NC_004603.1|NC_004603.1_1735	clust_rep_seq	10313	193	VP1840__VP1840	2.1e-81	272.6	0.777	0.974	5	192
GCF_000196095.1|NC_004603.1|NC_004603.1_1735	clust_rep_seq	10313	193	Dag__Dag1_VP1840	1e-84	283.1	0.828	0.974	5	192
GCF_000196095.1|NC_004603.1|NC_004603.1_1746	clust_rep_seq	10317	212	VP1851__VP1851	1.3000000000000001e-102	341.6	0.844	0.967	3	207
GCF_000196095.1|NC_004603.1|NC_004603.1_1749	clust_rep_seq	10318	275	PD-Lambda-3__PD-Lambda-3_B	6.9e-84	280.7	0.989	0.975	1	268
GCF_000196095.1|NC_004603.1|NC_004603.1_1749	clust_rep_seq	10318	275	VP1853__VP1853	3.3e-116	386.5	0.993	0.975	1	268
GCF_000430425.1|NC_021848.1|NC_021848.1_821	clust_rep_seq	10350	229	RM_Type_IV__Type_IV_05	5e-24	85.2	0.688	0.978	4	227
GCF_000430425.1|NC_021848.1|NC_021848.1_849	clust_rep_seq	10362	281	Uzume__UzuA	9.500000000000001e-84	280.6	0.996	0.993	3	281
GCF_000430425.1|NC_021848.1|NC_021848.1_856	clust_rep_seq	10366	302	BstA__BstA	4.5e-82	274.8	0.964	0.98	2	297
GCF_000746665.1|NZ_CP009261.1|NZ_CP009261.1_1690	clust_rep_seq	10385	316	Aristaios__Aristaios	3.4e-61	207.0	0.632	0.905	25	310
GCF_001636035.1|NZ_CP011406.1|NZ_CP011406.1_1912	clust_rep_seq	10414	484	DS-20__DS-20	9.6e-174	578.3	0.976	1.0	1	484
GCF_001653775.1|NZ_CP011775.1|NZ_CP011775.1_1488	clust_rep_seq	10431	130	PD-T7-4__PD-T7-4	1.4e-37	128.7	0.563	0.915	2	120
GCF_001680065.1|NZ_CP016349.1|NZ_CP016349.1_1918	clust_rep_seq	10448	155	VP1817__VP1817	2.4e-40	137.5	0.987	0.968	1	150
GCF_008693685.1|NZ_CP044069.1|NZ_CP044069.1_1722	clust_rep_seq	10503	265	Aristaios__Aristaios	6.5e-49	166.7	0.595	0.909	12	252
GCF_009184745.1|NZ_CP045070.1|NZ_CP045070.1_2649	clust_rep_seq	10514	274	Aristaios__Aristaios	2.4e-21	76.1	0.555	0.949	1	260
GCF_009363455.1|NZ_CP045355.1|NZ_CP045355.1_1314	clust_rep_seq	10530	268	DS-6__DS-6A	8.1e-31	107.2	0.553	0.832	37	259
GCF_009665215.1|NZ_CP035680.1|NZ_CP035680.1_2078	clust_rep_seq	10555	471	Paris_II__AriA_AAA21	3e-16	59.3	0.824	0.879	5	418
GCF_009665315.1|NZ_CP035693.1|NZ_CP035693.1_2310	clust_rep_seq	10575	65	PD-T2-1__PD-T2-1A	1.8e-09	37.9	0.767	0.969	2	64
GCF_009665315.1|NZ_CP035693.1|NZ_CP035693.1_2311	clust_rep_seq	10576	288	PD-T2-1__PD-T2-1B	5.2999999999999996e-90	301.2	1.0	1.0	1	288
GCF_009665315.1|NZ_CP035693.1|NZ_CP035693.1_2316	clust_rep_seq	10579	351	RM_Type_II__Type_II_REase27	2.5e-15	57.0	0.569	0.712	20	269
GCF_009665315.1|NZ_CP035693.1|NZ_CP035693.1_2316	clust_rep_seq	10579	351	RM_Type_II__Type_II_REase09	5.5e-17	62.5	0.659	0.778	33	305
GCF_009665315.1|NZ_CP035693.1|NZ_CP035693.1_2316	clust_rep_seq	10579	351	PD-T4-2__PD-T4-2_A	3.3e-51	173.9	0.778	0.826	28	317
GCF_009665315.1|NZ_CP035693.1|NZ_CP035693.1_2316	clust_rep_seq	10579	351	Menshen__NsnA	1.5e-70	237.8	0.868	0.937	15	343
GCF_009665315.1|NZ_CP035693.1|NZ_CP035693.1_2354	clust_rep_seq	10589	247	RM_Type_IV__Type_IV_05	8.1e-25	87.8	0.473	0.587	94	238
GCF_009665415.1|NZ_CP035921.1|NZ_CP035921.1_339	clust_rep_seq	10594	256	Aristaios__Aristaios	4.7999999999999997e-39	134.3	0.449	0.77	2	198
GCF_009764005.1|NZ_CP046824.1|NZ_CP046824.1_959	clust_rep_seq	10620	91	Retron_VI__HTH	4.7000000000000005e-25	87.0	0.838	0.912	3	85
GCF_009764115.1|NZ_CP046835.1|NZ_CP046835.1_1231	clust_rep_seq	10681	227	Dag__Dag1_VP1840	1.2999999999999999e-51	174.8	0.894	0.925	2	211
GCF_009764115.1|NZ_CP046835.1|NZ_CP046835.1_1231	clust_rep_seq	10681	227	VP1840__VP1840	5.899999999999999e-53	179.4	0.876	0.965	3	221
GCF_013357825.1|NZ_CP053823.1|NZ_CP053823.1_268	clust_rep_seq	10709	266	CBASS__Effector_TIR	2e-38	131.7	0.433	0.56	1	149
GCF_013357825.1|NZ_CP053823.1|NZ_CP053823.1_319	clust_rep_seq	10715	393	RM_Type_II__Type_II_MTases_FAM_15	6.3e-08	31.5	0.501	0.435	7	177
GCF_013357825.1|NZ_CP053823.1|NZ_CP053823.1_319	clust_rep_seq	10715	393	RM_Type_II__Type_II_MTases_FAM_16	3.8e-10	38.9	0.45	0.417	24	187
GCF_013357825.1|NZ_CP053823.1|NZ_CP053823.1_319	clust_rep_seq	10715	393	RM_Type_II__Type_II_MTases_FAM_22	9.4e-15	54.1	0.449	0.435	3	173
GCF_013357825.1|NZ_CP053823.1|NZ_CP053823.1_319	clust_rep_seq	10715	393	DISARM_2__drmMII	8.6e-29	100.3	0.957	0.954	4	378
GCF_013357825.1|NZ_CP053823.1|NZ_CP053823.1_319	clust_rep_seq	10715	393	RM_Type_II__Type_II_MTases_FAM_0	1.2e-31	109.9	0.964	0.954	4	378
GCF_013357825.1|NZ_CP053823.1|NZ_CP053823.1_319	clust_rep_seq	10715	393	RM_Type_II__Type_II_MTases_FAM_2	1.6000000000000002e-56	191.4	0.968	0.957	3	378
GCF_013357825.1|NZ_CP053823.1|NZ_CP053823.1_319	clust_rep_seq	10715	393	Druantia_II__DruM	4.7e-61	206.6	0.829	0.954	4	378
GCF_013357885.1|NZ_CP053745.1|NZ_CP053745.1_324	clust_rep_seq	10730	499	RT_I_II_III_IV_V_VI_1	1.2e-12	46.9	0.495	0.307	138	290
GCF_013357885.1|NZ_CP053745.1|NZ_CP053745.1_324	clust_rep_seq	10730	499	AbiP2__AbiP2	2.0000000000000002e-199	663.1	0.969	0.992	2	496
GCF_013393865.1|NZ_CP040101.1|NZ_CP040101.1_1541	clust_rep_seq	10754	263	RM_Type_II__Type_II_REase19	9.8e-16	57.6	0.492	0.662	86	259
GCF_013393865.1|NZ_CP040101.1|NZ_CP040101.1_1561	clust_rep_seq	10759	235	AbiAlpha__AbiAlpha	4.2e-09	36.1	0.642	0.481	101	213
GCF_013393865.1|NZ_CP040101.1|NZ_CP040101.1_1564	clust_rep_seq	10760	610	Septu__PtuA	3.9e-21	75.9	0.786	0.625	5	385
GCF_013393865.1|NZ_CP040101.1|NZ_CP040101.1_1564	clust_rep_seq	10760	610	Gabija__GajA	1.2e-24	86.7	0.795	0.844	5	519
GCF_014083925.1|NZ_CP046268.1|NZ_CP046268.1_1150	clust_rep_seq	10762	373	gcu24__gcu24	3.3e-38	131.6	0.831	0.946	3	355
GCF_014083925.1|NZ_CP046268.1|NZ_CP046268.1_1150	clust_rep_seq	10762	373	DS-5__DS-5B	7e-108	360.7	0.984	0.995	2	372
GCF_014083925.1|NZ_CP046268.1|NZ_CP046268.1_1525	clust_rep_seq	10764	213	Shedu__SduA	1.9e-29	102.9	0.473	0.751	18	177
GCF_014107515.1|NZ_CP044206.1|NZ_CP044206.1_2007	clust_rep_seq	10775	168	RosmerTA__RmrA_2617826694	1e-11	43.5	0.401	0.935	12	168
GCF_014107515.1|NZ_CP044206.1|NZ_CP044206.1_2029	clust_rep_seq	10780	285	Aristaios__Aristaios	1e-52	179.1	0.604	0.937	4	270
GCF_014107515.1|NZ_CP044206.1|NZ_CP044206.1_2036	clust_rep_seq	10783	352	FS_HsdR_like__HdrR	4.2999999999999997e-61	206.5	0.934	0.969	8	348
GCF_014107515.1|NZ_CP044206.1|NZ_CP044206.1_2036	clust_rep_seq	10783	352	DS-38__DS-38	3.7e-114	380.8	0.971	0.989	3	350
GCF_014107515.1|NZ_CP044206.1|NZ_CP044206.1_2036	clust_rep_seq	10783	352	HEC-08__HEC-08	1.3e-120	402.3	0.969	0.997	1	351
GCF_014274185.1|NZ_CP060386.1|NZ_CP060386.1_1303	clust_rep_seq	10798	281	PhiR5.1_HipAD__HipD2	3.3e-30	105.3	0.946	0.932	5	266
GCF_014274185.1|NZ_CP060386.1|NZ_CP060386.1_1303	clust_rep_seq	10798	281	DS-6__DS-6B	2.6e-76	256.8	0.896	0.986	1	277
GCF_014274185.1|NZ_CP060386.1|NZ_CP060386.1_1303	clust_rep_seq	10798	281	PhiR5.1_HipAD__HipD	3.1e-98	328.6	0.791	0.993	1	279
GCF_023716625.1|NZ_CP071855.1|NZ_CP071855.1_1635	clust_rep_seq	10828	461	PD-T7-1__PD-T7-1	1.1e-42	145.8	0.749	0.714	123	451
GCF_023716625.1|NZ_CP071855.1|NZ_CP071855.1_1635	clust_rep_seq	10828	461	PD-T7-5__PD-T7-5	1.4999999999999998e-103	346.0	0.908	0.711	128	455
GCF_023716845.1|NZ_CP068024.1|NZ_CP068024.1_1459	clust_rep_seq	10839	348	DS-31__DS-31	1.2e-150	501.0	0.989	0.997	1	347
GCF_024346995.1|NZ_AP024887.1|NZ_AP024887.1_843	clust_rep_seq	10881	313	EcoKMcrA__EcoKMcrA	2.4000000000000002e-30	105.7	0.402	0.738	66	296
GCF_024346995.1|NZ_AP024887.1|NZ_AP024887.1_844	clust_rep_seq	10882	312	DS-34__DS-34B	1.1e-97	326.7	0.939	0.971	5	307
GCF_024346995.1|NZ_AP024888.1|NZ_AP024888.1_143	clust_rep_seq	10883	528	PD-Lambda-1__PD-Lambda-1	1.8000000000000003e-156	521.3	0.955	0.962	18	525
GCF_029224045.1|NZ_CP119522.1|NZ_CP119522.1_119	clust_rep_seq	10934	374	Retron_VII_2__DUF3800	1.4e-06	28.5	0.981	0.816	3	307
GCF_030060435.1|NZ_CP125875.1|NZ_CP125875.1_883	clust_rep_seq	10951	289	Aristaios__Aristaios	8.2e-49	166.4	0.604	0.972	3	283
GCF_030060435.1|NZ_CP125875.1|NZ_CP125875.1_909	clust_rep_seq	10960	340	Kiwa__KwaB	1.8e-34	119.1	0.965	0.918	20	331
GCF_030238765.2|NZ_CM129898.1|NZ_CM129898.1_1251	clust_rep_seq	10964	167	CBASS__2TM_Gros	9.6e-07	28.6	0.61	0.844	8	148
GCF_030238765.2|NZ_CM129898.1|NZ_CM129898.1_1251	clust_rep_seq	10964	167	CBASS__2TM_new	7.3e-08	31.8	0.459	0.719	18	137
GCF_030238765.2|NZ_CM129898.1|NZ_CM129898.1_1251	clust_rep_seq	10964	167	CBASS__2TM_type_IV	2e-08	33.7	0.485	0.581	41	137
GCF_030704285.1|NZ_CP131931.1|NZ_CP131931.1_1519	clust_rep_seq	10994	300	DarTG__DarT	4e-16	58.9	0.945	0.573	113	284
GCF_030704285.1|NZ_CP131931.1|NZ_CP131931.1_1587	clust_rep_seq	10999	279	DS-40__DS-40	1.5999999999999998e-88	296.2	0.99	0.989	3	278
GCF_040869035.2|NZ_CP162101.2|NZ_CP162101.2_332	clust_rep_seq	11007	276	Septu__PtuA_2	2.9999999999999996e-60	203.8	0.522	0.957	1	264
GCF_041879395.1|NZ_CP090847.1|NZ_CP090847.1_1435	clust_rep_seq	11021	395	RM_Type_II__Type_II_MTases_FAM_16	2.2e-26	92.3	0.924	0.959	2	380
GCF_041879395.1|NZ_CP090847.1|NZ_CP090847.1_1435	clust_rep_seq	11021	395	RM_Type_II__Type_II_MTases_FAM_15	1.8e-27	95.8	0.959	0.99	3	393
GCF_041879395.1|NZ_CP090847.1|NZ_CP090847.1_1435	clust_rep_seq	11021	395	RM_Type_II__Type_II_MTases_FAM_21	1.1999999999999999e-41	142.4	0.839	0.965	5	385
GCF_041879395.1|NZ_CP090847.1|NZ_CP090847.1_1435	clust_rep_seq	11021	395	RM_Type_II__Type_II_MTases_FAM_2	2e-49	168.1	0.953	0.972	2	385
GCF_041879395.1|NZ_CP090847.1|NZ_CP090847.1_1435	clust_rep_seq	11021	395	Druantia_II__DruM	7.9e-73	245.4	0.842	0.995	2	394
GCF_041879395.1|NZ_CP090847.1|NZ_CP090847.1_1435	clust_rep_seq	11021	395	DISARM_2__drmMII	9.7e-81	271.2	0.968	0.992	2	393
GCF_041879395.1|NZ_CP090847.1|NZ_CP090847.1_1435	clust_rep_seq	11021	395	RM_Type_II__Type_II_MTases_FAM_0	1.0000000000000001e-96	323.9	0.978	0.995	1	393
GCF_045586155.1|NZ_CP169050.1|NZ_CP169050.1_1599	clust_rep_seq	11068	257	Aristaios__Aristaios	2.0000000000000002e-57	194.7	0.623	0.984	4	256
GCF_045586155.1|NZ_CP169050.1|NZ_CP169050.1_1657	clust_rep_seq	11082	489	GAPS1__GAPS1	4.4999999999999996e-151	503.4	0.941	0.996	1	487
GCF_045689275.1|NZ_CP137092.1|NZ_CP137092.1_800	clust_rep_seq	11086	414	DS-34__DS-34B	1.4e-88	296.8	0.963	0.761	99	413
GCF_050920685.1|NZ_CP138328.1|NZ_CP138328.1_1191	clust_rep_seq	11115	162	PD-Lambda-3__PD-Lambda-3_A	9e-43	145.3	0.906	0.914	14	161
GCF_050920685.1|NZ_CP138328.1|NZ_CP138328.1_1203	clust_rep_seq	11119	478	SEFIR__bSEFIR	4.1999999999999994e-125	418.2	0.845	0.994	3	477
GCF_050920685.1|NZ_CP138328.1|NZ_CP138328.1_1260	clust_rep_seq	11129	160	Lugos__Lugos	3.2999999999999996e-22	78.1	0.812	0.919	1	147
GCF_050920685.1|NZ_CP138328.1|NZ_CP138328.1_1273	clust_rep_seq	11132	217	Dag__Dag14	7.199999999999999e-33	113.8	0.784	0.843	18	200
GCF_051046905.1|NZ_CP095332.1|NZ_CP095332.1_628	clust_rep_seq	11138	290	Lamassu__LmuA_SMEK	2.6e-21	76.0	0.585	0.61	1	177
GCF_051046905.1|NZ_CP095332.1|NZ_CP095332.1_628	clust_rep_seq	11138	290	DS-27__DS-27	1.9e-79	266.6	0.984	0.993	1	288
GCF_051131115.1|NZ_CP150876.1|NZ_CP150876.1_1787	clust_rep_seq	11168	176	DS-5__DS-5A	2e-64	215.7	0.97	0.92	14	175
GCF_051131125.1|NZ_CP150869.1|NZ_CP150869.1_1187	clust_rep_seq	11186	380	FS_HsdR_like__HdrR	4.8e-46	157.0	0.939	0.921	16	365
GCF_051131125.1|NZ_CP150869.1|NZ_CP150869.1_1187	clust_rep_seq	11186	380	HEC-08__HEC-08	3.3e-88	295.6	0.964	0.942	10	367
GCF_051131125.1|NZ_CP150869.1|NZ_CP150869.1_1187	clust_rep_seq	11186	380	DS-38__DS-38	3.3e-97	325.1	0.988	0.95	8	368
GCF_057368475.1|NZ_CM170643.1|NZ_CM170643.1_914	clust_rep_seq	11217	158	Esos__VCA0450	5.1e-32	111.3	0.438	0.88	4	142
GCF_057368475.1|NZ_CM170643.1|NZ_CM170643.1_920	clust_rep_seq	11218	198	Aristaios__Aristaios	6.3e-33	114.2	0.43	0.864	27	197
GCF_057368525.1|NZ_CM170646.1|NZ_CM170646.1_1383	clust_rep_seq	11244	178	Dag__Dag10	4.0000000000000005e-65	220.3	0.43	0.989	1	176
GCF_057368585.1|NZ_CM170655.1|NZ_CM170655.1_951	clust_rep_seq	11265	301	AbiT__AbiTi	8.4e-10	38.1	0.701	0.419	172	297
GCF_057368585.1|NZ_CM170655.1|NZ_CM170655.1_951	clust_rep_seq	11265	301	AbiT__AbiTii	1.3e-67	227.3	0.968	0.704	1	212
GCF_057368585.1|NZ_CM170655.1|NZ_CM170655.1_955	clust_rep_seq	11269	252	CBASS__Effector_TIR	2.7e-31	108.3	0.442	0.599	2	152
GCF_057368585.1|NZ_CM170655.1|NZ_CM170655.1_960	clust_rep_seq	11270	252	CBASS__Effector_TIR	1.4e-37	129.0	0.497	0.655	1	165
GCF_057368635.1|NZ_CM170659.1|NZ_CM170659.1_947	clust_rep_seq	11276	290	Aristaios__Aristaios	3.8e-24	85.3	0.573	0.914	13	277
GCF_964198015.1|NZ_OZ078861.1|NZ_OZ078861.1_1454	clust_rep_seq	11312	257	RM_Type_IV__Type_IV_05	1.9000000000000002e-20	73.5	0.645	0.665	86	256
GCF_000039765.1|NC_004459.3|NC_004459.3_2234	clust_rep_seq	11365	214	Dag__Dag14	8.3e-70	234.5	0.991	0.991	1	212
GCF_000328405.1|NC_019955.1|NC_019955.1_2879	clust_rep_seq	11388	713	Pif__PifA	1.7999999999999998e-33	115.4	0.467	0.449	28	347
GCF_000354175.2|NC_022349.1|NC_022349.1_799	clust_rep_seq	11393	287	Resolvase_Schlafen__Resolvase_Schlafen	1.6e-66	224.6	0.727	0.986	2	284
GCF_023169625.1|NZ_AP023187.1|NZ_AP023187.1_1982	clust_rep_seq	11431	221	Hachiman_II__HamC	1.3e-24	87.0	0.873	0.914	3	204
GCF_023169625.1|NZ_AP023187.1|NZ_AP023187.1_1985	clust_rep_seq	11432	443	PD-T7-5__PD-T7-5	7.8e-50	169.2	0.837	0.693	110	416
GCF_023169625.1|NZ_AP023187.1|NZ_AP023187.1_1985	clust_rep_seq	11432	443	PD-T7-1__PD-T7-1	1.6e-153	511.2	0.978	0.986	2	438
GCF_023206035.1|NZ_CP065207.1|NZ_CP065207.1_1120	clust_rep_seq	11451	280	PD-T4-7__PD-T4-7	1.0999999999999999e-44	152.3	0.809	0.882	17	263
GCF_023716545.1|NZ_CP071845.1|NZ_CP071845.1_1306	clust_rep_seq	11484	144	VP1839__VP1839	3.5e-16	58.8	0.704	0.931	2	135
GCF_000568495.1|NZ_CP007004.1|NZ_CP007004.1_1344	clust_rep_seq	11503	297	Paris_I__AriB_DUF4435_I	3.9e-21	75.7	0.733	0.747	14	235
GCF_000568495.1|NZ_CP007004.1|NZ_CP007004.1_1344	clust_rep_seq	11503	297	Paris_II__AriB_DUF4435_II	2.8e-33	115.6	0.831	0.909	25	294
GCF_000568495.1|NZ_CP007004.1|NZ_CP007004.1_1345	clust_rep_seq	11504	368	Retron_I_A__ATPase_TypeIA	3.6e-27	95.2	0.702	0.986	2	364
GCF_000568495.1|NZ_CP007004.1|NZ_CP007004.1_1345	clust_rep_seq	11504	368	Septu__PtuA	2.2e-32	112.9	0.729	0.967	2	357
GCF_000568495.1|NZ_CP007004.1|NZ_CP007004.1_1345	clust_rep_seq	11504	368	Paris_II__AriA_AAA21	1.4999999999999999e-53	182.1	0.836	0.989	3	366
GCF_000568495.1|NZ_CP007004.1|NZ_CP007004.1_1345	clust_rep_seq	11504	368	Paris_I__AriA_AAA15	5.499999999999999e-54	183.8	0.915	0.989	3	366
GCF_000772105.1|NZ_CP009356.1|NZ_CP009356.1_109	clust_rep_seq	11581	219	Ambrosia__AbrD	4.7e-14	52.1	0.728	0.653	46	188
GCF_000772105.1|NZ_CP009356.1|NZ_CP009356.1_109	clust_rep_seq	11581	219	Retron_I_A__HNH_TIGR02646	4.9e-28	97.9	0.855	0.932	1	204
GCF_000772105.1|NZ_CP009356.1|NZ_CP009356.1_109	clust_rep_seq	11581	219	Septu__PtuB	1.5e-37	129.5	0.86	0.932	1	204
GCF_000772105.1|NZ_CP009356.1|NZ_CP009356.1_110	clust_rep_seq	11582	417	Paris_II__AriA_AAA21	1.9e-33	115.9	0.844	0.779	2	326
GCF_000772105.1|NZ_CP009356.1|NZ_CP009356.1_110	clust_rep_seq	11582	417	Septu__PtuA	1.3999999999999998e-60	205.9	0.922	0.957	1	399
GCF_000772105.1|NZ_CP009356.1|NZ_CP009356.1_111	clust_rep_seq	11583	267	Aristaios__Aristaios	2.5e-46	158.2	0.626	0.903	10	250
GCF_000786425.1|NZ_LK021129.1|NZ_LK021129.1_399	clust_rep_seq	11588	354	PD-T2-1__PD-T2-1B	2.5999999999999997e-47	161.1	0.989	0.992	2	352
GCF_000788715.2|NZ_CP012997.1|NZ_CP012997.1_828	clust_rep_seq	11594	262	Kongming__KomC	2e-142	472.9	0.985	0.996	1	261
GCF_000788715.2|NZ_CP012997.1|NZ_CP012997.1_831	clust_rep_seq	11595	178	Kongming__KomB	1.4e-88	295.0	0.924	0.955	1	170
GCF_001636035.1|NZ_CP011406.1|NZ_CP011406.1_1863	clust_rep_seq	11641	243	Aristaios__Aristaios	3e-56	190.8	0.629	0.992	2	242
GCF_001636035.1|NZ_CP011406.1|NZ_CP011406.1_1867	clust_rep_seq	11642	290	Aristaios__Aristaios	3.1e-47	161.2	0.614	0.976	5	287
GCF_001675245.1|NZ_CP012739.1|NZ_CP012739.1_1361	clust_rep_seq	11677	246	Aristaios__Aristaios	4.9e-21	75.1	0.573	0.902	6	227
GCF_001682175.1|NZ_CP011884.1|NZ_CP011884.1_1190	clust_rep_seq	11699	262	Aristaios__Aristaios	2.3e-56	191.2	0.604	0.981	2	258
GCF_002906475.1|NZ_CP026321.1|NZ_CP026321.1_1199	clust_rep_seq	11708	586	Retron_I_A__ATPase_TypeIA	1.9e-10	40.0	0.715	0.695	1	407
GCF_002906475.1|NZ_CP026321.1|NZ_CP026321.1_1199	clust_rep_seq	11708	586	Septu__PtuA	3.7e-21	76.0	0.761	0.695	1	407
GCF_002906475.1|NZ_CP026321.1|NZ_CP026321.1_1199	clust_rep_seq	11708	586	Gabija__GajA	2.6e-49	168.1	0.761	0.877	1	514
GCF_002953335.1|NZ_CP014094.1|NZ_CP014094.1_1564	clust_rep_seq	11735	176	Retron_IX__HEPN	1.8e-07	30.9	0.795	0.54	30	124
GCF_002953335.1|NZ_CP014094.1|NZ_CP014094.1_1644	clust_rep_seq	11758	193	VP1839__VP1839	2.3e-32	111.5	0.871	0.824	22	180
GCF_003047125.1|NZ_CP017635.1|NZ_CP017635.1_644	clust_rep_seq	11776	150	PhiR47.1_PanTA__PanA	6.2e-39	132.9	0.73	0.987	2	149
GCF_009665195.1|NZ_CP035683.1|NZ_CP035683.1_63	clust_rep_seq	11848	294	AbiT__AbiTii	1.4e-64	217.4	0.954	0.714	1	210
GCF_009665195.1|NZ_CP035683.1|NZ_CP035683.1_69	clust_rep_seq	11852	209	PD-T4-10__PD-T4-10_B	2.3e-17	63.1	0.546	0.947	11	208
GCF_009665195.1|NZ_CP035683.1|NZ_CP035683.1_95	clust_rep_seq	11857	301	AbiT__AbiTii	2.2e-15	56.5	0.724	0.538	16	177
GCF_009665275.1|NZ_CP035689.1|NZ_CP035689.1_507	clust_rep_seq	11892	306	PD-T4-1__PD-T4-1	4.4e-74	249.1	0.696	0.971	4	300
GCF_009938205.1|NZ_AP019654.1|NZ_AP019654.1_1302	clust_rep_seq	11906	256	Dag__Dag5	1.8e-46	158.3	0.981	0.938	16	255
GCF_010587385.1|NZ_CP047476.1|NZ_CP047476.1_1374	clust_rep_seq	11909	329	Rugutis__Rugutis	2.2e-65	220.8	0.789	0.93	12	317
GCF_011212705.1|NZ_CP048693.1|NZ_CP048693.1_2656	clust_rep_seq	11922	137	FS_HEPN_TM__TM	0.00027	20.2	0.484	0.715	10	107
GCF_013357685.1|NZ_CP053803.1|NZ_CP053803.1_496	clust_rep_seq	11976	330	DS-34__DS-34B	3.6e-102	341.4	0.985	0.967	3	321
GCF_013357685.1|NZ_CP053803.1|NZ_CP053803.1_500	clust_rep_seq	11977	152	RM_Type_II__Type_II_REase02	3.6e-13	49.6	0.668	0.921	9	148
GCF_013357685.1|NZ_CP053803.1|NZ_CP053803.1_508	clust_rep_seq	11978	138	Lugos__Lugos	9.300000000000001e-26	89.6	0.794	0.971	1	134
GCF_013357765.1|NZ_CP053809.1|NZ_CP053809.1_303	clust_rep_seq	11988	104	PhiR47.1_PanTA__PanT	4.1e-17	61.5	0.645	0.788	23	104
GCF_013357765.1|NZ_CP053809.1|NZ_CP053809.1_304	clust_rep_seq	11989	167	PhiR47.1_PanTA__PanA	4.3e-53	179.1	0.775	0.946	5	162
GCF_013357765.1|NZ_CP053809.1|NZ_CP053809.1_322	clust_rep_seq	11993	348	Menshen__NsnA	3.9999999999999995e-33	114.6	0.517	0.58	4	205
GCF_023277445.1|NZ_CP080238.1|NZ_CP080238.1_220	clust_rep_seq	12032	235	Aristaios__Aristaios	1.9999999999999999e-22	79.6	0.564	0.97	2	229
GCF_023277445.1|NZ_CP080238.1|NZ_CP080238.1_226	clust_rep_seq	12036	294	AbiH__AbiH	5.6e-61	206.3	0.996	0.874	5	261
GCF_023503985.1|NZ_CP097293.1|NZ_CP097293.1_1769	clust_rep_seq	12057	402	Retron_VII_2__DUF3800	3.2e-13	49.8	0.981	0.719	37	325
GCF_023716545.1|NZ_CP071845.1|NZ_CP071845.1_1191	clust_rep_seq	12070	249	DS-24__DS-24	1.4e-78	263.9	0.595	0.643	88	247
GCF_024442215.1|NZ_CP050476.1|NZ_CP050476.1_1781	clust_rep_seq	12120	220	Aristaios__Aristaios	2.5000000000000002e-20	72.7	0.53	0.914	1	201
GCF_024442235.1|NZ_CP050479.1|NZ_CP050479.1_621	clust_rep_seq	12131	391	RM_Type_II__Type_II_REase09	0.00025	21.0	0.485	0.529	43	249
GCF_024442235.1|NZ_CP050479.1|NZ_CP050479.1_621	clust_rep_seq	12131	391	Menshen__NsnA	2.7000000000000004e-32	111.9	0.621	0.637	31	279
GCF_025917745.1|NZ_CP097873.1|NZ_CP097873.1_1186	clust_rep_seq	12158	304	VP1826__VP1826	1.6e-72	244.7	0.711	0.941	1	286
GCF_025917745.1|NZ_CP097873.1|NZ_CP097873.1_1189	clust_rep_seq	12159	257	Dag__Dag16	4.9e-95	317.2	0.981	0.992	2	256
GCF_025917745.1|NZ_CP097873.1|NZ_CP097873.1_1209	clust_rep_seq	12163	267	Aristaios__Aristaios	8.4e-29	100.6	0.564	0.97	6	264
GCF_033803245.2|NZ_CP184809.1|NZ_CP184809.1_100	clust_rep_seq	12212	240	Shedu__SduA	6.7e-32	111.0	0.532	0.804	42	234
GCF_033947405.2|NZ_CP098022.1|NZ_CP098022.1_1140	clust_rep_seq	12222	414	DS-34__DS-34B	2.3000000000000002e-74	250.0	0.933	0.742	106	412
GCF_034428235.1|NZ_CP140102.1|NZ_CP140102.1_1067	clust_rep_seq	12223	614	Paris_II__AriA_AAA21	8.3e-15	54.5	0.846	0.622	1	382
GCF_034428235.1|NZ_CP140102.1|NZ_CP140102.1_1067	clust_rep_seq	12223	614	Gabija__GajA	2.4e-29	102.1	0.588	0.629	1	386
GCF_034428235.1|NZ_CP140102.1|NZ_CP140102.1_1068	clust_rep_seq	12224	273	Aristaios__Aristaios	1.8e-24	86.4	0.592	0.956	3	263
GCF_034428235.1|NZ_CP140102.1|NZ_CP140102.1_1070	clust_rep_seq	12225	147	Lugos__Lugos	1.6e-36	124.6	0.812	0.925	1	136
GCF_034428235.1|NZ_CP140102.1|NZ_CP140102.1_1072	clust_rep_seq	12226	268	CBASS__Endonuc_small	1e-08	34.7	0.469	0.429	4	118
GCF_034428235.1|NZ_CP140102.1|NZ_CP140102.1_1072	clust_rep_seq	12226	268	PD_DExK_I_II_III_IV_V_VI_5	1.1000000000000001e-20	73.0	0.906	0.437	4	120
GCF_034428235.1|NZ_CP140102.1|NZ_CP140102.1_1125	clust_rep_seq	12237	290	CBASS__Endonuc_small	8.300000000000001e-20	71.0	0.469	0.39	10	122
GCF_034428235.1|NZ_CP140102.1|NZ_CP140102.1_1125	clust_rep_seq	12237	290	PD_DExK_I_II_III_IV_V_VI_5	3.2e-33	113.5	0.945	0.414	2	121
GCF_036351935.1|NZ_CP143559.1|NZ_CP143559.1_1275	clust_rep_seq	12283	289	CBASS__Cyclase_SMODS	1.8e-09	37.6	0.982	0.536	4	158
GCF_036351935.1|NZ_CP143559.1|NZ_CP143559.1_1275	clust_rep_seq	12283	289	CBASS__Cyclase_II	2.4e-14	52.7	0.79	0.851	4	249
GCF_036351935.1|NZ_CP143559.1|NZ_CP143559.1_1276	clust_rep_seq	12284	268	CBASS__4TM_new	1.8e-16	59.9	0.918	0.933	15	264
GCF_046532695.1|NZ_CP151938.1|NZ_CP151938.1_1086	clust_rep_seq	12319	260	AbiAlpha__AbiAlpha	1.9e-15	56.9	0.741	0.581	70	220
GCF_046532695.1|NZ_CP151938.1|NZ_CP151938.1_1112	clust_rep_seq	12327	145	Lugos__Lugos	9.8e-33	112.3	0.838	0.979	1	142
GCF_046850195.1|NZ_CP133986.1|NZ_CP133986.1_930	clust_rep_seq	12360	293	Aristaios__Aristaios	2.2999999999999997e-51	174.8	0.607	0.829	3	245
GCF_049315005.1|NZ_CP186026.1|NZ_CP186026.1_770	clust_rep_seq	12373	243	Aristaios__Aristaios	6.1e-58	196.3	0.614	0.967	7	241
GCF_049315005.1|NZ_CP186026.1|NZ_CP186026.1_776	clust_rep_seq	12374	209	Aristaios__Aristaios	1.7e-18	66.7	0.592	0.943	7	203
GCF_049816615.1|NZ_CP187442.1|NZ_CP187442.1_1943	clust_rep_seq	12393	60	PD-T2-1__PD-T2-1A	2.1e-16	60.1	0.756	0.983	1	59
GCF_056135565.1|NZ_CM148681.1|NZ_CM148681.1_1275	clust_rep_seq	12405	159	Esos__VCA0450	1.1e-19	70.7	0.402	0.912	9	153
GCF_056135565.1|NZ_CM148681.1|NZ_CM148681.1_1282	clust_rep_seq	12407	118	AbiAlpha__AbiAlpha	1.1e-07	31.6	0.549	0.814	1	96
GCF_056674835.1|NZ_CM155225.1|NZ_CM155225.1_1223	clust_rep_seq	12417	378	PD-T7-1__PD-T7-1	8.3e-36	123.1	0.705	0.873	1	330
GCF_056674835.1|NZ_CM155225.1|NZ_CM155225.1_1223	clust_rep_seq	12417	378	PD-T7-5__PD-T7-5	2.1e-90	302.7	0.871	0.886	1	335
GCF_056824445.1|NZ_CP103957.1|NZ_CP103957.1_1664	clust_rep_seq	12429	157	Sirona__VCA0356	1.7e-16	59.9	0.534	0.904	3	144
GCF_056824445.1|NZ_CP103957.1|NZ_CP103957.1_1671	clust_rep_seq	12434	236	Aristaios__Aristaios	1.4e-35	122.8	0.601	0.983	3	234
GCF_057368435.1|NZ_CM170639.1|NZ_CM170639.1_1105	clust_rep_seq	12462	320	AbiC__AbiC	2.3e-06	26.6	0.588	0.578	59	243
GCF_060301545.1|NZ_CM190977.1|NZ_CM190977.1_1274	clust_rep_seq	12508	257	Sirona__VCA0356	5.5e-69	232.1	0.931	0.992	2	256
GCF_060301545.1|NZ_CM190977.1|NZ_CM190977.1_1296	clust_rep_seq	12510	253	AbiG__AbiGi	9.3e-44	149.4	0.833	0.897	27	253
GCF_905175335.1|NZ_HG992751.1|NZ_HG992751.1_1495	clust_rep_seq	12520	251	Pycsar__AG_cyclase	1.8e-49	168.2	0.664	0.813	13	216
GCF_905175335.1|NZ_HG992751.1|NZ_HG992751.1_1496	clust_rep_seq	12521	171	CBASS__2TM_5	3.1e-27	94.8	0.919	0.959	3	166
GCF_905175335.1|NZ_HG992751.1|NZ_HG992751.1_1509	clust_rep_seq	12525	449	Pif__PifA	2.6e-11	42.1	0.453	0.788	20	373
GCF_905175335.1|NZ_HG992751.1|NZ_HG992751.1_1524	clust_rep_seq	12528	133	Lugos__Lugos	2.4e-23	81.8	0.781	0.97	2	130
GCF_905175335.1|NZ_HG992751.1|NZ_HG992751.1_1537	clust_rep_seq	12532	281	Aristaios__Aristaios	3.2e-51	174.3	0.595	0.986	2	278
GCF_905175355.1|NZ_HG992742.1|NZ_HG992742.1_1416	clust_rep_seq	12543	251	Aristaios__Aristaios	1.1e-35	123.2	0.427	0.813	38	241
GCF_948151475.1|NZ_OX411212.1|NZ_OX411212.1_1265	clust_rep_seq	12547	246	AbiG__AbiGi	8.399999999999999e-41	139.7	0.913	0.98	6	246
GCF_948151475.1|NZ_OX411212.1|NZ_OX411212.1_1325	clust_rep_seq	12559	356	Shedu__SduA	5e-46	157.5	0.763	0.86	42	347
GCF_948151475.1|NZ_OX411212.1|NZ_OX411212.1_1339	clust_rep_seq	12561	393	Rugutis__Rugutis	2.7e-96	322.6	0.853	0.893	23	373
GCF_964264695.1|NZ_OZ183474.1|NZ_OZ183474.1_356	clust_rep_seq	12566	188	AbiA_small__AbiA_SLATT	8e-09	35.0	0.817	0.878	2	166
GCF_964264695.1|NZ_OZ183474.1|NZ_OZ183474.1_356	clust_rep_seq	12566	188	DRT9__SLATT	9.9e-12	44.1	0.798	0.904	2	171
GCF_964264695.1|NZ_OZ183474.1|NZ_OZ183474.1_356	clust_rep_seq	12566	188	AbiA_small__SLATT	4.8e-18	65.0	0.885	0.941	1	177
GCF_964264695.1|NZ_OZ183474.1|NZ_OZ183474.1_356	clust_rep_seq	12566	188	DRT_3__SLATT	4e-43	146.5	0.885	0.984	2	186
GCF_964264695.1|NZ_OZ183474.1|NZ_OZ183474.1_376	clust_rep_seq	12569	369	PD-T7-1__PD-T7-1	3.8e-30	104.5	0.696	0.873	9	330
GCF_964264695.1|NZ_OZ183474.1|NZ_OZ183474.1_376	clust_rep_seq	12569	369	PD-T7-5__PD-T7-5	5.4e-92	308.0	0.905	0.935	2	346
GCF_964264695.1|NZ_OZ183474.1|NZ_OZ183474.1_390	clust_rep_seq	12575	354	CapRel__CapRel	1.8e-81	273.7	0.976	0.977	1	346
GCF_964264695.1|NZ_OZ183474.1|NZ_OZ183474.1_430	clust_rep_seq	12590	408	Shedu__SduA	3.9e-21	75.6	0.487	0.422	232	403
GCF_964264695.1|NZ_OZ183474.1|NZ_OZ183474.1_437	clust_rep_seq	12592	243	CBASS__Effector_TIR	9.3e-37	126.3	0.43	0.609	2	149
GCF_023716605.1|NZ_CP071852.1|NZ_CP071852.1_1954	clust_rep_seq	12611	317	Abi2__Abi_2	2.7e-40	138.1	0.994	0.637	38	239
GCF_023716605.1|NZ_CP071852.1|NZ_CP071852.1_1954	clust_rep_seq	12611	317	AbiD__AbiD	3.7000000000000002e-62	210.1	0.916	0.968	4	310
GCF_023716665.1|NZ_CP071860.1|NZ_CP071860.1_925	clust_rep_seq	12635	373	Shedu__SduA	1.5999999999999998e-53	182.1	0.758	0.753	92	372
GCF_023983475.1|NZ_CP092713.1|NZ_CP092713.1_946	clust_rep_seq	12658	416	pAgo__GbbAgaS	2.3e-05	23.0	0.574	0.495	15	220
GCF_023983475.1|NZ_CP092713.1|NZ_CP092713.1_954	clust_rep_seq	12662	275	Thoeris__ThsA_MacroTM	3.9e-77	258.9	0.95	0.978	5	273
GCF_023983475.1|NZ_CP092713.1|NZ_CP092713.1_955	clust_rep_seq	12663	188	Thoeris__ThsB_3	1.0999999999999999e-53	181.1	0.994	0.995	1	187
GCF_023983475.1|NZ_CP092713.1|NZ_CP092713.1_968	clust_rep_seq	12667	66	PD-T2-1__PD-T2-1A	4.2e-11	43.1	0.826	0.985	1	65
GCF_024347075.1|NZ_AP024901.1|NZ_AP024901.1_191	clust_rep_seq	12685	257	Gao_Her_DUF__DUF4297	1.7e-26	92.7	0.641	0.981	1	252
GCF_025917705.1|NZ_CP097355.1|NZ_CP097355.1_1736	clust_rep_seq	12704	193	AbiV__AbiV	1.1e-07	31.5	0.687	0.741	12	154
GCF_025917705.1|NZ_CP097355.1|NZ_CP097355.1_1744	clust_rep_seq	12706	256	Aristaios__Aristaios	1.3e-53	182.1	0.607	0.957	9	253
GCF_026013235.1|NZ_CP110189.1|NZ_CP110189.1_878	clust_rep_seq	12734	187	Retron_VII_2__DUF3800	1.8e-05	24.8	0.481	0.765	29	171
GCF_026651645.1|NZ_CP033457.1|NZ_CP033457.1_483	clust_rep_seq	12742	272	Dag__Dag13	6.099999999999999e-103	344.4	0.693	0.996	1	271
GCF_026651645.1|NZ_CP033457.1|NZ_CP033457.1_511	clust_rep_seq	12747	498	RT_I_II_III_IV_V_VI_1	3.2e-30	104.6	0.727	0.42	72	280
GCF_026651645.1|NZ_CP033457.1|NZ_CP033457.1_511	clust_rep_seq	12747	498	DRT9__DRT9	3.9e-219	728.0	1.0	0.994	3	497
GCF_027286325.1|NZ_CP114588.1|NZ_CP114588.1_1517	clust_rep_seq	12758	302	mEp332_T2SS_GspM__T2SS_GspM	2.4e-36	125.0	0.985	0.997	1	301
GCF_027924725.1|NZ_AP027045.1|NZ_AP027045.1_1872	clust_rep_seq	12786	267	Aristaios__Aristaios	3.6000000000000002e-56	190.5	0.623	0.944	3	254
GCF_028885545.1|NZ_CP118530.1|NZ_CP118530.1_1235	clust_rep_seq	12796	163	Esos__VCA0450	1.3000000000000001e-20	73.8	0.42	0.859	11	150
GCF_049384865.1|NZ_JAIWIW010000001.1|NZ_JAIWIW010000001.1_1355	clust_rep_seq	12806	288	Aristaios__Aristaios	4.0999999999999995e-22	78.6	0.573	0.917	9	272
GCF_049816175.1|NZ_CP187434.1|NZ_CP187434.1_1286	clust_rep_seq	12809	459	Shedu__SduA	1.8999999999999997e-51	175.3	0.648	0.586	184	452
GCF_049816605.1|NZ_CP187437.1|NZ_CP187437.1_1695	clust_rep_seq	12817	183	VP1839__VP1839	1.1e-24	86.5	0.887	0.918	8	175
GCF_050507685.1|NZ_CP191479.1|NZ_CP191479.1_1443	clust_rep_seq	12827	585	Gao_Ape__ApeA	4.5e-09	34.9	0.968	0.966	7	571
GCF_050507685.1|NZ_CP191479.1|NZ_CP191479.1_2042	clust_rep_seq	12839	221	PD_DExK_I_II_III_IV_V_VI_5	2.7000000000000004e-26	91.1	0.646	0.376	1	83
GCF_051132235.1|NZ_CP072677.1|NZ_CP072677.1_1719	clust_rep_seq	12843	259	Aristaios__Aristaios	9.9e-16	57.6	0.53	0.965	1	250
GCF_051132235.1|NZ_CP072677.1|NZ_CP072677.1_1748	clust_rep_seq	12847	113	VP1839__VP1839	3.2e-15	55.6	0.511	0.894	4	104
GCF_051132235.1|NZ_CP072677.1|NZ_CP072677.1_1777	clust_rep_seq	12857	303	PD-T4-7__PD-T4-7	4.8e-42	143.6	0.827	0.842	38	292
GCF_057439695.1|NZ_CM171984.1|NZ_CM171984.1_1181	clust_rep_seq	12908	280	Aristaios__Aristaios	2.8999999999999998e-52	177.7	0.614	0.964	3	272
GCF_057439825.1|NZ_CM171998.1|NZ_CM171998.1_1273	clust_rep_seq	12925	223	Sirona__VCA0356	8.1e-82	274.2	0.787	0.982	1	219
GCF_057439825.1|NZ_CM171998.1|NZ_CM171998.1_1296	clust_rep_seq	12928	335	FS_GIY_YIG__GIY_YIG	1.9e-161	536.3	0.991	0.991	3	334
GCF_057730815.1|NZ_CM173199.1|NZ_CM173199.1_940	clust_rep_seq	12950	536	Paris_II__AriA_AAA21	2.4000000000000002e-20	72.8	0.786	0.623	25	358
GCF_057730815.1|NZ_CM173199.1|NZ_CM173199.1_940	clust_rep_seq	12950	536	Gabija__GajA	1.4e-23	83.1	0.429	0.47	251	502
GCF_057730815.1|NZ_CM173199.1|NZ_CM173199.1_941	clust_rep_seq	12951	258	AbiAlpha__AbiAlpha	2.9e-10	39.9	0.705	0.5	55	183
GCF_057730825.1|NZ_CM173203.1|NZ_CM173203.1_108	clust_rep_seq	12984	200	Panoptes__OptE	2.2e-05	23.9	0.471	0.5	62	161
GCF_057730825.1|NZ_CM173203.1|NZ_CM173203.1_108	clust_rep_seq	12984	200	CBASS__2TM_Gros	1.1e-25	90.6	0.676	0.99	1	198
GCF_057730825.1|NZ_CM173203.1|NZ_CM173203.1_108	clust_rep_seq	12984	200	CBASS__Effector_2TM_S_2TMBeta	3.9e-48	163.0	0.983	0.88	19	194
GCF_057730825.1|NZ_CM173203.1|NZ_CM173203.1_109	clust_rep_seq	12985	367	CBASS__Cyclase_new	9e-127	422.5	0.992	0.995	2	366
GCF_001995825.2|NZ_CP065151.1|NZ_CP065151.1_1313	clust_rep_seq	13015	246	SEFIR__bSEFIR	5.7e-83	279.4	0.539	0.874	1	215
GCF_001995825.2|NZ_CP065151.1|NZ_CP065151.1_1269	clust_rep_seq	13021	270	Aristaios__Aristaios	4.7e-45	154.0	0.611	0.993	1	268
GCF_001996365.2|NZ_CP043421.1|NZ_CP043421.1_1335	clust_rep_seq	13034	221	PD-T7-4__PD-T7-4	3.4999999999999997e-68	228.7	0.986	0.973	1	215
GCF_002021755.1|NZ_CP019959.1|NZ_CP019959.1_2806	clust_rep_seq	13062	278	FS_HEPN_TM__TM	0.00011	21.4	0.632	0.525	121	266
GCF_002021755.1|NZ_CP019959.1|NZ_CP019959.1_2831	clust_rep_seq	13070	319	CBASS__Endonuc_small	3.8e-19	68.8	0.664	0.48	7	159
GCF_002021755.1|NZ_CP019959.1|NZ_CP019959.1_2831	clust_rep_seq	13070	319	PD_DExK_I_II_III_IV_V_VI_5	9.899999999999999e-24	82.8	0.976	0.386	7	129
GCF_002021755.1|NZ_CP019959.1|NZ_CP019959.1_2853	clust_rep_seq	13081	319	Aristaios__Aristaios	2.3e-21	76.2	0.514	0.903	5	292
GCF_002211985.1|NZ_CP022102.1|NZ_CP022102.1_473	clust_rep_seq	13103	446	DarTG__DarT	2.9e-41	141.0	0.98	0.433	13	205
GCF_002211985.1|NZ_CP022102.1|NZ_CP022102.1_474	clust_rep_seq	13104	379	DarTG__DarG	6.3e-19	68.2	0.799	0.464	1	176
GCF_002212005.1|NZ_CP022100.1|NZ_CP022100.1_539	clust_rep_seq	13121	290	DEDDh_I_II_III_IV_V_VI_1	4.7000000000000005e-28	97.9	0.988	0.528	5	157
GCF_002212005.1|NZ_CP022100.1|NZ_CP022100.1_540	clust_rep_seq	13122	282	Aristaios__Aristaios	2.4999999999999998e-23	82.6	0.598	0.926	21	281
GCF_002215135.1|NZ_CP014636.1|NZ_CP014636.1_1278	clust_rep_seq	13152	201	AbiG__AbiGi	9.4e-34	116.5	0.767	0.955	5	196
GCF_002215135.1|NZ_CP014636.1|NZ_CP014636.1_1315	clust_rep_seq	13166	162	Esos__VCA0450	2.3999999999999997e-66	224.1	0.505	0.994	1	161
GCF_002215135.1|NZ_CP014636.1|NZ_CP014636.1_1347	clust_rep_seq	13175	274	DS-6__DS-6A	1.4e-36	126.1	0.617	0.916	15	265
