replicon	hit_id	gene_name	hit_pos	model_fqn	sys_id	sys_loci	locus_num	sys_wholeness	sys_score	sys_occ	hit_gene_ref	hit_status	hit_seq_len	hit_i_eval	hit_score	hit_profile_cov	hit_seq_cov	hit_begin_match	hit_end_match	counterpart	used_in	type	subtype	activity
clust_rep_seq	GCF_009665395.1|NZ_CP035698.1|NZ_CP035698.1_438	PD-T4-5__PD-T4-5	3	defense-finder-models/DefenseFinder/PD-T4-5/PD-T4-5	clust_rep_seq_PD-T4-5_357	1	1	1.0	1.0	1	PD-T4-5__PD-T4-5	mandatory	308	1.3e-91	306.8	0.983	0.984	1	303			PD-T4-5	PD-T4-5	Defense
clust_rep_seq	GCF_009763065.1|NZ_CP046750.1|NZ_CP046750.1_99	Rugutis__Rugutis	42	defense-finder-models/DefenseFinder/Rugutis/Rugutis	clust_rep_seq_Rugutis_405	1	1	1.0	1.0	1	Rugutis__Rugutis	mandatory	376	1.7e-36	125.7	0.772	0.891	6	340			Rugutis	Rugutis	Defense
clust_rep_seq	GCF_009763485.1|NZ_CP046816.1|NZ_CP046816.1_282	Hailong__HalB	67	defense-finder-models/DefenseFinder/Hailong/Hailong	clust_rep_seq_Hailong_290	1	1	1.0	2.0	1	Hailong__HalB	mandatory	277	1.3e-35	122.7	0.903	0.736	2	205			Hailong	Hailong	Defense
clust_rep_seq	GCF_009763485.1|NZ_CP046816.1|NZ_CP046816.1_283	Hailong__HalA	68	defense-finder-models/DefenseFinder/Hailong/Hailong	clust_rep_seq_Hailong_290	1	1	1.0	2.0	1	Hailong__HalA	mandatory	281	7.2e-30	103.9	0.685	0.883	34	281			Hailong	Hailong	Defense
clust_rep_seq	GCF_009763545.1|NZ_CP046782.1|NZ_CP046782.1_1859	AbiZ__AbiZ	83	defense-finder-models/DefenseFinder/AbiZ/AbiZ	clust_rep_seq_AbiZ_42	1	1	1.0	1.0	1	AbiZ__AbiZ	mandatory	404	5.799999999999999e-35	120.9	0.918	0.948	17	399			AbiZ	AbiZ	Defense
clust_rep_seq	GCF_022343165.1|NZ_CP082315.1|NZ_CP082315.1_1238	Belisama__VCA0458	112	defense-finder-models/DefenseFinder/Belisama/Belisama	clust_rep_seq_Belisama_155	1	1	1.0	1.0	1	Belisama__VCA0458	mandatory	338	1.1e-29	102.9	0.791	0.669	92	317			Belisama	Belisama	Defense
clust_rep_seq	GCF_023206775.1|NZ_CP072782.1|NZ_CP072782.1_1727	ScoMcrA__ScoMcrA	159	defense-finder-models/DefenseFinder/ScoMcrA/ScoMcrA	clust_rep_seq_ScoMcrA_432	1	1	1.0	1.0	1	ScoMcrA__ScoMcrA	mandatory	207	9.599999999999999e-43	146.4	0.477	0.986	2	205			ScoMcrA	ScoMcrA	Defense
clust_rep_seq	GCF_028885605.1|NZ_CP118528.1|NZ_CP118528.1_2601	DRT_2__drt2	202	defense-finder-models/DefenseFinder/DRT/DRT_2	clust_rep_seq_DRT_2_191	1	1	0.25	1.0	1	DRT2__DRT2	mandatory	182	3.8999999999999995e-95	319.1	0.424	0.989	1	180			DRT	DRT_2	Defense
clust_rep_seq	GCF_029541605.1|NZ_CP120719.1|NZ_CP120719.1_2132	SEFIR__bSEFIR	236	defense-finder-models/DefenseFinder/SEFIR/SEFIR	clust_rep_seq_SEFIR_420	1	1	1.0	1.0	1	SEFIR__bSEFIR	mandatory	248	2.1e-78	264.3	0.515	0.835	3	209			SEFIR	SEFIR	Defense
clust_rep_seq	GCF_030060435.1|NZ_CP125875.1|NZ_CP125875.1_946	Aristaios__Aristaios	265	defense-finder-models/DefenseFinder/Aristaios/Aristaios	clust_rep_seq_Aristaios_43	1	1	1.0	1.0	1	Aristaios__Aristaios	mandatory	320	5.4e-50	170.2	0.62	0.95	15	318			Aristaios	Aristaios	Defense
clust_rep_seq	GCF_030316235.1|NZ_CP128201.1|NZ_CP128201.1_609	Dag__Dag3	296	defense-finder-models/DefenseFinder/Dag/Dag	clust_rep_seq_Dag_220	1	1	1.0	1.0	1	Dag__Dag1_VP1840	mandatory	230	5.1e-88	293.8	0.958	0.887	26	229			Dag	Dag	Defense
clust_rep_seq	GCF_030388405.1|NZ_CP116414.1|NZ_CP116414.1_990	FS_GIY_YIG__GIY_YIG	300	defense-finder-models/DefenseFinder/FS_GIY_YIG/FS_GIY_YIG	clust_rep_seq_FS_GIY_YIG_276	1	1	1.0	1.0	1	FS_GIY_YIG__GIY_YIG	mandatory	301	5e-112	373.9	0.918	0.993	2	300			FS_GIY_YIG	FS_GIY_YIG	Defense
clust_rep_seq	GCF_034480505.1|NZ_CP129932.1|NZ_CP129932.1_1821	Aristaios__Aristaios	313	defense-finder-models/DefenseFinder/Aristaios/Aristaios	clust_rep_seq_Aristaios_44	1	1	1.0	1.0	1	Aristaios__Aristaios	mandatory	231	8.8e-43	146.5	0.449	0.892	14	219			Aristaios	Aristaios	Defense
clust_rep_seq	GCF_039544385.1|NZ_CP154269.1|NZ_CP154269.1_60	Avs2__Avs2	358	defense-finder-models/DefenseFinder/Avs/Avs2	clust_rep_seq_Avs2_153	1	1	1.0	1.0	1	Avs2__Avs2	mandatory	1493	0.0	1302.1	0.933	0.993	2	1484			Avs	Avs2	Defense
clust_rep_seq	GCF_039658515.1|NZ_CP150864.1|NZ_CP150864.1_1357	Aristaios__Aristaios	378	defense-finder-models/DefenseFinder/Aristaios/Aristaios	clust_rep_seq_Aristaios_45	1	1	1.0	1.0	1	Aristaios__Aristaios	mandatory	335	3.4e-50	170.9	0.614	0.684	2	230			Aristaios	Aristaios	Defense
clust_rep_seq	GCF_052747775.1|NZ_CM127575.1|NZ_CM127575.1_869	Kiwa__KwaA	420	defense-finder-models/DefenseFinder/Kiwa/Kiwa	clust_rep_seq_Kiwa_292	1	1	1.0	2.0	1	Kiwa__KwaA	mandatory	195	7.7e-46	155.7	0.927	0.964	1	188			Kiwa	Kiwa	Defense
clust_rep_seq	GCF_052747775.1|NZ_CM127575.1|NZ_CM127575.1_870	Kiwa__KwaB	421	defense-finder-models/DefenseFinder/Kiwa/Kiwa	clust_rep_seq_Kiwa_292	1	1	1.0	2.0	1	Kiwa__KwaB	mandatory	301	5.1e-73	245.8	0.965	0.987	5	301			Kiwa	Kiwa	Defense
clust_rep_seq	GCF_052747775.1|NZ_CM127575.1|NZ_CM127575.1_904	DS-37__DS-37	427	defense-finder-models/DefenseFinder/DS-37/DS-37	clust_rep_seq_DS-37_212	1	1	1.0	1.0	1	DS-37__DS-37	mandatory	452	4.2e-141	470.2	0.976	0.965	15	450			DS-37	DS-37	Defense
clust_rep_seq	GCF_053220615.1|NZ_CM129952.1|NZ_CM129952.1_902	Paris_II_merge__AAA_21_DUF4435	480	defense-finder-models/DefenseFinder/Paris/PARIS_II_merge	clust_rep_seq_PARIS_II_merge_345	1	1	1.0	1.0	1	Paris_II_merge__AAA_21_DUF4435	mandatory	412	3.1999999999999998e-121	405.1	0.693	0.92	13	391			Paris	PARIS_II_merge	Defense
clust_rep_seq	GCF_000009745.1|NC_005139.1|NC_005139.1_1634	Rugutis__Rugutis	507	defense-finder-models/DefenseFinder/Rugutis/Rugutis	clust_rep_seq_Rugutis_406	1	1	1.0	1.0	1	Rugutis__Rugutis	mandatory	355	5.8e-53	179.9	0.802	0.918	15	340			Rugutis	Rugutis	Defense
clust_rep_seq	GCF_000009745.1|NC_005139.1|NC_005139.1_1642	Retron_I_B__ATPase_TOPRIM	511	defense-finder-models/DefenseFinder/Retron/Retron_I_B	clust_rep_seq_Retron_I_B_396	1	1	1.0	1.5	1	Retron_I_B__ATPase_TOPRIM	accessory	757	1.5e-238	793.4	0.997	0.976	7	745			Retron	Retron_I_B	Defense
clust_rep_seq	GCF_000009745.1|NC_005139.1|NC_005139.1_1643	Retron__RT_Tot_3	512	defense-finder-models/DefenseFinder/Retron/Retron_I_B	clust_rep_seq_Retron_I_B_396	1	1	1.0	1.5	1	Retron__RT_Tot_1	mandatory	372	3.3e-123	410.9	0.992	0.987	4	370			Retron	Retron_I_B	Defense
clust_rep_seq	GCF_000009745.1|NC_005139.1|NC_005139.1_1678	Dag__Dag8	523	defense-finder-models/DefenseFinder/Dag/Dag	clust_rep_seq_Dag_221	1	1	1.0	1.0	1	Dag__Dag1_VP1840	mandatory	200	1.4e-67	227.0	0.964	0.95	6	195			Dag	Dag	Defense
clust_rep_seq	GCF_001908435.2|NZ_CP018681.2|NZ_CP018681.2_1170	Aristaios__Aristaios	552	defense-finder-models/DefenseFinder/Aristaios/Aristaios	clust_rep_seq_Aristaios_46	1	1	1.0	1.0	1	Aristaios__Aristaios	mandatory	255	4.4e-52	177.1	0.595	0.98	4	253			Aristaios	Aristaios	Defense
clust_rep_seq	GCF_001969325.1|NZ_CP019293.1|NZ_CP019293.1_1207	Rugutis__Rugutis	585	defense-finder-models/DefenseFinder/Rugutis/Rugutis	clust_rep_seq_Rugutis_407	1	1	1.0	1.0	1	Rugutis__Rugutis	mandatory	369	1.3000000000000001e-111	373.0	0.84	0.93	7	349			Rugutis	Rugutis	Defense
clust_rep_seq	GCF_057368475.1|NZ_CM170643.1|NZ_CM170643.1_876	VP1826__VP1826	645	defense-finder-models/DefenseFinder/VP1826/VP1826	clust_rep_seq_VP1826_498	1	1	1.0	1.0	1	VP1826__VP1826	mandatory	316	1.6e-68	231.5	0.711	0.934	3	297			VP1826	VP1826	Defense
clust_rep_seq	GCF_057368475.1|NZ_CM170643.1|NZ_CM170643.1_888	PD-T4-7__PD-T4-7	651	defense-finder-models/DefenseFinder/PD-T4-7/PD-T4-7	clust_rep_seq_PD-T4-7_358	1	1	1.0	1.0	1	PD-T4-7__PD-T4-7	mandatory	298	1.7999999999999998e-31	108.9	0.684	0.732	56	273			PD-T4-7	PD-T4-7	Defense
clust_rep_seq	GCF_057368475.1|NZ_CM170643.1|NZ_CM170643.1_889	Dag__Dag12	652	defense-finder-models/DefenseFinder/Dag/Dag	clust_rep_seq_Dag_222	1	1	1.0	1.0	1	Dag__Dag1_VP1840	mandatory	204	1.4e-64	217.4	0.99	0.995	1	203			Dag	Dag	Defense
clust_rep_seq	GCF_057368475.1|NZ_CM170643.1|NZ_CM170643.1_907	DRT_2__drt2	664	defense-finder-models/DefenseFinder/DRT/DRT_2	clust_rep_seq_DRT_2_192	1	1	0.25	1.0	1	DRT2__DRT2	mandatory	427	3.3999999999999997e-205	681.7	0.998	0.995	2	426			DRT	DRT_2	Defense
clust_rep_seq	GCF_057368585.1|NZ_CM170655.1|NZ_CM170655.1_1081	Septu__PtuB	668	defense-finder-models/DefenseFinder/Septu/Septu	clust_rep_seq_Septu_433	1	1	1.0	2.0	1	Septu__PtuB	mandatory	210	4.7e-26	91.9	0.757	0.838	19	194			Septu	Septu	Defense
clust_rep_seq	GCF_057368585.1|NZ_CM170655.1|NZ_CM170655.1_1082	Septu__PtuA	669	defense-finder-models/DefenseFinder/Septu/Septu	clust_rep_seq_Septu_433	1	1	1.0	2.0	1	Septu__PtuA	mandatory	408	1.7e-89	301.2	0.915	0.998	1	407			Septu	Septu	Defense
clust_rep_seq	GCF_057368615.1|NZ_CM170657.1|NZ_CM170657.1_1002	NLR_like_bNACHT01__NLR_like_bNACHT01	682	defense-finder-models/DefenseFinder/NLR/NLR_like_bNACHT01	clust_rep_seq_NLR_like_bNACHT01_317	1	1	1.0	1.0	1	NLR_like_bNACHT01__NLR_like_bNACHT01	mandatory	609	3.7e-112	375.5	0.881	0.872	3	533			NLR	NLR_like_bNACHT01	Defense
clust_rep_seq	GCF_057368635.1|NZ_CM170659.1|NZ_CM170659.1_917	VP1817__VP1817	698	defense-finder-models/DefenseFinder/VP1817/VP1817	clust_rep_seq_VP1817_488	1	1	1.0	1.0	1	VP1817__VP1817	mandatory	155	4.3e-36	123.7	0.993	0.981	1	152			VP1817	VP1817	Defense
clust_rep_seq	GCF_059941805.1|NZ_CM188133.1|NZ_CM188133.1_1127	SEFIR__bSEFIR	711	defense-finder-models/DefenseFinder/SEFIR/SEFIR	clust_rep_seq_SEFIR_421	1	1	1.0	1.0	1	SEFIR__bSEFIR	mandatory	273	3.1e-69	234.1	0.41	0.623	102	271			SEFIR	SEFIR	Defense
clust_rep_seq	GCF_059983175.1|NZ_CM188256.1|NZ_CM188256.1_1292	Retron_XI__RT_11	731	defense-finder-models/DefenseFinder/Retron/Retron_XI	clust_rep_seq_Retron_XI_399	1	1	1.0	1.0	1	Retron_XI__RT_11	mandatory	566	3.7999999999999997e-208	692.1	0.983	0.954	24	563			Retron	Retron_XI	Defense
clust_rep_seq	GCF_964264695.1|NZ_OZ183474.1|NZ_OZ183474.1_462	FS_HsdR_like__HP	792	defense-finder-models/DefenseFinder/FS_HsdR_like/FS_HsdR_like	clust_rep_seq_FS_HsdR_like_281	1	1	0.667	2.0	1	FS_HsdR_like__HP	mandatory	192	6.1e-20	71.5	0.931	0.906	9	182			FS_HsdR_like	FS_HsdR_like	Defense
clust_rep_seq	GCF_964264695.1|NZ_OZ183474.1|NZ_OZ183474.1_463	FS_HsdR_like__DUF6731	793	defense-finder-models/DefenseFinder/FS_HsdR_like/FS_HsdR_like	clust_rep_seq_FS_HsdR_like_281	1	1	0.667	2.0	1	FS_HsdR_like__DUF6731	mandatory	353	2.4e-128	427.8	0.967	0.986	5	352			FS_HsdR_like	FS_HsdR_like	Defense
clust_rep_seq	GCF_002257545.1|NZ_CP022742.1|NZ_CP022742.1_674	CapRel__CapRel	817	defense-finder-models/DefenseFinder/CapRel/CapRel	clust_rep_seq_CapRel_174	1	1	1.0	1.0	1	CapRel__CapRel	mandatory	374	9.000000000000001e-159	528.1	0.995	0.992	1	371			CapRel	CapRel	Defense
clust_rep_seq	GCF_002287545.1|NZ_CP023055.1|NZ_CP023055.1_366	CBASS__Cyclase_SMODS	829	defense-finder-models/DefenseFinder/CBASS/CBASS_I_TM	clust_rep_seq_CBASS_I_TM_167	1	1	1.0	2.0	2	CBASS__Cyclase_SMODS	mandatory	120	7.3e-08	32.3	0.445	0.567	5	72			CBASS	CBASS_I_TM	Defense
clust_rep_seq	GCF_002287545.1|NZ_CP023055.1|NZ_CP023055.1_372	CBASS__Cyclase_II	833	defense-finder-models/DefenseFinder/CBASS/CBASS_I_TM	clust_rep_seq_CBASS_I_TM_167	1	1	1.0	2.0	2	CBASS__Cyclase_SMODS	mandatory	185	9.3e-05	21.2	0.467	0.735	30	165			CBASS	CBASS_I_TM	Defense
clust_rep_seq	GCF_002287545.1|NZ_CP023055.1|NZ_CP023055.1_374	CBASS__Effector_4TM_S_4TM	834	defense-finder-models/DefenseFinder/CBASS/CBASS_I_TM	clust_rep_seq_CBASS_I_TM_167	1	1	1.0	2.0	2	CBASS__Effector_2TM_S_2TMBeta	mandatory	309	3.6999999999999996e-68	229.6	0.99	0.964	3	300			CBASS	CBASS_I_TM	Defense
clust_rep_seq	GCF_002863725.1|NZ_CP019121.1|NZ_CP019121.1_1620	Lit__Lit	882	defense-finder-models/DefenseFinder/Lit/Lit	clust_rep_seq_Lit_297	1	1	1.0	1.0	1	Lit__Lit	mandatory	305	2.9e-47	160.8	0.933	0.875	39	305			Lit	Lit	Defense
clust_rep_seq	GCF_002863725.1|NZ_CP019121.1|NZ_CP019121.1_1644	GAPS1__GAPS1	893	defense-finder-models/DefenseFinder/GAPS1/GAPS1	clust_rep_seq_GAPS1_282	1	1	1.0	1.0	1	GAPS1__GAPS1	mandatory	525	1.3999999999999999e-171	571.1	0.992	0.989	3	521			GAPS1	GAPS1	Defense
clust_rep_seq	GCF_002863725.1|NZ_CP019121.1|NZ_CP019121.1_1645	AbiAlpha__AbiAlpha	894	defense-finder-models/DefenseFinder/AbiAlpha/AbiAlpha	clust_rep_seq_AbiAlpha_1	1	1	1.0	1.0	1	AbiAlpha__AbiAlpha	mandatory	267	1.8e-47	161.3	1.0	0.708	77	265			AbiAlpha	AbiAlpha	Defense
clust_rep_seq	GCF_000770115.1|NZ_CP009467.1|NZ_CP009467.1_2072	AbiL__AbiLi2	911	defense-finder-models/DefenseFinder/AbiL/AbiL	clust_rep_seq_AbiL_32	1	1	1.0	2.0	1	AbiL__AbiLi	mandatory	425	9.8e-21	74.0	0.607	0.635	1	270			AbiL	AbiL	Defense
clust_rep_seq	GCF_000770115.1|NZ_CP009467.1|NZ_CP009467.1_2073	AbiL__AbiLii2	912	defense-finder-models/DefenseFinder/AbiL/AbiL	clust_rep_seq_AbiL_32	1	1	1.0	2.0	1	AbiL__AbiLii	mandatory	220	2.4e-10	39.8	0.444	0.591	50	179			AbiL	AbiL	Defense
clust_rep_seq	GCF_000770115.1|NZ_CP009467.1|NZ_CP009467.1_2106	Shedu__SduA	927	defense-finder-models/DefenseFinder/Shedu/Shedu	clust_rep_seq_Shedu_442	1	1	1.0	1.0	1	Shedu__SduA	mandatory	456	2.3000000000000002e-33	115.8	0.61	0.594	177	447			Shedu	Shedu	Defense
clust_rep_seq	GCF_000770115.1|NZ_CP009467.1|NZ_CP009467.1_2118	RM_Type_IV__Type_IV_05	932	defense-finder-models/DefenseFinder/Other_Type_IV/Other_Type_IV	clust_rep_seq_Other_Type_IV_327	1	1	0.333	1.0	1	RM_Type_IV__Type_IV_05	mandatory	274	3e-24	85.9	0.531	0.599	95	258			Other_Type_IV	Other_Type_IV	Defense
clust_rep_seq	GCF_000772065.1|NZ_CP009617.1|NZ_CP009617.1_1096	Aristaios__Aristaios	938	defense-finder-models/DefenseFinder/Aristaios/Aristaios	clust_rep_seq_Aristaios_47	1	1	1.0	1.0	1	Aristaios__Aristaios	mandatory	190	1e-41	143.0	0.561	0.979	1	186			Aristaios	Aristaios	Defense
clust_rep_seq	GCF_000772065.1|NZ_CP009617.1|NZ_CP009617.1_1115	dGTPase__Sp_dGTPase	947	defense-finder-models/DefenseFinder/dGTPase/dGTPase	clust_rep_seq_dGTPase_531	1	1	1.0	1.0	1	dGTPase__Sp_dGTPase	mandatory	440	1.2e-142	475.4	0.987	0.991	2	437			dGTPase	dGTPase	Defense
clust_rep_seq	GCF_000772065.1|NZ_CP009617.1|NZ_CP009617.1_1121	Aristaios__Aristaios	951	defense-finder-models/DefenseFinder/Aristaios/Aristaios	clust_rep_seq_Aristaios_48	1	1	1.0	1.0	1	Aristaios__Aristaios	mandatory	322	1.2999999999999998e-43	149.3	0.607	0.984	3	319			Aristaios	Aristaios	Defense
clust_rep_seq	GCF_000829215.1|NZ_AP014525.1|NZ_AP014525.1_254	Kiwa__KwaA	969	defense-finder-models/DefenseFinder/Kiwa/Kiwa	clust_rep_seq_Kiwa_293	1	1	1.0	2.0	1	Kiwa__KwaA	mandatory	204	6.6e-44	149.3	0.937	0.99	2	203			Kiwa	Kiwa	Defense
clust_rep_seq	GCF_000829215.1|NZ_AP014525.1|NZ_AP014525.1_255	Kiwa__KwaB	970	defense-finder-models/DefenseFinder/Kiwa/Kiwa	clust_rep_seq_Kiwa_293	1	1	1.0	2.0	1	Kiwa__KwaB	mandatory	319	8.3e-52	176.1	0.94	0.95	16	318			Kiwa	Kiwa	Defense
clust_rep_seq	GCF_003063885.1|NZ_CP028893.1|NZ_CP028893.1_313	gcu142__gcu142	1058	defense-finder-models/DefenseFinder/gcu142/gcu142	clust_rep_seq_gcu142_533	1	1	1.0	1.0	1	gcu142__gcu142	mandatory	601	2.3999999999999998e-96	322.9	0.994	0.948	9	578			gcu142	gcu142	Defense
clust_rep_seq	GCF_009762915.1|NZ_CP046738.1|NZ_CP046738.1_853	VcaM4I__VcaM4I	1135	defense-finder-models/DefenseFinder/VcaM4I/VcaM4I	clust_rep_seq_VcaM4I_519	1	1	1.0	1.0	1	VcaM4I__VcaM4I	mandatory	268	7.8e-59	199.5	0.55	0.705	79	267			VcaM4I	VcaM4I	Defense
clust_rep_seq	GCF_009762965.1|NZ_CP046741.1|NZ_CP046741.1_430	EcoKMcrA__EcoKMcrA	1167	defense-finder-models/DefenseFinder/EcoKMcrA/EcoKMcrA	clust_rep_seq_EcoKMcrA_252	1	1	1.0	1.0	1	EcoKMcrA__EcoKMcrA	mandatory	244	5.3000000000000005e-34	117.7	0.44	0.713	67	240			EcoKMcrA	EcoKMcrA	Defense
clust_rep_seq	GCF_009763225.1|NZ_CP046798.1|NZ_CP046798.1_1145	VP1840__VP1840	1197	defense-finder-models/DefenseFinder/VP1840/VP1840	clust_rep_seq_VP1840_511	1	1	1.0	1.0	1	VP1840__VP1840	mandatory	207	6.9e-22	77.7	0.682	0.932	8	200			VP1840	VP1840	Defense
clust_rep_seq	GCF_002119525.1|NZ_CP017916.1|NZ_CP017916.1_1359	RM_Type_IV__Type_IV_03	1210	defense-finder-models/DefenseFinder/Other_Type_IV/Other_Type_IV	clust_rep_seq_Other_Type_IV_328	1	1	0.333	1.0	1	RM_Type_IV__Type_IV_03	mandatory	435	2.6000000000000002e-30	105.9	0.923	0.607	157	420			Other_Type_IV	Other_Type_IV	Defense
clust_rep_seq	GCF_000011805.1|NC_006841.2|NC_006841.2_661	Dazbog__DzbA	1262	defense-finder-models/DefenseFinder/Dazbog/Dazbog	clust_rep_seq_Dazbog_249	1	1	1.0	2.0	1	Dazbog__DzbA	mandatory	389	7.2e-137	456.2	0.98	0.982	5	386			Dazbog	Dazbog	Defense
clust_rep_seq	GCF_000011805.1|NC_006841.2|NC_006841.2_662	Dazbog__DzbB	1263	defense-finder-models/DefenseFinder/Dazbog/Dazbog	clust_rep_seq_Dazbog_249	1	1	1.0	2.0	1	Dazbog__DzbB	mandatory	341	7.4e-49	166.4	0.933	0.977	8	340			Dazbog	Dazbog	Defense
clust_rep_seq	GCF_004319645.1|NZ_CP027030.1|NZ_CP027030.1_1373	VP1839__VP1839	1307	defense-finder-models/DefenseFinder/VP1839/VP1839	clust_rep_seq_VP1839_501	1	1	1.0	1.0	1	VP1839__VP1839	mandatory	177	2.2e-31	108.3	0.882	0.944	2	168			VP1839	VP1839	Defense
clust_rep_seq	GCF_009601765.2|NZ_CP045700.1|NZ_CP045700.1_861	Aristaios__Aristaios	1357	defense-finder-models/DefenseFinder/Aristaios/Aristaios	clust_rep_seq_Aristaios_49	1	1	1.0	1.0	1	Aristaios__Aristaios	mandatory	254	4.7e-56	190.1	0.595	0.988	2	252			Aristaios	Aristaios	Defense
clust_rep_seq	GCF_009763705.1|NZ_CP046801.1|NZ_CP046801.1_529	Aristaios__Aristaios	1405	defense-finder-models/DefenseFinder/Aristaios/Aristaios	clust_rep_seq_Aristaios_50	1	1	1.0	1.0	1	Aristaios__Aristaios	mandatory	280	2.4e-26	92.5	0.592	0.936	12	273			Aristaios	Aristaios	Defense
clust_rep_seq	GCF_013393845.1|NZ_CP040100.1|NZ_CP040100.1_1611	Aristaios__Aristaios	1448	defense-finder-models/DefenseFinder/Aristaios/Aristaios	clust_rep_seq_Aristaios_51	1	1	1.0	1.0	1	Aristaios__Aristaios	mandatory	281	4.4e-52	177.1	0.601	0.989	2	279			Aristaios	Aristaios	Defense
clust_rep_seq	GCF_013393885.1|NZ_CP040103.1|NZ_CP040103.1_1951	dCTPdeaminase__dCTPdeaminase	1455	defense-finder-models/DefenseFinder/dCTPdeaminase/dCTPdeaminase	clust_rep_seq_dCTPdeaminase_528	1	1	1.0	1.0	1	dCTPdeaminase__dCTPdeaminase	mandatory	552	7.1e-107	357.7	0.923	0.996	1	550			dCTPdeaminase	dCTPdeaminase	Defense
clust_rep_seq	GCF_024347495.1|NZ_AP025491.1|NZ_AP025491.1_929	Esos__VCA0450	1526	defense-finder-models/DefenseFinder/Esos/Esos	clust_rep_seq_Esos_265	1	1	1.0	1.0	1	Esos__VCA0450	mandatory	242	7.7e-36	123.8	0.441	0.607	2	148			Esos	Esos	Defense
clust_rep_seq	GCF_024971935.1|NZ_CP080098.1|NZ_CP080098.1_2681	AbiH__AbiH	1569	defense-finder-models/DefenseFinder/AbiH/AbiH	clust_rep_seq_AbiH_20	1	1	1.0	1.0	1	AbiH__AbiH	mandatory	136	5.9e-14	52.2	0.483	0.809	14	123			AbiH	AbiH	Defense
clust_rep_seq	GCF_030580635.1|NZ_CP129422.1|NZ_CP129422.1_456	AbiJ__AbiJ	1621	defense-finder-models/DefenseFinder/AbiJ/AbiJ	clust_rep_seq_AbiJ_28	1	1	1.0	1.0	1	AbiJ__AbiJ	mandatory	204	7e-10	38.3	0.566	0.838	31	201			AbiJ	AbiJ	Defense
clust_rep_seq	GCF_030704285.1|NZ_CP131931.1|NZ_CP131931.1_1432	CmdTAC__CmdC	1632	defense-finder-models/DefenseFinder/CmdTAC/CmdTAC	clust_rep_seq_CmdTAC_182	1	1	0.667	2.0	1	CmdTAC__CmdC	mandatory	127	1.3000000000000002e-44	151.1	0.969	0.984	1	125			CmdTAC	CmdTAC	Defense
clust_rep_seq	GCF_030704285.1|NZ_CP131931.1|NZ_CP131931.1_1434	CmdTAC__CmdT	1634	defense-finder-models/DefenseFinder/CmdTAC/CmdTAC	clust_rep_seq_CmdTAC_182	1	1	0.667	2.0	1	CmdTAC__CmdT	mandatory	185	0.00029	20.0	0.529	0.595	4	113			CmdTAC	CmdTAC	Defense
clust_rep_seq	GCF_030994165.1|NZ_CP099921.1|NZ_CP099921.1_1256	SEFIR__bSEFIR	1642	defense-finder-models/DefenseFinder/SEFIR/SEFIR	clust_rep_seq_SEFIR_422	1	1	1.0	1.0	1	SEFIR__bSEFIR	mandatory	256	2.3e-77	260.9	0.432	0.691	5	181			SEFIR	SEFIR	Defense
clust_rep_seq	GCF_032841475.3|NZ_CP184806.1|NZ_CP184806.1_376	Epona__VCA0366	1690	defense-finder-models/DefenseFinder/Epona/Epona	clust_rep_seq_Epona_263	1	1	1.0	1.0	1	Epona__VCA0366	mandatory	327	1.5000000000000001e-117	391.8	0.984	0.939	20	326			Epona	Epona	Defense
clust_rep_seq	GCF_045348105.1|NZ_CP150831.1|NZ_CP150831.1_915	Rugutis__Rugutis	1705	defense-finder-models/DefenseFinder/Rugutis/Rugutis	clust_rep_seq_Rugutis_408	1	1	1.0	1.0	1	Rugutis__Rugutis	mandatory	328	7.6e-52	176.3	0.782	0.933	10	315			Rugutis	Rugutis	Defense
clust_rep_seq	GCF_046118645.1|NZ_CP176035.1|NZ_CP176035.1_2575	Toutatis__TutA_VCA0446	1729	defense-finder-models/DefenseFinder/Toutatis/Toutatis	clust_rep_seq_Toutatis_482	1	1	0.5	1.0	1	Toutatis__TutA_VCA0446	mandatory	120	1.1e-17	63.9	0.572	0.683	38	119			Toutatis	Toutatis	Defense
clust_rep_seq	GCF_046118655.1|NZ_CP176031.1|NZ_CP176031.1_2029	Paris_II_merge__AAA_21_DUF4435	1738	defense-finder-models/DefenseFinder/Paris/PARIS_II_merge	clust_rep_seq_PARIS_II_merge_346	1	1	1.0	1.0	1	Paris_II_merge__AAA_21_DUF4435	mandatory	535	4.8e-134	447.5	0.949	0.991	3	532			Paris	PARIS_II_merge	Defense
clust_rep_seq	GCF_046532655.1|NZ_CP151937.1|NZ_CP151937.1_1451	Aristaios__Aristaios	1747	defense-finder-models/DefenseFinder/Aristaios/Aristaios	clust_rep_seq_Aristaios_52	1	1	1.0	1.0	1	Aristaios__Aristaios	mandatory	276	2.4e-42	145.1	0.607	0.978	6	275			Aristaios	Aristaios	Defense
clust_rep_seq	GCF_046532655.1|NZ_CP151937.1|NZ_CP151937.1_1506	Retron_II__NDT	1756	defense-finder-models/DefenseFinder/Retron/Retron_II	clust_rep_seq_Retron_II_394	1	1	1.0	2.0	1	Retron_II__NDT	mandatory	320	3.7000000000000004e-89	298.7	0.988	0.975	2	313			Retron	Retron_II	Defense
clust_rep_seq	GCF_046532655.1|NZ_CP151937.1|NZ_CP151937.1_1507	Retron__RT_Tot_4	1757	defense-finder-models/DefenseFinder/Retron/Retron_II	clust_rep_seq_Retron_II_394	1	1	1.0	2.0	1	Retron__RT_Tot_1	mandatory	310	5.6e-122	406.3	0.987	0.997	1	309			Retron	Retron_II	Defense
clust_rep_seq	GCF_049384865.1|NZ_JAIWIW010000001.1|NZ_JAIWIW010000001.1_1299	gcuWGS21__gcuWGS21	1787	defense-finder-models/DefenseFinder/gcuWGS21/gcuWGS21	clust_rep_seq_gcuWGS21_539	1	1	1.0	1.0	1	gcuWGS21__gcuWGS21	mandatory	212	1.6e-76	255.8	0.991	0.991	1	210			gcuWGS21	gcuWGS21	Defense
clust_rep_seq	GCF_022869905.1|NZ_CP064381.1|NZ_CP064381.1_526	Rugutis__Rugutis	1804	defense-finder-models/DefenseFinder/Rugutis/Rugutis	clust_rep_seq_Rugutis_409	1	1	1.0	1.0	1	Rugutis__Rugutis	mandatory	399	1.1e-34	119.8	0.787	0.82	14	340			Rugutis	Rugutis	Defense
clust_rep_seq	GCF_023151555.2|NZ_CP100425.1|NZ_CP100425.1_1887	VP1817__VP1817	1811	defense-finder-models/DefenseFinder/VP1817/VP1817	clust_rep_seq_VP1817_489	1	1	1.0	1.0	1	VP1817__VP1817	mandatory	165	8.3e-49	164.9	0.993	0.945	1	156			VP1817	VP1817	Defense
clust_rep_seq	GCF_023205895.1|NZ_CP064033.1|NZ_CP064033.1_1186	Septu__PtuA	1821	defense-finder-models/DefenseFinder/Septu/Septu	clust_rep_seq_Septu_434	1	1	1.0	2.0	1	Septu__PtuA	mandatory	440	1.1e-55	189.7	0.89	0.93	16	424			Septu	Septu	Defense
clust_rep_seq	GCF_023205895.1|NZ_CP064033.1|NZ_CP064033.1_1187	Septu__PtuB	1822	defense-finder-models/DefenseFinder/Septu/Septu	clust_rep_seq_Septu_434	1	1	1.0	2.0	1	Septu__PtuB	mandatory	218	1.2e-28	100.4	0.626	0.734	26	185			Septu	Septu	Defense
clust_rep_seq	GCF_023277445.1|NZ_CP080238.1|NZ_CP080238.1_162	Aristaios__Aristaios	1848	defense-finder-models/DefenseFinder/Aristaios/Aristaios	clust_rep_seq_Aristaios_53	1	1	1.0	1.0	1	Aristaios__Aristaios	mandatory	274	1.6000000000000002e-48	165.4	0.614	0.993	1	272			Aristaios	Aristaios	Defense
clust_rep_seq	GCF_024582835.1|NZ_CP102097.1|NZ_CP102097.1_968	RM_Type_IV__Type_IV_05	1955	defense-finder-models/DefenseFinder/Other_Type_IV/Other_Type_IV	clust_rep_seq_Other_Type_IV_329	1	1	0.333	1.0	1	RM_Type_IV__Type_IV_05	mandatory	225	5.4e-21	75.2	0.469	0.484	104	212			Other_Type_IV	Other_Type_IV	Defense
clust_rep_seq	GCF_025994915.1|NZ_AP026552.1|NZ_AP026552.1_1334	VP1817__VP1817	1980	defense-finder-models/DefenseFinder/VP1817/VP1817	clust_rep_seq_VP1817_490	1	1	1.0	1.0	1	VP1817__VP1817	mandatory	152	8.000000000000001e-49	165.0	0.993	0.941	1	143			VP1817	VP1817	Defense
clust_rep_seq	GCF_026000435.1|NZ_AP026763.1|NZ_AP026763.1_1178	Belisama__VCA0458	1986	defense-finder-models/DefenseFinder/Belisama/Belisama	clust_rep_seq_Belisama_156	1	1	1.0	1.0	1	Belisama__VCA0458	mandatory	334	4.899999999999999e-35	120.4	0.756	0.653	95	312			Belisama	Belisama	Defense
clust_rep_seq	GCF_038695265.1|NZ_CP152308.1|NZ_CP152308.1_505	Rugutis__Rugutis	2026	defense-finder-models/DefenseFinder/Rugutis/Rugutis	clust_rep_seq_Rugutis_410	1	1	1.0	1.0	1	Rugutis__Rugutis	mandatory	372	5.9999999999999996e-114	380.7	0.888	0.981	5	369			Rugutis	Rugutis	Defense
clust_rep_seq	GCF_039602145.1|NZ_CP142015.1|NZ_CP142015.1_854	EcoKMcrA__EcoKMcrA	2031	defense-finder-models/DefenseFinder/EcoKMcrA/EcoKMcrA	clust_rep_seq_EcoKMcrA_253	1	1	1.0	1.0	1	EcoKMcrA__EcoKMcrA	mandatory	244	1.2e-33	116.5	0.438	0.754	58	241			EcoKMcrA	EcoKMcrA	Defense
clust_rep_seq	GCF_039602145.1|NZ_CP142015.1|NZ_CP142015.1_921	AbiAlpha__AbiAlpha	2036	defense-finder-models/DefenseFinder/AbiAlpha/AbiAlpha	clust_rep_seq_AbiAlpha_2	1	1	1.0	1.0	1	AbiAlpha__AbiAlpha	mandatory	278	6.7e-54	182.3	1.0	0.683	81	270			AbiAlpha	AbiAlpha	Defense
clust_rep_seq	GCF_040254425.1|NZ_CP158305.1|NZ_CP158305.1_1737	EcoKMcrA__EcoKMcrA	2056	defense-finder-models/DefenseFinder/EcoKMcrA/EcoKMcrA	clust_rep_seq_EcoKMcrA_254	1	1	1.0	1.0	1	EcoKMcrA__EcoKMcrA	mandatory	280	4.6e-29	101.5	0.432	0.65	89	270			EcoKMcrA	EcoKMcrA	Defense
clust_rep_seq	GCF_040735825.1|NZ_CP147727.1|NZ_CP147727.1_393	Aristaios__Aristaios	2070	defense-finder-models/DefenseFinder/Aristaios/Aristaios	clust_rep_seq_Aristaios_54	1	1	1.0	1.0	1	Aristaios__Aristaios	mandatory	334	8.8e-19	67.7	0.536	0.937	5	317			Aristaios	Aristaios	Defense
clust_rep_seq	GCF_040869035.2|NZ_CP162101.2|NZ_CP162101.2_299	VcaM4I__VcaM4I	2095	defense-finder-models/DefenseFinder/VcaM4I/VcaM4I	clust_rep_seq_VcaM4I_520	1	1	1.0	1.0	1	VcaM4I__VcaM4I	mandatory	240	4.9e-64	216.6	0.512	0.771	55	239			VcaM4I	VcaM4I	Defense
clust_rep_seq	GCF_040869035.2|NZ_CP162101.2|NZ_CP162101.2_301	Aristaios__Aristaios	2097	defense-finder-models/DefenseFinder/Aristaios/Aristaios	clust_rep_seq_Aristaios_55	1	1	1.0	1.0	1	Aristaios__Aristaios	mandatory	250	1.7e-26	93.0	0.614	0.924	12	242			Aristaios	Aristaios	Defense
clust_rep_seq	GCF_053220475.1|NZ_CM129938.1|NZ_CM129938.1_502	RM_Type_IV__Type_IV_03	2121	defense-finder-models/DefenseFinder/Other_Type_IV/Other_Type_IV	clust_rep_seq_Other_Type_IV_330	1	1	0.333	1.0	1	RM_Type_IV__Type_IV_03	mandatory	373	9.1e-23	81.1	0.865	0.759	80	362			Other_Type_IV	Other_Type_IV	Defense
clust_rep_seq	GCF_053220475.1|NZ_CM129938.1|NZ_CM129938.1_506	VcaM4I__VcaM4I	2122	defense-finder-models/DefenseFinder/VcaM4I/VcaM4I	clust_rep_seq_VcaM4I_521	1	1	1.0	1.0	1	VcaM4I__VcaM4I	mandatory	246	5.3e-59	200.0	0.534	0.732	66	245			VcaM4I	VcaM4I	Defense
clust_rep_seq	GCF_053220615.1|NZ_CM129952.1|NZ_CM129952.1_795	AbiAlpha__AbiAlpha	2142	defense-finder-models/DefenseFinder/AbiAlpha/AbiAlpha	clust_rep_seq_AbiAlpha_3	1	1	1.0	1.0	1	AbiAlpha__AbiAlpha	mandatory	232	9.9e-15	54.5	0.617	0.483	91	202			AbiAlpha	AbiAlpha	Defense
clust_rep_seq	GCF_053220615.1|NZ_CM129952.1|NZ_CM129952.1_802	Esos__VCA0450	2144	defense-finder-models/DefenseFinder/Esos/Esos	clust_rep_seq_Esos_266	1	1	1.0	1.0	1	Esos__VCA0450	mandatory	163	5.6e-17	61.8	0.417	0.877	18	160			Esos	Esos	Defense
clust_rep_seq	GCF_053220615.1|NZ_CM129952.1|NZ_CM129952.1_835	Aristaios__Aristaios	2146	defense-finder-models/DefenseFinder/Aristaios/Aristaios	clust_rep_seq_Aristaios_56	1	1	1.0	1.0	1	Aristaios__Aristaios	mandatory	210	9.6e-16	57.7	0.583	0.919	8	200			Aristaios	Aristaios	Defense
clust_rep_seq	GCF_058545285.1|NZ_CM178589.1|NZ_CM178589.1_288	Aristaios__Aristaios	2221	defense-finder-models/DefenseFinder/Aristaios/Aristaios	clust_rep_seq_Aristaios_57	1	1	1.0	1.0	1	Aristaios__Aristaios	mandatory	272	2.4e-49	168.1	0.595	0.982	1	267			Aristaios	Aristaios	Defense
clust_rep_seq	GCF_059427945.1|NZ_CM182084.1|NZ_CM182084.1_1764	VcaM4I__VcaM4I	2234	defense-finder-models/DefenseFinder/VcaM4I/VcaM4I	clust_rep_seq_VcaM4I_522	1	1	1.0	1.0	1	VcaM4I__VcaM4I	mandatory	281	6.6e-67	226.0	0.54	0.68	89	279			VcaM4I	VcaM4I	Defense
clust_rep_seq	GCF_059772125.1|NZ_CM186276.1|NZ_CM186276.1_864	Aristaios__Aristaios	2273	defense-finder-models/DefenseFinder/Aristaios/Aristaios	clust_rep_seq_Aristaios_58	1	1	1.0	1.0	1	Aristaios__Aristaios	mandatory	253	2.9e-48	164.5	0.611	0.945	8	246			Aristaios	Aristaios	Defense
clust_rep_seq	GCF_059941605.1|NZ_CM188127.1|NZ_CM188127.1_2198	Rugutis__Rugutis	2284	defense-finder-models/DefenseFinder/Rugutis/Rugutis	clust_rep_seq_Rugutis_411	1	1	1.0	1.0	1	Rugutis__Rugutis	mandatory	367	1.2e-107	360.0	0.83	0.913	3	337			Rugutis	Rugutis	Defense
clust_rep_seq	GCF_011801435.1|NZ_CP042449.1|NZ_CP042449.1_1360	Shedu__SduA	2340	defense-finder-models/DefenseFinder/Shedu/Shedu	clust_rep_seq_Shedu_443	1	1	1.0	1.0	1	Shedu__SduA	mandatory	354	4.9e-48	164.1	0.777	0.836	50	345			Shedu	Shedu	Defense
clust_rep_seq	GCF_013357725.1|NZ_CP053805.1|NZ_CP053805.1_309	Lugos__Lugos	2381	defense-finder-models/DefenseFinder/Lugos/Lugos	clust_rep_seq_Lugos_300	1	1	1.0	1.0	1	Lugos__Lugos	mandatory	133	6.8e-26	90.1	0.781	0.992	1	132			Lugos	Lugos	Defense
clust_rep_seq	GCF_013357725.1|NZ_CP053805.1|NZ_CP053805.1_336	PD-T7-5__PD-T7-5	2390	defense-finder-models/DefenseFinder/PD-T7-5/PD-T7-5	clust_rep_seq_PD-T7-5_369	1	1	1.0	1.0	1	PD-T7-5__PD-T7-5	mandatory	288	7.3e-42	143.0	0.653	0.83	1	239			PD-T7-5	PD-T7-5	Defense
clust_rep_seq	GCF_013357725.1|NZ_CP053805.1|NZ_CP053805.1_344	VP1817__VP1817	2393	defense-finder-models/DefenseFinder/VP1817/VP1817	clust_rep_seq_VP1817_491	1	1	1.0	1.0	1	VP1817__VP1817	mandatory	147	1e-18	67.2	0.841	0.878	18	146			VP1817	VP1817	Defense
clust_rep_seq	GCF_000196095.1|NC_004603.1|NC_004603.1_1701	Dag__Dag2_VP1796	2404	defense-finder-models/DefenseFinder/Dag/Dag	clust_rep_seq_Dag_223	1	1	1.0	1.0	1	Dag__Dag1_VP1840	mandatory	275	4.3e-127	423.0	0.873	0.975	5	272			Dag	Dag	Defense
clust_rep_seq	GCF_002204915.1|NZ_CP016321.1|NZ_CP016321.1_1518	SEFIR__bSEFIR	2520	defense-finder-models/DefenseFinder/SEFIR/SEFIR	clust_rep_seq_SEFIR_423	1	1	1.0	1.0	1	SEFIR__bSEFIR	mandatory	310	1.6000000000000001e-80	271.3	0.704	0.958	2	298			SEFIR	SEFIR	Defense
clust_rep_seq	GCF_002204915.1|NZ_CP016321.1|NZ_CP016321.1_1522	Lugos__Lugos	2523	defense-finder-models/DefenseFinder/Lugos/Lugos	clust_rep_seq_Lugos_301	1	1	1.0	1.0	1	Lugos__Lugos	mandatory	148	1.2e-24	86.0	0.762	0.986	1	146			Lugos	Lugos	Defense
clust_rep_seq	GCF_002211985.1|NZ_CP022102.1|NZ_CP022102.1_363	AbiH__AbiH	2547	defense-finder-models/DefenseFinder/AbiH/AbiH	clust_rep_seq_AbiH_21	1	1	1.0	1.0	1	AbiH__AbiH	mandatory	277	3.2e-42	144.8	0.958	0.866	4	243			AbiH	AbiH	Defense
clust_rep_seq	GCF_002211985.1|NZ_CP022102.1|NZ_CP022102.1_479	Dag__Dag5	2549	defense-finder-models/DefenseFinder/Dag/Dag	clust_rep_seq_Dag_224	1	1	1.0	1.0	1	Dag__Dag1_VP1840	mandatory	238	9e-26	90.5	0.97	0.987	4	238			Dag	Dag	Defense
clust_rep_seq	GCF_003612695.1|NZ_CP023472.1|NZ_CP023472.1_1812	Aristaios__Aristaios	2603	defense-finder-models/DefenseFinder/Aristaios/Aristaios	clust_rep_seq_Aristaios_59	1	1	1.0	1.0	1	Aristaios__Aristaios	mandatory	385	1.8e-39	135.7	0.595	0.875	1	337			Aristaios	Aristaios	Defense
clust_rep_seq	GCF_003612695.1|NZ_CP023472.1|NZ_CP023472.1_1842	Aristaios__Aristaios	2611	defense-finder-models/DefenseFinder/Aristaios/Aristaios	clust_rep_seq_Aristaios_60	1	1	1.0	1.0	1	Aristaios__Aristaios	mandatory	268	1.1e-38	133.0	0.595	0.914	1	245			Aristaios	Aristaios	Defense
clust_rep_seq	GCF_009764025.1|NZ_CP046847.1|NZ_CP046847.1_480	Nantosuelta__VCA0322	2734	defense-finder-models/DefenseFinder/Nantosuelta/Nantosuelta	clust_rep_seq_Nantosuelta_320	1	1	1.0	1.0	1	Nantosuelta__VCA0322	mandatory	152	6.2e-31	107.2	0.54	0.941	3	145			Nantosuelta	Nantosuelta	Defense
clust_rep_seq	GCF_009764055.1|NZ_CP046831.1|NZ_CP046831.1_1702	Sirona__VCA0356	2760	defense-finder-models/DefenseFinder/Sirona/Sirona	clust_rep_seq_Sirona_464	1	1	1.0	1.0	1	Sirona__VCA0356	mandatory	231	5.8e-85	284.5	0.805	0.987	2	229			Sirona	Sirona	Defense
clust_rep_seq	GCF_009883815.1|NZ_CP034285.1|NZ_CP034285.1_1213	dCTPdeaminase__dCTPdeaminase	2788	defense-finder-models/DefenseFinder/dCTPdeaminase/dCTPdeaminase	clust_rep_seq_dCTPdeaminase_529	1	1	1.0	1.0	1	dCTPdeaminase__dCTPdeaminase	mandatory	612	1.1e-123	413.1	0.986	0.972	3	597			dCTPdeaminase	dCTPdeaminase	Defense
clust_rep_seq	GCF_021391375.1|NZ_CP090020.1|NZ_CP090020.1_356	VP1839__VP1839	2806	defense-finder-models/DefenseFinder/VP1839/VP1839	clust_rep_seq_VP1839_502	1	1	1.0	1.0	1	VP1839__VP1839	mandatory	173	1.6e-57	193.5	0.844	0.913	1	158			VP1839	VP1839	Defense
clust_rep_seq	GCF_021432065.1|NZ_CP090365.1|NZ_CP090365.1_277	Aristaios__Aristaios	2828	defense-finder-models/DefenseFinder/Aristaios/Aristaios	clust_rep_seq_Aristaios_61	1	1	1.0	1.0	1	Aristaios__Aristaios	mandatory	323	4.5e-51	173.8	0.648	0.851	6	280			Aristaios	Aristaios	Defense
clust_rep_seq	GCF_022453845.1|NZ_CP092682.1|NZ_CP092682.1_1282	Cernunnos__VCA0410	2878	defense-finder-models/DefenseFinder/Cernunnos/Cernunnos	clust_rep_seq_Cernunnos_178	1	1	1.0	1.0	1	Cernunnos__VCA0410	mandatory	119	5.2e-40	136.1	0.657	0.975	2	117			Cernunnos	Cernunnos	Defense
clust_rep_seq	GCF_026970915.1|NZ_CP114194.1|NZ_CP114194.1_1798	Damona__VCA0399	2902	defense-finder-models/DefenseFinder/Damona/Damona	clust_rep_seq_Damona_242	1	1	1.0	1.0	1	Damona__VCA0399	mandatory	306	7.099999999999999e-82	274.3	0.979	0.984	1	301			Damona	Damona	Defense
clust_rep_seq	GCF_028743655.1|NZ_CP117989.1|NZ_CP117989.1_1182	FS_GIY_YIG__GIY_YIG	2940	defense-finder-models/DefenseFinder/FS_GIY_YIG/FS_GIY_YIG	clust_rep_seq_FS_GIY_YIG_277	1	1	1.0	1.0	1	FS_GIY_YIG__GIY_YIG	mandatory	307	1.4e-44	152.1	0.934	0.967	9	305			FS_GIY_YIG	FS_GIY_YIG	Defense
clust_rep_seq	GCF_028898625.1|NZ_CP118577.1|NZ_CP118577.1_673	Aristaios__Aristaios	2968	defense-finder-models/DefenseFinder/Aristaios/Aristaios	clust_rep_seq_Aristaios_62	1	1	1.0	1.0	1	Aristaios__Aristaios	mandatory	257	9.3e-46	156.3	0.592	0.973	4	253			Aristaios	Aristaios	Defense
clust_rep_seq	GCF_039542195.1|NZ_CP154264.1|NZ_CP154264.1_1917	Septu__PtuB	3009	defense-finder-models/DefenseFinder/Septu/Septu	clust_rep_seq_Septu_435	1	1	1.0	2.0	1	Septu__PtuB	mandatory	199	3.5e-24	85.8	0.598	0.809	15	175			Septu	Septu	Defense
clust_rep_seq	GCF_039542195.1|NZ_CP154264.1|NZ_CP154264.1_1918	Septu__PtuA	3010	defense-finder-models/DefenseFinder/Septu/Septu	clust_rep_seq_Septu_435	1	1	1.0	2.0	1	Septu__PtuA	mandatory	351	1.3e-27	97.2	0.421	0.473	151	316			Septu	Septu	Defense
clust_rep_seq	GCF_041734175.1|NZ_CP168658.1|NZ_CP168658.1_941	Resolvase_DUF5677__Resolvase_DUF5677	3095	defense-finder-models/DefenseFinder/Resolvase_DUF5677/Resolvase_DUF5677	clust_rep_seq_Resolvase_DUF5677_389	1	1	1.0	1.0	1	Resolvase_DUF5677__Resolvase_DUF5677	mandatory	300	7.4e-09	34.8	0.588	0.487	64	209			Resolvase_DUF5677	Resolvase_DUF5677	Defense
clust_rep_seq	GCF_053220535.1|NZ_CM129944.1|NZ_CM129944.1_984	Rugutis__Rugutis	3111	defense-finder-models/DefenseFinder/Rugutis/Rugutis	clust_rep_seq_Rugutis_412	1	1	1.0	1.0	1	Rugutis__Rugutis	mandatory	398	5.5e-114	380.9	0.86	0.882	20	370			Rugutis	Rugutis	Defense
clust_rep_seq	GCF_053220535.1|NZ_CM129944.1|NZ_CM129944.1_1035	AbiAlpha__AbiAlpha	3123	defense-finder-models/DefenseFinder/AbiAlpha/AbiAlpha	clust_rep_seq_AbiAlpha_4	1	1	1.0	1.0	1	AbiAlpha__AbiAlpha	mandatory	270	1.6e-36	125.6	1.0	0.696	78	265			AbiAlpha	AbiAlpha	Defense
clust_rep_seq	GCF_054512795.1|NZ_JBTNLO010000004.1|NZ_JBTNLO010000004.1_45	Aristaios__Aristaios	3170	defense-finder-models/DefenseFinder/Aristaios/Aristaios	clust_rep_seq_Aristaios_63	1	1	1.0	1.0	1	Aristaios__Aristaios	mandatory	256	7.600000000000001e-57	192.7	0.604	0.988	2	254			Aristaios	Aristaios	Defense
clust_rep_seq	GCF_059552575.1|NZ_CM183915.1|NZ_CM183915.1_1910	Aristaios__Aristaios	3226	defense-finder-models/DefenseFinder/Aristaios/Aristaios	clust_rep_seq_Aristaios_64	1	1	1.0	1.0	1	Aristaios__Aristaios	mandatory	267	6.299999999999999e-26	91.1	0.564	0.959	4	259			Aristaios	Aristaios	Defense
clust_rep_seq	GCF_059641075.1|NZ_CM184931.1|NZ_CM184931.1_2240	Aristaios__Aristaios	3255	defense-finder-models/DefenseFinder/Aristaios/Aristaios	clust_rep_seq_Aristaios_65	1	1	1.0	1.0	1	Aristaios__Aristaios	mandatory	349	1.4e-32	113.1	0.567	0.96	2	336			Aristaios	Aristaios	Defense
clust_rep_seq	GCF_059772125.1|NZ_CM186276.1|NZ_CM186276.1_934	Thoeris__ThsK_Ion_channel	3273	defense-finder-models/DefenseFinder/Thoeris/Thoeris_X	clust_rep_seq_Thoeris_X_480	1	1	1.0	2.0	1	Thoeris__ThsK_Ion_channel	mandatory	212	1.1e-77	260.1	0.991	0.972	1	206			Thoeris	Thoeris_X	Defense
clust_rep_seq	GCF_059772125.1|NZ_CM186276.1|NZ_CM186276.1_935	Thoeris__ThsB_3	3274	defense-finder-models/DefenseFinder/Thoeris/Thoeris_X	clust_rep_seq_Thoeris_X_480	1	1	1.0	2.0	1	Thoeris__ThsB_3	mandatory	172	5.8999999999999996e-49	165.7	0.994	1.0	1	172			Thoeris	Thoeris_X	Defense
clust_rep_seq	GCF_009938185.1|NZ_AP019652.1|NZ_AP019652.1_817	PD-T7-4__PD-T7-4	3314	defense-finder-models/DefenseFinder/RAZR/RAZR	clust_rep_seq_RAZR_383	1	1	1.0	1.0	1	PD-T7-4__PD-T7-4	mandatory	148	5.7e-60	201.9	0.676	0.98	2	146			RAZR	RAZR	Defense
clust_rep_seq	GCF_013357725.1|NZ_CP053805.1|NZ_CP053805.1_562	DRT8__DRT8a	3359	defense-finder-models/DefenseFinder/DRT/DRT8	clust_rep_seq_DRT8_188	1	1	0.5	1.0	1	DRT8__DRT8	mandatory	512	1.6e-169	565.0	0.925	0.992	3	510			DRT	DRT8	Defense
clust_rep_seq	GCF_013357745.1|NZ_CP053807.1|NZ_CP053807.1_266	Thoeris__ThsK_Ion_channel	3366	defense-finder-models/DefenseFinder/Thoeris/Thoeris_X	clust_rep_seq_Thoeris_X_481	1	1	1.0	2.0	1	Thoeris__ThsK_Ion_channel	mandatory	210	7.300000000000001e-87	290.1	0.995	0.99	1	208			Thoeris	Thoeris_X	Defense
clust_rep_seq	GCF_013357745.1|NZ_CP053807.1|NZ_CP053807.1_267	Thoeris__ThsB_3	3367	defense-finder-models/DefenseFinder/Thoeris/Thoeris_X	clust_rep_seq_Thoeris_X_481	1	1	1.0	2.0	1	Thoeris__ThsB_3	mandatory	163	2.1999999999999997e-47	160.5	0.899	0.92	1	150			Thoeris	Thoeris_X	Defense
clust_rep_seq	GCF_013357745.1|NZ_CP053807.1|NZ_CP053807.1_412	AbiH__AbiH	3375	defense-finder-models/DefenseFinder/AbiH/AbiH	clust_rep_seq_AbiH_22	1	1	1.0	1.0	1	AbiH__AbiH	mandatory	255	6.499999999999999e-47	160.2	0.886	0.918	22	255			AbiH	AbiH	Defense
clust_rep_seq	GCF_013357825.1|NZ_CP053823.1|NZ_CP053823.1_464	mEp332_T2SS_GspM__T2SS_GspM	3396	defense-finder-models/DefenseFinder/mEp332_T2SS_GspM/mEp332_T2SS_GspM	clust_rep_seq_mEp332_T2SS_GspM_541	1	1	1.0	1.0	1	mEp332_T2SS_GspM__T2SS_GspM	mandatory	335	5.9e-51	173.0	0.971	0.964	6	328			mEp332_T2SS_GspM	mEp332_T2SS_GspM	Defense
clust_rep_seq	GCF_013357825.1|NZ_CP053823.1|NZ_CP053823.1_486	Lugos__Lugos	3399	defense-finder-models/DefenseFinder/Lugos/Lugos	clust_rep_seq_Lugos_302	1	1	1.0	1.0	1	Lugos__Lugos	mandatory	141	1.6000000000000002e-33	114.9	0.831	0.979	1	138			Lugos	Lugos	Defense
clust_rep_seq	GCF_018140575.1|NZ_CP073274.1|NZ_CP073274.1_1229	Aristaios__Aristaios	3418	defense-finder-models/DefenseFinder/Aristaios/Aristaios	clust_rep_seq_Aristaios_66	1	1	1.0	1.0	1	Aristaios__Aristaios	mandatory	206	3.6e-39	134.7	0.564	0.99	1	204			Aristaios	Aristaios	Defense
clust_rep_seq	GCF_018336415.1|NZ_CP047306.1|NZ_CP047306.1_313	Sirona__VCA0356	3420	defense-finder-models/DefenseFinder/Sirona/Sirona	clust_rep_seq_Sirona_465	1	1	1.0	1.0	1	Sirona__VCA0356	mandatory	232	2.6e-91	305.3	0.809	0.978	5	231			Sirona	Sirona	Defense
clust_rep_seq	GCF_019458465.1|NZ_CP080463.1|NZ_CP080463.1_191	Shedu__SduA	3432	defense-finder-models/DefenseFinder/Shedu/Shedu	clust_rep_seq_Shedu_444	1	1	1.0	1.0	1	Shedu__SduA	mandatory	307	3.5e-59	200.8	0.602	0.697	89	302			Shedu	Shedu	Defense
clust_rep_seq	GCF_019458465.1|NZ_CP080463.1|NZ_CP080463.1_199	DS-45__DS-45	3433	defense-finder-models/DefenseFinder/DS-45/DS-45	clust_rep_seq_DS-45_217	1	1	1.0	1.0	1	DS-45__DS-45	mandatory	220	9.800000000000001e-87	289.8	0.952	0.986	2	218			DS-45	DS-45	Defense
clust_rep_seq	GCF_020717785.1|NZ_CP085843.1|NZ_CP085843.1_1642	FS_GIY_YIG__GIY_YIG	3446	defense-finder-models/DefenseFinder/FS_GIY_YIG/FS_GIY_YIG	clust_rep_seq_FS_GIY_YIG_278	1	1	1.0	1.0	1	FS_GIY_YIG__GIY_YIG	mandatory	326	3.6e-58	196.8	0.934	0.979	5	323			FS_GIY_YIG	FS_GIY_YIG	Defense
clust_rep_seq	GCF_025258925.1|NZ_CP104355.1|NZ_CP104355.1_525	DS-20__DS-20	3493	defense-finder-models/DefenseFinder/DS-20/DS-20	clust_rep_seq_DS-20_198	1	1	1.0	1.0	1	DS-20__DS-20	mandatory	483	1.2e-176	587.8	0.984	0.99	5	482			DS-20	DS-20	Defense
clust_rep_seq	GCF_025258925.1|NZ_CP104355.1|NZ_CP104355.1_534	Septu__PtuA	3495	defense-finder-models/DefenseFinder/Septu/Septu	clust_rep_seq_Septu_436	1	1	1.0	2.0	1	Septu__PtuA	mandatory	385	8.7e-56	190.1	0.862	0.966	1	372			Septu	Septu	Defense
clust_rep_seq	GCF_025258925.1|NZ_CP104355.1|NZ_CP104355.1_535	Septu__PtuB	3496	defense-finder-models/DefenseFinder/Septu/Septu	clust_rep_seq_Septu_436	1	1	1.0	2.0	1	Septu__PtuB	mandatory	193	7.5e-39	133.8	0.79	0.855	16	180			Septu	Septu	Defense
clust_rep_seq	GCF_030718785.1|NZ_CP132189.1|NZ_CP132189.1_452	Aristaios__Aristaios	3517	defense-finder-models/DefenseFinder/Aristaios/Aristaios	clust_rep_seq_Aristaios_67	1	1	1.0	1.0	1	Aristaios__Aristaios	mandatory	291	2.8999999999999997e-43	148.1	0.614	0.924	22	290			Aristaios	Aristaios	Defense
clust_rep_seq	GCF_030994225.1|NZ_CP099928.1|NZ_CP099928.1_1156	DS-40__DS-40	3527	defense-finder-models/DefenseFinder/DS-40/DS-40	clust_rep_seq_DS-40_214	1	1	1.0	1.0	1	DS-40__DS-40	mandatory	280	9.9e-86	287.1	0.99	0.993	2	279			DS-40	DS-40	Defense
clust_rep_seq	GCF_048284855.2|NZ_CP192285.1|NZ_CP192285.1_1859	DS-18__DS-18	3610	defense-finder-models/DefenseFinder/DS-18/DS-18	clust_rep_seq_DS-18_195	1	1	1.0	1.0	1	DS-18__DS-18	mandatory	218	1.4e-09	37.1	0.637	0.693	27	177			DS-18	DS-18	Defense
clust_rep_seq	GCF_048284885.2|NZ_CP192147.1|NZ_CP192147.1_1209	CBASS__Cyclase_new	3618	defense-finder-models/DefenseFinder/CBASS/CBASS_I_TM	clust_rep_seq_CBASS_I_TM_168	1	1	1.0	2.0	1	CBASS__Cyclase_SMODS	mandatory	299	3.6e-15	55.3	0.63	0.753	26	250			CBASS	CBASS_I_TM	Defense
clust_rep_seq	GCF_048284885.2|NZ_CP192147.1|NZ_CP192147.1_1210	CBASS__Effector_2TM_S_2TMBeta	3619	defense-finder-models/DefenseFinder/CBASS/CBASS_I_TM	clust_rep_seq_CBASS_I_TM_168	1	1	1.0	2.0	1	CBASS__Effector_2TM_S_2TMBeta	mandatory	210	8.2e-28	96.8	0.939	0.843	14	190			CBASS	CBASS_I_TM	Defense
clust_rep_seq	GCF_049315005.1|NZ_CP186026.1|NZ_CP186026.1_671	DS-35__DS-35	3632	defense-finder-models/DefenseFinder/DS-35/DS-35	clust_rep_seq_DS-35_209	1	1	1.0	1.0	1	DS-35__DS-35	mandatory	281	2e-90	302.7	0.974	0.989	3	280			DS-35	DS-35	Defense
clust_rep_seq	GCF_049816175.1|NZ_CP187434.1|NZ_CP187434.1_1232	Retron_I_C__RT_1_C1	3647	defense-finder-models/DefenseFinder/Retron/Retron_I_C	clust_rep_seq_Retron_I_C_397	1	1	1.0	1.0	1	Retron_I_C__RT_1_C1	mandatory	562	7.200000000000001e-224	743.9	0.979	0.998	1	561			Retron	Retron_I_C	Defense
clust_rep_seq	GCF_049816175.1|NZ_CP187434.1|NZ_CP187434.1_1253	Rst_DUF4238__DUF4238_Pers	3651	defense-finder-models/DefenseFinder/Rst_DUF4238/Rst_DUF4238	clust_rep_seq_Rst_DUF4238_404	1	1	1.0	1.0	1	Rst_DUF4238__DUF4238_Pers	mandatory	308	1e-103	346.5	0.997	0.997	2	308			Rst_DUF4238	Rst_DUF4238	Defense
clust_rep_seq	GCF_052076115.1|NZ_CP197263.1|NZ_CP197263.1_1784	RM_Type_IV__Type_IV_05	3686	defense-finder-models/DefenseFinder/Other_Type_IV/Other_Type_IV	clust_rep_seq_Other_Type_IV_331	1	1	0.333	1.0	1	RM_Type_IV__Type_IV_05	mandatory	215	6e-24	84.9	0.645	0.944	11	213			Other_Type_IV	Other_Type_IV	Defense
clust_rep_seq	GCF_052076115.1|NZ_CP197263.1|NZ_CP197263.1_1805	Dag__Dag3	3688	defense-finder-models/DefenseFinder/Dag/Dag	clust_rep_seq_Dag_225	1	1	1.0	1.0	1	Dag__Dag1_VP1840	mandatory	212	4.2e-83	277.7	0.967	0.986	3	211			Dag	Dag	Defense
clust_rep_seq	GCF_900185995.1|NZ_LT897798.1|NZ_LT897798.1_474	Paris_I__AriA_AAA15	3764	defense-finder-models/DefenseFinder/Paris/PARIS_I	clust_rep_seq_PARIS_I_343	1	1	1.0	2.0	1	Paris_I__AriA_AAA15	mandatory	431	3.5e-65	220.7	0.917	0.984	3	426			Paris	PARIS_I	Defense
clust_rep_seq	GCF_900185995.1|NZ_LT897798.1|NZ_LT897798.1_475	Paris_I__AriB_DUF4435_I	3765	defense-finder-models/DefenseFinder/Paris/PARIS_I	clust_rep_seq_PARIS_I_343	1	1	1.0	2.0	1	Paris_I__AriB_DUF4435_I	mandatory	300	2.6e-27	96.0	0.88	0.92	6	281			Paris	PARIS_I	Defense
clust_rep_seq	GCF_900185995.1|NZ_LT897798.1|NZ_LT897798.1_484	AbiD__AbiD	3767	defense-finder-models/DefenseFinder/AbiD/AbiD	clust_rep_seq_AbiD_17	1	1	1.0	1.0	1	AbiD__AbiD	mandatory	378	3.7e-86	289.0	0.904	0.791	6	304			AbiD	AbiD	Defense
clust_rep_seq	GCF_900185995.1|NZ_LT897798.1|NZ_LT897798.1_518	Dag__Dag15	3771	defense-finder-models/DefenseFinder/Dag/Dag	clust_rep_seq_Dag_226	1	1	1.0	1.0	1	Dag__Dag1_VP1840	mandatory	219	2.2e-77	259.3	0.982	0.968	3	214			Dag	Dag	Defense
clust_rep_seq	GCF_001758605.1|NZ_CP012950.1|NZ_CP012950.1_1271	FS_GIY_YIG__GIY_YIG	3795	defense-finder-models/DefenseFinder/FS_GIY_YIG/FS_GIY_YIG	clust_rep_seq_FS_GIY_YIG_279	1	1	1.0	1.0	1	FS_GIY_YIG__GIY_YIG	mandatory	328	5.3e-88	294.9	0.949	0.96	3	317			FS_GIY_YIG	FS_GIY_YIG	Defense
clust_rep_seq	GCF_019670485.1|NZ_AP024165.1|NZ_AP024165.1_1097	AbiV__AbiV	3834	defense-finder-models/DefenseFinder/AbiV/AbiV	clust_rep_seq_AbiV_39	1	1	1.0	1.0	1	AbiV__AbiV	mandatory	211	1.5e-06	27.7	0.637	0.635	19	152			AbiV	AbiV	Defense
clust_rep_seq	GCF_019670485.1|NZ_AP024165.1|NZ_AP024165.1_1110	AbiAlpha__AbiAlpha	3839	defense-finder-models/DefenseFinder/AbiAlpha/AbiAlpha	clust_rep_seq_AbiAlpha_5	1	1	1.0	1.0	1	AbiAlpha__AbiAlpha	mandatory	271	1.9e-44	151.4	1.0	0.694	77	264			AbiAlpha	AbiAlpha	Defense
clust_rep_seq	GCF_019670485.1|NZ_AP024165.1|NZ_AP024165.1_1128	Aristaios__Aristaios	3846	defense-finder-models/DefenseFinder/Aristaios/Aristaios	clust_rep_seq_Aristaios_68	1	1	1.0	1.0	1	Aristaios__Aristaios	mandatory	278	6.9e-32	110.7	0.567	0.881	19	263			Aristaios	Aristaios	Defense
clust_rep_seq	GCF_021397735.1|NZ_CP090179.1|NZ_CP090179.1_475	VcaM4I__VcaM4I	3864	defense-finder-models/DefenseFinder/VcaM4I/VcaM4I	clust_rep_seq_VcaM4I_523	1	1	1.0	1.0	1	VcaM4I__VcaM4I	mandatory	239	9.3e-61	205.8	0.512	0.741	62	238			VcaM4I	VcaM4I	Defense
clust_rep_seq	GCF_021397735.1|NZ_CP090179.1|NZ_CP090179.1_491	BstA__BstA	3865	defense-finder-models/DefenseFinder/BstA/BstA	clust_rep_seq_BstA_165	1	1	1.0	1.0	1	BstA__BstA	mandatory	291	8.9e-118	392.1	0.964	0.993	2	290			BstA	BstA	Defense
clust_rep_seq	GCF_021730085.1|NZ_CP068641.1|NZ_CP068641.1_1460	DS-45__DS-45	3894	defense-finder-models/DefenseFinder/DS-45/DS-45	clust_rep_seq_DS-45_218	1	1	1.0	1.0	1	DS-45__DS-45	mandatory	218	1.1e-65	220.9	0.943	0.991	2	217			DS-45	DS-45	Defense
clust_rep_seq	GCF_022343085.1|NZ_CP082303.1|NZ_CP082303.1_1750	AbiJ__AbiJ	3896	defense-finder-models/DefenseFinder/AbiJ/AbiJ	clust_rep_seq_AbiJ_29	1	1	1.0	1.0	1	AbiJ__AbiJ	mandatory	251	8.6e-13	47.8	0.46	0.558	104	243			AbiJ	AbiJ	Defense
clust_rep_seq	GCF_009665475.1|NZ_CP035731.1|NZ_CP035731.1_396	VP1826__VP1826	3922	defense-finder-models/DefenseFinder/VP1826/VP1826	clust_rep_seq_VP1826_499	1	1	1.0	1.0	1	VP1826__VP1826	mandatory	291	8.999999999999998e-56	189.5	0.609	0.821	1	239			VP1826	VP1826	Defense
clust_rep_seq	GCF_009763625.1|NZ_CP046787.1|NZ_CP046787.1_2069	Damona__VCA0399	3995	defense-finder-models/DefenseFinder/Damona/Damona	clust_rep_seq_Damona_243	1	1	1.0	1.0	1	Damona__VCA0399	mandatory	309	2.2e-32	111.9	0.662	0.722	23	245			Damona	Damona	Defense
clust_rep_seq	GCF_009763625.1|NZ_CP046787.1|NZ_CP046787.1_2070	Toutatis__TutB_VCA0447	3996	defense-finder-models/DefenseFinder/Toutatis/Toutatis	clust_rep_seq_Toutatis_483	1	1	0.5	1.0	1	Toutatis__TutB_VCA0447	mandatory	224	9.300000000000001e-158	523.1	0.862	1.0	1	224			Toutatis	Toutatis	Defense
clust_rep_seq	GCF_029958905.1|NZ_CP124613.1|NZ_CP124613.1_865	Aristaios__Aristaios	4040	defense-finder-models/DefenseFinder/Aristaios/Aristaios	clust_rep_seq_Aristaios_69	1	1	1.0	1.0	1	Aristaios__Aristaios	mandatory	370	1e-48	166.0	0.629	0.854	53	368			Aristaios	Aristaios	Defense
clust_rep_seq	GCF_030238725.2|NZ_CP160382.1|NZ_CP160382.1_1782	Septu__PtuA	4070	defense-finder-models/DefenseFinder/Septu/Septu	clust_rep_seq_Septu_437	1	1	1.0	2.0	1	Septu__PtuA	mandatory	427	1.8e-114	383.4	0.954	0.986	1	421			Septu	Septu	Defense
clust_rep_seq	GCF_030238725.2|NZ_CP160382.1|NZ_CP160382.1_1783	Septu__PtuB	4071	defense-finder-models/DefenseFinder/Septu/Septu	clust_rep_seq_Septu_437	1	1	1.0	2.0	1	Septu__PtuB	mandatory	209	1.8e-30	106.4	0.902	0.995	1	208			Septu	Septu	Defense
clust_rep_seq	GCF_045348105.1|NZ_CP150831.1|NZ_CP150831.1_956	PD-T4-7__PD-T4-7	4117	defense-finder-models/DefenseFinder/PD-T4-7/PD-T4-7	clust_rep_seq_PD-T4-7_359	1	1	1.0	1.0	1	PD-T4-7__PD-T4-7	mandatory	329	7.799999999999999e-68	228.4	0.964	0.939	2	310			PD-T4-7	PD-T4-7	Defense
clust_rep_seq	GCF_056097205.1|NZ_CP184760.1|NZ_CP184760.1_1476	Rugutis__Rugutis	4209	defense-finder-models/DefenseFinder/Rugutis/Rugutis	clust_rep_seq_Rugutis_413	1	1	1.0	1.0	1	Rugutis__Rugutis	mandatory	309	1.1e-54	185.6	0.764	0.974	8	308			Rugutis	Rugutis	Defense
clust_rep_seq	GCF_056135565.1|NZ_CM148681.1|NZ_CM148681.1_1206	Epona__VCA0366	4214	defense-finder-models/DefenseFinder/Epona/Epona	clust_rep_seq_Epona_264	1	1	1.0	1.0	1	Epona__VCA0366	mandatory	307	3.4e-110	367.7	0.994	0.993	2	306			Epona	Epona	Defense
clust_rep_seq	GCF_057368455.1|NZ_CM170641.1|NZ_CM170641.1_975	Lit__Lit	4238	defense-finder-models/DefenseFinder/Lit/Lit	clust_rep_seq_Lit_298	1	1	1.0	1.0	1	Lit__Lit	mandatory	314	1.7999999999999998e-69	233.7	0.965	0.959	4	304			Lit	Lit	Defense
clust_rep_seq	GCF_057368455.1|NZ_CM170641.1|NZ_CM170641.1_1005	Retron__RT_Tot_8	4248	defense-finder-models/DefenseFinder/Retron/Retron_IV	clust_rep_seq_Retron_IV_395	1	1	1.0	2.0	1	Retron__RT_Tot_1	mandatory	405	2.2e-183	609.1	0.992	0.968	3	394			Retron	Retron_IV	Defense
clust_rep_seq	GCF_057368455.1|NZ_CM170641.1|NZ_CM170641.1_1006	Retron_IV__2TM	4249	defense-finder-models/DefenseFinder/Retron/Retron_IV	clust_rep_seq_Retron_IV_395	1	1	1.0	2.0	1	Retron_IV__2TM	mandatory	242	9.5e-80	266.8	0.983	0.963	10	242			Retron	Retron_IV	Defense
clust_rep_seq	GCF_057368455.1|NZ_CM170641.1|NZ_CM170641.1_1044	Aristaios__Aristaios	4268	defense-finder-models/DefenseFinder/Aristaios/Aristaios	clust_rep_seq_Aristaios_70	1	1	1.0	1.0	1	Aristaios__Aristaios	mandatory	269	5.400000000000001e-44	150.5	0.623	0.892	10	249			Aristaios	Aristaios	Defense
clust_rep_seq	GCF_057396045.1|NZ_CM171552.1|NZ_CM171552.1_1201	VP1848__VP1848	4286	defense-finder-models/DefenseFinder/VP1848/VP1848	clust_rep_seq_VP1848_513	1	1	1.0	1.0	1	VP1848__VP1848	mandatory	214	4.1e-99	329.9	0.986	0.991	2	213			VP1848	VP1848	Defense
clust_rep_seq	GCF_057396045.1|NZ_CM171552.1|NZ_CM171552.1_1234	RM_Type_IV__Type_IV_05	4292	defense-finder-models/DefenseFinder/Other_Type_IV/Other_Type_IV	clust_rep_seq_Other_Type_IV_332	1	1	0.333	1.0	1	RM_Type_IV__Type_IV_05	mandatory	240	4e-22	78.9	0.605	0.713	70	240			Other_Type_IV	Other_Type_IV	Defense
clust_rep_seq	GCF_057418845.1|NZ_CP166928.1|NZ_CP166928.1_704	Shedu__SduA	4314	defense-finder-models/DefenseFinder/Shedu/Shedu	clust_rep_seq_Shedu_445	1	1	1.0	1.0	1	Shedu__SduA	mandatory	361	8.200000000000001e-38	130.5	0.815	0.95	18	360			Shedu	Shedu	Defense
clust_rep_seq	GCF_057439855.1|NZ_CM172000.1|NZ_CM172000.1_1903	Aristaios__Aristaios	4337	defense-finder-models/DefenseFinder/Aristaios/Aristaios	clust_rep_seq_Aristaios_71	1	1	1.0	1.0	1	Aristaios__Aristaios	mandatory	356	2.1e-34	119.0	0.607	0.643	1	229			Aristaios	Aristaios	Defense
clust_rep_seq	GCF_057439875.1|NZ_CM172002.1|NZ_CM172002.1_1366	Septu__PtuB	4344	defense-finder-models/DefenseFinder/Septu/Septu	clust_rep_seq_Septu_438	1	1	1.0	2.0	1	Septu__PtuB	mandatory	221	3.3e-36	125.1	0.579	0.665	21	167			Septu	Septu	Defense
clust_rep_seq	GCF_057439875.1|NZ_CM172002.1|NZ_CM172002.1_1367	Septu__PtuA	4345	defense-finder-models/DefenseFinder/Septu/Septu	clust_rep_seq_Septu_438	1	1	1.0	2.0	1	Septu__PtuA	mandatory	473	9.9e-55	186.6	0.91	0.951	17	466			Septu	Septu	Defense
clust_rep_seq	GCF_057439875.1|NZ_CM172002.1|NZ_CM172002.1_1372	Belisama__VCA0458	4348	defense-finder-models/DefenseFinder/Belisama/Belisama	clust_rep_seq_Belisama_157	1	1	1.0	1.0	1	Belisama__VCA0458	mandatory	335	5.8e-32	110.4	0.875	0.827	53	329			Belisama	Belisama	Defense
clust_rep_seq	GCF_057784735.1|NZ_CM173495.1|NZ_CM173495.1_688	PD-Lambda-1__PD-Lambda-1	4368	defense-finder-models/DefenseFinder/SNIPE/SNIPE	clust_rep_seq_SNIPE_429	1	1	1.0	1.0	1	PD-Lambda-1__PD-Lambda-1	mandatory	480	5e-177	589.1	0.965	0.996	1	478			SNIPE	SNIPE	Defense
clust_rep_seq	GCF_057784735.1|NZ_CM173495.1|NZ_CM173495.1_689	PD-T7-3__PD-T7-3	4369	defense-finder-models/DefenseFinder/DARNA/DARNA	clust_rep_seq_DARNA_183	1	1	1.0	1.0	1	PD-T7-3__PD-T7-3	mandatory	432	2.4e-49	168.2	0.965	0.933	7	409			DARNA	DARNA	Defense
clust_rep_seq	GCF_057785915.1|NZ_CM173507.1|NZ_CM173507.1_1126	Cernunnos__VCA0410	4373	defense-finder-models/DefenseFinder/Cernunnos/Cernunnos	clust_rep_seq_Cernunnos_179	1	1	1.0	1.0	1	Cernunnos__VCA0410	mandatory	127	7.5e-23	80.3	0.651	0.929	8	125			Cernunnos	Cernunnos	Defense
clust_rep_seq	GCF_057785955.1|NZ_CM173512.1|NZ_CM173512.1_13	RM_Type_IV__Type_IV_05	4385	defense-finder-models/DefenseFinder/Other_Type_IV/Other_Type_IV	clust_rep_seq_Other_Type_IV_333	1	1	0.333	1.0	1	RM_Type_IV__Type_IV_05	mandatory	213	6.800000000000001e-22	78.2	0.762	0.836	36	213			Other_Type_IV	Other_Type_IV	Defense
clust_rep_seq	GCF_057785975.1|NZ_CM173513.1|NZ_CM173513.1_1117	PD-T7-1__PD-T7-1	4389	defense-finder-models/DefenseFinder/PD-T7-1/PD-T7-1	clust_rep_seq_PD-T7-1_366	1	1	1.0	1.0	1	PD-T7-1__PD-T7-1	mandatory	455	3e-187	622.3	0.982	0.98	8	453			PD-T7-1	PD-T7-1	Defense
clust_rep_seq	GCF_057785975.1|NZ_CM173514.1|NZ_CM173514.1_982	Aristaios__Aristaios	4398	defense-finder-models/DefenseFinder/Aristaios/Aristaios	clust_rep_seq_Aristaios_72	1	1	1.0	1.0	1	Aristaios__Aristaios	mandatory	292	4.6e-42	144.2	0.586	0.959	4	283			Aristaios	Aristaios	Defense
clust_rep_seq	GCF_057785995.1|NZ_CM173517.1|NZ_CM173517.1_1645	Lugos__Lugos	4400	defense-finder-models/DefenseFinder/Lugos/Lugos	clust_rep_seq_Lugos_303	1	1	1.0	1.0	1	Lugos__Lugos	mandatory	143	2.2e-29	101.4	0.806	0.93	1	133			Lugos	Lugos	Defense
clust_rep_seq	GCF_001969325.1|NZ_CP019293.1|NZ_CP019293.1_1278	Aristaios__Aristaios	4415	defense-finder-models/DefenseFinder/Aristaios/Aristaios	clust_rep_seq_Aristaios_73	1	1	1.0	1.0	1	Aristaios__Aristaios	mandatory	265	5.7e-56	189.9	0.626	0.966	3	258			Aristaios	Aristaios	Defense
clust_rep_seq	GCF_002212025.1|NZ_CP022104.1|NZ_CP022104.1_366	Shedu__SduA	4437	defense-finder-models/DefenseFinder/Shedu/Shedu	clust_rep_seq_Shedu_446	1	1	1.0	1.0	1	Shedu__SduA	mandatory	366	1.1e-33	116.8	0.774	0.71	99	358			Shedu	Shedu	Defense
clust_rep_seq	GCF_002257545.1|NZ_CP022742.1|NZ_CP022742.1_657	Aristaios__Aristaios	4479	defense-finder-models/DefenseFinder/Aristaios/Aristaios	clust_rep_seq_Aristaios_74	1	1	1.0	1.0	1	Aristaios__Aristaios	mandatory	282	3e-52	177.6	0.617	0.95	3	270			Aristaios	Aristaios	Defense
clust_rep_seq	GCF_000969235.1|NZ_CP010811.1|NZ_CP010811.1_2419	AbiAlpha__AbiAlpha	4505	defense-finder-models/DefenseFinder/AbiAlpha/AbiAlpha	clust_rep_seq_AbiAlpha_6	1	1	1.0	1.0	1	AbiAlpha__AbiAlpha	mandatory	269	1.7999999999999998e-31	109.1	1.0	0.71	70	260			AbiAlpha	AbiAlpha	Defense
clust_rep_seq	GCF_001262735.2|NZ_CP169261.1|NZ_CP169261.1_2035	EcoKMcrA__EcoKMcrA	4561	defense-finder-models/DefenseFinder/EcoKMcrA/EcoKMcrA	clust_rep_seq_EcoKMcrA_255	1	1	1.0	1.0	1	EcoKMcrA__EcoKMcrA	mandatory	245	7.9e-36	123.7	0.449	0.767	46	233			EcoKMcrA	EcoKMcrA	Defense
clust_rep_seq	GCF_001310575.2|NZ_CP045859.1|NZ_CP045859.1_1302	AbiV__AbiV	4594	defense-finder-models/DefenseFinder/AbiV/AbiV	clust_rep_seq_AbiV_40	1	1	1.0	1.0	1	AbiV__AbiV	mandatory	225	2.3e-10	40.1	0.711	0.644	13	157			AbiV	AbiV	Defense
clust_rep_seq	GCF_001310575.2|NZ_CP045859.1|NZ_CP045859.1_1305	Dag__Dag4	4596	defense-finder-models/DefenseFinder/Dag/Dag	clust_rep_seq_Dag_227	1	1	1.0	1.0	1	Dag__Dag1_VP1840	mandatory	195	2.9999999999999998e-36	124.4	0.871	0.933	12	193			Dag	Dag	Defense
clust_rep_seq	GCF_001695575.2|NZ_LUAX02000002.1|NZ_LUAX02000002.1_13	PD-T7-1__PD-T7-1	4609	defense-finder-models/DefenseFinder/PD-T7-1/PD-T7-1	clust_rep_seq_PD-T7-1_367	1	1	1.0	1.0	1	PD-T7-1__PD-T7-1	mandatory	484	7.3e-160	532.0	0.982	0.909	36	475			PD-T7-1	PD-T7-1	Defense
clust_rep_seq	GCF_001700835.1|NZ_CP010883.1|NZ_CP010883.1_1847	VP1848__VP1848	4616	defense-finder-models/DefenseFinder/VP1848/VP1848	clust_rep_seq_VP1848_514	1	1	1.0	1.0	1	VP1848__VP1848	mandatory	216	5.9e-79	264.0	0.991	0.986	3	215			VP1848	VP1848	Defense
clust_rep_seq	GCF_001700835.1|NZ_CP010886.1|NZ_CP010886.1_1	Lugos__Lugos	4617	defense-finder-models/DefenseFinder/Lugos/Lugos	clust_rep_seq_Lugos_304	1	1	1.0	1.0	1	Lugos__Lugos	mandatory	137	7.1e-21	73.8	0.787	0.978	1	134			Lugos	Lugos	Defense
clust_rep_seq	GCF_001700835.1|NZ_CP010886.1|NZ_CP010886.1_15	Aristaios__Aristaios	4620	defense-finder-models/DefenseFinder/Aristaios/Aristaios	clust_rep_seq_Aristaios_75	1	1	1.0	1.0	1	Aristaios__Aristaios	mandatory	248	1.1e-48	165.9	0.576	0.988	2	246			Aristaios	Aristaios	Defense
clust_rep_seq	GCF_001700835.1|NZ_CP010886.1|NZ_CP010886.1_31	Sirona__VCA0356	4625	defense-finder-models/DefenseFinder/Sirona/Sirona	clust_rep_seq_Sirona_466	1	1	1.0	1.0	1	Sirona__VCA0356	mandatory	252	8.2e-28	97.0	0.606	0.623	2	158			Sirona	Sirona	Defense
clust_rep_seq	GCF_002953335.1|NZ_CP014094.1|NZ_CP014094.1_1666	VP1839__VP1839	4647	defense-finder-models/DefenseFinder/VP1839/VP1839	clust_rep_seq_VP1839_503	1	1	1.0	1.0	1	VP1839__VP1839	mandatory	116	1.1e-13	50.6	0.5	0.828	7	102			VP1839	VP1839	Defense
clust_rep_seq	GCF_002953355.1|NZ_CP014134.1|NZ_CP014134.1_43	SEFIR__bSEFIR	4658	defense-finder-models/DefenseFinder/SEFIR/SEFIR	clust_rep_seq_SEFIR_424	1	1	1.0	1.0	1	SEFIR__bSEFIR	mandatory	422	6.1000000000000006e-71	239.8	0.403	0.405	3	173			SEFIR	SEFIR	Defense
clust_rep_seq	GCF_002953355.1|NZ_CP014134.1|NZ_CP014134.1_61	Dag__Dag6	4663	defense-finder-models/DefenseFinder/Dag/Dag	clust_rep_seq_Dag_228	1	1	1.0	1.0	1	Dag__Dag1_VP1840	mandatory	201	1.3e-56	191.3	0.78	0.97	6	200			Dag	Dag	Defense
clust_rep_seq	GCF_002953355.1|NZ_CP014134.1|NZ_CP014134.1_72	EcoKMcrA__EcoKMcrA	4668	defense-finder-models/DefenseFinder/EcoKMcrA/EcoKMcrA	clust_rep_seq_EcoKMcrA_256	1	1	1.0	1.0	1	EcoKMcrA__EcoKMcrA	mandatory	299	6.6e-26	91.1	0.449	0.753	70	294			EcoKMcrA	EcoKMcrA	Defense
clust_rep_seq	GCF_002953355.1|NZ_CP014134.1|NZ_CP014134.1_81	Shedu__SduA	4670	defense-finder-models/DefenseFinder/Shedu/Shedu	clust_rep_seq_Shedu_447	1	1	1.0	1.0	1	Shedu__SduA	mandatory	240	1.7e-25	89.9	0.513	0.779	10	196			Shedu	Shedu	Defense
clust_rep_seq	GCF_004319645.1|NZ_CP027030.1|NZ_CP027030.1_1273	AbiAlpha__AbiAlpha	4740	defense-finder-models/DefenseFinder/AbiAlpha/AbiAlpha	clust_rep_seq_AbiAlpha_7	1	1	1.0	1.0	1	AbiAlpha__AbiAlpha	mandatory	277	3.4e-44	150.6	0.974	0.7	74	267			AbiAlpha	AbiAlpha	Defense
clust_rep_seq	GCF_004319645.1|NZ_CP027030.1|NZ_CP027030.1_1276	Lugos__Lugos	4741	defense-finder-models/DefenseFinder/Lugos/Lugos	clust_rep_seq_Lugos_305	1	1	1.0	1.0	1	Lugos__Lugos	mandatory	135	3.5e-26	91.0	0.706	0.874	1	118			Lugos	Lugos	Defense
clust_rep_seq	GCF_005280275.1|NZ_CP040022.1|NZ_CP040022.1_137	Pycsar__AG_cyclase	4755	defense-finder-models/DefenseFinder/Pycsar/Pycsar_TIR	clust_rep_seq_Pycsar_TIR_380	1	1	1.0	2.0	1	Pycsar__AG_cyclase	mandatory	259	6.7e-12	44.7	0.596	0.768	20	218			Pycsar	Pycsar_TIR	Defense
clust_rep_seq	GCF_006364355.1|NZ_CP040990.1|NZ_CP040990.1_2412	CBASS__Effector_TIR	4761	defense-finder-models/DefenseFinder/Pycsar/Pycsar_TIR	clust_rep_seq_Pycsar_TIR_380	1	1	1.0	2.0	1	CBASS__Effector_TIR	mandatory	277	8.900000000000001e-36	123.0	0.442	0.549	2	153			Pycsar	Pycsar_TIR	Defense
clust_rep_seq	GCF_008369605.1|NZ_CP043556.1|NZ_CP043556.1_907	Aristaios__Aristaios	4799	defense-finder-models/DefenseFinder/Aristaios/Aristaios	clust_rep_seq_Aristaios_76	1	1	1.0	1.0	1	Aristaios__Aristaios	mandatory	336	1.6e-36	126.0	0.601	0.676	25	251			Aristaios	Aristaios	Defense
clust_rep_seq	GCF_013357685.1|NZ_CP053803.1|NZ_CP053803.1_373	CBASS__2TM_new	4851	defense-finder-models/DefenseFinder/CBASS/CBASS_I_TM	clust_rep_seq_CBASS_I_TM_169	1	1	1.0	2.0	1	CBASS__Effector_2TM_S_2TMBeta	mandatory	168	1.1e-29	103.2	0.669	0.94	6	163			CBASS	CBASS_I_TM	Defense
clust_rep_seq	GCF_013357685.1|NZ_CP053803.1|NZ_CP053803.1_374	CBASS__Cyclase_SMODS	4852	defense-finder-models/DefenseFinder/CBASS/CBASS_I_TM	clust_rep_seq_CBASS_I_TM_169	1	1	1.0	2.0	1	CBASS__Cyclase_SMODS	mandatory	259	5.2e-41	140.1	1.0	0.61	1	158			CBASS	CBASS_I_TM	Defense
clust_rep_seq	GCF_013357685.1|NZ_CP053803.1|NZ_CP053803.1_406	DRT_4__drt4	4858	defense-finder-models/DefenseFinder/DRT/DRT_4	clust_rep_seq_DRT_4_193	1	1	1.0	1.0	1	DRT_4__drt4	mandatory	546	2.1e-175	584.2	0.903	0.943	2	516			DRT	DRT_4	Defense
clust_rep_seq	GCF_013357685.1|NZ_CP053803.1|NZ_CP053803.1_408	DRT8__DRT8a	4859	defense-finder-models/DefenseFinder/DRT/DRT8	clust_rep_seq_DRT8_189	1	1	0.5	1.0	1	DRT8__DRT8	mandatory	514	7.9e-147	490.0	0.936	0.998	1	513			DRT	DRT8	Defense
clust_rep_seq	GCF_013357745.1|NZ_CP053807.1|NZ_CP053807.1_343	Septu__PtuA	4876	defense-finder-models/DefenseFinder/Septu/Septu	clust_rep_seq_Septu_439	1	1	1.0	2.0	1	Septu__PtuA	mandatory	377	1.5999999999999999e-29	103.5	0.924	0.971	7	372			Septu	Septu	Defense
clust_rep_seq	GCF_013357745.1|NZ_CP053807.1|NZ_CP053807.1_344	Septu__PtuB	4877	defense-finder-models/DefenseFinder/Septu/Septu	clust_rep_seq_Septu_439	1	1	1.0	2.0	1	Septu__PtuB	mandatory	204	4.1000000000000004e-22	79.0	0.589	0.784	15	174			Septu	Septu	Defense
clust_rep_seq	GCF_014879975.1|NZ_CP062500.1|NZ_CP062500.1_1652	EcoKMcrA__EcoKMcrA	4918	defense-finder-models/DefenseFinder/EcoKMcrA/EcoKMcrA	clust_rep_seq_EcoKMcrA_257	1	1	1.0	1.0	1	EcoKMcrA__EcoKMcrA	mandatory	278	5.9e-34	117.6	0.405	0.806	50	273			EcoKMcrA	EcoKMcrA	Defense
clust_rep_seq	GCF_015767675.1|NZ_CP065219.1|NZ_CP065219.1_98	Aristaios__Aristaios	4960	defense-finder-models/DefenseFinder/Aristaios/Aristaios	clust_rep_seq_Aristaios_77	1	1	1.0	1.0	1	Aristaios__Aristaios	mandatory	253	5.3e-47	160.4	0.573	0.992	2	252			Aristaios	Aristaios	Defense
clust_rep_seq	GCF_015767675.1|NZ_CP065219.1|NZ_CP065219.1_101	AbiQ__AbiQ	4961	defense-finder-models/DefenseFinder/AbiQ/AbiQ	clust_rep_seq_AbiQ_36	1	1	1.0	1.0	1	AbiQ__AbiQ	mandatory	180	2e-41	141.0	0.942	0.889	1	160			AbiQ	AbiQ	Defense
clust_rep_seq	GCF_024347395.1|NZ_AP025472.1|NZ_AP025472.1_1126	DS-18__DS-18	5026	defense-finder-models/DefenseFinder/DS-18/DS-18	clust_rep_seq_DS-18_196	1	1	1.0	1.0	1	DS-18__DS-18	mandatory	243	1.5e-87	292.4	0.968	0.996	1	242			DS-18	DS-18	Defense
clust_rep_seq	GCF_024347395.1|NZ_AP025472.1|NZ_AP025472.1_1160	Aristaios__Aristaios	5038	defense-finder-models/DefenseFinder/Aristaios/Aristaios	clust_rep_seq_Aristaios_78	1	1	1.0	1.0	1	Aristaios__Aristaios	mandatory	320	8.5e-48	163.0	0.573	0.872	33	311			Aristaios	Aristaios	Defense
clust_rep_seq	GCF_030994145.1|NZ_CP099919.1|NZ_CP099919.1_1245	Kiwa__KwaA	5108	defense-finder-models/DefenseFinder/Kiwa/Kiwa	clust_rep_seq_Kiwa_294	1	1	1.0	2.0	1	Kiwa__KwaA	mandatory	188	8.7e-11	41.3	0.948	0.995	1	187			Kiwa	Kiwa	Defense
clust_rep_seq	GCF_030994145.1|NZ_CP099919.1|NZ_CP099919.1_1246	Kiwa__KwaB_2	5109	defense-finder-models/DefenseFinder/Kiwa/Kiwa	clust_rep_seq_Kiwa_294	1	1	1.0	2.0	1	Kiwa__KwaB	mandatory	275	1.4e-58	198.0	0.896	0.938	15	272			Kiwa	Kiwa	Defense
clust_rep_seq	GCF_032027525.2|NZ_CP184804.1|NZ_CP184804.1_267	dGTPase__Sp_dGTPase	5162	defense-finder-models/DefenseFinder/dGTPase/dGTPase	clust_rep_seq_dGTPase_532	1	1	1.0	1.0	1	dGTPase__Sp_dGTPase	mandatory	432	1.7e-175	583.7	0.962	0.975	12	432			dGTPase	dGTPase	Defense
clust_rep_seq	GCF_045820715.1|NZ_CP174456.1|NZ_CP174456.1_1588	Damona__VCA0399	5203	defense-finder-models/DefenseFinder/Damona/Damona	clust_rep_seq_Damona_244	1	1	1.0	1.0	1	Damona__VCA0399	mandatory	280	1.6e-101	338.7	0.972	0.968	1	271			Damona	Damona	Defense
clust_rep_seq	GCF_045820715.1|NZ_CP174456.1|NZ_CP174456.1_1623	gcu24__gcu24	5213	defense-finder-models/DefenseFinder/gcu24/gcu24	clust_rep_seq_gcu24_535	1	1	1.0	1.0	1	gcu24__gcu24	mandatory	375	3.3e-107	358.8	0.884	0.989	3	373			gcu24	gcu24	Defense
clust_rep_seq	GCF_045820715.1|NZ_CP174456.1|NZ_CP174456.1_1624	PD-T7-3__PD-T7-3	5214	defense-finder-models/DefenseFinder/DARNA/DARNA	clust_rep_seq_DARNA_184	1	1	1.0	1.0	1	PD-T7-3__PD-T7-3	mandatory	436	2e-144	481.5	0.993	0.984	1	429			DARNA	DARNA	Defense
clust_rep_seq	GCF_045820715.1|NZ_CP174456.1|NZ_CP174456.1_1626	Aristaios__Aristaios	5215	defense-finder-models/DefenseFinder/Aristaios/Aristaios	clust_rep_seq_Aristaios_79	1	1	1.0	1.0	1	Aristaios__Aristaios	mandatory	240	6.1000000000000005e-22	78.0	0.545	0.879	14	224			Aristaios	Aristaios	Defense
clust_rep_seq	GCF_046581405.1|NZ_CP041683.1|NZ_CP041683.1_3221	CapRel__CapRel	5236	defense-finder-models/DefenseFinder/CapRel/CapRel	clust_rep_seq_CapRel_175	1	1	1.0	1.0	1	CapRel__CapRel	mandatory	338	1.7e-45	155.2	0.944	0.962	10	334			CapRel	CapRel	Defense
clust_rep_seq	GCF_046850195.1|NZ_CP133986.1|NZ_CP133986.1_1000	PD-T4-4__PD-T4-4_B	5250	defense-finder-models/DefenseFinder/PD-T4-4/PD-T4-4	clust_rep_seq_PD-T4-4_356	1	1	1.0	2.0	1	PD-T4-4__PD-T4-4_B	mandatory	183	2e-06	27.1	0.864	0.852	24	179			PD-T4-4	PD-T4-4	Defense
clust_rep_seq	GCF_046850195.1|NZ_CP133986.1|NZ_CP133986.1_1001	PD-T4-4__PD-T4-4_A	5251	defense-finder-models/DefenseFinder/PD-T4-4/PD-T4-4	clust_rep_seq_PD-T4-4_356	1	1	1.0	2.0	1	PD-T4-4__PD-T4-4_A	mandatory	466	2.3e-76	257.2	0.991	0.964	11	459			PD-T4-4	PD-T4-4	Defense
clust_rep_seq	GCF_049563345.1|NZ_CP110481.1|NZ_CP110481.1_316	DS-20__DS-20	5265	defense-finder-models/DefenseFinder/DS-20/DS-20	clust_rep_seq_DS-20_199	1	1	1.0	1.0	1	DS-20__DS-20	mandatory	472	7.5e-164	545.7	0.986	1.0	1	472			DS-20	DS-20	Defense
clust_rep_seq	GCF_049821485.1|NZ_CP187514.1|NZ_CP187514.1_954	PD-T4-7__PD-T4-7	5291	defense-finder-models/DefenseFinder/PD-T4-7/PD-T4-7	clust_rep_seq_PD-T4-7_360	1	1	1.0	1.0	1	PD-T4-7__PD-T4-7	mandatory	330	1.5999999999999999e-55	187.9	0.751	0.73	4	244			PD-T4-7	PD-T4-7	Defense
clust_rep_seq	GCF_054875955.1|NZ_CM142183.1|NZ_CM142183.1_784	Divona__VCA0374	5314	defense-finder-models/DefenseFinder/Divona/Divona	clust_rep_seq_Divona_250	1	1	1.0	1.0	1	Divona__VCA0374	mandatory	329	2.1e-104	348.7	0.979	0.976	3	323			Divona	Divona	Defense
clust_rep_seq	GCF_054906185.1|NZ_CP166973.1|NZ_CP166973.1_322	VP1839__VP1839	5326	defense-finder-models/DefenseFinder/VP1839/VP1839	clust_rep_seq_VP1839_504	1	1	1.0	1.0	1	VP1839__VP1839	mandatory	175	7.699999999999999e-31	106.6	0.876	0.914	2	161			VP1839	VP1839	Defense
clust_rep_seq	GCF_056135565.1|NZ_CM148681.1|NZ_CM148681.1_1315	DS-18__DS-18	5336	defense-finder-models/DefenseFinder/DS-18/DS-18	clust_rep_seq_DS-18_197	1	1	1.0	1.0	1	DS-18__DS-18	mandatory	249	4e-61	205.9	0.968	0.972	7	248			DS-18	DS-18	Defense
clust_rep_seq	GCF_056135565.1|NZ_CM148681.1|NZ_CM148681.1_1331	Lugos__Lugos	5342	defense-finder-models/DefenseFinder/Lugos/Lugos	clust_rep_seq_Lugos_306	1	1	1.0	1.0	1	Lugos__Lugos	mandatory	149	3.8000000000000005e-28	97.4	0.725	0.913	2	137			Lugos	Lugos	Defense
clust_rep_seq	GCF_056531025.1|NZ_CM152466.1|NZ_CM152466.1_1605	AbiP2__AbiP2	5352	defense-finder-models/DefenseFinder/AbiP2/AbiP2	clust_rep_seq_AbiP2_34	1	1	1.0	1.0	1	AbiP2__AbiP2	mandatory	508	6.999999999999999e-191	634.9	0.969	0.992	1	504			AbiP2	AbiP2	Defense
clust_rep_seq	GCF_056531025.1|NZ_CM152466.1|NZ_CM152466.1_1711	gcu24__gcu24	5358	defense-finder-models/DefenseFinder/gcu24/gcu24	clust_rep_seq_gcu24_536	1	1	1.0	1.0	1	gcu24__gcu24	mandatory	356	6.2e-95	318.4	0.872	0.978	2	349			gcu24	gcu24	Defense
clust_rep_seq	GCF_056674835.1|NZ_CM155225.1|NZ_CM155225.1_1164	EcoKMcrA__EcoKMcrA	5360	defense-finder-models/DefenseFinder/EcoKMcrA/EcoKMcrA	clust_rep_seq_EcoKMcrA_258	1	1	1.0	1.0	1	EcoKMcrA__EcoKMcrA	mandatory	275	2.2e-26	92.7	0.446	0.829	43	270			EcoKMcrA	EcoKMcrA	Defense
clust_rep_seq	GCF_056674835.1|NZ_CM155225.1|NZ_CM155225.1_1165	HEC-04__HEC-04	5361	defense-finder-models/DefenseFinder/HEC-04/HEC-04	clust_rep_seq_HEC-04_287	1	1	1.0	1.0	1	HEC-04__HEC-04	mandatory	502	1.5999999999999998e-221	735.7	0.978	0.986	2	496			HEC-04	HEC-04	Defense
clust_rep_seq	GCF_056820805.1|NZ_CM165957.1|NZ_CM165957.1_1290	Rugutis__Rugutis	5366	defense-finder-models/DefenseFinder/Rugutis/Rugutis	clust_rep_seq_Rugutis_414	1	1	1.0	1.0	1	Rugutis__Rugutis	mandatory	449	4.6000000000000003e-88	295.5	0.853	0.764	100	442			Rugutis	Rugutis	Defense
clust_rep_seq	GCF_900324435.1|NZ_LT992491.1|NZ_LT992491.1_774	RosmerTA__RmrT_2585209417	5437	defense-finder-models/DefenseFinder/RosmerTA/RosmerTA	clust_rep_seq_RosmerTA_403	1	1	1.0	2.0	1	RosmerTA__RmrT_2585209417	mandatory	215	1.8000000000000002e-28	98.9	0.96	0.972	4	212			RosmerTA	RosmerTA	Defense
clust_rep_seq	GCF_900324435.1|NZ_LT992491.1|NZ_LT992491.1_775	RosmerTA__RmrA_2585209417	5438	defense-finder-models/DefenseFinder/RosmerTA/RosmerTA	clust_rep_seq_RosmerTA_403	1	1	1.0	2.0	1	RosmerTA__RmrA_2585209417	mandatory	375	1.7e-120	401.9	0.986	0.968	11	373			RosmerTA	RosmerTA	Defense
clust_rep_seq	GCF_001558435.2|NZ_CP014038.2|NZ_CP014038.2_507	EcoKMcrA__EcoKMcrA	5513	defense-finder-models/DefenseFinder/EcoKMcrA/EcoKMcrA	clust_rep_seq_EcoKMcrA_259	1	1	1.0	1.0	1	EcoKMcrA__EcoKMcrA	mandatory	225	3.6e-40	138.0	0.44	0.956	5	219			EcoKMcrA	EcoKMcrA	Defense
clust_rep_seq	GCF_001558435.2|NZ_CP014038.2|NZ_CP014038.2_562	RM_Type_IV__Type_IV_05	5530	defense-finder-models/DefenseFinder/Other_Type_IV/Other_Type_IV	clust_rep_seq_Other_Type_IV_334	1	1	0.333	1.0	1	RM_Type_IV__Type_IV_05	mandatory	307	2.6e-21	76.2	0.797	0.948	11	301			Other_Type_IV	Other_Type_IV	Defense
clust_rep_seq	GCF_001558435.2|NZ_CP014038.2|NZ_CP014038.2_573	Aristaios__Aristaios	5536	defense-finder-models/DefenseFinder/Aristaios/Aristaios	clust_rep_seq_Aristaios_80	1	1	1.0	1.0	1	Aristaios__Aristaios	mandatory	276	2.4e-38	132.0	0.598	0.942	10	269			Aristaios	Aristaios	Defense
clust_rep_seq	GCF_001558515.2|NZ_CP014049.2|NZ_CP014049.2_1217	EcoKMcrA__EcoKMcrA	5550	defense-finder-models/DefenseFinder/EcoKMcrA/EcoKMcrA	clust_rep_seq_EcoKMcrA_260	1	1	1.0	1.0	1	EcoKMcrA__EcoKMcrA	mandatory	266	6.7e-34	117.4	0.432	0.853	34	260			EcoKMcrA	EcoKMcrA	Defense
clust_rep_seq	GCF_001675245.1|NZ_CP012739.1|NZ_CP012739.1_1367	AbiH__AbiH	5564	defense-finder-models/DefenseFinder/AbiH/AbiH	clust_rep_seq_AbiH_23	1	1	1.0	1.0	1	AbiH__AbiH	mandatory	269	2e-15	57.0	0.483	0.498	80	213			AbiH	AbiH	Defense
clust_rep_seq	GCF_001675245.1|NZ_CP012739.1|NZ_CP012739.1_1415	Aristaios__Aristaios	5573	defense-finder-models/DefenseFinder/Aristaios/Aristaios	clust_rep_seq_Aristaios_81	1	1	1.0	1.0	1	Aristaios__Aristaios	mandatory	276	1.1999999999999999e-43	149.3	0.595	0.982	2	272			Aristaios	Aristaios	Defense
clust_rep_seq	GCF_001675245.1|NZ_CP012740.1|NZ_CP012740.1_299	NLR_like_bNACHT01__NLR_like_bNACHT01	5577	defense-finder-models/DefenseFinder/NLR/NLR_like_bNACHT01	clust_rep_seq_NLR_like_bNACHT01_318	1	1	1.0	1.0	1	NLR_like_bNACHT01__NLR_like_bNACHT01	mandatory	594	6.3e-142	473.8	0.962	0.956	3	570			NLR	NLR_like_bNACHT01	Defense
clust_rep_seq	GCF_001679745.1|NZ_CP016224.1|NZ_CP016224.1_1622	Shedu__SduA	5580	defense-finder-models/DefenseFinder/Shedu/Shedu	clust_rep_seq_Shedu_448	1	1	1.0	1.0	1	Shedu__SduA	mandatory	539	8.1e-42	143.6	0.831	0.738	138	535			Shedu	Shedu	Defense
clust_rep_seq	GCF_001682175.1|NZ_CP011884.1|NZ_CP011884.1_1228	Rugutis__Rugutis	5584	defense-finder-models/DefenseFinder/Rugutis/Rugutis	clust_rep_seq_Rugutis_415	1	1	1.0	1.0	1	Rugutis__Rugutis	mandatory	361	6.3e-99	331.3	0.891	0.989	1	357			Rugutis	Rugutis	Defense
clust_rep_seq	GCF_001682175.1|NZ_CP011884.1|NZ_CP011884.1_1256	Aristaios__Aristaios	5596	defense-finder-models/DefenseFinder/Aristaios/Aristaios	clust_rep_seq_Aristaios_82	1	1	1.0	1.0	1	Aristaios__Aristaios	mandatory	205	5.3e-38	130.8	0.598	0.985	1	202			Aristaios	Aristaios	Defense
clust_rep_seq	GCF_023983475.1|NZ_CP092713.1|NZ_CP092713.1_820	Aristaios__Aristaios	5643	defense-finder-models/DefenseFinder/Aristaios/Aristaios	clust_rep_seq_Aristaios_83	1	1	1.0	1.0	1	Aristaios__Aristaios	mandatory	280	6.1e-58	196.4	0.636	0.95	1	266			Aristaios	Aristaios	Defense
clust_rep_seq	GCF_023983475.1|NZ_CP092713.1|NZ_CP092713.1_826	NLR_like_bNACHT01__NLR_like_bNACHT01	5646	defense-finder-models/DefenseFinder/NLR/NLR_like_bNACHT01	clust_rep_seq_NLR_like_bNACHT01_319	1	1	1.0	1.0	1	NLR_like_bNACHT01__NLR_like_bNACHT01	mandatory	594	6.6e-116	387.9	0.905	0.892	10	539			NLR	NLR_like_bNACHT01	Defense
clust_rep_seq	GCF_024347475.1|NZ_AP025488.1|NZ_AP025488.1_133	Lugos__Lugos	5672	defense-finder-models/DefenseFinder/Lugos/Lugos	clust_rep_seq_Lugos_307	1	1	1.0	1.0	1	Lugos__Lugos	mandatory	152	1.4e-34	118.4	0.831	0.947	1	144			Lugos	Lugos	Defense
clust_rep_seq	GCF_001244315.1|NZ_CP009982.1|NZ_CP009982.1_1195	Dag__Dag4	5733	defense-finder-models/DefenseFinder/Dag/Dag	clust_rep_seq_Dag_229	1	1	1.0	1.0	1	Dag__Dag1_VP1840	mandatory	177	2.2e-50	170.5	0.832	0.96	8	177			Dag	Dag	Defense
clust_rep_seq	GCF_001262735.2|NZ_CP169261.1|NZ_CP169261.1_1995	Nantosuelta__VCA0322	5773	defense-finder-models/DefenseFinder/Nantosuelta/Nantosuelta	clust_rep_seq_Nantosuelta_321	1	1	1.0	1.0	1	Nantosuelta__VCA0322	mandatory	152	2.9e-56	190.3	0.57	0.974	1	148			Nantosuelta	Nantosuelta	Defense
clust_rep_seq	GCF_001304775.1|NZ_CP009765.1|NZ_CP009765.1_1715	RM_Type_IV__Type_IV_05	5789	defense-finder-models/DefenseFinder/Other_Type_IV/Other_Type_IV	clust_rep_seq_Other_Type_IV_335	1	1	0.333	1.0	1	RM_Type_IV__Type_IV_05	mandatory	206	6e-22	78.4	0.508	0.68	61	200			Other_Type_IV	Other_Type_IV	Defense
clust_rep_seq	GCF_002214395.1|NZ_CP018312.1|NZ_CP018312.1_1097	Shedu__SduA	5802	defense-finder-models/DefenseFinder/Shedu/Shedu	clust_rep_seq_Shedu_449	1	1	1.0	1.0	1	Shedu__SduA	mandatory	380	2.3e-44	152.0	0.745	0.779	77	372			Shedu	Shedu	Defense
clust_rep_seq	GCF_002214395.1|NZ_CP018312.1|NZ_CP018312.1_1114	Aristaios__Aristaios	5805	defense-finder-models/DefenseFinder/Aristaios/Aristaios	clust_rep_seq_Aristaios_84	1	1	1.0	1.0	1	Aristaios__Aristaios	mandatory	230	8.3e-59	199.2	0.604	0.996	2	230			Aristaios	Aristaios	Defense
clust_rep_seq	GCF_003063885.1|NZ_CP028893.1|NZ_CP028893.1_423	CapRel__CapRel	5905	defense-finder-models/DefenseFinder/CapRel/CapRel	clust_rep_seq_CapRel_176	1	1	1.0	1.0	1	CapRel__CapRel	mandatory	360	1.0000000000000001e-39	136.3	0.957	0.908	3	329			CapRel	CapRel	Defense
clust_rep_seq	GCF_003085735.1|NZ_CP020034.1|NZ_CP020034.1_1172	Dag__Dag12	5923	defense-finder-models/DefenseFinder/Dag/Dag	clust_rep_seq_Dag_230	1	1	1.0	1.0	1	Dag__Dag1_VP1840	mandatory	213	1.3e-56	191.3	0.99	0.972	5	211			Dag	Dag	Defense
clust_rep_seq	GCF_003085735.1|NZ_CP020034.1|NZ_CP020034.1_1202	DS-44__DS-44	5933	defense-finder-models/DefenseFinder/DS-44/DS-44	clust_rep_seq_DS-44_216	1	1	1.0	1.0	1	DS-44__DS-44	mandatory	539	3.6000000000000004e-207	689.0	0.991	0.998	1	538			DS-44	DS-44	Defense
clust_rep_seq	GCF_003595585.1|NZ_CP022469.1|NZ_CP022469.1_914	AbiH__AbiH	5976	defense-finder-models/DefenseFinder/AbiH/AbiH	clust_rep_seq_AbiH_24	1	1	1.0	1.0	1	AbiH__AbiH	mandatory	314	1e-58	198.9	0.996	0.889	4	282			AbiH	AbiH	Defense
clust_rep_seq	GCF_009763625.1|NZ_CP046787.1|NZ_CP046787.1_2130	Old_exonuclease__Old_exonuclease	6026	defense-finder-models/DefenseFinder/Old_exonuclease/Old_exonuclease	clust_rep_seq_Old_exonuclease_326	1	1	1.0	1.0	1	Old_exonuclease__Old_exonuclease	mandatory	578	1.2000000000000002e-130	436.1	0.995	0.993	3	576			Old_exonuclease	Old_exonuclease	Defense
clust_rep_seq	GCF_015767675.1|NZ_CP065217.1|NZ_CP065217.1_1645	Belisama__VCA0458	6153	defense-finder-models/DefenseFinder/Belisama/Belisama	clust_rep_seq_Belisama_158	1	1	1.0	1.0	1	Belisama__VCA0458	mandatory	179	1.5e-18	66.4	0.564	0.883	1	158			Belisama	Belisama	Defense
clust_rep_seq	GCF_019670025.1|NZ_AP019849.1|NZ_AP019849.1_1572	PD-T7-5__PD-T7-5	6173	defense-finder-models/DefenseFinder/PD-T7-5/PD-T7-5	clust_rep_seq_PD-T7-5_370	1	1	1.0	1.0	1	PD-T7-5__PD-T7-5	mandatory	371	3.1e-109	364.7	0.908	0.987	3	368			PD-T7-5	PD-T7-5	Defense
clust_rep_seq	GCF_024346715.1|NZ_AP024852.1|NZ_AP024852.1_1545	TagI__TagI	6257	defense-finder-models/DefenseFinder/TagI/TagI	clust_rep_seq_TagI_474	1	1	1.0	1.0	1	TagI__TagI	mandatory	285	4.2e-87	292.3	0.769	0.989	3	284			TagI	TagI	Defense
clust_rep_seq	GCF_024346715.1|NZ_AP024852.1|NZ_AP024852.1_1553	SEFIR__bSEFIR	6263	defense-finder-models/DefenseFinder/SEFIR/SEFIR	clust_rep_seq_SEFIR_425	1	1	1.0	1.0	1	SEFIR__bSEFIR	mandatory	388	8.4e-74	249.2	0.682	0.791	4	310			SEFIR	SEFIR	Defense
clust_rep_seq	GCF_024347315.1|NZ_AP025460.1|NZ_AP025460.1_1819	Reve__Reve	6280	defense-finder-models/DefenseFinder/Reve/Reve	clust_rep_seq_Reve_401	1	1	1.0	1.0	1	Reve__Reve	mandatory	585	9.800000000000001e-32	109.7	0.957	0.959	17	577			Reve	Reve	Defense
clust_rep_seq	GCF_029635775.1|NZ_CP113242.1|NZ_CP113242.1_229	DS-22__DS-22	6304	defense-finder-models/DefenseFinder/DS-22/DS-22	clust_rep_seq_DS-22_202	1	1	1.0	1.0	1	DS-22__DS-22	mandatory	410	3.5e-148	493.5	0.979	0.988	2	406			DS-22	DS-22	Defense
clust_rep_seq	GCF_029990625.1|NZ_CP118438.1|NZ_CP118438.1_328	Aristaios__Aristaios	6335	defense-finder-models/DefenseFinder/Aristaios/Aristaios	clust_rep_seq_Aristaios_85	1	1	1.0	1.0	1	Aristaios__Aristaios	mandatory	259	2.8e-19	69.3	0.636	0.911	17	252			Aristaios	Aristaios	Defense
clust_rep_seq	GCF_030220165.1|NZ_CP126698.1|NZ_CP126698.1_1451	Aristaios__Aristaios	6345	defense-finder-models/DefenseFinder/Aristaios/Aristaios	clust_rep_seq_Aristaios_86	1	1	1.0	1.0	1	Aristaios__Aristaios	mandatory	248	4.6e-27	94.9	0.573	0.907	18	242			Aristaios	Aristaios	Defense
clust_rep_seq	GCF_030220165.1|NZ_CP126698.1|NZ_CP126698.1_1524	VP1823__VP1823	6366	defense-finder-models/DefenseFinder/VP1823/VP1823	clust_rep_seq_VP1823_497	1	1	1.0	1.0	1	VP1823__VP1823	mandatory	366	2.2000000000000003e-168	559.4	1.0	0.973	1	356			VP1823	VP1823	Defense
clust_rep_seq	GCF_042940635.1|NZ_CP134976.1|NZ_CP134976.1_1177	Lugos__Lugos	6411	defense-finder-models/DefenseFinder/Lugos/Lugos	clust_rep_seq_Lugos_308	1	1	1.0	1.0	1	Lugos__Lugos	mandatory	119	5.3e-18	64.4	0.506	0.908	1	108			Lugos	Lugos	Defense
clust_rep_seq	GCF_045004315.1|NZ_CP173387.1|NZ_CP173387.1_2569	Damona__VCA0399	6441	defense-finder-models/DefenseFinder/Damona/Damona	clust_rep_seq_Damona_245	1	1	1.0	1.0	1	Damona__VCA0399	mandatory	239	9e-64	214.9	0.815	0.967	1	231			Damona	Damona	Defense
clust_rep_seq	GCF_045278325.1|NZ_CP128803.1|NZ_CP128803.1_1185	Aristaios__Aristaios	6452	defense-finder-models/DefenseFinder/Aristaios/Aristaios	clust_rep_seq_Aristaios_87	1	1	1.0	1.0	1	Aristaios__Aristaios	mandatory	302	5.1999999999999996e-46	157.1	0.607	0.964	8	298			Aristaios	Aristaios	Defense
clust_rep_seq	GCF_045586155.1|NZ_CP169050.1|NZ_CP169050.1_1710	VcaM4I__VcaM4I	6479	defense-finder-models/DefenseFinder/VcaM4I/VcaM4I	clust_rep_seq_VcaM4I_524	1	1	1.0	1.0	1	VcaM4I__VcaM4I	mandatory	273	8.7e-63	212.5	0.525	0.74	70	271			VcaM4I	VcaM4I	Defense
clust_rep_seq	GCF_045586155.1|NZ_CP169050.1|NZ_CP169050.1_1715	VP1848__VP1848	6482	defense-finder-models/DefenseFinder/VP1848/VP1848	clust_rep_seq_VP1848_515	1	1	1.0	1.0	1	VP1848__VP1848	mandatory	215	8e-69	230.9	0.977	0.977	3	212			VP1848	VP1848	Defense
clust_rep_seq	GCF_052076115.1|NZ_CP197263.1|NZ_CP197263.1_1893	Uzume__UzuA	6517	defense-finder-models/DefenseFinder/Uzume/Uzume	clust_rep_seq_Uzume_485	1	1	1.0	1.0	1	Uzume__UzuA	mandatory	268	1.3e-91	306.4	0.989	0.993	3	268			Uzume	Uzume	Defense
clust_rep_seq	GCF_052076115.1|NZ_CP197263.1|NZ_CP197263.1_1901	Aristaios__Aristaios	6521	defense-finder-models/DefenseFinder/Aristaios/Aristaios	clust_rep_seq_Aristaios_88	1	1	1.0	1.0	1	Aristaios__Aristaios	mandatory	230	7.4e-26	90.9	0.579	0.943	8	224			Aristaios	Aristaios	Defense
clust_rep_seq	GCF_052805255.1|NZ_CM127835.1|NZ_CM127835.1_1389	AbiD__AbiD	6555	defense-finder-models/DefenseFinder/AbiD/AbiD	clust_rep_seq_AbiD_18	1	1	1.0	1.0	1	AbiD__AbiD	mandatory	310	4.5e-78	262.4	0.926	0.955	9	304			AbiD	AbiD	Defense
clust_rep_seq	GCF_053154035.1|NZ_CP113098.1|NZ_CP113098.1_2004	Cernunnos__VCA0410	6584	defense-finder-models/DefenseFinder/Cernunnos/Cernunnos	clust_rep_seq_Cernunnos_180	1	1	1.0	1.0	1	Cernunnos__VCA0410	mandatory	150	8.100000000000001e-44	148.5	0.777	0.947	8	149			Cernunnos	Cernunnos	Defense
clust_rep_seq	GCF_053154035.1|NZ_CP113098.1|NZ_CP113098.1_2055	Paris_II_merge__AAA_21_DUF4435	6589	defense-finder-models/DefenseFinder/Paris/PARIS_II_merge	clust_rep_seq_PARIS_II_merge_347	1	1	1.0	1.0	1	Paris_II_merge__AAA_21_DUF4435	mandatory	532	4.9e-140	467.2	0.928	0.97	16	531			Paris	PARIS_II_merge	Defense
clust_rep_seq	GCF_053154035.1|NZ_CP113098.1|NZ_CP113098.1_2070	Belisama__VCA0458	6594	defense-finder-models/DefenseFinder/Belisama/Belisama	clust_rep_seq_Belisama_159	1	1	1.0	1.0	1	Belisama__VCA0458	mandatory	288	2.1e-69	233.2	0.951	0.955	6	280			Belisama	Belisama	Defense
clust_rep_seq	GCF_057368525.1|NZ_CM170647.1|NZ_CM170647.1_135	AbiAlpha__AbiAlpha	6603	defense-finder-models/DefenseFinder/AbiAlpha/AbiAlpha	clust_rep_seq_AbiAlpha_8	1	1	1.0	1.0	1	AbiAlpha__AbiAlpha	mandatory	257	2.1e-20	73.0	1.0	0.72	67	251			AbiAlpha	AbiAlpha	Defense
clust_rep_seq	GCF_057368555.1|NZ_CM170651.1|NZ_CM170651.1_107	VP1848__VP1848	6626	defense-finder-models/DefenseFinder/VP1848/VP1848	clust_rep_seq_VP1848_516	1	1	1.0	1.0	1	VP1848__VP1848	mandatory	213	2.5000000000000003e-65	219.5	0.995	1.0	1	213			VP1848	VP1848	Defense
clust_rep_seq	GCF_057368585.1|NZ_CM170655.1|NZ_CM170655.1_981	Aristaios__Aristaios	6631	defense-finder-models/DefenseFinder/Aristaios/Aristaios	clust_rep_seq_Aristaios_89	1	1	1.0	1.0	1	Aristaios__Aristaios	mandatory	480	1.2e-31	109.9	0.617	0.981	3	473			Aristaios	Aristaios	Defense
clust_rep_seq	GCF_057368585.1|NZ_CM170655.1|NZ_CM170655.1_991	Thoeris__ThsB_5	6635	defense-finder-models/DefenseFinder/Thoeris/Thoeris_IV	clust_rep_seq_Thoeris_IV_478	1	1	0.667	2.0	1	Thoeris__ThsB_4	mandatory	136	6e-49	165.1	1.0	0.956	1	130			Thoeris	Thoeris_IV	Defense
clust_rep_seq	GCF_057368585.1|NZ_CM170655.1|NZ_CM170655.1_992	Thoeris__ThsA_Caps4	6636	defense-finder-models/DefenseFinder/Thoeris/Thoeris_IV	clust_rep_seq_Thoeris_IV_478	1	1	0.667	2.0	1	Thoeris__ThsA_Caps4	mandatory	267	1.5e-111	372.5	0.808	0.955	1	255			Thoeris	Thoeris_IV	Defense
clust_rep_seq	GCF_057368585.1|NZ_CM170655.1|NZ_CM170655.1_1004	Dag__Dag13	6642	defense-finder-models/DefenseFinder/Dag/Dag	clust_rep_seq_Dag_231	1	1	1.0	1.0	1	Dag__Dag1_VP1840	mandatory	251	5.1e-90	301.8	0.626	0.996	2	251			Dag	Dag	Defense
clust_rep_seq	GCF_057368585.1|NZ_CM170655.1|NZ_CM170655.1_1065	Aristaios__Aristaios	6658	defense-finder-models/DefenseFinder/Aristaios/Aristaios	clust_rep_seq_Aristaios_90	1	1	1.0	1.0	1	Aristaios__Aristaios	mandatory	289	1.7e-45	155.4	0.576	0.948	4	277			Aristaios	Aristaios	Defense
clust_rep_seq	GCF_057439675.1|NZ_CM171982.1|NZ_CM171982.1_1315	Aristaios__Aristaios	6683	defense-finder-models/DefenseFinder/Aristaios/Aristaios	clust_rep_seq_Aristaios_91	1	1	1.0	1.0	1	Aristaios__Aristaios	mandatory	299	9.999999999999999e-51	172.6	0.579	0.953	3	287			Aristaios	Aristaios	Defense
clust_rep_seq	GCF_009763765.1|NZ_CP046794.1|NZ_CP046794.1_155	AbiU__AbiU	6719	defense-finder-models/DefenseFinder/AbiU/AbiU	clust_rep_seq_AbiU_37	1	1	1.0	1.0	1	AbiU__AbiU	mandatory	595	2.2e-48	164.8	0.727	0.709	63	484			AbiU	AbiU	Defense
clust_rep_seq	GCF_009763845.1|NZ_CP046812.1|NZ_CP046812.1_119	dCTPdeaminase__dCTPdeaminase	6723	defense-finder-models/DefenseFinder/dCTPdeaminase/dCTPdeaminase	clust_rep_seq_dCTPdeaminase_530	1	1	1.0	1.0	1	dCTPdeaminase__dCTPdeaminase	mandatory	577	3.3e-125	418.1	0.903	0.983	8	574			dCTPdeaminase	dCTPdeaminase	Defense
clust_rep_seq	GCF_009763845.1|NZ_CP046812.1|NZ_CP046812.1_121	Lugos__Lugos	6724	defense-finder-models/DefenseFinder/Lugos/Lugos	clust_rep_seq_Lugos_309	1	1	1.0	1.0	1	Lugos__Lugos	mandatory	134	5.6e-34	116.4	0.806	0.955	1	128			Lugos	Lugos	Defense
clust_rep_seq	GCF_009764025.1|NZ_CP046847.1|NZ_CP046847.1_377	Aristaios__Aristaios	6770	defense-finder-models/DefenseFinder/Aristaios/Aristaios	clust_rep_seq_Aristaios_92	1	1	1.0	1.0	1	Aristaios__Aristaios	mandatory	210	8.6e-18	64.4	0.583	0.924	5	198			Aristaios	Aristaios	Defense
clust_rep_seq	GCF_025917725.1|NZ_CP097858.1|NZ_CP097858.1_1918	Uzume__UzuA	6803	defense-finder-models/DefenseFinder/Uzume/Uzume	clust_rep_seq_Uzume_486	1	1	1.0	1.0	1	Uzume__UzuA	mandatory	280	1.3e-95	319.5	0.993	0.986	5	280			Uzume	Uzume	Defense
clust_rep_seq	GCF_026970915.1|NZ_CP114194.1|NZ_CP114194.1_1899	Aristaios__Aristaios	6846	defense-finder-models/DefenseFinder/Aristaios/Aristaios	clust_rep_seq_Aristaios_93	1	1	1.0	1.0	1	Aristaios__Aristaios	mandatory	210	1.5e-58	198.3	0.595	0.99	1	208			Aristaios	Aristaios	Defense
clust_rep_seq	GCF_028743655.1|NZ_CP117988.1|NZ_CP117988.1_1349	AbiAlpha__AbiAlpha	6872	defense-finder-models/DefenseFinder/AbiAlpha/AbiAlpha	clust_rep_seq_AbiAlpha_9	1	1	1.0	1.0	1	AbiAlpha__AbiAlpha	mandatory	258	1.4e-19	70.3	0.71	0.57	66	212			AbiAlpha	AbiAlpha	Defense
clust_rep_seq	GCF_028743655.1|NZ_CP117988.1|NZ_CP117988.1_1370	VP1817__VP1817	6876	defense-finder-models/DefenseFinder/VP1817/VP1817	clust_rep_seq_VP1817_492	1	1	1.0	1.0	1	VP1817__VP1817	mandatory	170	3.9e-24	84.8	0.815	0.771	37	167			VP1817	VP1817	Defense
clust_rep_seq	GCF_028885545.1|NZ_CP118531.1|NZ_CP118531.1_2015	Borvo__BovA	6878	defense-finder-models/DefenseFinder/Borvo/Borvo	clust_rep_seq_Borvo_163	1	1	1.0	1.0	1	Borvo__BovA	mandatory	713	8.3e-236	784.3	0.983	0.996	3	712			Borvo	Borvo	Defense
clust_rep_seq	GCF_028885585.1|NZ_CP118532.1|NZ_CP118532.1_1542	PD-T7-5__PD-T7-5	6893	defense-finder-models/DefenseFinder/PD-T7-5/PD-T7-5	clust_rep_seq_PD-T7-5_371	1	1	1.0	1.0	1	PD-T7-5__PD-T7-5	mandatory	339	1.4e-130	434.9	0.916	0.991	1	336			PD-T7-5	PD-T7-5	Defense
clust_rep_seq	GCF_039658545.1|NZ_CP150862.1|NZ_CP150862.1_1654	DS-35__DS-35	6915	defense-finder-models/DefenseFinder/DS-35/DS-35	clust_rep_seq_DS-35_210	1	1	1.0	1.0	1	DS-35__DS-35	mandatory	242	1.7e-61	207.8	0.81	0.901	20	237			DS-35	DS-35	Defense
clust_rep_seq	GCF_040254425.1|NZ_CP158305.1|NZ_CP158305.1_1857	Thoeris__ThsF_DUF2270	6930	defense-finder-models/DefenseFinder/Thoeris/Thoeris_V	clust_rep_seq_Thoeris_V_479	1	1	1.0	2.0	1	Thoeris__ThsF_DUF2270	mandatory	145	6.9e-32	109.8	0.942	0.979	3	144			Thoeris	Thoeris_V	Defense
clust_rep_seq	GCF_040254425.1|NZ_CP158305.1|NZ_CP158305.1_1858	Thoeris__ThsB_6	6931	defense-finder-models/DefenseFinder/Thoeris/Thoeris_V	clust_rep_seq_Thoeris_V_479	1	1	1.0	2.0	1	Thoeris__ThsB_6	mandatory	283	6.2e-61	205.7	0.988	0.954	1	270			Thoeris	Thoeris_V	Defense
clust_rep_seq	GCF_040412085.2|NZ_CP115921.1|NZ_CP115921.1_697	Aristaios__Aristaios	6979	defense-finder-models/DefenseFinder/Aristaios/Aristaios	clust_rep_seq_Aristaios_94	1	1	1.0	1.0	1	Aristaios__Aristaios	mandatory	275	6.399999999999999e-49	166.7	0.595	0.985	2	272			Aristaios	Aristaios	Defense
clust_rep_seq	GCF_040735825.1|NZ_CP147727.1|NZ_CP147727.1_441	PD-T4-7__PD-T4-7	6981	defense-finder-models/DefenseFinder/PD-T4-7/PD-T4-7	clust_rep_seq_PD-T4-7_361	1	1	1.0	1.0	1	PD-T4-7__PD-T4-7	mandatory	308	1.1e-55	188.5	0.833	0.838	24	281			PD-T4-7	PD-T4-7	Defense
clust_rep_seq	GCF_052375575.1|NZ_CM126336.1|NZ_CM126336.1_1476	Shedu__SduA	7002	defense-finder-models/DefenseFinder/Shedu/Shedu	clust_rep_seq_Shedu_450	1	1	1.0	1.0	1	Shedu__SduA	mandatory	267	4.9e-42	144.4	0.581	0.854	9	236			Shedu	Shedu	Defense
clust_rep_seq	GCF_052805275.1|NZ_CM127837.1|NZ_CM127837.1_2049	Damona__VCA0399	7036	defense-finder-models/DefenseFinder/Damona/Damona	clust_rep_seq_Damona_246	1	1	1.0	1.0	1	Damona__VCA0399	mandatory	281	3.3e-97	324.6	0.957	0.957	3	271			Damona	Damona	Defense
clust_rep_seq	GCF_053154035.1|NZ_CP113099.1|NZ_CP113099.1_305	AbiU__AbiU	7078	defense-finder-models/DefenseFinder/AbiU/AbiU	clust_rep_seq_AbiU_38	1	1	1.0	1.0	1	AbiU__AbiU	mandatory	606	6.6e-21	74.1	0.464	0.482	254	545			AbiU	AbiU	Defense
clust_rep_seq	GCF_053220495.1|NZ_CM129940.1|NZ_CM129940.1_638	Aristaios__Aristaios	7086	defense-finder-models/DefenseFinder/Aristaios/Aristaios	clust_rep_seq_Aristaios_95	1	1	1.0	1.0	1	Aristaios__Aristaios	mandatory	262	1.7e-51	175.1	0.607	0.992	2	261			Aristaios	Aristaios	Defense
clust_rep_seq	GCF_053220535.1|NZ_CM129944.1|NZ_CM129944.1_923	CBASS__Cyclase_SMODS	7098	defense-finder-models/DefenseFinder/CBASS/CBASS_I_TM	clust_rep_seq_CBASS_I_TM_170	1	1	1.0	2.0	1	CBASS__Cyclase_SMODS	mandatory	293	8.3e-47	159.0	1.0	0.567	1	166			CBASS	CBASS_I_TM	Defense
clust_rep_seq	GCF_053220535.1|NZ_CM129944.1|NZ_CM129944.1_924	CBASS__2TM_Gros	7099	defense-finder-models/DefenseFinder/CBASS/CBASS_I_TM	clust_rep_seq_CBASS_I_TM_170	1	1	1.0	2.0	1	CBASS__Effector_2TM_S_2TMBeta	mandatory	187	3e-50	171.1	0.768	0.979	4	186			CBASS	CBASS_I_TM	Defense
clust_rep_seq	GCF_059552575.1|NZ_CM183914.1|NZ_CM183914.1_1909	Lit__Lit	7125	defense-finder-models/DefenseFinder/Lit/Lit	clust_rep_seq_Lit_299	1	1	1.0	1.0	1	Lit__Lit	mandatory	305	9.7e-73	244.5	0.968	0.987	2	302			Lit	Lit	Defense
clust_rep_seq	GCF_059772105.1|NZ_CM186273.1|NZ_CM186273.1_1079	Aristaios__Aristaios	7200	defense-finder-models/DefenseFinder/Aristaios/Aristaios	clust_rep_seq_Aristaios_96	1	1	1.0	1.0	1	Aristaios__Aristaios	mandatory	249	4.5e-51	173.8	0.614	0.944	2	236			Aristaios	Aristaios	Defense
clust_rep_seq	GCF_003312585.1|NZ_CP030788.1|NZ_CP030788.1_1741	Resolvase_DUF5677__Resolvase_DUF5677	7228	defense-finder-models/DefenseFinder/Resolvase_DUF5677/Resolvase_DUF5677	clust_rep_seq_Resolvase_DUF5677_390	1	1	1.0	1.0	1	Resolvase_DUF5677__Resolvase_DUF5677	mandatory	312	3.8e-07	29.2	0.704	0.564	32	207			Resolvase_DUF5677	Resolvase_DUF5677	Defense
clust_rep_seq	GCF_003595585.1|NZ_CP022469.1|NZ_CP022469.1_851	Rugutis__Rugutis	7253	defense-finder-models/DefenseFinder/Rugutis/Rugutis	clust_rep_seq_Rugutis_416	1	1	1.0	1.0	1	Rugutis__Rugutis	mandatory	371	1.2999999999999999e-120	402.7	0.886	0.978	6	368			Rugutis	Rugutis	Defense
clust_rep_seq	GCF_003726935.1|NZ_CP033577.1|NZ_CP033577.1_3251	Aristaios__Aristaios	7282	defense-finder-models/DefenseFinder/Aristaios/Aristaios	clust_rep_seq_Aristaios_97	1	1	1.0	1.0	1	Aristaios__Aristaios	mandatory	247	3.3e-56	190.7	0.623	0.988	3	246			Aristaios	Aristaios	Defense
clust_rep_seq	GCF_003726935.1|NZ_CP033578.1|NZ_CP033578.1_1450	Kiwa__KwaA	7286	defense-finder-models/DefenseFinder/Kiwa/Kiwa	clust_rep_seq_Kiwa_295	1	1	1.0	2.0	1	Kiwa__KwaA	mandatory	173	2.1e-23	82.5	0.937	0.977	1	169			Kiwa	Kiwa	Defense
clust_rep_seq	GCF_003726935.1|NZ_CP033578.1|NZ_CP033578.1_1451	Kiwa__KwaB_2	7287	defense-finder-models/DefenseFinder/Kiwa/Kiwa	clust_rep_seq_Kiwa_295	1	1	1.0	2.0	1	Kiwa__KwaB	mandatory	294	2.3000000000000002e-74	249.8	0.993	0.99	4	294			Kiwa	Kiwa	Defense
clust_rep_seq	GCF_003942025.1|NZ_CP034240.1|NZ_CP034240.1_1735	GAPS4__GAPS4b	7291	defense-finder-models/DefenseFinder/GAPS4/GAPS4	clust_rep_seq_GAPS4_284	1	1	1.0	2.0	1	GAPS4__GAPS4b	mandatory	372	2.1000000000000002e-111	371.9	0.973	0.976	5	367			GAPS4	GAPS4	Defense
clust_rep_seq	GCF_003942025.1|NZ_CP034240.1|NZ_CP034240.1_1737	GAPS4__GAPS4a	7293	defense-finder-models/DefenseFinder/GAPS4/GAPS4	clust_rep_seq_GAPS4_284	1	1	1.0	2.0	1	GAPS4__GAPS4a	mandatory	220	3.7e-72	242.7	0.678	0.977	2	216			GAPS4	GAPS4	Defense
clust_rep_seq	GCF_003942025.1|NZ_CP034241.1|NZ_CP034241.1_612	DRT_4__drt4	7298	defense-finder-models/DefenseFinder/DRT/DRT_4	clust_rep_seq_DRT_4_194	1	1	1.0	1.0	1	DRT_4__drt4	mandatory	530	7.9e-203	674.8	0.925	0.974	2	517			DRT	DRT_4	Defense
clust_rep_seq	GCF_000006745.1|NC_002506.1|NC_002506.1_381	Aristaios__Aristaios	7303	defense-finder-models/DefenseFinder/Aristaios/Aristaios	clust_rep_seq_Aristaios_98	1	1	1.0	1.0	1	Aristaios__Aristaios	mandatory	285	1.4e-55	188.6	0.601	0.996	1	284			Aristaios	Aristaios	Defense
clust_rep_seq	GCF_000006745.1|NC_002506.1|NC_002506.1_394	Esos__VCA0450	7306	defense-finder-models/DefenseFinder/Esos/Esos	clust_rep_seq_Esos_267	1	1	1.0	1.0	1	Esos__VCA0450	mandatory	176	2.4e-73	247.1	0.532	0.994	1	175			Esos	Esos	Defense
clust_rep_seq	GCF_000006745.1|NC_002506.1|NC_002506.1_401	Belenos__VCA0457	7310	defense-finder-models/DefenseFinder/Belenos/Belenos	clust_rep_seq_Belenos_154	1	1	1.0	1.0	1	Belenos__VCA0457	mandatory	204	1.8e-94	314.9	1.0	0.995	1	203			Belenos	Belenos	Defense
clust_rep_seq	GCF_000006745.1|NC_002506.1|NC_002506.1_402	Belisama__VCA0458	7311	defense-finder-models/DefenseFinder/Belisama/Belisama	clust_rep_seq_Belisama_160	1	1	1.0	1.0	1	Belisama__VCA0458	mandatory	285	1.0000000000000001e-124	414.7	0.983	0.986	1	281			Belisama	Belisama	Defense
clust_rep_seq	GCF_000009745.1|NC_005139.1|NC_005139.1_1632	Pycsar__AG_cyclase	7340	defense-finder-models/DefenseFinder/Pycsar/Pycsar_TM	clust_rep_seq_Pycsar_TM_381	1	1	1.0	2.0	1	Pycsar__AG_cyclase	mandatory	453	2e-80	269.8	0.98	0.989	2	449			Pycsar	Pycsar_TM	Defense
clust_rep_seq	GCF_000009745.1|NC_005139.1|NC_005139.1_1633	CBASS__2TM_5	7341	defense-finder-models/DefenseFinder/Pycsar/Pycsar_TM	clust_rep_seq_Pycsar_TM_381	1	1	1.0	2.0	1	CBASS__Effector_2TM_S_2TMBeta	mandatory	196	3.7e-36	123.8	0.988	0.857	1	168			Pycsar	Pycsar_TM	Defense
clust_rep_seq	GCF_001433415.1|NZ_CP009847.1|NZ_CP009847.1_1800	VcaM4I__VcaM4I	7407	defense-finder-models/DefenseFinder/VcaM4I/VcaM4I	clust_rep_seq_VcaM4I_525	1	1	1.0	1.0	1	VcaM4I__VcaM4I	mandatory	273	4.2e-64	216.8	0.519	0.736	72	272			VcaM4I	VcaM4I	Defense
clust_rep_seq	GCF_001433435.1|NZ_CP009984.1|NZ_CP009984.1_1206	Aristaios__Aristaios	7428	defense-finder-models/DefenseFinder/Aristaios/Aristaios	clust_rep_seq_Aristaios_99	1	1	1.0	1.0	1	Aristaios__Aristaios	mandatory	279	1.2999999999999999e-46	159.1	0.598	0.986	4	278			Aristaios	Aristaios	Defense
clust_rep_seq	GCF_001469735.1|NZ_CP013484.1|NZ_CP013484.1_884	RnlAB__RnlB	7439	defense-finder-models/DefenseFinder/RnlAB/RnlAB	clust_rep_seq_RnlAB_402	1	1	1.0	2.0	1	RnlAB__RnlB	mandatory	112	1.4000000000000002e-22	79.4	0.966	0.991	1	111			RnlAB	RnlAB	Defense
clust_rep_seq	GCF_001469735.1|NZ_CP013484.1|NZ_CP013484.1_885	RnlAB__RnlA	7440	defense-finder-models/DefenseFinder/RnlAB/RnlAB	clust_rep_seq_RnlAB_402	1	1	1.0	2.0	1	RnlAB__RnlA	mandatory	374	8.9e-82	274.4	0.989	0.989	2	371			RnlAB	RnlAB	Defense
clust_rep_seq	GCF_001558495.2|NZ_CP014046.2|NZ_CP014046.2_1958	SEFIR__bSEFIR	7495	defense-finder-models/DefenseFinder/SEFIR/SEFIR	clust_rep_seq_SEFIR_426	1	1	1.0	1.0	1	SEFIR__bSEFIR	mandatory	362	2e-58	198.6	0.835	0.961	1	348			SEFIR	SEFIR	Defense
clust_rep_seq	GCF_003612715.1|NZ_CP023485.1|NZ_CP023485.1_1690	PD-T4-1__PD-T4-1	7585	defense-finder-models/DefenseFinder/PD-T4-1/PD-T4-1	clust_rep_seq_PD-T4-1_353	1	1	1.0	1.0	1	PD-T4-1__PD-T4-1	mandatory	407	5.099999999999999e-109	364.1	0.984	0.99	4	406			PD-T4-1	PD-T4-1	Defense
clust_rep_seq	GCF_009763225.1|NZ_CP046798.1|NZ_CP046798.1_1165	Aristaios__Aristaios	7608	defense-finder-models/DefenseFinder/Aristaios/Aristaios	clust_rep_seq_Aristaios_100	1	1	1.0	1.0	1	Aristaios__Aristaios	mandatory	257	7.399999999999999e-43	146.8	0.526	0.895	3	232			Aristaios	Aristaios	Defense
clust_rep_seq	GCF_009763345.1|NZ_CP046796.1|NZ_CP046796.1_1365	Aristaios__Aristaios	7615	defense-finder-models/DefenseFinder/Aristaios/Aristaios	clust_rep_seq_Aristaios_101	1	1	1.0	1.0	1	Aristaios__Aristaios	mandatory	232	2.2999999999999998e-55	187.9	0.604	0.991	2	231			Aristaios	Aristaios	Defense
clust_rep_seq	GCF_021431945.1|NZ_CP090386.1|NZ_CP090386.1_853	Septu__PtuB_2	7727	defense-finder-models/DefenseFinder/Septu/Septu	clust_rep_seq_Septu_440	1	1	1.0	2.0	1	Septu__PtuB	mandatory	279	2.3e-26	92.7	0.727	0.76	55	266			Septu	Septu	Defense
clust_rep_seq	GCF_021431945.1|NZ_CP090386.1|NZ_CP090386.1_854	Septu__PtuA_2	7728	defense-finder-models/DefenseFinder/Septu/Septu	clust_rep_seq_Septu_440	1	1	1.0	2.0	1	Septu__PtuA	mandatory	498	1.2e-149	498.9	0.954	0.994	2	496			Septu	Septu	Defense
clust_rep_seq	GCF_021729965.1|NZ_CP068622.1|NZ_CP068622.1_1706	AbiAlpha__AbiAlpha	7739	defense-finder-models/DefenseFinder/AbiAlpha/AbiAlpha	clust_rep_seq_AbiAlpha_10	1	1	1.0	1.0	1	AbiAlpha__AbiAlpha	mandatory	259	1.7999999999999998e-35	122.2	0.984	0.699	73	253			AbiAlpha	AbiAlpha	Defense
clust_rep_seq	GCF_021729965.1|NZ_CP068622.1|NZ_CP068622.1_1712	Shedu__SduA	7740	defense-finder-models/DefenseFinder/Shedu/Shedu	clust_rep_seq_Shedu_451	1	1	1.0	1.0	1	Shedu__SduA	mandatory	209	1.2e-19	70.7	0.5	0.9	15	202			Shedu	Shedu	Defense
clust_rep_seq	GCF_022343185.1|NZ_CP082317.1|NZ_CP082317.1_1212	gcu24__gcu24	7782	defense-finder-models/DefenseFinder/gcu24/gcu24	clust_rep_seq_gcu24_537	1	1	1.0	1.0	1	gcu24__gcu24	mandatory	351	4.4e-88	295.8	0.857	0.963	1	338			gcu24	gcu24	Defense
clust_rep_seq	GCF_027924845.1|NZ_AP027053.1|NZ_AP027053.1_678	Aristaios__Aristaios	7828	defense-finder-models/DefenseFinder/Aristaios/Aristaios	clust_rep_seq_Aristaios_102	1	1	1.0	1.0	1	Aristaios__Aristaios	mandatory	311	2.2e-50	171.5	0.607	0.987	3	309			Aristaios	Aristaios	Defense
clust_rep_seq	GCF_028551315.1|NZ_CP117054.1|NZ_CP117054.1_745	Dag__Dag7	7850	defense-finder-models/DefenseFinder/Dag/Dag	clust_rep_seq_Dag_232	1	1	1.0	1.0	1	Dag__Dag1_VP1840	mandatory	256	7.2e-101	337.8	0.731	0.988	2	254			Dag	Dag	Defense
clust_rep_seq	GCF_028609665.1|NZ_CP047985.1|NZ_CP047985.1_1414	RM_Type_IV__Type_IV_03	7857	defense-finder-models/DefenseFinder/Other_Type_IV/Other_Type_IV	clust_rep_seq_Other_Type_IV_336	1	1	0.333	1.0	1	RM_Type_IV__Type_IV_03	mandatory	199	8.6e-19	68.1	0.615	0.849	16	184			Other_Type_IV	Other_Type_IV	Defense
clust_rep_seq	GCF_028898645.1|NZ_CP118582.1|NZ_CP118582.1_2337	Aristaios__Aristaios	7863	defense-finder-models/DefenseFinder/Aristaios/Aristaios	clust_rep_seq_Aristaios_103	1	1	1.0	1.0	1	Aristaios__Aristaios	mandatory	202	2.6000000000000002e-37	128.5	0.445	0.886	4	182			Aristaios	Aristaios	Defense
clust_rep_seq	GCF_033441455.1|NZ_CP133900.1|NZ_CP133900.1_1877	Aristaios__Aristaios	7902	defense-finder-models/DefenseFinder/Aristaios/Aristaios	clust_rep_seq_Aristaios_104	1	1	1.0	1.0	1	Aristaios__Aristaios	mandatory	299	7.4e-39	133.6	0.576	0.926	10	286			Aristaios	Aristaios	Defense
clust_rep_seq	GCF_033573735.1|NZ_CP119301.1|NZ_CP119301.1_1769	DS-24__DS-24	7922	defense-finder-models/DefenseFinder/DS-24/DS-24	clust_rep_seq_DS-24_203	1	1	1.0	1.0	1	DS-24__DS-24	mandatory	307	1.3000000000000001e-71	241.1	0.695	0.609	120	306			DS-24	DS-24	Defense
clust_rep_seq	GCF_034480135.1|NZ_CP129938.1|NZ_CP129938.1_1912	Aristaios__Aristaios	7937	defense-finder-models/DefenseFinder/Aristaios/Aristaios	clust_rep_seq_Aristaios_105	1	1	1.0	1.0	1	Aristaios__Aristaios	mandatory	291	1.1000000000000001e-30	106.8	0.555	0.959	3	281			Aristaios	Aristaios	Defense
clust_rep_seq	GCF_051352415.1|NZ_CP195598.1|NZ_CP195598.1_1164	Aristaios__Aristaios	8017	defense-finder-models/DefenseFinder/Aristaios/Aristaios	clust_rep_seq_Aristaios_106	1	1	1.0	1.0	1	Aristaios__Aristaios	mandatory	198	1.3e-45	155.8	0.586	0.944	1	187			Aristaios	Aristaios	Defense
clust_rep_seq	GCF_052076135.1|NZ_CP197268.1|NZ_CP197268.1_522	Aristaios__Aristaios	8037	defense-finder-models/DefenseFinder/Aristaios/Aristaios	clust_rep_seq_Aristaios_107	1	1	1.0	1.0	1	Aristaios__Aristaios	mandatory	308	8.9e-39	133.4	0.654	0.916	22	303			Aristaios	Aristaios	Defense
clust_rep_seq	GCF_052076135.1|NZ_CP197268.1|NZ_CP197268.1_533	PD-T2-1__PD-T2-1A	8041	defense-finder-models/DefenseFinder/PD-T2-1/PD-T2-1	clust_rep_seq_PD-T2-1_350	1	1	1.0	2.0	1	PD-T2-1__PD-T2-1A	mandatory	62	5.3e-18	65.2	0.733	0.968	1	60			PD-T2-1	PD-T2-1	Defense
clust_rep_seq	GCF_052076135.1|NZ_CP197268.1|NZ_CP197268.1_534	PD-T2-1__PD-T2-1B	8042	defense-finder-models/DefenseFinder/PD-T2-1/PD-T2-1	clust_rep_seq_PD-T2-1_350	1	1	1.0	2.0	1	PD-T2-1__PD-T2-1B	mandatory	279	7.1e-78	261.4	1.0	1.0	1	279			PD-T2-1	PD-T2-1	Defense
clust_rep_seq	GCF_052375575.1|NZ_CM126336.1|NZ_CM126336.1_1549	Kamadhenu__Kamadhenu	8066	defense-finder-models/DefenseFinder/Kamadhenu/Kamadhenu	clust_rep_seq_Kamadhenu_291	1	1	1.0	1.0	1	Kamadhenu__Kamadhenu	mandatory	168	3.699999999999999e-43	147.4	0.912	0.994	1	167			Kamadhenu	Kamadhenu	Defense
clust_rep_seq	GCF_052772185.1|NZ_CM127801.1|NZ_CM127801.1_1203	Nemetona__VCA0441	8081	defense-finder-models/DefenseFinder/Nemetona/Nemetona	clust_rep_seq_Nemetona_323	1	1	1.0	1.0	1	Nemetona__VCA0441	mandatory	337	5.1e-08	32.0	0.681	0.599	31	232			Nemetona	Nemetona	Defense
clust_rep_seq	GCF_057368635.1|NZ_CM170659.1|NZ_CM170659.1_1007	DS-20__DS-20	8101	defense-finder-models/DefenseFinder/DS-20/DS-20	clust_rep_seq_DS-20_200	1	1	1.0	1.0	1	DS-20__DS-20	mandatory	470	3.7e-159	530.2	0.974	1.0	1	470			DS-20	DS-20	Defense
clust_rep_seq	GCF_057368635.1|NZ_CM170659.1|NZ_CM170659.1_1029	Esos__VCA0450	8108	defense-finder-models/DefenseFinder/Esos/Esos	clust_rep_seq_Esos_268	1	1	1.0	1.0	1	Esos__VCA0450	mandatory	165	1.3e-19	70.5	0.426	0.909	8	157			Esos	Esos	Defense
clust_rep_seq	GCF_057730755.1|NZ_CM173193.1|NZ_CM173193.1_897	PD-T4-8__PD-T4-8	8172	defense-finder-models/DefenseFinder/PD-T4-8/PD-T4-8	clust_rep_seq_PD-T4-8_365	1	1	1.0	1.0	1	PD-T4-8__PD-T4-8	mandatory	398	2.8e-142	473.9	0.988	0.977	2	390			PD-T4-8	PD-T4-8	Defense
clust_rep_seq	GCF_057814595.1|NZ_CM174090.1|NZ_CM174090.1_2120	GAPS4__GAPS4b	8183	defense-finder-models/DefenseFinder/GAPS4/GAPS4	clust_rep_seq_GAPS4_285	1	1	1.0	2.0	1	GAPS4__GAPS4b	mandatory	369	2e-127	424.6	0.987	0.997	1	368			GAPS4	GAPS4	Defense
clust_rep_seq	GCF_057814595.1|NZ_CM174090.1|NZ_CM174090.1_2121	GAPS4__GAPS4a	8184	defense-finder-models/DefenseFinder/GAPS4/GAPS4	clust_rep_seq_GAPS4_285	1	1	1.0	2.0	1	GAPS4__GAPS4a	mandatory	316	4.7e-114	380.4	0.997	0.994	1	314			GAPS4	GAPS4	Defense
clust_rep_seq	GCF_000354175.2|NC_022349.1|NC_022349.1_851	RM_Type_IV__Type_IV_05	8205	defense-finder-models/DefenseFinder/Other_Type_IV/Other_Type_IV	clust_rep_seq_Other_Type_IV_337	1	1	0.333	1.0	1	RM_Type_IV__Type_IV_05	mandatory	188	1.3e-20	73.9	0.449	0.723	53	188			Other_Type_IV	Other_Type_IV	Defense
clust_rep_seq	GCF_000354175.2|NC_022349.1|NC_022349.1_872	Aristaios__Aristaios	8208	defense-finder-models/DefenseFinder/Aristaios/Aristaios	clust_rep_seq_Aristaios_108	1	1	1.0	1.0	1	Aristaios__Aristaios	mandatory	230	8.7e-44	149.8	0.586	0.817	4	191			Aristaios	Aristaios	Defense
clust_rep_seq	GCF_000430425.1|NC_021848.1|NC_021848.1_900	gcu233__gcu233	8224	defense-finder-models/DefenseFinder/gcu233/gcu233	clust_rep_seq_gcu233_534	1	1	1.0	1.0	1	gcu233__gcu233	mandatory	166	2.8e-58	196.1	0.965	0.976	1	162			gcu233	gcu233	Defense
clust_rep_seq	GCF_000969265.1|NZ_CP010812.1|NZ_CP010812.1_746	Sirona__VCA0356	8242	defense-finder-models/DefenseFinder/Sirona/Sirona	clust_rep_seq_Sirona_467	1	1	1.0	1.0	1	Sirona__VCA0356	mandatory	255	1.4e-86	289.8	0.924	0.992	1	253			Sirona	Sirona	Defense
clust_rep_seq	GCF_001188185.2|NZ_CP026041.1|NZ_CP026041.1_1628	VP1839__VP1839	8246	defense-finder-models/DefenseFinder/VP1839/VP1839	clust_rep_seq_VP1839_505	1	1	1.0	1.0	1	VP1839__VP1839	mandatory	185	3e-13	49.2	0.833	0.795	24	170			VP1839	VP1839	Defense
clust_rep_seq	GCF_001188185.2|NZ_CP026041.1|NZ_CP026041.1_1663	Shedu__SduA	8264	defense-finder-models/DefenseFinder/Shedu/Shedu	clust_rep_seq_Shedu_452	1	1	1.0	1.0	1	Shedu__SduA	mandatory	268	2e-52	178.6	0.688	0.959	8	264			Shedu	Shedu	Defense
clust_rep_seq	GCF_001188185.2|NZ_CP026041.1|NZ_CP026041.1_1693	Aristaios__Aristaios	8276	defense-finder-models/DefenseFinder/Aristaios/Aristaios	clust_rep_seq_Aristaios_109	1	1	1.0	1.0	1	Aristaios__Aristaios	mandatory	285	9e-28	97.2	0.558	0.905	14	271			Aristaios	Aristaios	Defense
clust_rep_seq	GCF_000021605.1|NC_012580.1|NC_012580.1_291	UG14__UG14	8320	defense-finder-models/DefenseFinder/DRT-like_UG/UG14	clust_rep_seq_UG14_484	1	1	1.0	1.0	1	UG14__UG14	mandatory	521	2.1e-202	672.9	0.992	0.987	6	519			DRT-like_UG	UG14	Defense
clust_rep_seq	GCF_000024825.1|NC_013456.1|NC_013456.1_1552	Aristaios__Aristaios	8339	defense-finder-models/DefenseFinder/Aristaios/Aristaios	clust_rep_seq_Aristaios_110	1	1	1.0	1.0	1	Aristaios__Aristaios	mandatory	243	7.6e-17	61.3	0.558	0.914	3	224			Aristaios	Aristaios	Defense
clust_rep_seq	GCF_000091465.1|NC_011744.2|NC_011744.2_792	Paris_II_merge__AAA_21_DUF4435	8366	defense-finder-models/DefenseFinder/Paris/PARIS_II_merge	clust_rep_seq_PARIS_II_merge_348	1	1	1.0	1.0	1	Paris_II_merge__AAA_21_DUF4435	mandatory	533	2.4999999999999998e-135	451.7	0.884	0.923	13	504			Paris	PARIS_II_merge	Defense
clust_rep_seq	GCF_000186585.1|NC_014965.1|NC_014965.1_1350	VP1817__VP1817	8387	defense-finder-models/DefenseFinder/VP1817/VP1817	clust_rep_seq_VP1817_493	1	1	1.0	1.0	1	VP1817__VP1817	mandatory	154	3.2e-36	124.1	0.967	0.981	1	151			VP1817	VP1817	Defense
clust_rep_seq	GCF_001433415.1|NZ_CP009847.1|NZ_CP009847.1_1772	Aristaios__Aristaios	8414	defense-finder-models/DefenseFinder/Aristaios/Aristaios	clust_rep_seq_Aristaios_111	1	1	1.0	1.0	1	Aristaios__Aristaios	mandatory	271	1.1e-15	57.4	0.545	0.937	1	254			Aristaios	Aristaios	Defense
clust_rep_seq	GCF_001433435.1|NZ_CP009984.1|NZ_CP009984.1_1258	Retron_XII__RT_12	8427	defense-finder-models/DefenseFinder/Retron/Retron_XII	clust_rep_seq_Retron_XII_400	1	1	1.0	1.0	1	Retron_XII__RT_12	mandatory	531	1.2e-191	637.5	0.826	0.902	33	511			Retron	Retron_XII	Defense
clust_rep_seq	GCF_001469735.1|NZ_CP013486.1|NZ_CP013486.1_109	VP1817__VP1817	8441	defense-finder-models/DefenseFinder/VP1817/VP1817	clust_rep_seq_VP1817_494	1	1	1.0	1.0	1	VP1817__VP1817	mandatory	144	8.999999999999999e-36	122.6	0.98	0.958	1	138			VP1817	VP1817	Defense
clust_rep_seq	GCF_001558435.2|NZ_CP014038.2|NZ_CP014038.2_494	Lugos__Lugos	8466	defense-finder-models/DefenseFinder/Lugos/Lugos	clust_rep_seq_Lugos_310	1	1	1.0	1.0	1	Lugos__Lugos	mandatory	140	5.2e-26	90.5	0.794	0.957	2	135			Lugos	Lugos	Defense
clust_rep_seq	GCF_001558475.2|NZ_CP014042.2|NZ_CP014042.2_1079	DS-33__DS-33	8468	defense-finder-models/DefenseFinder/DS-33/DS-33	clust_rep_seq_DS-33_208	1	1	1.0	1.0	1	DS-33__DS-33	mandatory	296	2.3e-106	355.0	0.916	0.946	10	289			DS-33	DS-33	Defense
clust_rep_seq	GCF_001558475.2|NZ_CP014042.2|NZ_CP014042.2_1096	Aristaios__Aristaios	8472	defense-finder-models/DefenseFinder/Aristaios/Aristaios	clust_rep_seq_Aristaios_112	1	1	1.0	1.0	1	Aristaios__Aristaios	mandatory	277	3.1e-33	115.2	0.57	0.982	2	273			Aristaios	Aristaios	Defense
clust_rep_seq	GCF_001558475.2|NZ_CP014042.2|NZ_CP014042.2_1122	Rugutis__Rugutis	8478	defense-finder-models/DefenseFinder/Rugutis/Rugutis	clust_rep_seq_Rugutis_417	1	1	1.0	1.0	1	Rugutis__Rugutis	mandatory	370	9.3e-115	383.4	0.853	0.935	5	350			Rugutis	Rugutis	Defense
clust_rep_seq	GCF_001558495.2|NZ_CP014046.2|NZ_CP014046.2_1898	PD-T7-4__PD-T7-4	8492	defense-finder-models/DefenseFinder/RAZR/RAZR	clust_rep_seq_RAZR_384	1	1	1.0	1.0	1	PD-T7-4__PD-T7-4	mandatory	248	2.1e-74	249.1	0.967	0.984	3	246			RAZR	RAZR	Defense
clust_rep_seq	GCF_002863725.1|NZ_CP019121.1|NZ_CP019121.1_1546	Esos__VCA0450	8539	defense-finder-models/DefenseFinder/Esos/Esos	clust_rep_seq_Esos_269	1	1	1.0	1.0	1	Esos__VCA0450	mandatory	167	9.400000000000001e-28	97.3	0.465	0.928	1	155			Esos	Esos	Defense
clust_rep_seq	GCF_002874845.2|NZ_CP170009.1|NZ_CP170009.1_431	Paris_I__AriB_DUF4435_I	8571	defense-finder-models/DefenseFinder/Paris/PARIS_I	clust_rep_seq_PARIS_I_344	1	1	1.0	2.0	1	Paris_I__AriB_DUF4435_I	mandatory	296	4.8e-38	131.2	0.88	0.953	3	284			Paris	PARIS_I	Defense
clust_rep_seq	GCF_002874845.2|NZ_CP170009.1|NZ_CP170009.1_432	Paris_I__AriA_AAA15	8572	defense-finder-models/DefenseFinder/Paris/PARIS_I	clust_rep_seq_PARIS_I_344	1	1	1.0	2.0	1	Paris_I__AriA_AAA15	mandatory	448	1.3e-77	261.6	0.917	0.989	2	444			Paris	PARIS_I	Defense
clust_rep_seq	GCF_002887655.1|NZ_CP025796.1|NZ_CP025796.1_122	Shedu__SduA	8596	defense-finder-models/DefenseFinder/Shedu/Shedu	clust_rep_seq_Shedu_453	1	1	1.0	1.0	1	Shedu__SduA	mandatory	346	2.8e-40	138.6	0.753	0.905	31	343			Shedu	Shedu	Defense
clust_rep_seq	GCF_002887655.1|NZ_CP025796.1|NZ_CP025796.1_135	Aristaios__Aristaios	8600	defense-finder-models/DefenseFinder/Aristaios/Aristaios	clust_rep_seq_Aristaios_113	1	1	1.0	1.0	1	Aristaios__Aristaios	mandatory	236	1.4e-20	73.5	0.598	0.915	13	228			Aristaios	Aristaios	Defense
clust_rep_seq	GCF_009665415.1|NZ_CP035921.1|NZ_CP035921.1_278	DUF262_Shlafen_pSlfn7__pSlfn7	8610	defense-finder-models/DefenseFinder/DUF262_Shlafen/DUF262_Shlafen_pSlfn7	clust_rep_seq_DUF262_Shlafen_pSlfn7_219	1	1	1.0	1.0	1	DUF262_Shlafen_pSlfn7__pSlfn7	mandatory	597	2.4999999999999997e-192	640.2	0.997	0.982	2	587			DUF262_Shlafen	DUF262_Shlafen_pSlfn7	Defense
clust_rep_seq	GCF_009665415.1|NZ_CP035921.1|NZ_CP035921.1_329	Aristaios__Aristaios	8622	defense-finder-models/DefenseFinder/Aristaios/Aristaios	clust_rep_seq_Aristaios_114	1	1	1.0	1.0	1	Aristaios__Aristaios	mandatory	271	3.6e-19	68.9	0.536	0.875	3	239			Aristaios	Aristaios	Defense
clust_rep_seq	GCF_009665475.1|NZ_CP035731.1|NZ_CP035731.1_282	Dag__Dag8	8624	defense-finder-models/DefenseFinder/Dag/Dag	clust_rep_seq_Dag_233	1	1	1.0	1.0	1	Dag__Dag1_VP1840	mandatory	148	3e-58	196.6	0.736	0.973	1	144			Dag	Dag	Defense
clust_rep_seq	GCF_009665475.1|NZ_CP035731.1|NZ_CP035731.1_319	PhiR47.1_PanTA__PanA	8633	defense-finder-models/DefenseFinder/PhiR47.1_PanTA/PhiR47.1_PanTA	clust_rep_seq_PhiR47.1_PanTA_376	1	1	1.0	2.0	1	PhiR47.1_PanTA__PanA	mandatory	161	1.6999999999999998e-53	180.4	0.735	0.963	1	155			PhiR47.1_PanTA	PhiR47.1_PanTA	Defense
clust_rep_seq	GCF_009665475.1|NZ_CP035731.1|NZ_CP035731.1_320	PhiR47.1_PanTA__PanT	8634	defense-finder-models/DefenseFinder/PhiR47.1_PanTA/PhiR47.1_PanTA	clust_rep_seq_PhiR47.1_PanTA_376	1	1	1.0	2.0	1	PhiR47.1_PanTA__PanT	mandatory	118	6.6e-20	70.5	0.726	0.771	28	118			PhiR47.1_PanTA	PhiR47.1_PanTA	Defense
clust_rep_seq	GCF_009762965.1|NZ_CP046741.1|NZ_CP046741.1_527	Shedu__SduA	8680	defense-finder-models/DefenseFinder/Shedu/Shedu	clust_rep_seq_Shedu_454	1	1	1.0	1.0	1	Shedu__SduA	mandatory	318	1.9e-52	178.6	0.747	0.881	35	314			Shedu	Shedu	Defense
clust_rep_seq	GCF_009763085.1|NZ_CP046772.1|NZ_CP046772.1_1925	AbiJ__AbiJ	8694	defense-finder-models/DefenseFinder/AbiJ/AbiJ	clust_rep_seq_AbiJ_30	1	1	1.0	1.0	1	AbiJ__AbiJ	mandatory	277	5.2e-09	35.4	0.57	0.621	103	274			AbiJ	AbiJ	Defense
clust_rep_seq	GCF_009763085.1|NZ_CP046772.1|NZ_CP046772.1_1929	PD-T4-10__PD-T4-10_B	8695	defense-finder-models/DefenseFinder/PD-T4-10/PD-T4-10	clust_rep_seq_PD-T4-10_355	1	1	1.0	2.0	1	PD-T4-10__PD-T4-10_B	mandatory	333	2.1e-112	375.4	0.994	0.994	1	331			PD-T4-10	PD-T4-10	Defense
clust_rep_seq	GCF_009763085.1|NZ_CP046772.1|NZ_CP046772.1_1930	PD-T4-10__PD-T4-10_A	8696	defense-finder-models/DefenseFinder/PD-T4-10/PD-T4-10	clust_rep_seq_PD-T4-10_355	1	1	1.0	2.0	1	PD-T4-10__PD-T4-10_A	mandatory	140	1.5e-54	183.3	0.958	0.971	1	136			PD-T4-10	PD-T4-10	Defense
clust_rep_seq	GCF_013357765.1|NZ_CP053809.1|NZ_CP053809.1_380	DRT6__DRT6	8704	defense-finder-models/DefenseFinder/DRT/DRT6	clust_rep_seq_DRT6_186	1	1	1.0	1.0	1	DRT6__DRT6	mandatory	537	2.3e-184	613.7	0.887	0.935	18	519			DRT	DRT6	Defense
clust_rep_seq	GCF_013357765.1|NZ_CP053809.1|NZ_CP053809.1_618	CBASS__Cyclase_II	8706	defense-finder-models/DefenseFinder/CBASS/CBASS_I_TM	clust_rep_seq_CBASS_I_TM_171	1	1	1.0	2.0	1	CBASS__Cyclase_SMODS	mandatory	444	2.2e-41	141.6	0.882	0.633	10	290			CBASS	CBASS_I_TM	Defense
clust_rep_seq	GCF_013357765.1|NZ_CP053809.1|NZ_CP053809.1_619	CBASS__Effector_2TM_S_2TMBeta	8707	defense-finder-models/DefenseFinder/CBASS/CBASS_I_TM	clust_rep_seq_CBASS_I_TM_171	1	1	1.0	2.0	1	CBASS__Effector_2TM_S_2TMBeta	mandatory	192	4.2e-15	55.4	0.961	0.906	16	189			CBASS	CBASS_I_TM	Defense
clust_rep_seq	GCF_013357785.1|NZ_CP053811.1|NZ_CP053811.1_340	Resolvase_DUF5677__Resolvase_DUF5677	8717	defense-finder-models/DefenseFinder/Resolvase_DUF5677/Resolvase_DUF5677	clust_rep_seq_Resolvase_DUF5677_391	1	1	1.0	1.0	1	Resolvase_DUF5677__Resolvase_DUF5677	mandatory	291	1.2e-05	24.2	0.482	0.491	34	176			Resolvase_DUF5677	Resolvase_DUF5677	Defense
clust_rep_seq	GCF_013357805.1|NZ_CP053814.1|NZ_CP053814.1_468	Belisama__VCA0458	8734	defense-finder-models/DefenseFinder/Belisama/Belisama	clust_rep_seq_Belisama_161	1	1	1.0	1.0	1	Belisama__VCA0458	mandatory	273	7.6e-60	201.9	0.777	0.839	2	230			Belisama	Belisama	Defense
clust_rep_seq	GCF_013393885.1|NZ_CP040103.1|NZ_CP040103.1_1916	Aristaios__Aristaios	8790	defense-finder-models/DefenseFinder/Aristaios/Aristaios	clust_rep_seq_Aristaios_115	1	1	1.0	1.0	1	Aristaios__Aristaios	mandatory	247	1.7e-51	175.2	0.579	0.939	4	235			Aristaios	Aristaios	Defense
clust_rep_seq	GCF_024347495.1|NZ_AP025491.1|NZ_AP025491.1_1009	PD-Lambda-1__PD-Lambda-1	8844	defense-finder-models/DefenseFinder/SNIPE/SNIPE	clust_rep_seq_SNIPE_430	1	1	1.0	1.0	1	PD-Lambda-1__PD-Lambda-1	mandatory	487	7.2e-177	588.5	0.992	0.984	9	487			SNIPE	SNIPE	Defense
clust_rep_seq	GCF_024347535.1|NZ_AP025497.1|NZ_AP025497.1_1330	Belisama__VCA0458	8859	defense-finder-models/DefenseFinder/Belisama/Belisama	clust_rep_seq_Belisama_162	1	1	1.0	1.0	1	Belisama__VCA0458	mandatory	300	2.9e-24	85.1	0.794	0.783	61	295			Belisama	Belisama	Defense
clust_rep_seq	GCF_024347655.1|NZ_AP025514.1|NZ_AP025514.1_1325	Resolvase_Schlafen__Resolvase_Schlafen	8883	defense-finder-models/DefenseFinder/Resolvase_Schlafen/Resolvase_Schlafen	clust_rep_seq_Resolvase_Schlafen_392	1	1	1.0	1.0	1	Resolvase_Schlafen__Resolvase_Schlafen	mandatory	380	8.9e-110	367.0	0.971	0.997	1	379			Resolvase_Schlafen	Resolvase_Schlafen	Defense
clust_rep_seq	GCF_030994145.1|NZ_CP099919.1|NZ_CP099919.1_1209	PD-T7-3__PD-T7-3	8931	defense-finder-models/DefenseFinder/DARNA/DARNA	clust_rep_seq_DARNA_185	1	1	1.0	1.0	1	PD-T7-3__PD-T7-3	mandatory	433	5.999999999999999e-44	150.4	0.91	0.873	8	385			DARNA	DARNA	Defense
clust_rep_seq	GCF_031883075.1|NZ_CP134783.1|NZ_CP134783.1_1528	Nemetona__VCA0441	8953	defense-finder-models/DefenseFinder/Nemetona/Nemetona	clust_rep_seq_Nemetona_324	1	1	1.0	1.0	1	Nemetona__VCA0441	mandatory	297	9.500000000000001e-144	477.6	0.993	1.0	1	297			Nemetona	Nemetona	Defense
clust_rep_seq	GCF_031883075.1|NZ_CP134783.1|NZ_CP134783.1_1551	Dag__Dag15	8956	defense-finder-models/DefenseFinder/Dag/Dag	clust_rep_seq_Dag_234	1	1	1.0	1.0	1	Dag__Dag1_VP1840	mandatory	217	4.5e-81	271.3	0.973	0.982	5	217			Dag	Dag	Defense
clust_rep_seq	GCF_051046905.1|NZ_CP095332.1|NZ_CP095332.1_788	PhiR5.1_HipAD__HipD2	9032	defense-finder-models/DefenseFinder/PhiR5.1_HipAD/PhiR5.1_HipAD	clust_rep_seq_PhiR5.1_HipAD_379	1	1	1.0	2.0	1	PhiR5.1_HipAD__HipD	mandatory	275	4.2e-42	144.3	0.978	0.975	1	268			PhiR5.1_HipAD	PhiR5.1_HipAD	Defense
clust_rep_seq	GCF_051046905.1|NZ_CP095332.1|NZ_CP095332.1_789	PhiR5.1_HipAD__HipA2	9033	defense-finder-models/DefenseFinder/PhiR5.1_HipAD/PhiR5.1_HipAD	clust_rep_seq_PhiR5.1_HipAD_379	1	1	1.0	2.0	1	PhiR5.1_HipAD__HipA	mandatory	268	5.8e-41	140.0	0.933	0.896	25	264			PhiR5.1_HipAD	PhiR5.1_HipAD	Defense
clust_rep_seq	GCF_051046905.1|NZ_CP095332.1|NZ_CP095332.1_807	Esos__VCA0450	9037	defense-finder-models/DefenseFinder/Esos/Esos	clust_rep_seq_Esos_270	1	1	1.0	1.0	1	Esos__VCA0450	mandatory	183	7.5e-19	68.0	0.438	0.792	22	166			Esos	Esos	Defense
clust_rep_seq	GCF_051131125.1|NZ_CP150869.1|NZ_CP150869.1_1106	PD-T7-4__PD-T7-4	9047	defense-finder-models/DefenseFinder/RAZR/RAZR	clust_rep_seq_RAZR_385	1	1	1.0	1.0	1	PD-T7-4__PD-T7-4	mandatory	209	1.5e-84	282.2	0.986	0.99	1	207			RAZR	RAZR	Defense
clust_rep_seq	GCF_051132235.1|NZ_CP072677.1|NZ_CP072677.1_1816	HEC-08__HEC-08	9061	defense-finder-models/DefenseFinder/HEC-08/HEC-08	clust_rep_seq_HEC-08_288	1	1	1.0	1.0	1	HEC-08__HEC-08	mandatory	347	1.3e-116	389.1	0.955	0.991	4	347			HEC-08	HEC-08	Defense
clust_rep_seq	GCF_051132235.1|NZ_CP072677.1|NZ_CP072677.1_1864	Aristaios__Aristaios	9070	defense-finder-models/DefenseFinder/Aristaios/Aristaios	clust_rep_seq_Aristaios_116	1	1	1.0	1.0	1	Aristaios__Aristaios	mandatory	274	1.4e-26	93.3	0.551	0.898	19	264			Aristaios	Aristaios	Defense
clust_rep_seq	GCF_051175305.1|NZ_CP195090.1|NZ_CP195090.1_625	Paris_II_merge__AAA_21_DUF4435	9089	defense-finder-models/DefenseFinder/Paris/PARIS_II_merge	clust_rep_seq_PARIS_II_merge_349	1	1	1.0	1.0	1	Paris_II_merge__AAA_21_DUF4435	mandatory	535	1.2e-191	637.6	0.944	0.983	4	529			Paris	PARIS_II_merge	Defense
clust_rep_seq	GCF_057439825.1|NZ_CM171998.1|NZ_CM171998.1_1225	mEp332_T2SS_GspM__T2SS_GspM	9101	defense-finder-models/DefenseFinder/mEp332_T2SS_GspM/mEp332_T2SS_GspM	clust_rep_seq_mEp332_T2SS_GspM_542	1	1	1.0	1.0	1	mEp332_T2SS_GspM__T2SS_GspM	mandatory	342	3.7e-114	380.8	0.985	0.982	3	338			mEp332_T2SS_GspM	mEp332_T2SS_GspM	Defense
clust_rep_seq	GCF_057730755.1|NZ_CM173193.1|NZ_CM173193.1_910	PD-T7-5__PD-T7-5	9125	defense-finder-models/DefenseFinder/PD-T7-5/PD-T7-5	clust_rep_seq_PD-T7-5_372	1	1	1.0	1.0	1	PD-T7-5__PD-T7-5	mandatory	348	7.500000000000001e-130	432.6	0.916	0.991	1	345			PD-T7-5	PD-T7-5	Defense
clust_rep_seq	GCF_057730815.1|NZ_CM173199.1|NZ_CM173199.1_861	AbiH__AbiH	9134	defense-finder-models/DefenseFinder/AbiH/AbiH	clust_rep_seq_AbiH_25	1	1	1.0	1.0	1	AbiH__AbiH	mandatory	287	2.4e-55	187.9	0.992	0.875	4	254			AbiH	AbiH	Defense
clust_rep_seq	GCF_057730815.1|NZ_CM173199.1|NZ_CM173199.1_875	Divona__VCA0374	9141	defense-finder-models/DefenseFinder/Divona/Divona	clust_rep_seq_Divona_251	1	1	1.0	1.0	1	Divona__VCA0374	mandatory	329	5.7e-119	396.6	0.979	0.973	5	324			Divona	Divona	Defense
clust_rep_seq	GCF_057730815.1|NZ_CM173199.1|NZ_CM173199.1_892	AbiAlpha__AbiAlpha	9149	defense-finder-models/DefenseFinder/AbiAlpha/AbiAlpha	clust_rep_seq_AbiAlpha_11	1	1	1.0	1.0	1	AbiAlpha__AbiAlpha	mandatory	241	1.3e-25	90.0	0.694	0.535	65	193			AbiAlpha	AbiAlpha	Defense
clust_rep_seq	GCF_057730815.1|NZ_CM173199.1|NZ_CM173199.1_898	Retron_I_C__RT_1_C1	9152	defense-finder-models/DefenseFinder/Retron/Retron_I_C	clust_rep_seq_Retron_I_C_398	1	1	1.0	1.0	1	Retron_I_C__RT_1_C1	mandatory	588	5.5e-228	757.4	0.983	0.995	1	585			Retron	Retron_I_C	Defense
clust_rep_seq	GCF_058267735.1|NZ_CM177832.1|NZ_CM177832.1_1274	Aristaios__Aristaios	9189	defense-finder-models/DefenseFinder/Aristaios/Aristaios	clust_rep_seq_Aristaios_117	1	1	1.0	1.0	1	Aristaios__Aristaios	mandatory	243	2.8999999999999996e-55	187.5	0.607	0.975	6	242			Aristaios	Aristaios	Defense
clust_rep_seq	GCF_000006745.1|NC_002506.1|NC_002506.1_280	Ogmios__VCA0308	9207	defense-finder-models/DefenseFinder/Ogmios/Ogmios	clust_rep_seq_Ogmios_325	1	1	1.0	1.0	1	Ogmios__VCA0308	mandatory	402	3.2e-257	853.0	0.969	0.998	2	402			Ogmios	Ogmios	Defense
clust_rep_seq	GCF_000006745.1|NC_002506.1|NC_002506.1_281	EcoKMcrA__EcoKMcrA	9208	defense-finder-models/DefenseFinder/EcoKMcrA/EcoKMcrA	clust_rep_seq_EcoKMcrA_261	1	1	1.0	1.0	1	EcoKMcrA__EcoKMcrA	mandatory	234	1.9e-31	109.3	0.464	0.825	36	228			EcoKMcrA	EcoKMcrA	Defense
clust_rep_seq	GCF_000006745.1|NC_002506.1|NC_002506.1_291	Nantosuelta__VCA0322	9212	defense-finder-models/DefenseFinder/Nantosuelta/Nantosuelta	clust_rep_seq_Nantosuelta_322	1	1	1.0	1.0	1	Nantosuelta__VCA0322	mandatory	148	2.0999999999999999e-75	253.0	0.57	0.993	1	147			Nantosuelta	Nantosuelta	Defense
clust_rep_seq	GCF_000006745.1|NC_002506.1|NC_002506.1_334	Sucellos__SclB_VCA0368	9229	defense-finder-models/DefenseFinder/Sucellos/Sucellos	clust_rep_seq_Sucellos_472	1	1	0.5	1.0	1	Sucellos__SclB_VCA0368	mandatory	200	4.9000000000000003e-76	254.0	0.941	0.985	1	197			Sucellos	Sucellos	Defense
clust_rep_seq	GCF_000006745.1|NC_002506.1|NC_002506.1_352	Taranis__VCA0396	9235	defense-finder-models/DefenseFinder/Taranis/Taranis	clust_rep_seq_Taranis_476	1	1	1.0	1.0	1	Taranis__VCA0396	mandatory	276	1.3e-114	381.7	0.958	0.993	2	275			Taranis	Taranis	Defense
clust_rep_seq	GCF_000006745.1|NC_002506.1|NC_002506.1_355	Damona__VCA0399	9237	defense-finder-models/DefenseFinder/Damona/Damona	clust_rep_seq_Damona_247	1	1	1.0	1.0	1	Damona__VCA0399	mandatory	280	1.1999999999999999e-82	276.8	0.957	0.932	19	279			Damona	Damona	Defense
clust_rep_seq	GCF_000006745.1|NC_002506.1|NC_002506.1_362	Lugos__Lugos	9240	defense-finder-models/DefenseFinder/Lugos/Lugos	clust_rep_seq_Lugos_311	1	1	1.0	1.0	1	Lugos__Lugos	mandatory	152	1.2e-26	92.5	0.85	0.967	5	151			Lugos	Lugos	Defense
clust_rep_seq	GCF_000006745.1|NC_002506.1|NC_002506.1_363	Cernunnos__VCA0410	9241	defense-finder-models/DefenseFinder/Cernunnos/Cernunnos	clust_rep_seq_Cernunnos_181	1	1	1.0	1.0	1	Cernunnos__VCA0410	mandatory	120	4.4999999999999994e-49	165.7	0.686	0.992	1	119			Cernunnos	Cernunnos	Defense
clust_rep_seq	GCF_009665215.1|NZ_CP035680.1|NZ_CP035680.1_1968	Shedu__SduA	9285	defense-finder-models/DefenseFinder/Shedu/Shedu	clust_rep_seq_Shedu_455	1	1	1.0	1.0	1	Shedu__SduA	mandatory	385	2.5e-64	217.7	0.831	0.912	34	384			Shedu	Shedu	Defense
clust_rep_seq	GCF_013393845.1|NZ_CP040100.1|NZ_CP040100.1_1842	VcaM4I__VcaM4I	9328	defense-finder-models/DefenseFinder/VcaM4I/VcaM4I	clust_rep_seq_VcaM4I_526	1	1	1.0	1.0	1	VcaM4I__VcaM4I	mandatory	231	3.7e-62	210.4	0.512	0.714	66	230			VcaM4I	VcaM4I	Defense
clust_rep_seq	GCF_014107515.1|NZ_CP044206.1|NZ_CP044206.1_2154	VcaM4I__VcaM4I	9351	defense-finder-models/DefenseFinder/VcaM4I/VcaM4I	clust_rep_seq_VcaM4I_527	1	1	1.0	1.0	1	VcaM4I__VcaM4I	mandatory	234	8.699999999999999e-62	209.2	0.59	0.812	44	233			VcaM4I	VcaM4I	Defense
clust_rep_seq	GCF_041714635.1|NZ_CP168212.1|NZ_CP168212.1_2076	Aristaios__Aristaios	9403	defense-finder-models/DefenseFinder/Aristaios/Aristaios	clust_rep_seq_Aristaios_118	1	1	1.0	1.0	1	Aristaios__Aristaios	mandatory	275	2.1000000000000003e-33	115.7	0.551	0.96	3	266			Aristaios	Aristaios	Defense
clust_rep_seq	GCF_042691635.1|NZ_CP170491.1|NZ_CP170491.1_1847	Aristaios__Aristaios	9430	defense-finder-models/DefenseFinder/Aristaios/Aristaios	clust_rep_seq_Aristaios_119	1	1	1.0	1.0	1	Aristaios__Aristaios	mandatory	208	7.299999999999999e-46	156.7	0.598	0.976	1	203			Aristaios	Aristaios	Defense
clust_rep_seq	GCF_042848055.1|NZ_AP031614.1|NZ_AP031614.1_1191	Aristaios__Aristaios	9438	defense-finder-models/DefenseFinder/Aristaios/Aristaios	clust_rep_seq_Aristaios_120	1	1	1.0	1.0	1	Aristaios__Aristaios	mandatory	236	1.1000000000000002e-59	202.1	0.611	0.996	2	236			Aristaios	Aristaios	Defense
clust_rep_seq	GCF_042848055.1|NZ_AP031614.1|NZ_AP031614.1_1208	RM_Type_IV__Type_IV_03	9440	defense-finder-models/DefenseFinder/Other_Type_IV/Other_Type_IV	clust_rep_seq_Other_Type_IV_338	1	1	0.333	1.0	1	RM_Type_IV__Type_IV_03	mandatory	313	1.5000000000000002e-22	80.4	0.838	0.792	26	273			Other_Type_IV	Other_Type_IV	Defense
clust_rep_seq	GCF_043995865.1|NZ_CP171887.1|NZ_CP171887.1_1699	DRT6__DRT6	9477	defense-finder-models/DefenseFinder/DRT/DRT6	clust_rep_seq_DRT6_187	1	1	1.0	1.0	1	DRT6__DRT6	mandatory	551	1.2999999999999999e-192	641.0	0.914	0.982	3	543			DRT	DRT6	Defense
clust_rep_seq	GCF_053643215.1|NZ_CM132188.1|NZ_CM132188.1_1052	gcuWGS21__gcuWGS21	9521	defense-finder-models/DefenseFinder/gcuWGS21/gcuWGS21	clust_rep_seq_gcuWGS21_540	1	1	1.0	1.0	1	gcuWGS21__gcuWGS21	mandatory	207	2.1e-67	226.1	0.981	0.995	2	207			gcuWGS21	gcuWGS21	Defense
clust_rep_seq	GCF_002850455.1|NZ_CP019320.1|NZ_CP019320.1_1842	AbiH__AbiH	9713	defense-finder-models/DefenseFinder/AbiH/AbiH	clust_rep_seq_AbiH_26	1	1	1.0	1.0	1	AbiH__AbiH	mandatory	267	3.6e-12	46.3	0.418	0.427	101	214			AbiH	AbiH	Defense
clust_rep_seq	GCF_002874615.2|NZ_CP170017.1|NZ_CP170017.1_494	DS-24__DS-24	9751	defense-finder-models/DefenseFinder/DS-24/DS-24	clust_rep_seq_DS-24_204	1	1	1.0	1.0	1	DS-24__DS-24	mandatory	305	6.7e-51	173.1	0.58	0.525	132	291			DS-24	DS-24	Defense
clust_rep_seq	GCF_002906655.1|NZ_CP025794.1|NZ_CP025794.1_106	gcu24__gcu24	9787	defense-finder-models/DefenseFinder/gcu24/gcu24	clust_rep_seq_gcu24_538	1	1	1.0	1.0	1	gcu24__gcu24	mandatory	366	2e-89	300.2	0.884	0.954	3	351			gcu24	gcu24	Defense
clust_rep_seq	GCF_002906655.1|NZ_CP025794.1|NZ_CP025794.1_110	Sirona__VCA0356	9788	defense-finder-models/DefenseFinder/Sirona/Sirona	clust_rep_seq_Sirona_468	1	1	1.0	1.0	1	Sirona__VCA0356	mandatory	212	1.9e-21	76.2	0.78	0.962	3	206			Sirona	Sirona	Defense
clust_rep_seq	GCF_040735825.1|NZ_CP147727.1|NZ_CP147727.1_289	Sucellos__SclA_VCA0367	9816	defense-finder-models/DefenseFinder/Sucellos/Sucellos	clust_rep_seq_Sucellos_473	1	1	0.5	1.0	1	Sucellos__SclA_VCA0367	mandatory	346	1.0999999999999999e-127	425.1	0.994	0.928	1	321			Sucellos	Sucellos	Defense
clust_rep_seq	GCF_041734175.1|NZ_CP168658.1|NZ_CP168658.1_1006	Aristaios__Aristaios	9845	defense-finder-models/DefenseFinder/Aristaios/Aristaios	clust_rep_seq_Aristaios_121	1	1	1.0	1.0	1	Aristaios__Aristaios	mandatory	272	5.6e-47	160.3	0.611	0.993	1	270			Aristaios	Aristaios	Defense
clust_rep_seq	GCF_045004265.1|NZ_CP173383.1|NZ_CP173383.1_1433	Aristaios__Aristaios	9878	defense-finder-models/DefenseFinder/Aristaios/Aristaios	clust_rep_seq_Aristaios_122	1	1	1.0	1.0	1	Aristaios__Aristaios	mandatory	271	1.3e-38	132.8	0.583	0.923	9	258			Aristaios	Aristaios	Defense
clust_rep_seq	GCF_045278325.1|NZ_CP128803.1|NZ_CP128803.1_1228	AbiJ__AbiJ	9889	defense-finder-models/DefenseFinder/AbiJ/AbiJ	clust_rep_seq_AbiJ_31	1	1	1.0	1.0	1	AbiJ__AbiJ	mandatory	271	1.6e-07	30.5	0.467	0.52	126	266			AbiJ	AbiJ	Defense
clust_rep_seq	GCF_045291255.1|NZ_CP134278.1|NZ_CP134278.1_1169	PD-T7-4__PD-T7-4	9898	defense-finder-models/DefenseFinder/RAZR/RAZR	clust_rep_seq_RAZR_386	1	1	1.0	1.0	1	PD-T7-4__PD-T7-4	mandatory	189	2.6e-74	248.7	0.803	0.937	10	186			RAZR	RAZR	Defense
clust_rep_seq	GCF_053643215.1|NZ_CM132188.1|NZ_CM132188.1_987	PD-T2-1__PD-T2-1B	9908	defense-finder-models/DefenseFinder/PD-T2-1/PD-T2-1	clust_rep_seq_PD-T2-1_351	1	1	1.0	2.0	1	PD-T2-1__PD-T2-1B	mandatory	354	1.1e-40	139.4	0.986	0.983	5	352			PD-T2-1	PD-T2-1	Defense
clust_rep_seq	GCF_053643215.1|NZ_CM132188.1|NZ_CM132188.1_988	PD-T2-1__PD-T2-1A	9909	defense-finder-models/DefenseFinder/PD-T2-1/PD-T2-1	clust_rep_seq_PD-T2-1_351	1	1	1.0	2.0	1	PD-T2-1__PD-T2-1A	mandatory	57	9.5e-11	42.0	0.744	0.982	1	56			PD-T2-1	PD-T2-1	Defense
clust_rep_seq	GCF_054111865.1|NZ_CM134200.1|NZ_CM134200.1_1738	Aristaios__Aristaios	9924	defense-finder-models/DefenseFinder/Aristaios/Aristaios	clust_rep_seq_Aristaios_123	1	1	1.0	1.0	1	Aristaios__Aristaios	mandatory	176	8.1e-21	74.4	0.442	0.915	14	174			Aristaios	Aristaios	Defense
clust_rep_seq	GCF_055797365.1|NZ_CP118728.1|NZ_CP118728.1_614	PhiR47.1_PanTA__PanT	9959	defense-finder-models/DefenseFinder/PhiR47.1_PanTA/PhiR47.1_PanTA	clust_rep_seq_PhiR47.1_PanTA_377	1	1	1.0	2.0	1	PhiR47.1_PanTA__PanT	mandatory	122	7.3e-20	70.4	0.766	0.803	25	122			PhiR47.1_PanTA	PhiR47.1_PanTA	Defense
clust_rep_seq	GCF_055797365.1|NZ_CP118728.1|NZ_CP118728.1_615	PhiR47.1_PanTA__PanA	9960	defense-finder-models/DefenseFinder/PhiR47.1_PanTA/PhiR47.1_PanTA	clust_rep_seq_PhiR47.1_PanTA_377	1	1	1.0	2.0	1	PhiR47.1_PanTA__PanA	mandatory	163	2.7e-50	169.9	0.74	0.957	1	156			PhiR47.1_PanTA	PhiR47.1_PanTA	Defense
clust_rep_seq	GCF_059682885.1|NZ_CM185026.1|NZ_CM185026.1_437	Shedu__SduA	10033	defense-finder-models/DefenseFinder/Shedu/Shedu	clust_rep_seq_Shedu_456	1	1	1.0	1.0	1	Shedu__SduA	mandatory	263	2.8e-58	197.8	0.618	0.97	8	262			Shedu	Shedu	Defense
clust_rep_seq	GCF_059683725.1|NZ_CM185037.1|NZ_CM185037.1_1075	Aristaios__Aristaios	10038	defense-finder-models/DefenseFinder/Aristaios/Aristaios	clust_rep_seq_Aristaios_124	1	1	1.0	1.0	1	Aristaios__Aristaios	mandatory	199	6.8e-33	114.0	0.533	0.884	5	180			Aristaios	Aristaios	Defense
clust_rep_seq	GCF_059683725.1|NZ_CM185038.1|NZ_CM185038.1_1142	PD-T4-7__PD-T4-7	10053	defense-finder-models/DefenseFinder/PD-T4-7/PD-T4-7	clust_rep_seq_PD-T4-7_362	1	1	1.0	1.0	1	PD-T4-7__PD-T4-7	mandatory	204	1.2e-26	93.1	0.571	0.824	29	196			PD-T4-7	PD-T4-7	Defense
clust_rep_seq	GCF_002142655.1|NZ_CP021145.1|NZ_CP021145.1_1364	Shedu__SduA	10121	defense-finder-models/DefenseFinder/Shedu/Shedu	clust_rep_seq_Shedu_457	1	1	1.0	1.0	1	Shedu__SduA	mandatory	221	3.9e-14	52.5	0.497	0.837	14	198			Shedu	Shedu	Defense
clust_rep_seq	GCF_002211985.1|NZ_CP022102.1|NZ_CP022102.1_430	TagI__TagI	10197	defense-finder-models/DefenseFinder/TagI/TagI	clust_rep_seq_TagI_475	1	1	1.0	1.0	1	TagI__TagI	mandatory	289	7.7e-77	258.5	0.698	0.917	17	281			TagI	TagI	Defense
clust_rep_seq	GCF_002863725.1|NZ_CP019121.1|NZ_CP019121.1_1733	AbiO__AbiO	10212	defense-finder-models/DefenseFinder/AbiO/AbiO	clust_rep_seq_AbiO_33	1	1	1.0	1.0	1	AbiO__AbiO	mandatory	489	9.2e-195	647.3	0.996	1.0	1	489			AbiO	AbiO	Defense
clust_rep_seq	GCF_002872705.2|NZ_CP169998.1|NZ_CP169998.1_213	DS-35__DS-35	10224	defense-finder-models/DefenseFinder/DS-35/DS-35	clust_rep_seq_DS-35_211	1	1	1.0	1.0	1	DS-35__DS-35	mandatory	285	5.4e-71	239.0	0.985	0.961	5	278			DS-35	DS-35	Defense
clust_rep_seq	GCF_002906455.1|NZ_CP026315.1|NZ_CP026315.1_2639	RM_Type_IV__Type_IV_05	10281	defense-finder-models/DefenseFinder/Other_Type_IV/Other_Type_IV	clust_rep_seq_Other_Type_IV_339	1	1	0.333	1.0	1	RM_Type_IV__Type_IV_05	mandatory	281	2.6e-22	79.5	0.461	0.431	158	278			Other_Type_IV	Other_Type_IV	Defense
clust_rep_seq	GCF_002906455.1|NZ_CP026320.1|NZ_CP026320.1_43	Esos__VCA0450	10294	defense-finder-models/DefenseFinder/Esos/Esos	clust_rep_seq_Esos_271	1	1	1.0	1.0	1	Esos__VCA0450	mandatory	216	3.1000000000000003e-30	105.4	0.459	0.727	45	201			Esos	Esos	Defense
clust_rep_seq	GCF_000006745.1|NC_002506.1|NC_002506.1_370	Brigantia__VCA0419	10298	defense-finder-models/DefenseFinder/Brigantia/Brigantia	clust_rep_seq_Brigantia_164	1	1	1.0	1.0	1	Brigantia__VCA0419	mandatory	251	1.2999999999999999e-107	358.1	0.983	0.908	23	250			Brigantia	Brigantia	Defense
clust_rep_seq	GCF_000196095.1|NC_004603.1|NC_004603.1_1716	VP1817__VP1817	10306	defense-finder-models/DefenseFinder/VP1817/VP1817	clust_rep_seq_VP1817_495	1	1	1.0	1.0	1	VP1817__VP1817	mandatory	148	6.7e-47	158.7	0.993	0.993	1	147			VP1817	VP1817	Defense
clust_rep_seq	GCF_000196095.1|NC_004603.1|NC_004603.1_1734	VP1839__VP1839	10312	defense-finder-models/DefenseFinder/VP1839/VP1839	clust_rep_seq_VP1839_506	1	1	1.0	1.0	1	VP1839__VP1839	mandatory	170	1.1e-63	213.7	0.882	0.982	1	167			VP1839	VP1839	Defense
clust_rep_seq	GCF_000196095.1|NC_004603.1|NC_004603.1_1735	Dag__Dag1_VP1840	10313	defense-finder-models/DefenseFinder/Dag/Dag	clust_rep_seq_Dag_235	1	1	1.0	1.0	1	Dag__Dag1_VP1840	mandatory	193	9.999999999999999e-85	283.1	0.828	0.974	5	192			Dag	Dag	Defense
clust_rep_seq	GCF_000196095.1|NC_004603.1|NC_004603.1_1746	VP1851__VP1851	10317	defense-finder-models/DefenseFinder/VP1851/VP1851	clust_rep_seq_VP1851_517	1	1	1.0	1.0	1	VP1851__VP1851	mandatory	212	1.3e-102	341.6	0.844	0.967	3	207			VP1851	VP1851	Defense
clust_rep_seq	GCF_000196095.1|NC_004603.1|NC_004603.1_1749	VP1853__VP1853	10318	defense-finder-models/DefenseFinder/VP1853/VP1853	clust_rep_seq_VP1853_518	1	1	1.0	1.0	1	VP1853__VP1853	mandatory	275	3.3e-116	386.5	0.993	0.975	1	268			VP1853	VP1853	Defense
clust_rep_seq	GCF_000430425.1|NC_021848.1|NC_021848.1_821	RM_Type_IV__Type_IV_05	10350	defense-finder-models/DefenseFinder/Other_Type_IV/Other_Type_IV	clust_rep_seq_Other_Type_IV_340	1	1	0.333	1.0	1	RM_Type_IV__Type_IV_05	mandatory	229	5e-24	85.2	0.688	0.978	4	227			Other_Type_IV	Other_Type_IV	Defense
clust_rep_seq	GCF_000430425.1|NC_021848.1|NC_021848.1_849	Uzume__UzuA	10362	defense-finder-models/DefenseFinder/Uzume/Uzume	clust_rep_seq_Uzume_487	1	1	1.0	1.0	1	Uzume__UzuA	mandatory	281	9.5e-84	280.6	0.996	0.993	3	281			Uzume	Uzume	Defense
clust_rep_seq	GCF_000430425.1|NC_021848.1|NC_021848.1_856	BstA__BstA	10366	defense-finder-models/DefenseFinder/BstA/BstA	clust_rep_seq_BstA_166	1	1	1.0	1.0	1	BstA__BstA	mandatory	302	4.5e-82	274.8	0.964	0.98	2	297			BstA	BstA	Defense
clust_rep_seq	GCF_000746665.1|NZ_CP009261.1|NZ_CP009261.1_1690	Aristaios__Aristaios	10385	defense-finder-models/DefenseFinder/Aristaios/Aristaios	clust_rep_seq_Aristaios_125	1	1	1.0	1.0	1	Aristaios__Aristaios	mandatory	316	3.4e-61	207.0	0.632	0.905	25	310			Aristaios	Aristaios	Defense
clust_rep_seq	GCF_001636035.1|NZ_CP011406.1|NZ_CP011406.1_1912	DS-20__DS-20	10414	defense-finder-models/DefenseFinder/DS-20/DS-20	clust_rep_seq_DS-20_201	1	1	1.0	1.0	1	DS-20__DS-20	mandatory	484	9.6e-174	578.3	0.976	1.0	1	484			DS-20	DS-20	Defense
clust_rep_seq	GCF_001653775.1|NZ_CP011775.1|NZ_CP011775.1_1488	PD-T7-4__PD-T7-4	10431	defense-finder-models/DefenseFinder/RAZR/RAZR	clust_rep_seq_RAZR_387	1	1	1.0	1.0	1	PD-T7-4__PD-T7-4	mandatory	130	1.4e-37	128.7	0.563	0.915	2	120			RAZR	RAZR	Defense
clust_rep_seq	GCF_001680065.1|NZ_CP016349.1|NZ_CP016349.1_1918	VP1817__VP1817	10448	defense-finder-models/DefenseFinder/VP1817/VP1817	clust_rep_seq_VP1817_496	1	1	1.0	1.0	1	VP1817__VP1817	mandatory	155	2.4e-40	137.5	0.987	0.968	1	150			VP1817	VP1817	Defense
clust_rep_seq	GCF_008693685.1|NZ_CP044069.1|NZ_CP044069.1_1722	Aristaios__Aristaios	10503	defense-finder-models/DefenseFinder/Aristaios/Aristaios	clust_rep_seq_Aristaios_126	1	1	1.0	1.0	1	Aristaios__Aristaios	mandatory	265	6.5e-49	166.7	0.595	0.909	12	252			Aristaios	Aristaios	Defense
clust_rep_seq	GCF_009184745.1|NZ_CP045070.1|NZ_CP045070.1_2649	Aristaios__Aristaios	10514	defense-finder-models/DefenseFinder/Aristaios/Aristaios	clust_rep_seq_Aristaios_127	1	1	1.0	1.0	1	Aristaios__Aristaios	mandatory	274	2.4e-21	76.1	0.555	0.949	1	260			Aristaios	Aristaios	Defense
clust_rep_seq	GCF_009665315.1|NZ_CP035693.1|NZ_CP035693.1_2310	PD-T2-1__PD-T2-1A	10575	defense-finder-models/DefenseFinder/PD-T2-1/PD-T2-1	clust_rep_seq_PD-T2-1_352	1	1	1.0	2.0	1	PD-T2-1__PD-T2-1A	mandatory	65	1.8e-09	37.9	0.767	0.969	2	64			PD-T2-1	PD-T2-1	Defense
clust_rep_seq	GCF_009665315.1|NZ_CP035693.1|NZ_CP035693.1_2311	PD-T2-1__PD-T2-1B	10576	defense-finder-models/DefenseFinder/PD-T2-1/PD-T2-1	clust_rep_seq_PD-T2-1_352	1	1	1.0	2.0	1	PD-T2-1__PD-T2-1B	mandatory	288	5.2999999999999996e-90	301.2	1.0	1.0	1	288			PD-T2-1	PD-T2-1	Defense
clust_rep_seq	GCF_009665315.1|NZ_CP035693.1|NZ_CP035693.1_2354	RM_Type_IV__Type_IV_05	10589	defense-finder-models/DefenseFinder/Other_Type_IV/Other_Type_IV	clust_rep_seq_Other_Type_IV_341	1	1	0.333	1.0	1	RM_Type_IV__Type_IV_05	mandatory	247	8.1e-25	87.8	0.473	0.587	94	238			Other_Type_IV	Other_Type_IV	Defense
clust_rep_seq	GCF_009665415.1|NZ_CP035921.1|NZ_CP035921.1_339	Aristaios__Aristaios	10594	defense-finder-models/DefenseFinder/Aristaios/Aristaios	clust_rep_seq_Aristaios_128	1	1	1.0	1.0	1	Aristaios__Aristaios	mandatory	256	4.7999999999999997e-39	134.3	0.449	0.77	2	198			Aristaios	Aristaios	Defense
clust_rep_seq	GCF_009764115.1|NZ_CP046835.1|NZ_CP046835.1_1231	VP1840__VP1840	10681	defense-finder-models/DefenseFinder/VP1840/VP1840	clust_rep_seq_VP1840_512	1	1	1.0	1.0	1	VP1840__VP1840	mandatory	227	5.899999999999999e-53	179.4	0.876	0.965	3	221			VP1840	VP1840	Defense
clust_rep_seq	GCF_013357885.1|NZ_CP053745.1|NZ_CP053745.1_324	AbiP2__AbiP2	10730	defense-finder-models/DefenseFinder/AbiP2/AbiP2	clust_rep_seq_AbiP2_35	1	1	1.0	1.0	1	AbiP2__AbiP2	mandatory	499	1.9999999999999997e-199	663.1	0.969	0.992	2	496			AbiP2	AbiP2	Defense
clust_rep_seq	GCF_013393865.1|NZ_CP040101.1|NZ_CP040101.1_1561	AbiAlpha__AbiAlpha	10759	defense-finder-models/DefenseFinder/AbiAlpha/AbiAlpha	clust_rep_seq_AbiAlpha_12	1	1	1.0	1.0	1	AbiAlpha__AbiAlpha	mandatory	235	4.2e-09	36.1	0.642	0.481	101	213			AbiAlpha	AbiAlpha	Defense
clust_rep_seq	GCF_014083925.1|NZ_CP046268.1|NZ_CP046268.1_1525	Shedu__SduA	10764	defense-finder-models/DefenseFinder/Shedu/Shedu	clust_rep_seq_Shedu_458	1	1	1.0	1.0	1	Shedu__SduA	mandatory	213	1.9e-29	102.9	0.473	0.751	18	177			Shedu	Shedu	Defense
clust_rep_seq	GCF_014107515.1|NZ_CP044206.1|NZ_CP044206.1_2029	Aristaios__Aristaios	10780	defense-finder-models/DefenseFinder/Aristaios/Aristaios	clust_rep_seq_Aristaios_129	1	1	1.0	1.0	1	Aristaios__Aristaios	mandatory	285	1e-52	179.1	0.604	0.937	4	270			Aristaios	Aristaios	Defense
clust_rep_seq	GCF_014107515.1|NZ_CP044206.1|NZ_CP044206.1_2036	HEC-08__HEC-08	10783	defense-finder-models/DefenseFinder/HEC-08/HEC-08	clust_rep_seq_HEC-08_289	1	1	1.0	1.0	1	HEC-08__HEC-08	mandatory	352	1.2999999999999999e-120	402.3	0.969	0.997	1	351			HEC-08	HEC-08	Defense
clust_rep_seq	GCF_023716625.1|NZ_CP071855.1|NZ_CP071855.1_1635	PD-T7-5__PD-T7-5	10828	defense-finder-models/DefenseFinder/PD-T7-5/PD-T7-5	clust_rep_seq_PD-T7-5_373	1	1	1.0	1.0	1	PD-T7-5__PD-T7-5	mandatory	461	1.5e-103	346.0	0.908	0.711	128	455			PD-T7-5	PD-T7-5	Defense
clust_rep_seq	GCF_023716845.1|NZ_CP068024.1|NZ_CP068024.1_1459	DS-31__DS-31	10839	defense-finder-models/DefenseFinder/DS-31/DS-31	clust_rep_seq_DS-31_207	1	1	1.0	1.0	1	DS-31__DS-31	mandatory	348	1.1999999999999999e-150	501.0	0.989	0.997	1	347			DS-31	DS-31	Defense
clust_rep_seq	GCF_024346995.1|NZ_AP024887.1|NZ_AP024887.1_843	EcoKMcrA__EcoKMcrA	10881	defense-finder-models/DefenseFinder/EcoKMcrA/EcoKMcrA	clust_rep_seq_EcoKMcrA_262	1	1	1.0	1.0	1	EcoKMcrA__EcoKMcrA	mandatory	313	2.4000000000000002e-30	105.7	0.402	0.738	66	296			EcoKMcrA	EcoKMcrA	Defense
clust_rep_seq	GCF_024346995.1|NZ_AP024888.1|NZ_AP024888.1_143	PD-Lambda-1__PD-Lambda-1	10883	defense-finder-models/DefenseFinder/SNIPE/SNIPE	clust_rep_seq_SNIPE_431	1	1	1.0	1.0	1	PD-Lambda-1__PD-Lambda-1	mandatory	528	1.8e-156	521.3	0.955	0.962	18	525			SNIPE	SNIPE	Defense
clust_rep_seq	GCF_030060435.1|NZ_CP125875.1|NZ_CP125875.1_883	Aristaios__Aristaios	10951	defense-finder-models/DefenseFinder/Aristaios/Aristaios	clust_rep_seq_Aristaios_130	1	1	1.0	1.0	1	Aristaios__Aristaios	mandatory	289	8.199999999999999e-49	166.4	0.604	0.972	3	283			Aristaios	Aristaios	Defense
clust_rep_seq	GCF_030704285.1|NZ_CP131931.1|NZ_CP131931.1_1587	DS-40__DS-40	10999	defense-finder-models/DefenseFinder/DS-40/DS-40	clust_rep_seq_DS-40_215	1	1	1.0	1.0	1	DS-40__DS-40	mandatory	279	1.6e-88	296.2	0.99	0.989	3	278			DS-40	DS-40	Defense
clust_rep_seq	GCF_045586155.1|NZ_CP169050.1|NZ_CP169050.1_1599	Aristaios__Aristaios	11068	defense-finder-models/DefenseFinder/Aristaios/Aristaios	clust_rep_seq_Aristaios_131	1	1	1.0	1.0	1	Aristaios__Aristaios	mandatory	257	2e-57	194.7	0.623	0.984	4	256			Aristaios	Aristaios	Defense
clust_rep_seq	GCF_045586155.1|NZ_CP169050.1|NZ_CP169050.1_1657	GAPS1__GAPS1	11082	defense-finder-models/DefenseFinder/GAPS1/GAPS1	clust_rep_seq_GAPS1_283	1	1	1.0	1.0	1	GAPS1__GAPS1	mandatory	489	4.4999999999999996e-151	503.4	0.941	0.996	1	487			GAPS1	GAPS1	Defense
clust_rep_seq	GCF_050920685.1|NZ_CP138328.1|NZ_CP138328.1_1203	SEFIR__bSEFIR	11119	defense-finder-models/DefenseFinder/SEFIR/SEFIR	clust_rep_seq_SEFIR_427	1	1	1.0	1.0	1	SEFIR__bSEFIR	mandatory	478	4.2000000000000005e-125	418.2	0.845	0.994	3	477			SEFIR	SEFIR	Defense
clust_rep_seq	GCF_050920685.1|NZ_CP138328.1|NZ_CP138328.1_1260	Lugos__Lugos	11129	defense-finder-models/DefenseFinder/Lugos/Lugos	clust_rep_seq_Lugos_312	1	1	1.0	1.0	1	Lugos__Lugos	mandatory	160	3.3e-22	78.1	0.812	0.919	1	147			Lugos	Lugos	Defense
clust_rep_seq	GCF_050920685.1|NZ_CP138328.1|NZ_CP138328.1_1273	Dag__Dag14	11132	defense-finder-models/DefenseFinder/Dag/Dag	clust_rep_seq_Dag_236	1	1	1.0	1.0	1	Dag__Dag1_VP1840	mandatory	217	7.2e-33	113.8	0.784	0.843	18	200			Dag	Dag	Defense
clust_rep_seq	GCF_051046905.1|NZ_CP095332.1|NZ_CP095332.1_628	DS-27__DS-27	11138	defense-finder-models/DefenseFinder/DS-27/DS-27	clust_rep_seq_DS-27_206	1	1	1.0	1.0	1	DS-27__DS-27	mandatory	290	1.9e-79	266.6	0.984	0.993	1	288			DS-27	DS-27	Defense
clust_rep_seq	GCF_051131125.1|NZ_CP150869.1|NZ_CP150869.1_1187	DS-38__DS-38	11186	defense-finder-models/DefenseFinder/DS-38/DS-38	clust_rep_seq_DS-38_213	1	1	1.0	1.0	1	DS-38__DS-38	mandatory	380	3.3e-97	325.1	0.988	0.95	8	368			DS-38	DS-38	Defense
clust_rep_seq	GCF_057368475.1|NZ_CM170643.1|NZ_CM170643.1_914	Esos__VCA0450	11217	defense-finder-models/DefenseFinder/Esos/Esos	clust_rep_seq_Esos_272	1	1	1.0	1.0	1	Esos__VCA0450	mandatory	158	5.1e-32	111.3	0.438	0.88	4	142			Esos	Esos	Defense
clust_rep_seq	GCF_057368475.1|NZ_CM170643.1|NZ_CM170643.1_920	Aristaios__Aristaios	11218	defense-finder-models/DefenseFinder/Aristaios/Aristaios	clust_rep_seq_Aristaios_132	1	1	1.0	1.0	1	Aristaios__Aristaios	mandatory	198	6.3e-33	114.2	0.43	0.864	27	197			Aristaios	Aristaios	Defense
clust_rep_seq	GCF_057368525.1|NZ_CM170646.1|NZ_CM170646.1_1383	Dag__Dag10	11244	defense-finder-models/DefenseFinder/Dag/Dag	clust_rep_seq_Dag_237	1	1	1.0	1.0	1	Dag__Dag1_VP1840	mandatory	178	4e-65	220.3	0.43	0.989	1	176			Dag	Dag	Defense
clust_rep_seq	GCF_057368635.1|NZ_CM170659.1|NZ_CM170659.1_947	Aristaios__Aristaios	11276	defense-finder-models/DefenseFinder/Aristaios/Aristaios	clust_rep_seq_Aristaios_133	1	1	1.0	1.0	1	Aristaios__Aristaios	mandatory	290	3.7999999999999995e-24	85.3	0.573	0.914	13	277			Aristaios	Aristaios	Defense
clust_rep_seq	GCF_964198015.1|NZ_OZ078861.1|NZ_OZ078861.1_1454	RM_Type_IV__Type_IV_05	11312	defense-finder-models/DefenseFinder/Other_Type_IV/Other_Type_IV	clust_rep_seq_Other_Type_IV_342	1	1	0.333	1.0	1	RM_Type_IV__Type_IV_05	mandatory	257	1.9e-20	73.5	0.645	0.665	86	256			Other_Type_IV	Other_Type_IV	Defense
clust_rep_seq	GCF_000039765.1|NC_004459.3|NC_004459.3_2234	Dag__Dag14	11365	defense-finder-models/DefenseFinder/Dag/Dag	clust_rep_seq_Dag_238	1	1	1.0	1.0	1	Dag__Dag1_VP1840	mandatory	214	8.299999999999999e-70	234.5	0.991	0.991	1	212			Dag	Dag	Defense
clust_rep_seq	GCF_000354175.2|NC_022349.1|NC_022349.1_799	Resolvase_Schlafen__Resolvase_Schlafen	11393	defense-finder-models/DefenseFinder/Resolvase_Schlafen/Resolvase_Schlafen	clust_rep_seq_Resolvase_Schlafen_393	1	1	1.0	1.0	1	Resolvase_Schlafen__Resolvase_Schlafen	mandatory	287	1.6e-66	224.6	0.727	0.986	2	284			Resolvase_Schlafen	Resolvase_Schlafen	Defense
clust_rep_seq	GCF_023169625.1|NZ_AP023187.1|NZ_AP023187.1_1985	PD-T7-1__PD-T7-1	11432	defense-finder-models/DefenseFinder/PD-T7-1/PD-T7-1	clust_rep_seq_PD-T7-1_368	1	1	1.0	1.0	1	PD-T7-1__PD-T7-1	mandatory	443	1.6e-153	511.2	0.978	0.986	2	438			PD-T7-1	PD-T7-1	Defense
clust_rep_seq	GCF_023206035.1|NZ_CP065207.1|NZ_CP065207.1_1120	PD-T4-7__PD-T4-7	11451	defense-finder-models/DefenseFinder/PD-T4-7/PD-T4-7	clust_rep_seq_PD-T4-7_363	1	1	1.0	1.0	1	PD-T4-7__PD-T4-7	mandatory	280	1.1e-44	152.3	0.809	0.882	17	263			PD-T4-7	PD-T4-7	Defense
clust_rep_seq	GCF_023716545.1|NZ_CP071845.1|NZ_CP071845.1_1306	VP1839__VP1839	11484	defense-finder-models/DefenseFinder/VP1839/VP1839	clust_rep_seq_VP1839_507	1	1	1.0	1.0	1	VP1839__VP1839	mandatory	144	3.5e-16	58.8	0.704	0.931	2	135			VP1839	VP1839	Defense
clust_rep_seq	GCF_000772105.1|NZ_CP009356.1|NZ_CP009356.1_109	Septu__PtuB	11581	defense-finder-models/DefenseFinder/Septu/Septu	clust_rep_seq_Septu_441	1	1	1.0	2.0	1	Septu__PtuB	mandatory	219	1.5e-37	129.5	0.86	0.932	1	204			Septu	Septu	Defense
clust_rep_seq	GCF_000772105.1|NZ_CP009356.1|NZ_CP009356.1_110	Septu__PtuA	11582	defense-finder-models/DefenseFinder/Septu/Septu	clust_rep_seq_Septu_441	1	1	1.0	2.0	1	Septu__PtuA	mandatory	417	1.4e-60	205.9	0.922	0.957	1	399			Septu	Septu	Defense
clust_rep_seq	GCF_000772105.1|NZ_CP009356.1|NZ_CP009356.1_111	Aristaios__Aristaios	11583	defense-finder-models/DefenseFinder/Aristaios/Aristaios	clust_rep_seq_Aristaios_134	1	1	1.0	1.0	1	Aristaios__Aristaios	mandatory	267	2.5e-46	158.2	0.626	0.903	10	250			Aristaios	Aristaios	Defense
clust_rep_seq	GCF_000788715.2|NZ_CP012997.1|NZ_CP012997.1_828	Kongming__KomC	11594	defense-finder-models/DefenseFinder/Kongming/Kongming	clust_rep_seq_Kongming_296	1	1	0.667	2.0	1	Kongming__KomC	mandatory	262	1.9999999999999997e-142	472.9	0.985	0.996	1	261			Kongming	Kongming	Defense
clust_rep_seq	GCF_000788715.2|NZ_CP012997.1|NZ_CP012997.1_831	Kongming__KomB	11595	defense-finder-models/DefenseFinder/Kongming/Kongming	clust_rep_seq_Kongming_296	1	1	0.667	2.0	1	Kongming__KomB	mandatory	178	1.4e-88	295.0	0.924	0.955	1	170			Kongming	Kongming	Defense
clust_rep_seq	GCF_001675245.1|NZ_CP012739.1|NZ_CP012739.1_1361	Aristaios__Aristaios	11677	defense-finder-models/DefenseFinder/Aristaios/Aristaios	clust_rep_seq_Aristaios_135	1	1	1.0	1.0	1	Aristaios__Aristaios	mandatory	246	4.9e-21	75.1	0.573	0.902	6	227			Aristaios	Aristaios	Defense
clust_rep_seq	GCF_001682175.1|NZ_CP011884.1|NZ_CP011884.1_1190	Aristaios__Aristaios	11699	defense-finder-models/DefenseFinder/Aristaios/Aristaios	clust_rep_seq_Aristaios_136	1	1	1.0	1.0	1	Aristaios__Aristaios	mandatory	262	2.3e-56	191.2	0.604	0.981	2	258			Aristaios	Aristaios	Defense
clust_rep_seq	GCF_002953335.1|NZ_CP014094.1|NZ_CP014094.1_1644	VP1839__VP1839	11758	defense-finder-models/DefenseFinder/VP1839/VP1839	clust_rep_seq_VP1839_508	1	1	1.0	1.0	1	VP1839__VP1839	mandatory	193	2.3e-32	111.5	0.871	0.824	22	180			VP1839	VP1839	Defense
clust_rep_seq	GCF_009665275.1|NZ_CP035689.1|NZ_CP035689.1_507	PD-T4-1__PD-T4-1	11892	defense-finder-models/DefenseFinder/PD-T4-1/PD-T4-1	clust_rep_seq_PD-T4-1_354	1	1	1.0	1.0	1	PD-T4-1__PD-T4-1	mandatory	306	4.4e-74	249.1	0.696	0.971	4	300			PD-T4-1	PD-T4-1	Defense
clust_rep_seq	GCF_009938205.1|NZ_AP019654.1|NZ_AP019654.1_1302	Dag__Dag5	11906	defense-finder-models/DefenseFinder/Dag/Dag	clust_rep_seq_Dag_239	1	1	1.0	1.0	1	Dag__Dag1_VP1840	mandatory	256	1.8e-46	158.3	0.981	0.938	16	255			Dag	Dag	Defense
clust_rep_seq	GCF_010587385.1|NZ_CP047476.1|NZ_CP047476.1_1374	Rugutis__Rugutis	11909	defense-finder-models/DefenseFinder/Rugutis/Rugutis	clust_rep_seq_Rugutis_418	1	1	1.0	1.0	1	Rugutis__Rugutis	mandatory	329	2.2e-65	220.8	0.789	0.93	12	317			Rugutis	Rugutis	Defense
clust_rep_seq	GCF_013357685.1|NZ_CP053803.1|NZ_CP053803.1_508	Lugos__Lugos	11978	defense-finder-models/DefenseFinder/Lugos/Lugos	clust_rep_seq_Lugos_313	1	1	1.0	1.0	1	Lugos__Lugos	mandatory	138	9.3e-26	89.6	0.794	0.971	1	134			Lugos	Lugos	Defense
clust_rep_seq	GCF_013357765.1|NZ_CP053809.1|NZ_CP053809.1_303	PhiR47.1_PanTA__PanT	11988	defense-finder-models/DefenseFinder/PhiR47.1_PanTA/PhiR47.1_PanTA	clust_rep_seq_PhiR47.1_PanTA_378	1	1	1.0	2.0	1	PhiR47.1_PanTA__PanT	mandatory	104	4.1e-17	61.5	0.645	0.788	23	104			PhiR47.1_PanTA	PhiR47.1_PanTA	Defense
clust_rep_seq	GCF_013357765.1|NZ_CP053809.1|NZ_CP053809.1_304	PhiR47.1_PanTA__PanA	11989	defense-finder-models/DefenseFinder/PhiR47.1_PanTA/PhiR47.1_PanTA	clust_rep_seq_PhiR47.1_PanTA_378	1	1	1.0	2.0	1	PhiR47.1_PanTA__PanA	mandatory	167	4.3e-53	179.1	0.775	0.946	5	162			PhiR47.1_PanTA	PhiR47.1_PanTA	Defense
clust_rep_seq	GCF_023277445.1|NZ_CP080238.1|NZ_CP080238.1_220	Aristaios__Aristaios	12032	defense-finder-models/DefenseFinder/Aristaios/Aristaios	clust_rep_seq_Aristaios_137	1	1	1.0	1.0	1	Aristaios__Aristaios	mandatory	235	2e-22	79.6	0.564	0.97	2	229			Aristaios	Aristaios	Defense
clust_rep_seq	GCF_023277445.1|NZ_CP080238.1|NZ_CP080238.1_226	AbiH__AbiH	12036	defense-finder-models/DefenseFinder/AbiH/AbiH	clust_rep_seq_AbiH_27	1	1	1.0	1.0	1	AbiH__AbiH	mandatory	294	5.5999999999999995e-61	206.3	0.996	0.874	5	261			AbiH	AbiH	Defense
clust_rep_seq	GCF_023716545.1|NZ_CP071845.1|NZ_CP071845.1_1191	DS-24__DS-24	12070	defense-finder-models/DefenseFinder/DS-24/DS-24	clust_rep_seq_DS-24_205	1	1	1.0	1.0	1	DS-24__DS-24	mandatory	249	1.4e-78	263.9	0.595	0.643	88	247			DS-24	DS-24	Defense
clust_rep_seq	GCF_024442215.1|NZ_CP050476.1|NZ_CP050476.1_1781	Aristaios__Aristaios	12120	defense-finder-models/DefenseFinder/Aristaios/Aristaios	clust_rep_seq_Aristaios_138	1	1	1.0	1.0	1	Aristaios__Aristaios	mandatory	220	2.5e-20	72.7	0.53	0.914	1	201			Aristaios	Aristaios	Defense
clust_rep_seq	GCF_025917745.1|NZ_CP097873.1|NZ_CP097873.1_1186	VP1826__VP1826	12158	defense-finder-models/DefenseFinder/VP1826/VP1826	clust_rep_seq_VP1826_500	1	1	1.0	1.0	1	VP1826__VP1826	mandatory	304	1.6e-72	244.7	0.711	0.941	1	286			VP1826	VP1826	Defense
clust_rep_seq	GCF_025917745.1|NZ_CP097873.1|NZ_CP097873.1_1189	Dag__Dag16	12159	defense-finder-models/DefenseFinder/Dag/Dag	clust_rep_seq_Dag_240	1	1	1.0	1.0	1	Dag__Dag1_VP1840	mandatory	257	4.9e-95	317.2	0.981	0.992	2	256			Dag	Dag	Defense
clust_rep_seq	GCF_025917745.1|NZ_CP097873.1|NZ_CP097873.1_1209	Aristaios__Aristaios	12163	defense-finder-models/DefenseFinder/Aristaios/Aristaios	clust_rep_seq_Aristaios_139	1	1	1.0	1.0	1	Aristaios__Aristaios	mandatory	267	8.4e-29	100.6	0.564	0.97	6	264			Aristaios	Aristaios	Defense
clust_rep_seq	GCF_033803245.2|NZ_CP184809.1|NZ_CP184809.1_100	Shedu__SduA	12212	defense-finder-models/DefenseFinder/Shedu/Shedu	clust_rep_seq_Shedu_459	1	1	1.0	1.0	1	Shedu__SduA	mandatory	240	6.7e-32	111.0	0.532	0.804	42	234			Shedu	Shedu	Defense
clust_rep_seq	GCF_034428235.1|NZ_CP140102.1|NZ_CP140102.1_1068	Aristaios__Aristaios	12224	defense-finder-models/DefenseFinder/Aristaios/Aristaios	clust_rep_seq_Aristaios_140	1	1	1.0	1.0	1	Aristaios__Aristaios	mandatory	273	1.7999999999999997e-24	86.4	0.592	0.956	3	263			Aristaios	Aristaios	Defense
clust_rep_seq	GCF_034428235.1|NZ_CP140102.1|NZ_CP140102.1_1070	Lugos__Lugos	12225	defense-finder-models/DefenseFinder/Lugos/Lugos	clust_rep_seq_Lugos_314	1	1	1.0	1.0	1	Lugos__Lugos	mandatory	147	1.6e-36	124.6	0.812	0.925	1	136			Lugos	Lugos	Defense
clust_rep_seq	GCF_036351935.1|NZ_CP143559.1|NZ_CP143559.1_1275	CBASS__Cyclase_II	12283	defense-finder-models/DefenseFinder/CBASS/CBASS_I_TM	clust_rep_seq_CBASS_I_TM_172	1	1	1.0	2.0	1	CBASS__Cyclase_SMODS	mandatory	289	2.4e-14	52.7	0.79	0.851	4	249			CBASS	CBASS_I_TM	Defense
clust_rep_seq	GCF_036351935.1|NZ_CP143559.1|NZ_CP143559.1_1276	CBASS__4TM_new	12284	defense-finder-models/DefenseFinder/CBASS/CBASS_I_TM	clust_rep_seq_CBASS_I_TM_172	1	1	1.0	2.0	1	CBASS__Effector_2TM_S_2TMBeta	mandatory	268	1.8e-16	59.9	0.918	0.933	15	264			CBASS	CBASS_I_TM	Defense
clust_rep_seq	GCF_046532695.1|NZ_CP151938.1|NZ_CP151938.1_1086	AbiAlpha__AbiAlpha	12319	defense-finder-models/DefenseFinder/AbiAlpha/AbiAlpha	clust_rep_seq_AbiAlpha_13	1	1	1.0	1.0	1	AbiAlpha__AbiAlpha	mandatory	260	1.9e-15	56.9	0.741	0.581	70	220			AbiAlpha	AbiAlpha	Defense
clust_rep_seq	GCF_046532695.1|NZ_CP151938.1|NZ_CP151938.1_1112	Lugos__Lugos	12327	defense-finder-models/DefenseFinder/Lugos/Lugos	clust_rep_seq_Lugos_315	1	1	1.0	1.0	1	Lugos__Lugos	mandatory	145	9.800000000000001e-33	112.3	0.838	0.979	1	142			Lugos	Lugos	Defense
clust_rep_seq	GCF_046850195.1|NZ_CP133986.1|NZ_CP133986.1_930	Aristaios__Aristaios	12360	defense-finder-models/DefenseFinder/Aristaios/Aristaios	clust_rep_seq_Aristaios_141	1	1	1.0	1.0	1	Aristaios__Aristaios	mandatory	293	2.3e-51	174.8	0.607	0.829	3	245			Aristaios	Aristaios	Defense
clust_rep_seq	GCF_056135565.1|NZ_CM148681.1|NZ_CM148681.1_1275	Esos__VCA0450	12405	defense-finder-models/DefenseFinder/Esos/Esos	clust_rep_seq_Esos_273	1	1	1.0	1.0	1	Esos__VCA0450	mandatory	159	1.1e-19	70.7	0.402	0.912	9	153			Esos	Esos	Defense
clust_rep_seq	GCF_056135565.1|NZ_CM148681.1|NZ_CM148681.1_1282	AbiAlpha__AbiAlpha	12407	defense-finder-models/DefenseFinder/AbiAlpha/AbiAlpha	clust_rep_seq_AbiAlpha_14	1	1	1.0	1.0	1	AbiAlpha__AbiAlpha	mandatory	118	1.1e-07	31.6	0.549	0.814	1	96			AbiAlpha	AbiAlpha	Defense
clust_rep_seq	GCF_056674835.1|NZ_CM155225.1|NZ_CM155225.1_1223	PD-T7-5__PD-T7-5	12417	defense-finder-models/DefenseFinder/PD-T7-5/PD-T7-5	clust_rep_seq_PD-T7-5_374	1	1	1.0	1.0	1	PD-T7-5__PD-T7-5	mandatory	378	2.1e-90	302.7	0.871	0.886	1	335			PD-T7-5	PD-T7-5	Defense
clust_rep_seq	GCF_056824445.1|NZ_CP103957.1|NZ_CP103957.1_1664	Sirona__VCA0356	12429	defense-finder-models/DefenseFinder/Sirona/Sirona	clust_rep_seq_Sirona_469	1	1	1.0	1.0	1	Sirona__VCA0356	mandatory	157	1.7e-16	59.9	0.534	0.904	3	144			Sirona	Sirona	Defense
clust_rep_seq	GCF_056824445.1|NZ_CP103957.1|NZ_CP103957.1_1671	Aristaios__Aristaios	12434	defense-finder-models/DefenseFinder/Aristaios/Aristaios	clust_rep_seq_Aristaios_142	1	1	1.0	1.0	1	Aristaios__Aristaios	mandatory	236	1.4e-35	122.8	0.601	0.983	3	234			Aristaios	Aristaios	Defense
clust_rep_seq	GCF_057368435.1|NZ_CM170639.1|NZ_CM170639.1_1105	AbiC__AbiC	12462	defense-finder-models/DefenseFinder/AbiC/AbiC	clust_rep_seq_AbiC_16	1	1	1.0	1.0	1	AbiC__AbiC	mandatory	320	2.3e-06	26.6	0.588	0.578	59	243			AbiC	AbiC	Defense
clust_rep_seq	GCF_060301545.1|NZ_CM190977.1|NZ_CM190977.1_1274	Sirona__VCA0356	12508	defense-finder-models/DefenseFinder/Sirona/Sirona	clust_rep_seq_Sirona_470	1	1	1.0	1.0	1	Sirona__VCA0356	mandatory	257	5.5e-69	232.1	0.931	0.992	2	256			Sirona	Sirona	Defense
clust_rep_seq	GCF_905175335.1|NZ_HG992751.1|NZ_HG992751.1_1495	Pycsar__AG_cyclase	12520	defense-finder-models/DefenseFinder/Pycsar/Pycsar_TM	clust_rep_seq_Pycsar_TM_382	1	1	1.0	2.0	1	Pycsar__AG_cyclase	mandatory	251	1.8e-49	168.2	0.664	0.813	13	216			Pycsar	Pycsar_TM	Defense
clust_rep_seq	GCF_905175335.1|NZ_HG992751.1|NZ_HG992751.1_1496	CBASS__2TM_5	12521	defense-finder-models/DefenseFinder/Pycsar/Pycsar_TM	clust_rep_seq_Pycsar_TM_382	1	1	1.0	2.0	1	CBASS__Effector_2TM_S_2TMBeta	mandatory	171	3.1000000000000002e-27	94.8	0.919	0.959	3	166			Pycsar	Pycsar_TM	Defense
clust_rep_seq	GCF_905175335.1|NZ_HG992751.1|NZ_HG992751.1_1524	Lugos__Lugos	12528	defense-finder-models/DefenseFinder/Lugos/Lugos	clust_rep_seq_Lugos_316	1	1	1.0	1.0	1	Lugos__Lugos	mandatory	133	2.4e-23	81.8	0.781	0.97	2	130			Lugos	Lugos	Defense
clust_rep_seq	GCF_905175335.1|NZ_HG992751.1|NZ_HG992751.1_1537	Aristaios__Aristaios	12532	defense-finder-models/DefenseFinder/Aristaios/Aristaios	clust_rep_seq_Aristaios_143	1	1	1.0	1.0	1	Aristaios__Aristaios	mandatory	281	3.2e-51	174.3	0.595	0.986	2	278			Aristaios	Aristaios	Defense
clust_rep_seq	GCF_905175355.1|NZ_HG992742.1|NZ_HG992742.1_1416	Aristaios__Aristaios	12543	defense-finder-models/DefenseFinder/Aristaios/Aristaios	clust_rep_seq_Aristaios_144	1	1	1.0	1.0	1	Aristaios__Aristaios	mandatory	251	1.1e-35	123.2	0.427	0.813	38	241			Aristaios	Aristaios	Defense
clust_rep_seq	GCF_948151475.1|NZ_OX411212.1|NZ_OX411212.1_1325	Shedu__SduA	12559	defense-finder-models/DefenseFinder/Shedu/Shedu	clust_rep_seq_Shedu_460	1	1	1.0	1.0	1	Shedu__SduA	mandatory	356	5e-46	157.5	0.763	0.86	42	347			Shedu	Shedu	Defense
clust_rep_seq	GCF_948151475.1|NZ_OX411212.1|NZ_OX411212.1_1339	Rugutis__Rugutis	12561	defense-finder-models/DefenseFinder/Rugutis/Rugutis	clust_rep_seq_Rugutis_419	1	1	1.0	1.0	1	Rugutis__Rugutis	mandatory	393	2.7e-96	322.6	0.853	0.893	23	373			Rugutis	Rugutis	Defense
clust_rep_seq	GCF_964264695.1|NZ_OZ183474.1|NZ_OZ183474.1_376	PD-T7-5__PD-T7-5	12569	defense-finder-models/DefenseFinder/PD-T7-5/PD-T7-5	clust_rep_seq_PD-T7-5_375	1	1	1.0	1.0	1	PD-T7-5__PD-T7-5	mandatory	369	5.4e-92	308.0	0.905	0.935	2	346			PD-T7-5	PD-T7-5	Defense
clust_rep_seq	GCF_964264695.1|NZ_OZ183474.1|NZ_OZ183474.1_390	CapRel__CapRel	12575	defense-finder-models/DefenseFinder/CapRel/CapRel	clust_rep_seq_CapRel_177	1	1	1.0	1.0	1	CapRel__CapRel	mandatory	354	1.8000000000000002e-81	273.7	0.976	0.977	1	346			CapRel	CapRel	Defense
clust_rep_seq	GCF_964264695.1|NZ_OZ183474.1|NZ_OZ183474.1_430	Shedu__SduA	12590	defense-finder-models/DefenseFinder/Shedu/Shedu	clust_rep_seq_Shedu_461	1	1	1.0	1.0	1	Shedu__SduA	mandatory	408	3.9e-21	75.6	0.487	0.422	232	403			Shedu	Shedu	Defense
clust_rep_seq	GCF_023716605.1|NZ_CP071852.1|NZ_CP071852.1_1954	AbiD__AbiD	12611	defense-finder-models/DefenseFinder/AbiD/AbiD	clust_rep_seq_AbiD_19	1	1	1.0	1.0	1	AbiD__AbiD	mandatory	317	3.7e-62	210.1	0.916	0.968	4	310			AbiD	AbiD	Defense
clust_rep_seq	GCF_023716665.1|NZ_CP071860.1|NZ_CP071860.1_925	Shedu__SduA	12635	defense-finder-models/DefenseFinder/Shedu/Shedu	clust_rep_seq_Shedu_462	1	1	1.0	1.0	1	Shedu__SduA	mandatory	373	1.5999999999999998e-53	182.1	0.758	0.753	92	372			Shedu	Shedu	Defense
clust_rep_seq	GCF_023983475.1|NZ_CP092713.1|NZ_CP092713.1_954	Thoeris__ThsA_MacroTM	12662	defense-finder-models/DefenseFinder/Thoeris/Thoeris_II	clust_rep_seq_Thoeris_II_477	1	1	1.0	2.0	1	Thoeris__ThsA_MacroTM	mandatory	275	3.9e-77	258.9	0.95	0.978	5	273			Thoeris	Thoeris_II	Defense
clust_rep_seq	GCF_023983475.1|NZ_CP092713.1|NZ_CP092713.1_955	Thoeris__ThsB_3	12663	defense-finder-models/DefenseFinder/Thoeris/Thoeris_II	clust_rep_seq_Thoeris_II_477	1	1	1.0	2.0	1	Thoeris__ThsB_3	mandatory	188	1.0999999999999999e-53	181.1	0.994	0.995	1	187			Thoeris	Thoeris_II	Defense
clust_rep_seq	GCF_025917705.1|NZ_CP097355.1|NZ_CP097355.1_1736	AbiV__AbiV	12704	defense-finder-models/DefenseFinder/AbiV/AbiV	clust_rep_seq_AbiV_41	1	1	1.0	1.0	1	AbiV__AbiV	mandatory	193	1.1e-07	31.5	0.687	0.741	12	154			AbiV	AbiV	Defense
clust_rep_seq	GCF_025917705.1|NZ_CP097355.1|NZ_CP097355.1_1744	Aristaios__Aristaios	12706	defense-finder-models/DefenseFinder/Aristaios/Aristaios	clust_rep_seq_Aristaios_145	1	1	1.0	1.0	1	Aristaios__Aristaios	mandatory	256	1.3e-53	182.1	0.607	0.957	9	253			Aristaios	Aristaios	Defense
clust_rep_seq	GCF_026651645.1|NZ_CP033457.1|NZ_CP033457.1_483	Dag__Dag13	12742	defense-finder-models/DefenseFinder/Dag/Dag	clust_rep_seq_Dag_241	1	1	1.0	1.0	1	Dag__Dag1_VP1840	mandatory	272	6.1e-103	344.4	0.693	0.996	1	271			Dag	Dag	Defense
clust_rep_seq	GCF_026651645.1|NZ_CP033457.1|NZ_CP033457.1_511	DRT9__DRT9	12747	defense-finder-models/DefenseFinder/DRT/DRT9	clust_rep_seq_DRT9_190	1	1	0.5	1.0	1	DRT9__DRT9	mandatory	498	3.9e-219	728.0	1.0	0.994	3	497			DRT	DRT9	Defense
clust_rep_seq	GCF_027286325.1|NZ_CP114588.1|NZ_CP114588.1_1517	mEp332_T2SS_GspM__T2SS_GspM	12758	defense-finder-models/DefenseFinder/mEp332_T2SS_GspM/mEp332_T2SS_GspM	clust_rep_seq_mEp332_T2SS_GspM_543	1	1	1.0	1.0	1	mEp332_T2SS_GspM__T2SS_GspM	mandatory	302	2.4e-36	125.0	0.985	0.997	1	301			mEp332_T2SS_GspM	mEp332_T2SS_GspM	Defense
clust_rep_seq	GCF_027924725.1|NZ_AP027045.1|NZ_AP027045.1_1872	Aristaios__Aristaios	12786	defense-finder-models/DefenseFinder/Aristaios/Aristaios	clust_rep_seq_Aristaios_146	1	1	1.0	1.0	1	Aristaios__Aristaios	mandatory	267	3.6e-56	190.5	0.623	0.944	3	254			Aristaios	Aristaios	Defense
clust_rep_seq	GCF_028885545.1|NZ_CP118530.1|NZ_CP118530.1_1235	Esos__VCA0450	12796	defense-finder-models/DefenseFinder/Esos/Esos	clust_rep_seq_Esos_274	1	1	1.0	1.0	1	Esos__VCA0450	mandatory	163	1.3e-20	73.8	0.42	0.859	11	150			Esos	Esos	Defense
clust_rep_seq	GCF_049384865.1|NZ_JAIWIW010000001.1|NZ_JAIWIW010000001.1_1355	Aristaios__Aristaios	12806	defense-finder-models/DefenseFinder/Aristaios/Aristaios	clust_rep_seq_Aristaios_147	1	1	1.0	1.0	1	Aristaios__Aristaios	mandatory	288	4.1000000000000004e-22	78.6	0.573	0.917	9	272			Aristaios	Aristaios	Defense
clust_rep_seq	GCF_049816175.1|NZ_CP187434.1|NZ_CP187434.1_1286	Shedu__SduA	12809	defense-finder-models/DefenseFinder/Shedu/Shedu	clust_rep_seq_Shedu_463	1	1	1.0	1.0	1	Shedu__SduA	mandatory	459	1.9e-51	175.3	0.648	0.586	184	452			Shedu	Shedu	Defense
clust_rep_seq	GCF_049816605.1|NZ_CP187437.1|NZ_CP187437.1_1695	VP1839__VP1839	12817	defense-finder-models/DefenseFinder/VP1839/VP1839	clust_rep_seq_VP1839_509	1	1	1.0	1.0	1	VP1839__VP1839	mandatory	183	1.0999999999999998e-24	86.5	0.887	0.918	8	175			VP1839	VP1839	Defense
clust_rep_seq	GCF_050507685.1|NZ_CP191479.1|NZ_CP191479.1_1443	Gao_Ape__ApeA	12827	defense-finder-models/DefenseFinder/Gao_Ape/Gao_Ape	clust_rep_seq_Gao_Ape_286	1	1	1.0	1.0	1	Gao_Ape__ApeA	mandatory	585	4.5e-09	34.9	0.968	0.966	7	571			Gao_Ape	Gao_Ape	Defense
clust_rep_seq	GCF_051132235.1|NZ_CP072677.1|NZ_CP072677.1_1719	Aristaios__Aristaios	12843	defense-finder-models/DefenseFinder/Aristaios/Aristaios	clust_rep_seq_Aristaios_148	1	1	1.0	1.0	1	Aristaios__Aristaios	mandatory	259	9.9e-16	57.6	0.53	0.965	1	250			Aristaios	Aristaios	Defense
clust_rep_seq	GCF_051132235.1|NZ_CP072677.1|NZ_CP072677.1_1748	VP1839__VP1839	12847	defense-finder-models/DefenseFinder/VP1839/VP1839	clust_rep_seq_VP1839_510	1	1	1.0	1.0	1	VP1839__VP1839	mandatory	113	3.2e-15	55.6	0.511	0.894	4	104			VP1839	VP1839	Defense
clust_rep_seq	GCF_051132235.1|NZ_CP072677.1|NZ_CP072677.1_1777	PD-T4-7__PD-T4-7	12857	defense-finder-models/DefenseFinder/PD-T4-7/PD-T4-7	clust_rep_seq_PD-T4-7_364	1	1	1.0	1.0	1	PD-T4-7__PD-T4-7	mandatory	303	4.8e-42	143.6	0.827	0.842	38	292			PD-T4-7	PD-T4-7	Defense
clust_rep_seq	GCF_057439695.1|NZ_CM171984.1|NZ_CM171984.1_1181	Aristaios__Aristaios	12908	defense-finder-models/DefenseFinder/Aristaios/Aristaios	clust_rep_seq_Aristaios_149	1	1	1.0	1.0	1	Aristaios__Aristaios	mandatory	280	2.9e-52	177.7	0.614	0.964	3	272			Aristaios	Aristaios	Defense
clust_rep_seq	GCF_057439825.1|NZ_CM171998.1|NZ_CM171998.1_1273	Sirona__VCA0356	12925	defense-finder-models/DefenseFinder/Sirona/Sirona	clust_rep_seq_Sirona_471	1	1	1.0	1.0	1	Sirona__VCA0356	mandatory	223	8.099999999999999e-82	274.2	0.787	0.982	1	219			Sirona	Sirona	Defense
clust_rep_seq	GCF_057439825.1|NZ_CM171998.1|NZ_CM171998.1_1296	FS_GIY_YIG__GIY_YIG	12928	defense-finder-models/DefenseFinder/FS_GIY_YIG/FS_GIY_YIG	clust_rep_seq_FS_GIY_YIG_280	1	1	1.0	1.0	1	FS_GIY_YIG__GIY_YIG	mandatory	335	1.9e-161	536.3	0.991	0.991	3	334			FS_GIY_YIG	FS_GIY_YIG	Defense
clust_rep_seq	GCF_057730815.1|NZ_CM173199.1|NZ_CM173199.1_941	AbiAlpha__AbiAlpha	12951	defense-finder-models/DefenseFinder/AbiAlpha/AbiAlpha	clust_rep_seq_AbiAlpha_15	1	1	1.0	1.0	1	AbiAlpha__AbiAlpha	mandatory	258	2.9e-10	39.9	0.705	0.5	55	183			AbiAlpha	AbiAlpha	Defense
clust_rep_seq	GCF_057730825.1|NZ_CM173203.1|NZ_CM173203.1_108	CBASS__Effector_2TM_S_2TMBeta	12984	defense-finder-models/DefenseFinder/CBASS/CBASS_I_TM	clust_rep_seq_CBASS_I_TM_173	1	1	1.0	2.0	1	CBASS__Effector_2TM_S_2TMBeta	mandatory	200	3.9e-48	163.0	0.983	0.88	19	194			CBASS	CBASS_I_TM	Defense
clust_rep_seq	GCF_057730825.1|NZ_CM173203.1|NZ_CM173203.1_109	CBASS__Cyclase_new	12985	defense-finder-models/DefenseFinder/CBASS/CBASS_I_TM	clust_rep_seq_CBASS_I_TM_173	1	1	1.0	2.0	1	CBASS__Cyclase_SMODS	mandatory	367	9e-127	422.5	0.992	0.995	2	366			CBASS	CBASS_I_TM	Defense
clust_rep_seq	GCF_001995825.2|NZ_CP065151.1|NZ_CP065151.1_1313	SEFIR__bSEFIR	13015	defense-finder-models/DefenseFinder/SEFIR/SEFIR	clust_rep_seq_SEFIR_428	1	1	1.0	1.0	1	SEFIR__bSEFIR	mandatory	246	5.7e-83	279.4	0.539	0.874	1	215			SEFIR	SEFIR	Defense
clust_rep_seq	GCF_001995825.2|NZ_CP065151.1|NZ_CP065151.1_1269	Aristaios__Aristaios	13021	defense-finder-models/DefenseFinder/Aristaios/Aristaios	clust_rep_seq_Aristaios_150	1	1	1.0	1.0	1	Aristaios__Aristaios	mandatory	270	4.7e-45	154.0	0.611	0.993	1	268			Aristaios	Aristaios	Defense
clust_rep_seq	GCF_001996365.2|NZ_CP043421.1|NZ_CP043421.1_1335	PD-T7-4__PD-T7-4	13034	defense-finder-models/DefenseFinder/RAZR/RAZR	clust_rep_seq_RAZR_388	1	1	1.0	1.0	1	PD-T7-4__PD-T7-4	mandatory	221	3.4999999999999997e-68	228.7	0.986	0.973	1	215			RAZR	RAZR	Defense
clust_rep_seq	GCF_002021755.1|NZ_CP019959.1|NZ_CP019959.1_2853	Aristaios__Aristaios	13081	defense-finder-models/DefenseFinder/Aristaios/Aristaios	clust_rep_seq_Aristaios_151	1	1	1.0	1.0	1	Aristaios__Aristaios	mandatory	319	2.3e-21	76.2	0.514	0.903	5	292			Aristaios	Aristaios	Defense
clust_rep_seq	GCF_002211985.1|NZ_CP022102.1|NZ_CP022102.1_473	DarTG__DarT	13103	defense-finder-models/DefenseFinder/DarTG/DarTG	clust_rep_seq_DarTG_248	1	1	1.0	2.0	1	DarTG__DarT	mandatory	446	2.9e-41	141.0	0.98	0.433	13	205			DarTG	DarTG	Defense
clust_rep_seq	GCF_002211985.1|NZ_CP022102.1|NZ_CP022102.1_474	DarTG__DarG	13104	defense-finder-models/DefenseFinder/DarTG/DarTG	clust_rep_seq_DarTG_248	1	1	1.0	2.0	1	DarTG__DarG	mandatory	379	6.3e-19	68.2	0.799	0.464	1	176			DarTG	DarTG	Defense
clust_rep_seq	GCF_002212005.1|NZ_CP022100.1|NZ_CP022100.1_540	Aristaios__Aristaios	13122	defense-finder-models/DefenseFinder/Aristaios/Aristaios	clust_rep_seq_Aristaios_152	1	1	1.0	1.0	1	Aristaios__Aristaios	mandatory	282	2.5e-23	82.6	0.598	0.926	21	281			Aristaios	Aristaios	Defense
clust_rep_seq	GCF_002215135.1|NZ_CP014636.1|NZ_CP014636.1_1315	Esos__VCA0450	13166	defense-finder-models/DefenseFinder/Esos/Esos	clust_rep_seq_Esos_275	1	1	1.0	1.0	1	Esos__VCA0450	mandatory	162	2.4e-66	224.1	0.505	0.994	1	161			Esos	Esos	Defense
