accession,replicon,integron,type,intI,attC,cassettes,start,end,span_kb
GCF_000006745.1,NC_002506.1,integron_01,complete,yes,171,170,309750,435387,125.6
GCF_000009745.1,NC_005139.1,integron_01,complete,yes,186,185,1792926,1930904,138.0
GCF_000011805.1,NC_006841.2,integron_01,complete,yes,30,29,706054,736001,29.9
GCF_000011805.1,NC_006842.1,integron_01,CALIN,no,2,1,16781,25981,9.2
GCF_000016245.1,NC_009456.1,integron_01,CALIN,no,17,16,799858,813432,13.6
GCF_000016245.1,NC_009456.1,integron_02,complete,yes,110,109,833458,916350,82.9
GCF_000017705.1,NC_009783.1,integron_01,In0,yes,0,0,1995702,1996658,1.0
GCF_000021605.1,NC_012580.1,integron_01,complete,yes,132,131,310949,409402,98.5
GCF_000021625.1,NC_012583.1,integron_01,complete,yes,113,112,344619,430484,85.9
GCF_000021625.1,NC_012583.1,integron_02,CALIN,no,17,16,450510,464084,13.6
GCF_000022585.1,NC_012668.1,integron_01,complete,yes,1,0,2970831,2976303,5.5
GCF_000022585.1,NC_012667.1,integron_01,CALIN,no,8,7,931766,938266,6.5
GCF_000022585.1,NC_012667.1,integron_02,complete,yes,123,122,958376,1050596,92.2
GCF_000024825.1,NC_013456.1,integron_01,complete,yes,57,56,1744165,1786043,41.9
GCF_000024825.1,NC_013456.1,integron_02,CALIN,no,20,19,1822828,1842877,20.0
GCF_000024825.1,NC_013456.1,integron_03,CALIN,no,3,2,1854535,1857313,2.8
GCF_000039765.1,NC_004459.3,integron_01,complete,yes,203,202,2438314,2589649,151.3
GCF_000091465.1,NC_011753.2,integron_01,CALIN,no,2,1,1367940,1370039,2.1
GCF_000091465.1,NC_011753.2,integron_02,complete,yes,8,7,2015680,2033786,18.1
GCF_000091465.1,NC_011744.2,integron_01,CALIN,no,3,2,904385,908214,3.8
GCF_000166455.1,NC_016445.1,integron_01,complete,yes,1,0,165005,170477,5.5
GCF_000166455.1,NC_016446.1,integron_01,complete,yes,131,130,36195,135928,99.7
GCF_000184325.1,NC_016602.1,integron_01,CALIN,no,2,1,1423689,1432897,9.2
GCF_000184325.1,NC_016628.1,integron_01,complete,yes,58,57,3,1621672,1621.7
GCF_000186585.1,NC_014965.1,integron_01,complete,yes,181,180,1434218,1558944,124.7
GCF_000186585.1,NC_014966.1,integron_01,CALIN,no,2,1,336803,339020,2.2
GCF_000196095.1,NC_004603.1,integron_01,complete,yes,66,65,1901751,1949243,47.5
GCF_000196255.1,,,none,no,0,0,0,0,0
GCF_000196495.1,NC_011312.1,integron_01,CALIN,no,2,1,1575814,1578010,2.2
GCF_000196495.1,NC_011312.1,integron_02,CALIN,no,6,5,1744395,1751049,6.7
GCF_000196495.1,NC_011313.1,integron_01,complete,yes,17,16,593499,615361,21.9
GCF_000217675.1,NC_015637.1,integron_01,complete,yes,64,63,555,987961,987.4
GCF_000217675.1,NC_015637.1,integron_02,CALIN,no,11,10,945057,951392,6.3
GCF_000217675.1,NC_015637.1,integron_03,CALIN,no,9,8,983505,988102,4.6
GCF_000241385.1,NC_016613.1,integron_01,CALIN,no,14,13,1964268,1975226,11.0
GCF_000241385.1,NC_016613.1,integron_02,complete,yes,12,11,2144374,2154079,9.7
GCF_000250855.1,NC_016945.1,integron_01,complete,yes,171,170,309717,435206,125.5
GCF_000256265.3,NZ_CP166824.1,integron_01,CALIN,no,3,2,1850889,1856609,5.7
GCF_000256265.3,NZ_CP166825.1,integron_01,CALIN,no,4,3,16099,20148,4.0
GCF_000256265.3,NZ_CP166825.1,integron_02,CALIN,no,2,1,1657433,1659369,1.9
GCF_000275645.1,NZ_AKGH01000001.1,integron_01,complete,yes,1,0,365249,370721,5.5
GCF_000275645.1,NZ_AKGH01000002.1,integron_01,complete,yes,131,130,942355,1043390,101.0
GCF_000328405.1,NC_019955.1,integron_01,complete,yes,74,73,1853353,1911047,57.7
GCF_000328405.1,NC_019955.1,integron_02,CALIN,no,2,1,3249497,3252305,2.8
GCF_000354175.2,NC_022349.1,integron_01,CALIN,no,4,3,905535,909742,4.2
GCF_000354175.2,NC_022349.1,integron_02,complete,yes,80,79,942197,1010801,68.6
GCF_000430405.1,NC_021847.1,integron_01,CALIN,no,24,23,2233756,2261990,28.2
GCF_000430405.1,NC_021847.1,integron_02,complete,yes,71,70,2272433,2330797,58.4
GCF_000430425.1,NC_021848.1,integron_01,complete,yes,118,117,923397,1013491,90.1
GCF_000462975.1,NC_022224.1,integron_01,complete,yes,64,63,556,987960,987.4
GCF_000462975.1,NC_022224.1,integron_02,CALIN,no,11,10,945053,951388,6.3
GCF_000462975.1,NC_022224.1,integron_03,CALIN,no,9,8,983504,988101,4.6
GCF_000464435.1,NC_022269.1,integron_01,In0,yes,0,0,733162,734118,1.0
GCF_000568495.1,NZ_CP007004.1,integron_01,complete,yes,113,112,1500806,1604512,103.7
GCF_000746665.1,NZ_CP009261.1,integron_01,complete,yes,82,81,1790432,1855409,65.0
GCF_000763535.1,NZ_CP009264.1,integron_01,In0,yes,0,0,1188376,1189341,1.0
GCF_000763535.1,NZ_CP009264.1,integron_02,CALIN,no,8,7,1813557,1820911,7.4
GCF_000763535.1,NZ_CP009266.1,integron_01,CALIN,no,5,4,57052,64144,7.1
GCF_000765415.1,NZ_CP007634.1,integron_01,complete,yes,1,0,159929,165401,5.5
GCF_000765415.1,NZ_CP007635.1,integron_01,complete,yes,131,130,36117,137166,101.0
GCF_000765415.1,NZ_CP007636.1,integron_01,complete,yes,2,1,132196,137877,5.7
GCF_000770115.1,NZ_CP009467.1,integron_01,complete,yes,92,91,2307992,2400792,92.8
GCF_000772065.1,NZ_CP009617.1,integron_01,CALIN,no,32,31,1287321,1312162,24.8
GCF_000772065.1,NZ_CP009620.1,integron_01,CALIN,no,5,4,110433,119002,8.6
GCF_000772065.1,NZ_CP009620.1,integron_02,CALIN,no,4,3,248135,256961,8.8
GCF_000772105.1,NZ_CP009354.1,integron_01,CALIN,no,14,13,1682828,1697824,15.0
GCF_000772105.1,NZ_CP009355.1,integron_01,complete,yes,14,13,1057593,1070578,13.0
GCF_000772105.1,NZ_CP009356.1,integron_01,CALIN,no,7,6,100936,109156,8.2
GCF_000786425.1,NZ_LK021129.1,integron_01,complete,yes,59,58,427965,481055,53.1
GCF_000786425.1,NZ_LK021129.1,integron_02,CALIN,no,12,11,541158,552938,11.8
GCF_000786425.1,NZ_LK021129.1,integron_03,CALIN,no,16,15,572414,584700,12.3
GCF_000788715.2,NZ_CP012997.1,integron_01,complete,yes,148,147,828501,941266,112.8
GCF_000801275.2,NC_022528.1,integron_01,CALIN,no,2,1,1634756,1636151,1.4
GCF_000801275.2,NC_022528.1,integron_02,complete,yes,6,5,3435052,3443621,8.6
GCF_000801275.2,NC_022543.1,integron_01,CALIN,no,3,2,573822,575757,1.9
GCF_000829215.1,NZ_AP014525.1,integron_01,complete,yes,194,193,302809,445205,142.4
GCF_000963555.1,NZ_CP009042.1,integron_01,complete,yes,1,0,770943,776415,5.5
GCF_000963555.1,NZ_CP009041.1,integron_01,complete,yes,131,130,309780,409516,99.7
GCF_000969235.1,NZ_CP010811.1,integron_01,complete,yes,43,42,1721457,1758901,37.4
GCF_000969235.1,NZ_CP010811.1,integron_02,CALIN,no,48,47,2722425,2769924,47.5
GCF_000969265.1,NZ_CP010812.1,integron_01,complete,yes,88,87,737116,820081,83.0
GCF_000969265.1,NZ_CP010812.1,integron_02,CALIN,no,3,2,739066,741713,2.6
GCF_001188185.2,NZ_CP026041.1,integron_01,complete,yes,103,102,1814678,1902714,88.0
GCF_001188185.2,NZ_CP026041.1,integron_02,CALIN,no,2,1,2345690,2347959,2.3
GCF_001244315.1,NZ_CP009982.1,integron_01,complete,yes,125,124,1277583,1380705,103.1
GCF_001250235.2,NZ_LT907990.1,integron_01,complete,yes,171,170,309746,435385,125.6
GCF_001262735.2,NZ_CP169261.1,integron_01,complete,yes,103,102,2214891,2312731,97.8
GCF_001304775.1,NZ_CP009765.1,integron_01,complete,yes,258,257,1824883,2012098,187.2
GCF_001310575.2,NZ_CP045859.1,integron_01,complete,yes,72,71,1437556,1502611,65.1
GCF_001318185.1,NZ_CP006947.1,integron_01,complete,yes,1,0,2392532,2398004,5.5
GCF_001318185.1,NZ_CP006948.1,integron_01,complete,yes,131,130,309725,410760,101.0
GCF_001433415.1,NZ_CP009847.1,integron_01,CALIN,no,4,3,1927738,1932487,4.7
GCF_001433415.1,NZ_CP009847.1,integron_02,complete,yes,107,106,1936101,2018656,82.6
GCF_001433415.1,NZ_CP009849.1,integron_01,CALIN,no,4,3,13517,16837,3.3
GCF_001433435.1,NZ_CP009984.1,integron_01,complete,yes,222,221,1345144,1513803,168.7
GCF_001433435.1,NZ_CP009985.1,integron_01,CALIN,no,2,1,377686,381087,3.4
GCF_001456255.1,NZ_CP009977.1,integron_01,complete,yes,5,4,971752,977614,5.9
GCF_001469735.1,NZ_CP013484.1,integron_01,CALIN,no,8,7,968145,974513,6.4
GCF_001469735.1,NZ_CP013484.1,integron_02,complete,yes,59,58,1033521,1079954,46.4
GCF_001469735.1,NZ_CP013486.1,integron_01,CALIN,no,2,1,102298,104017,1.7
GCF_001469735.1,NZ_CP013487.1,integron_01,CALIN,no,3,2,231617,234836,3.2
GCF_001547935.1,NZ_AP014636.1,integron_01,CALIN,no,3,2,655991,659450,3.5
GCF_001547935.1,NZ_AP014636.1,integron_02,CALIN,no,4,3,768963,779145,10.2
GCF_001547935.1,NZ_AP014635.1,integron_01,complete,yes,2,1,2155799,2164232,8.4
GCF_001558255.2,NZ_CP014056.2,integron_01,complete,yes,1,0,2645520,2654464,8.9
GCF_001558415.2,NZ_CP014034.2,integron_01,CALIN,no,2,1,536772,539494,2.7
GCF_001558415.2,NZ_CP014034.2,integron_02,complete,yes,2,1,1194431,1197654,3.2
GCF_001558435.2,NZ_CP014038.2,integron_01,complete,yes,102,101,502921,600367,97.4
GCF_001558475.2,NZ_CP014042.2,integron_01,complete,yes,185,184,1086581,1230683,144.1
GCF_001558495.2,NZ_CP014046.2,integron_01,complete,yes,108,107,2145778,2221681,75.9
GCF_001558495.2,NZ_CP014046.2,integron_02,CALIN,no,35,34,2231942,2254185,22.2
GCF_001558515.2,NZ_CP014048.2,integron_01,CALIN,no,2,1,132803,134831,2.0
GCF_001558515.2,NZ_CP014049.2,integron_01,complete,yes,303,302,1224520,1425467,200.9
GCF_001636035.1,NZ_CP011406.1,integron_01,complete,yes,102,101,2050242,2138452,88.2
GCF_001636035.1,NZ_CP011406.1,integron_02,CALIN,no,2,1,2206785,2209211,2.4
GCF_001653775.1,NZ_CP011775.1,integron_01,complete,yes,222,221,1617761,1786420,168.7
GCF_001653775.1,NZ_CP011776.1,integron_01,CALIN,no,2,1,377497,380898,3.4
GCF_001675245.1,NZ_CP012739.1,integron_01,complete,yes,257,256,1431925,1601873,169.9
GCF_001675245.1,NZ_CP012740.1,integron_01,CALIN,no,2,1,355039,359080,4.0
GCF_001677275.1,NZ_CP016177.1,integron_01,CALIN,no,2,1,1298545,1301376,2.8
GCF_001679745.1,NZ_CP016224.1,integron_01,complete,yes,14,13,1835004,1857273,22.3
GCF_001679745.1,NZ_CP016224.1,integron_02,CALIN,no,5,4,2583671,2592439,8.8
GCF_001680025.1,NZ_CP016345.1,integron_01,CALIN,no,4,3,1935500,1939609,4.1
GCF_001680045.1,NZ_CP016347.1,integron_01,CALIN,no,4,3,1434898,1437511,2.6
GCF_001680065.1,NZ_CP016349.1,integron_01,CALIN,no,7,6,121251,129928,8.7
GCF_001680065.1,NZ_CP016349.1,integron_02,complete,yes,17,16,2125924,2140410,14.5
GCF_001680085.1,NZ_CP016351.1,integron_01,complete,yes,5,4,2059123,2065190,6.1
GCF_001680085.1,NZ_CP016352.1,integron_01,CALIN,no,3,2,875990,882878,6.9
GCF_001680085.1,NZ_CP016352.1,integron_02,CALIN,no,11,10,1311179,1322960,11.8
GCF_001680085.1,NZ_CP016352.1,integron_03,CALIN,no,3,2,1343701,1346790,3.1
GCF_001682175.1,NZ_CP011884.1,integron_01,complete,yes,167,166,1307047,1428119,121.1
GCF_001682175.1,NZ_CP011884.1,integron_02,CALIN,no,3,2,1837217,1839288,2.1
GCF_001683415.1,NZ_CP016325.1,integron_01,complete,yes,193,192,309323,451434,142.1
GCF_001685465.1,NZ_CP016308.1,integron_01,CALIN,no,15,14,1090802,1101074,10.3
GCF_001685465.1,NZ_CP016308.1,integron_02,CALIN,no,68,67,1121237,1166922,45.7
GCF_001685465.1,NZ_CP016308.1,integron_03,In0,yes,0,0,1385596,1386576,1.0
GCF_001687805.1,NZ_CP016415.1,integron_01,CALIN,no,89,88,258747,321234,62.5
GCF_001687805.1,NZ_CP016415.1,integron_02,In0,yes,0,0,919172,920134,1.0
GCF_001693615.1,NZ_CP016556.1,integron_01,CALIN,no,32,31,541734,572007,30.3
GCF_001693615.1,NZ_CP016556.1,integron_02,In0,yes,0,0,3416553,3417515,1.0
GCF_001695575.2,NZ_CM177875.1,integron_01,CALIN,no,19,18,2264223,2278940,14.7
GCF_001695575.2,NZ_CM177876.1,integron_01,complete,yes,17,16,396059,411888,15.8
GCF_001695575.2,NZ_LUAX02000002.1,integron_01,CALIN,no,6,5,5637,11802,6.2
GCF_001700835.1,NZ_CP010883.1,integron_01,complete,yes,21,20,2001788,2019164,17.4
GCF_001700835.1,NZ_CP010886.1,integron_01,CALIN,no,45,44,1,83465,83.5
GCF_001708035.2,,,none,no,0,0,0,0,0
GCF_001758605.1,NZ_CP012950.1,integron_01,complete,yes,48,47,1348319,1382094,33.8
GCF_001758605.1,NZ_CP012950.1,integron_02,CALIN,no,23,22,1394937,1410992,16.1
GCF_001758605.1,NZ_CP012950.1,integron_03,CALIN,no,29,28,1421636,1444097,22.5
GCF_001767355.1,NZ_CP016384.1,integron_01,complete,yes,91,90,41,1270905,1270.9
GCF_001854425.1,NZ_CP013013.1,integron_01,complete,yes,148,147,829699,942463,112.8
GCF_001879585.1,NZ_CP013248.1,integron_01,CALIN,no,19,18,1948956,1964511,15.6
GCF_001879585.1,NZ_CP013248.1,integron_02,complete,yes,119,118,1975071,2075156,100.1
GCF_001887055.1,NZ_CP013826.1,integron_01,complete,yes,125,124,1284974,1388096,103.1
GCF_001887395.1,NZ_CP013302.1,integron_01,complete,yes,221,220,309774,468910,159.1
GCF_001887415.1,NZ_CP013312.1,integron_01,complete,yes,207,206,693791,843158,149.4
GCF_001887435.1,NZ_CP013304.1,integron_01,complete,yes,164,163,309816,427298,117.5
GCF_001887455.1,NZ_CP013306.1,integron_01,complete,yes,218,217,309821,463174,153.4
GCF_001887475.1,NZ_CP013308.1,integron_01,complete,yes,193,192,309168,451279,142.1
GCF_001887495.1,NZ_CP013310.1,integron_01,complete,yes,215,214,440614,596283,155.7
GCF_001887515.1,NZ_CP013318.1,integron_01,complete,yes,204,203,343365,496457,153.1
GCF_001887615.1,NZ_CP013320.1,integron_01,complete,yes,169,168,309782,435862,126.1
GCF_001887635.1,NZ_CP013316.1,integron_01,complete,yes,177,176,93061,221594,128.5
GCF_001887655.1,NZ_CP013314.1,integron_01,complete,yes,220,219,309780,468088,158.3
GCF_001908435.2,NZ_CP018680.2,integron_01,complete,yes,83,82,1209479,1282830,73.4
GCF_001908435.2,NZ_CP018681.2,integron_01,CALIN,no,6,5,1330748,1338354,7.6
GCF_001908435.2,NZ_CP018682.2,integron_01,CALIN,no,2,1,8935,11012,2.1
GCF_001908435.2,NZ_CP018684.2,integron_01,CALIN,no,6,5,9631,14004,4.4
GCF_001952955.1,NZ_CP019119.1,integron_01,complete,yes,4,3,720948,725304,4.4
GCF_001952955.1,NZ_CP019119.1,integron_02,CALIN,no,2,1,766972,768451,1.5
GCF_001952955.1,NZ_CP019119.1,integron_03,CALIN,no,2,1,1511177,1523473,12.3
GCF_001969325.1,NZ_CP019293.1,integron_01,complete,yes,89,88,1369961,1451105,81.1
GCF_001995825.2,NZ_CP065150.1,integron_01,complete,yes,41,40,2678568,2705755,27.2
GCF_001995825.2,NZ_CP065150.1,integron_02,CALIN,no,50,49,2974765,3008428,33.7
GCF_001995825.2,NZ_CP065151.1,integron_01,CALIN,no,47,46,1346,1507736,1506.4
GCF_001995825.2,NZ_CP065151.1,integron_02,CALIN,no,28,27,1449479,1472912,23.4
GCF_001996365.2,NZ_CP043421.1,integron_01,complete,yes,122,121,1470987,1572878,101.9
GCF_002021755.1,NZ_CP019959.1,integron_01,complete,yes,54,53,3257030,3303318,46.3
GCF_002073335.2,NZ_CP020407.2,integron_01,complete,yes,171,170,749463,875103,125.6
GCF_002073775.2,NZ_CP020427.2,integron_01,complete,yes,66,65,3215326,3262818,47.5
GCF_002117205.1,NZ_CP015512.1,integron_01,CALIN,no,6,5,1656355,1662140,5.8
GCF_002117205.1,NZ_CP015512.1,integron_02,complete,yes,125,124,1671690,1771638,99.9
GCF_002119505.2,NZ_CP017889.1,integron_01,CALIN,no,23,22,1947462,1967008,19.5
GCF_002119505.2,NZ_CP017889.1,integron_02,complete,yes,22,21,2058770,2078744,20.0
GCF_002119505.2,NZ_CP017889.1,integron_03,CALIN,no,4,3,2644059,2647953,3.9
GCF_002119525.1,NZ_CP017916.1,integron_01,CALIN,no,4,3,1544610,1548653,4.0
GCF_002119525.1,NZ_CP017916.1,integron_02,complete,yes,1,0,1939725,1947512,7.8
GCF_002119545.1,NZ_CP017899.1,integron_01,CALIN,no,23,22,1948787,1968333,19.5
GCF_002119545.1,NZ_CP017899.1,integron_02,complete,yes,22,21,2060095,2080069,20.0
GCF_002119545.1,NZ_CP017899.1,integron_03,CALIN,no,4,3,2646672,2650566,3.9
GCF_002119565.1,NZ_CP017907.1,integron_01,CALIN,no,23,22,1950468,1970014,19.5
GCF_002119565.1,NZ_CP017907.1,integron_02,complete,yes,22,21,2061776,2081750,20.0
GCF_002119565.1,NZ_CP017907.1,integron_03,CALIN,no,4,3,2647053,2650947,3.9
GCF_002119585.1,NZ_CP017911.1,integron_01,CALIN,no,23,22,1936293,1955839,19.5
GCF_002119585.1,NZ_CP017911.1,integron_02,complete,yes,22,21,2047601,2067575,20.0
GCF_002119585.1,NZ_CP017911.1,integron_03,CALIN,no,4,3,2632890,2636784,3.9
GCF_002140055.1,NZ_CP020076.1,integron_01,complete,yes,89,88,1448105,1529246,81.1
GCF_002142615.1,NZ_CP021152.1,integron_01,CALIN,no,2,1,425819,428343,2.5
GCF_002142655.1,NZ_CP021145.1,integron_01,complete,yes,65,64,1520439,1583131,62.7
GCF_002149065.1,NZ_CP017919.1,integron_01,CALIN,no,4,3,2533711,2537605,3.9
GCF_002149065.1,NZ_CP017919.1,integron_02,complete,yes,22,21,3102922,3122896,20.0
GCF_002149065.1,NZ_CP017919.1,integron_03,CALIN,no,23,22,3214659,3234205,19.5
GCF_002149085.1,NZ_CP017913.1,integron_01,CALIN,no,23,22,1946003,1965549,19.5
GCF_002149085.1,NZ_CP017913.1,integron_02,complete,yes,22,21,2057311,2077285,20.0
GCF_002149085.1,NZ_CP017913.1,integron_03,CALIN,no,4,3,2643894,2647788,3.9
GCF_002149105.1,NZ_CP017896.1,integron_01,CALIN,no,23,22,1955332,1974878,19.5
GCF_002149105.1,NZ_CP017896.1,integron_02,complete,yes,22,21,2066640,2086614,20.0
GCF_002149105.1,NZ_CP017896.1,integron_03,CALIN,no,4,3,2651930,2655824,3.9
GCF_002157735.2,NZ_AP018690.1,integron_01,CALIN,no,3,2,482280,485270,3.0
GCF_002163755.1,NZ_CP015863.1,integron_01,CALIN,no,14,13,1824312,1836400,12.1
GCF_002163755.1,NZ_CP015863.1,integron_02,complete,yes,41,40,1985946,2020676,34.7
GCF_002163755.1,NZ_CP015864.1,integron_01,CALIN,no,28,27,72651,92882,20.2
GCF_002163755.1,NZ_CP015864.1,integron_02,CALIN,no,11,10,689864,698687,8.8
GCF_002163755.1,NZ_CP015864.1,integron_03,CALIN,no,4,3,1216532,1220579,4.0
GCF_002163755.1,NZ_CP015865.1,integron_01,CALIN,no,2,1,7218,8980,1.8
GCF_002163755.1,NZ_CP015865.1,integron_02,CALIN,no,3,2,18972,21542,2.6
GCF_002196515.1,NZ_CP018835.1,integron_01,CALIN,no,2,1,686393,691472,5.1
GCF_002196515.1,NZ_CP018835.1,integron_02,CALIN,no,2,1,3067595,3071498,3.9
GCF_002196515.1,NZ_CP018835.1,integron_03,CALIN,no,2,1,3154548,3156383,1.8
GCF_002196515.1,NZ_CP018836.1,integron_01,CALIN,no,2,1,117385,121230,3.8
GCF_002196515.1,NZ_CP018836.1,integron_02,CALIN,no,3,2,641093,651141,10.0
GCF_002196515.1,NZ_CP018836.1,integron_03,CALIN,no,2,1,711304,715990,4.7
GCF_002204915.1,NZ_CP016321.1,integron_01,complete,yes,185,184,1630666,1757381,126.7
GCF_002204915.1,NZ_CP016322.1,integron_01,CALIN,no,2,1,367063,370556,3.5
GCF_002204915.1,NZ_CP016323.1,integron_01,CALIN,no,48,47,1207,40830,39.6
GCF_002204915.1,NZ_CP016323.1,integron_02,CALIN,no,3,2,6153,19416,13.3
GCF_002209725.2,NZ_CP022473.1,integron_01,complete,yes,167,166,1307049,1428121,121.1
GCF_002209725.2,NZ_CP022473.1,integron_02,CALIN,no,3,2,1837219,1839290,2.1
GCF_002211505.1,NZ_CP021981.1,integron_01,complete,yes,59,58,414867,467955,53.1
GCF_002211505.1,NZ_CP021981.1,integron_02,CALIN,no,12,11,528286,540024,11.7
GCF_002211505.1,NZ_CP021981.1,integron_03,CALIN,no,16,15,559860,572146,12.3
GCF_002211985.1,NZ_CP022102.1,integron_01,complete,yes,209,208,378437,533861,155.4
GCF_002212005.1,NZ_CP022100.1,integron_01,CALIN,no,3,2,293052,296900,3.8
GCF_002212005.1,NZ_CP022100.1,integron_02,complete,yes,286,285,435402,647524,212.1
GCF_002212025.1,NZ_CP022104.1,integron_01,complete,yes,232,231,383364,557447,174.1
GCF_002214345.1,NZ_CP018308.1,integron_01,complete,yes,20,19,2948336,2969128,20.8
GCF_002214345.1,NZ_CP018309.1,integron_01,CALIN,no,2,1,1055584,1061536,6.0
GCF_002214395.1,NZ_CP018312.1,integron_01,complete,yes,67,66,1243646,1303220,59.6
GCF_002215135.1,NZ_CP014636.1,integron_01,complete,yes,206,205,1452095,1629991,177.9
GCF_002216685.1,NZ_CP022353.1,integron_01,CALIN,no,2,1,1705880,1709275,3.4
GCF_002216685.1,NZ_CP022352.1,integron_01,complete,yes,115,114,80613,168415,87.8
GCF_002216685.1,NZ_CP022352.1,integron_02,CALIN,no,2,1,82439,84322,1.9
GCF_002216855.1,,,none,no,0,0,0,0,0
GCF_002218025.2,NZ_AP018680.1,integron_01,complete,yes,1,0,1158597,1164188,5.6
GCF_002218025.2,NZ_AP018680.1,integron_02,CALIN,no,2,1,1461783,1467678,5.9
GCF_002218045.2,NZ_AP018686.1,integron_01,CALIN,no,4,3,580086,587104,7.0
GCF_002220985.3,NZ_CP022552.2,integron_01,CALIN,no,3,2,1923023,1925236,2.2
GCF_002220985.3,NZ_CP022552.2,integron_02,complete,yes,114,113,2347816,2431372,83.6
GCF_002224265.1,NZ_CP012881.1,integron_01,complete,yes,218,217,2922213,3081320,159.1
GCF_002257545.1,NZ_CP022742.1,integron_01,complete,yes,378,377,569077,823951,254.9
GCF_002287545.1,NZ_CP023055.1,integron_01,complete,yes,40,39,398863,468696,69.8
GCF_002287545.1,NZ_CP023055.1,integron_02,CALIN,no,32,31,482588,520166,37.6
GCF_002287545.1,NZ_CP023055.1,integron_03,CALIN,no,18,17,624024,644923,20.9
GCF_002290245.2,NZ_CP023248.2,integron_01,complete,yes,126,125,1278433,1382460,104.0
GCF_002290245.2,NZ_CP023248.2,integron_02,CALIN,no,2,1,1826942,1829211,2.3
GCF_002291265.1,NZ_CP023209.1,integron_01,CALIN,no,62,61,474655,533424,58.8
GCF_002291265.1,NZ_CP023209.1,integron_02,CALIN,no,11,10,554743,562141,7.4
GCF_002291265.1,NZ_CP023209.1,integron_03,complete,yes,16,15,581977,597337,15.4
GCF_002310335.1,NZ_CP023311.1,integron_01,complete,yes,30,29,529673,559534,29.9
GCF_002310335.1,NZ_CP023311.1,integron_02,CALIN,no,2,1,559567,561713,2.1
GCF_002310335.1,NZ_CP023311.1,integron_03,CALIN,no,5,4,629537,634200,4.7
GCF_002310335.1,NZ_CP023311.1,integron_04,CALIN,no,65,64,658917,742871,84.0
GCF_002310335.1,NZ_CP023311.1,integron_05,CALIN,no,4,3,705352,707317,2.0
GCF_002310335.1,NZ_CP023311.1,integron_06,CALIN,no,3,2,750808,758038,7.2
GCF_002313025.1,NZ_CP016988.1,integron_01,complete,yes,121,120,361389,460316,98.9
GCF_002356235.1,NZ_AP018045.1,integron_01,CALIN,no,2,1,2222731,2225412,2.7
GCF_002749635.1,NZ_CP024163.1,integron_01,complete,yes,169,168,309306,433568,124.3
GCF_002796765.2,NZ_CP156746.1,integron_01,complete,yes,3,2,581976,585613,3.6
GCF_002796765.2,NZ_CP156746.1,integron_02,complete,yes,5,4,1031087,1035249,4.2
GCF_002796765.2,NZ_CP156746.1,integron_03,CALIN,no,2,1,1513156,1514366,1.2
GCF_002850295.1,NZ_CP025537.1,integron_01,complete,yes,4,3,2679502,2685491,6.0
GCF_002850295.1,NZ_CP025538.1,integron_01,CALIN,no,2,1,1158889,1163216,4.3
GCF_002850295.1,NZ_CP025539.1,integron_01,CALIN,no,5,4,84242,88346,4.1
GCF_002850455.1,NZ_CP019320.1,integron_01,complete,yes,285,284,2026349,2214577,188.2
GCF_002863725.1,NZ_CP019121.1,integron_01,complete,yes,266,265,1680885,1885081,204.2
GCF_002863725.1,NZ_CP019122.1,integron_01,CALIN,no,4,3,354323,360204,5.9
GCF_002863725.1,NZ_CP019122.1,integron_02,CALIN,no,3,2,1462891,1465953,3.1
GCF_002872705.2,NZ_CP169997.1,integron_01,CALIN,no,4,3,1281419,1284458,3.0
GCF_002872705.2,NZ_CP169998.1,integron_01,CALIN,no,4,3,249729,256903,7.2
GCF_002872705.2,NZ_CP169998.1,integron_02,CALIN,no,2,1,411101,413491,2.4
GCF_002872705.2,NZ_CP169998.1,integron_03,CALIN,no,3,2,885381,888821,3.4
GCF_002872815.2,NZ_CP170022.1,integron_01,CALIN,no,4,3,1387233,1390908,3.7
GCF_002872815.2,NZ_CP170022.1,integron_02,CALIN,no,10,9,1911284,1919519,8.2
GCF_002872815.2,NZ_CP170023.1,integron_01,CALIN,no,6,5,972070,979111,7.0
GCF_002873285.2,NZ_CP170019.1,integron_01,CALIN,no,7,6,2110001,2118143,8.1
GCF_002873285.2,NZ_CP170020.1,integron_01,CALIN,no,2,1,68298,70683,2.4
GCF_002873745.2,NZ_CP170015.1,integron_01,complete,yes,7,6,1344799,1355424,10.6
GCF_002873745.2,NZ_CP170016.1,integron_01,CALIN,no,5,4,1476934,1483228,6.3
GCF_002873825.2,NZ_CP170013.1,integron_01,CALIN,no,5,4,1613251,1618090,4.8
GCF_002873825.2,NZ_CP170014.1,integron_01,CALIN,no,6,5,245294,250818,5.5
GCF_002873935.2,NZ_CP170011.1,integron_01,complete,yes,8,7,1447955,1460101,12.1
GCF_002873935.2,NZ_CP170011.1,integron_02,CALIN,no,3,2,1777012,1779780,2.8
GCF_002873935.2,NZ_CP170012.1,integron_01,CALIN,no,4,3,905351,911208,5.9
GCF_002874015.2,NZ_CP170001.1,integron_01,CALIN,no,4,3,533737,541182,7.4
GCF_002874035.2,NZ_CP169999.1,integron_01,CALIN,no,2,1,1427,3549,2.1
GCF_002874035.2,NZ_CP170000.1,integron_01,CALIN,no,4,3,1200725,1204773,4.0
GCF_002874615.2,NZ_CP170017.1,integron_01,CALIN,no,7,6,189844,197489,7.6
GCF_002874615.2,NZ_CP170017.1,integron_02,complete,yes,6,5,550641,568444,17.8
GCF_002874615.2,NZ_CP170018.1,integron_01,CALIN,no,3,2,1197331,1202962,5.6
GCF_002874845.2,NZ_CP170009.1,integron_01,CALIN,no,5,4,173619,180546,6.9
GCF_002874845.2,NZ_CP170009.1,integron_02,complete,yes,14,13,489003,511132,22.1
GCF_002874845.2,NZ_CP170009.1,integron_03,CALIN,no,4,3,685107,688781,3.7
GCF_002874845.2,NZ_CP170010.1,integron_01,CALIN,no,2,1,257896,260428,2.5
GCF_002874905.2,NZ_CP170007.1,integron_01,complete,yes,7,6,1996367,2003301,6.9
GCF_002874905.2,NZ_CP170008.1,integron_01,CALIN,no,4,3,1233642,1237654,4.0
GCF_002874945.2,,,none,no,0,0,0,0,0
GCF_002875015.2,NZ_CP170046.1,integron_01,CALIN,no,4,3,2083549,2087778,4.2
GCF_002875015.2,NZ_CP170046.1,integron_02,complete,yes,10,9,2409955,2426803,16.8
GCF_002875015.2,NZ_CP170046.1,integron_03,CALIN,no,4,3,2603707,2607382,3.7
GCF_002875015.2,NZ_CP170047.1,integron_01,CALIN,no,2,1,1212940,1214876,1.9
GCF_002875015.2,NZ_CP170047.1,integron_02,CALIN,no,3,2,1370728,1375705,5.0
GCF_002875465.2,NZ_CP170034.1,integron_01,complete,yes,4,3,2203291,2209896,6.6
GCF_002875465.2,NZ_CP170034.1,integron_02,CALIN,no,9,8,2526048,2535713,9.7
GCF_002875465.2,NZ_CP170035.1,integron_01,CALIN,no,2,1,1431,3816,2.4
GCF_002876425.2,NZ_CP170031.1,integron_01,complete,yes,6,5,2791193,2798441,7.2
GCF_002876425.2,NZ_CP170032.1,integron_01,CALIN,no,3,2,1164823,1167795,3.0
GCF_002876425.2,NZ_CP170032.1,integron_02,CALIN,no,2,1,1323748,1325684,1.9
GCF_002877465.2,NZ_CP170028.1,integron_01,CALIN,no,3,2,1709827,1714212,4.4
GCF_002877465.2,NZ_CP170029.1,integron_01,CALIN,no,3,2,1036646,1042019,5.4
GCF_002877505.2,,,none,no,0,0,0,0,0
GCF_002887615.1,NZ_CP025792.1,integron_01,complete,yes,58,57,51072,111164,60.1
GCF_002887655.1,NZ_CP025796.1,integron_01,complete,yes,94,93,49661,118594,68.9
GCF_002892855.1,NZ_CP025937.1,integron_01,complete,yes,168,167,309147,432952,123.8
GCF_002906455.1,NZ_CP026315.1,integron_01,CALIN,no,41,40,2916245,2974937,58.7
GCF_002906455.1,NZ_CP026316.1,integron_01,CALIN,no,4,3,868803,872857,4.1
GCF_002906455.1,NZ_CP026319.1,integron_01,CALIN,no,11,10,48211,61373,13.2
GCF_002906455.1,NZ_CP026320.1,integron_01,CALIN,no,35,34,3,36020,36.0
GCF_002906475.1,NZ_CP026321.1,integron_01,complete,yes,67,66,1363760,1438641,74.9
GCF_002906475.1,NZ_CP026322.1,integron_01,CALIN,no,2,1,1392091,1393533,1.4
GCF_002906655.1,NZ_CP025794.1,integron_01,complete,yes,144,143,44410,168446,124.0
GCF_002946655.1,NZ_CP026647.1,integron_01,complete,yes,1,0,148752,154224,5.5
GCF_002946655.1,NZ_CP026648.1,integron_01,complete,yes,131,130,36123,135858,99.7
GCF_002953335.1,NZ_CP014094.1,integron_01,complete,yes,139,138,1667319,1779447,112.1
GCF_002953335.1,NZ_CP014093.1,integron_01,CALIN,no,7,6,85645,97443,11.8
GCF_002953355.1,NZ_CP014134.1,integron_01,complete,yes,129,128,27819,131637,103.8
GCF_002953355.1,NZ_CP014133.1,integron_01,CALIN,no,12,11,560322,569006,8.7
GCF_002953375.1,NZ_CP014032.1,integron_01,CALIN,no,2,1,1637548,1638840,1.3
GCF_002953395.1,NZ_CP014036.1,integron_01,CALIN,no,2,1,2834899,2841594,6.7
GCF_002953395.1,NZ_CP014036.1,integron_02,complete,yes,53,52,2865956,2902590,36.6
GCF_002953515.1,NZ_CP014053.1,integron_01,CALIN,no,2,1,305056,306125,1.1
GCF_002953515.1,NZ_CP014053.1,integron_02,complete,yes,68,67,796577,861422,64.8
GCF_002953515.1,NZ_CP014053.1,integron_03,CALIN,no,4,3,1675657,1677969,2.3
GCF_002953515.1,NZ_CP014053.1,integron_04,CALIN,no,4,3,1709151,1711440,2.3
GCF_002953535.1,NZ_CP014040.1,integron_01,CALIN,no,2,1,1130727,1131796,1.1
GCF_002953535.1,NZ_CP014040.1,integron_02,CALIN,no,102,101,1687369,1786636,99.3
GCF_002953535.1,NZ_CP014040.1,integron_03,complete,yes,47,46,1830437,1868918,38.5
GCF_002953975.1,NZ_CP014045.1,integron_01,complete,yes,79,78,1327308,1395912,68.6
GCF_002953975.1,NZ_CP014045.1,integron_02,CALIN,no,4,3,1428368,1432576,4.2
GCF_002997215.1,NZ_CP024868.1,integron_01,complete,yes,168,167,309797,433602,123.8
GCF_003031205.1,NZ_CP020533.1,integron_01,CALIN,no,9,8,19398,26112,6.7
GCF_003031205.1,NZ_CP020533.1,integron_02,complete,yes,59,58,130741,183829,53.1
GCF_003031205.1,NZ_CP020533.1,integron_03,CALIN,no,3,2,1071779,1073856,2.1
GCF_003031205.1,NZ_CP020533.1,integron_04,CALIN,no,16,15,1129204,1141490,12.3
GCF_003047125.1,NZ_CP017635.1,integron_01,complete,yes,248,247,611180,800877,189.7
GCF_003063785.1,NZ_CP028828.1,integron_01,complete,yes,171,170,312057,437697,125.6
GCF_003063885.1,NZ_CP028893.1,integron_01,complete,yes,227,226,307268,474111,166.8
GCF_003076895.1,NZ_CP028141.1,integron_01,complete,yes,79,78,1224292,1289125,64.8
GCF_003085735.1,NZ_CP020034.1,integron_01,complete,yes,152,151,1304414,1428522,124.1
GCF_003097695.1,NZ_CP028895.1,integron_01,complete,yes,168,167,311994,435799,123.8
GCF_003119375.1,NZ_CP028342.1,integron_01,complete,yes,79,78,1244911,1309743,64.8
GCF_003130755.1,,,none,no,0,0,0,0,0
GCF_003312585.1,NZ_CP030788.1,integron_01,CALIN,no,3,2,1088508,1092336,3.8
GCF_003312585.1,NZ_CP030788.1,integron_02,CALIN,no,17,16,1702826,1723697,20.9
GCF_003312585.1,NZ_CP030788.1,integron_03,CALIN,no,6,5,1733277,1738454,5.2
GCF_003312585.1,NZ_CP030788.1,integron_04,CALIN,no,4,3,1851754,1854770,3.0
GCF_003312585.1,NZ_CP030788.1,integron_05,complete,yes,23,22,1913736,1939579,25.8
GCF_003312585.1,NZ_CP030789.1,integron_01,CALIN,no,7,6,325026,329968,4.9
GCF_003312585.1,NZ_CP030789.1,integron_02,CALIN,no,4,3,760250,766251,6.0
GCF_003312585.1,NZ_CP030789.1,integron_03,CALIN,no,6,5,1061302,1067511,6.2
GCF_003312585.1,NZ_CP030789.1,integron_04,CALIN,no,14,13,1578676,1591002,12.3
GCF_003312585.1,NZ_CP030789.1,integron_05,CALIN,no,5,4,1610555,1615682,5.1
GCF_003312585.1,NZ_CP030790.1,integron_01,CALIN,no,19,18,10539,36921,26.4
GCF_003312585.1,NZ_CP030790.1,integron_02,CALIN,no,3,2,63014,67317,4.3
GCF_003345295.1,NZ_CP031055.1,integron_01,CALIN,no,2,1,1404918,1405964,1.0
GCF_003345295.1,NZ_CP031056.1,integron_01,CALIN,no,3,2,1481080,1486095,5.0
GCF_003345295.1,NZ_CP031056.1,integron_02,CALIN,no,2,1,1944640,1947485,2.8
GCF_003391375.1,NZ_CP031472.1,integron_01,CALIN,no,29,28,537627,561643,24.0
GCF_003391375.1,NZ_CP031472.1,integron_02,In0,yes,0,0,1147223,1148188,1.0
GCF_003391375.1,NZ_CP031473.1,integron_01,CALIN,no,2,1,1784563,1787363,2.8
GCF_003391375.1,NZ_CP031474.1,integron_01,CALIN,no,2,1,50744,53488,2.7
GCF_003391375.1,NZ_CP031474.1,integron_02,CALIN,no,2,1,226476,232796,6.3
GCF_003399575.2,NZ_CP034673.1,integron_01,complete,yes,40,39,564030,625119,61.1
GCF_003399575.2,NZ_CP034673.1,integron_02,CALIN,no,30,29,639011,676247,37.2
GCF_003399575.2,NZ_CP034673.1,integron_03,CALIN,no,17,16,780450,802534,22.1
GCF_003443775.1,NZ_CP028943.1,integron_01,complete,yes,6,5,1896925,1902739,5.8
GCF_003443775.1,NZ_CP028944.1,integron_01,CALIN,no,4,3,1970352,1974173,3.8
GCF_003443775.1,NZ_CP028944.1,integron_02,CALIN,no,2,1,1991934,1993945,2.0
GCF_003522555.1,NZ_CP019290.1,integron_01,complete,yes,228,227,1430179,1576433,146.3
GCF_003574155.1,NZ_AP018677.1,integron_01,complete,yes,1,0,5546,8007,2.5
GCF_003574155.1,NZ_AP018677.1,integron_02,complete,yes,108,107,1511738,1605287,93.5
GCF_003591575.1,NZ_CP024083.1,integron_01,complete,yes,88,87,309195,371895,62.7
GCF_003595585.1,NZ_CP022469.1,integron_01,complete,yes,278,277,852173,1046590,194.4
GCF_003612695.1,NZ_CP023472.1,integron_01,CALIN,no,6,5,1873689,1883197,9.5
GCF_003612695.1,NZ_CP023472.1,integron_02,complete,yes,174,173,1917746,2057322,139.6
GCF_003612715.1,NZ_CP023485.1,integron_01,CALIN,no,3,2,1435787,1441054,5.3
GCF_003612715.1,NZ_CP023485.1,integron_02,CALIN,no,33,32,1865658,1893243,27.6
GCF_003612715.1,NZ_CP023485.1,integron_03,complete,yes,86,85,1927077,1988138,61.1
GCF_003613035.1,NZ_CP017891.1,integron_01,CALIN,no,23,22,1950992,1970538,19.5
GCF_003613035.1,NZ_CP017891.1,integron_02,complete,yes,22,21,2062300,2082274,20.0
GCF_003613035.1,NZ_CP017891.1,integron_03,CALIN,no,4,3,2648883,2652777,3.9
GCF_003613065.1,NZ_CP017902.1,integron_01,CALIN,no,23,22,1952737,1972283,19.5
GCF_003613065.1,NZ_CP017902.1,integron_02,complete,yes,22,21,2064044,2084018,20.0
GCF_003613065.1,NZ_CP017902.1,integron_03,CALIN,no,4,3,2649335,2653229,3.9
GCF_003691485.1,NZ_CP033134.1,integron_01,complete,yes,55,54,2003355,2070280,66.9
GCF_003691505.1,NZ_CP033137.1,integron_01,complete,yes,49,48,1472506,1519326,46.8
GCF_003691525.1,NZ_CP033141.1,integron_01,complete,yes,144,143,1378830,1487037,108.2
GCF_003691545.1,NZ_CP033144.1,integron_01,complete,yes,106,105,1002589,1090257,87.7
GCF_003716875.1,NZ_CP033077.1,integron_01,CALIN,no,5,4,32924,40837,7.9
GCF_003716875.1,NZ_CP033078.1,integron_01,complete,yes,5,4,1033602,1042260,8.7
GCF_003719755.1,NZ_CP033515.1,integron_01,complete,yes,1,0,2399963,2405435,5.5
GCF_003719755.1,NZ_CP033513.1,integron_01,complete,yes,132,131,127139,226875,99.7
GCF_003719755.1,NZ_CP033514.1,integron_01,complete,yes,1,0,155325,157516,2.2
GCF_003726935.1,NZ_CP033577.1,integron_01,complete,yes,6,5,3541375,3550783,9.4
GCF_003726935.1,NZ_CP033578.1,integron_01,CALIN,no,2,1,1615844,1619045,3.2
GCF_003942025.1,NZ_CP034240.1,integron_01,CALIN,no,2,1,1500702,1502898,2.2
GCF_003942025.1,NZ_CP034240.1,integron_02,CALIN,no,4,3,1668157,1673359,5.2
GCF_003942025.1,NZ_CP034241.1,integron_01,complete,yes,17,16,593550,615412,21.9
GCF_003942025.1,NZ_CP034238.1,integron_01,complete,yes,4,3,4559,8600,4.0
GCF_003942025.1,NZ_CP034238.1,integron_02,complete,yes,4,3,251297,255341,4.0
GCF_003942025.1,NZ_CP034238.1,integron_03,complete,yes,4,3,273511,277553,4.0
GCF_004006515.1,NZ_CP031781.1,integron_01,complete,yes,64,63,1322242,1369149,46.9
GCF_004135105.1,NZ_CP035458.1,integron_01,CALIN,no,2,1,692811,695335,2.5
GCF_004194515.1,NZ_CP034565.1,integron_01,complete,yes,132,131,1789606,1894569,105.0
GCF_004194515.1,NZ_CP034567.1,integron_01,CALIN,no,8,7,50045,59606,9.6
GCF_004319645.1,NZ_CP027030.1,integron_01,CALIN,no,173,172,1412760,1551656,138.9
GCF_004319645.1,NZ_CP027031.1,integron_01,CALIN,no,2,1,194204,198245,4.0
GCF_004328575.1,NZ_CP036500.1,integron_01,complete,yes,107,106,322986,403614,80.6
GCF_004916735.1,NZ_CP039516.1,integron_01,CALIN,no,2,1,1168066,1170670,2.6
GCF_004916735.1,NZ_CP039516.1,integron_02,CALIN,no,2,1,2517531,2520259,2.7
GCF_005144905.1,NZ_CP039700.1,integron_01,CALIN,no,4,3,2239861,2243535,3.7
GCF_005144905.1,NZ_CP039701.1,integron_01,CALIN,no,11,10,73523,86465,12.9
GCF_005280275.1,NZ_CP040021.1,integron_01,complete,yes,1,0,1081949,1084600,2.7
GCF_005280275.1,NZ_CP040021.1,integron_02,CALIN,no,3,2,1214856,1219741,4.9
GCF_005280275.1,NZ_CP040022.1,integron_01,CALIN,no,6,5,146393,151641,5.2
GCF_006364355.1,NZ_CP040990.1,integron_01,CALIN,no,3,2,2663989,2673998,10.0
GCF_006364355.1,NZ_CP040991.1,integron_01,CALIN,no,4,3,266250,271712,5.5
GCF_006364355.1,NZ_CP040991.1,integron_02,complete,yes,55,54,1507974,1547295,39.3
GCF_006517795.1,NZ_CP041202.1,integron_01,complete,yes,152,151,1402641,1521793,119.2
GCF_007182835.1,NZ_AP019798.1,integron_01,complete,yes,64,63,1889467,1947985,58.5
GCF_008369605.1,NZ_CP043556.1,integron_01,complete,yes,17,16,942698,957407,14.7
GCF_008369605.1,NZ_CP043556.1,integron_02,CALIN,no,21,20,957478,974010,16.5
GCF_008369605.1,NZ_CP043556.1,integron_03,CALIN,no,121,120,981561,1071623,90.1
GCF_008693625.1,NZ_CP044062.1,integron_01,complete,yes,116,115,556576,638975,82.4
GCF_008693625.1,NZ_CP044062.1,integron_02,CALIN,no,19,18,652206,670829,18.6
GCF_008693685.1,NZ_CP044069.1,integron_01,complete,yes,222,221,1801327,1962721,161.4
GCF_008693745.1,NZ_CP044071.1,integron_01,complete,yes,108,107,634895,723401,88.5
GCF_008693745.1,NZ_CP044071.1,integron_02,CALIN,no,2,1,1166250,1168519,2.3
GCF_009184745.1,NZ_CP045070.1,integron_01,complete,yes,115,114,1169841,1274832,105.0
GCF_009184745.1,NZ_CP045070.1,integron_02,CALIN,no,5,4,2944833,2952558,7.7
GCF_009363355.1,NZ_CP045338.1,integron_01,CALIN,no,2,1,2047725,2050554,2.8
GCF_009363355.1,NZ_CP045339.1,integron_01,CALIN,no,2,1,340708,343083,2.4
GCF_009363355.1,NZ_CP045340.1,integron_01,CALIN,no,6,5,191517,202091,10.6
GCF_009363415.1,NZ_CP045351.1,integron_01,CALIN,no,2,1,402151,404307,2.2
GCF_009363455.1,NZ_CP045355.1,integron_01,CALIN,no,35,34,1492667,1518612,25.9
GCF_009363455.1,NZ_CP045355.1,integron_02,In0,yes,0,0,2100813,2101778,1.0
GCF_009601765.2,NZ_CP045699.1,integron_01,CALIN,no,3,2,1217327,1219064,1.7
GCF_009601765.2,NZ_CP045700.1,integron_01,CALIN,no,2,1,856579,860649,4.1
GCF_009601765.2,NZ_CP058324.1,integron_01,CALIN,no,2,1,29616,32434,2.8
GCF_009646135.1,NZ_CP045718.1,integron_01,CALIN,no,17,16,799407,812981,13.6
GCF_009646135.1,NZ_CP045718.1,integron_02,complete,yes,108,107,833007,914523,81.5
GCF_009649015.1,NZ_CP045794.1,integron_01,complete,yes,103,102,1902102,1990138,88.0
GCF_009649015.1,NZ_CP045794.1,integron_02,CALIN,no,2,1,2433114,2435383,2.3
GCF_009665195.1,NZ_CP035683.1,integron_01,complete,yes,215,214,55591,210101,154.5
GCF_009665215.1,NZ_CP035680.1,integron_01,In0,yes,0,0,2091457,2092419,1.0
GCF_009665215.1,NZ_CP035680.1,integron_02,CALIN,no,192,191,2111244,2264089,152.8
GCF_009665255.1,NZ_CP035687.1,integron_01,complete,yes,152,151,3,1074150,1074.1
GCF_009665275.1,NZ_CP035689.1,integron_01,complete,yes,221,220,453640,607302,153.7
GCF_009665295.1,,,none,no,0,0,0,0,0
GCF_009665315.1,NZ_CP035693.1,integron_01,complete,yes,76,75,2625357,2695931,70.6
GCF_009665335.1,NZ_CP035694.1,integron_01,CALIN,no,2,1,800179,801357,1.2
GCF_009665335.1,NZ_CP035694.1,integron_02,CALIN,no,4,3,1042909,1047364,4.5
GCF_009665335.1,NZ_CP035694.1,integron_03,CALIN,no,3,2,1413222,1415946,2.7
GCF_009665395.1,NZ_CP035698.1,integron_01,CALIN,no,22,21,387209,409983,22.8
GCF_009665395.1,NZ_CP035698.1,integron_02,CALIN,no,3,2,422543,424709,2.2
GCF_009665395.1,NZ_CP035698.1,integron_03,CALIN,no,77,76,436106,502859,66.8
GCF_009665395.1,NZ_CP035698.1,integron_04,complete,yes,72,71,518073,571302,53.2
GCF_009665415.1,NZ_CP035921.1,integron_01,CALIN,no,205,204,168102,327123,159.0
GCF_009665415.1,NZ_CP035921.1,integron_02,In0,yes,0,0,347948,348910,1.0
GCF_009665435.1,NZ_CP035700.1,integron_01,complete,yes,8,7,87693,94922,7.2
GCF_009665435.1,NZ_CP035700.1,integron_02,CALIN,no,34,33,148395,179951,31.6
GCF_009665475.1,NZ_CP035731.1,integron_01,complete,yes,257,256,263263,452106,188.8
GCF_009665495.1,NZ_CP035701.1,integron_01,CALIN,no,4,3,1452385,1456582,4.2
GCF_009665495.1,NZ_CP035701.1,integron_02,complete,yes,136,135,1944322,2053253,108.9
GCF_009676865.1,NZ_CP046065.1,integron_01,CALIN,no,35,34,1492456,1518401,25.9
GCF_009676865.1,NZ_CP046065.1,integron_02,In0,yes,0,0,2099543,2100508,1.0
GCF_009708195.1,NZ_CP046162.1,integron_01,CALIN,no,35,34,1492610,1518555,25.9
GCF_009708195.1,NZ_CP046162.1,integron_02,In0,yes,0,0,2100754,2101719,1.0
GCF_009734325.1,NZ_CP046411.1,integron_01,complete,yes,155,154,34290,156591,122.3
GCF_009762895.1,NZ_CP046735.1,integron_01,complete,yes,95,94,2,1025486,1025.5
GCF_009762915.1,NZ_CP046738.1,integron_01,complete,yes,176,175,949375,1072270,122.9
GCF_009762945.1,NZ_CP046739.1,integron_01,complete,yes,121,120,39,1050830,1050.8
GCF_009762965.1,NZ_CP046741.1,integron_01,complete,yes,238,237,444653,638391,193.7
GCF_009762985.1,NZ_CP046743.1,integron_01,complete,yes,192,191,575627,717201,141.6
GCF_009763025.1,NZ_CP046776.1,integron_01,complete,yes,85,84,1348292,1410324,62.0
GCF_009763025.1,NZ_CP046776.1,integron_02,CALIN,no,2,1,1871082,1872601,1.5
GCF_009763045.1,NZ_CP046748.1,integron_01,CALIN,no,100,99,597132,668045,70.9
GCF_009763065.1,NZ_CP046750.1,integron_01,complete,yes,127,126,2,1102730,1102.7
GCF_009763085.1,NZ_CP046772.1,integron_01,complete,yes,130,129,2034766,2130339,95.6
GCF_009763085.1,NZ_CP046774.1,integron_01,CALIN,no,9,8,76333,81769,5.4
GCF_009763085.1,NZ_CP046774.1,integron_02,CALIN,no,21,20,99771,115836,16.1
GCF_009763085.1,NZ_CP046773.1,integron_01,complete,yes,1,0,126848,129039,2.2
GCF_009763125.1,,,none,no,0,0,0,0,0
GCF_009763165.1,NZ_CP046754.1,integron_01,complete,yes,126,125,1175796,1279822,104.0
GCF_009763165.1,NZ_CP046754.1,integron_02,CALIN,no,2,1,1713442,1715711,2.3
GCF_009763185.1,NZ_CP046756.1,integron_01,CALIN,no,2,1,2479995,2482313,2.3
GCF_009763185.1,NZ_CP046756.1,integron_02,CALIN,no,2,1,2502906,2505369,2.5
GCF_009763225.1,NZ_CP046798.1,integron_01,complete,yes,62,61,1194070,1235846,41.8
GCF_009763345.1,NZ_CP046796.1,integron_01,complete,yes,30,29,1429383,1451919,22.5
GCF_009763405.1,NZ_CP046760.1,integron_01,complete,yes,15,14,1142866,1164681,21.8
GCF_009763425.1,NZ_CP046761.1,integron_01,complete,yes,76,75,1102315,1164695,62.4
GCF_009763445.1,NZ_CP046763.1,integron_01,complete,yes,150,149,3197020,3317093,120.1
GCF_009763465.1,NZ_CP046767.1,integron_01,complete,yes,2,1,936568,940372,3.8
GCF_009763465.1,NZ_CP046768.1,integron_01,complete,yes,5,4,1214891,1220459,5.6
GCF_009763485.1,NZ_CP046816.1,integron_01,CALIN,no,10,9,251346,262664,11.3
GCF_009763485.1,NZ_CP046816.1,integron_02,CALIN,no,2,1,276357,277592,1.2
GCF_009763485.1,NZ_CP046816.1,integron_03,complete,yes,89,88,307705,391645,83.9
GCF_009763505.1,NZ_CP046778.1,integron_01,CALIN,no,2,1,216597,218341,1.7
GCF_009763505.1,NZ_CP046778.1,integron_02,complete,yes,121,120,3005335,3106207,100.9
GCF_009763525.1,NZ_CP046779.1,integron_01,CALIN,no,2,1,2017638,2019907,2.3
GCF_009763525.1,NZ_CP046779.1,integron_02,complete,yes,121,120,2453530,2554402,100.9
GCF_009763545.1,NZ_CP046782.1,integron_01,CALIN,no,4,3,1574572,1577197,2.6
GCF_009763545.1,NZ_CP046782.1,integron_02,complete,yes,51,50,2020306,2063875,43.6
GCF_009763565.1,NZ_CP046783.1,integron_01,CALIN,no,3,2,921487,923558,2.1
GCF_009763565.1,NZ_CP046783.1,integron_02,complete,yes,167,166,1336067,1457133,121.1
GCF_009763585.1,NZ_CP046810.1,integron_01,In0,yes,0,0,861784,862563,0.8
GCF_009763605.1,NZ_CP046785.1,integron_01,complete,yes,115,114,2397971,2490093,92.1
GCF_009763605.1,NZ_CP046785.1,integron_02,CALIN,no,2,1,2955344,2959001,3.7
GCF_009763625.1,NZ_CP046787.1,integron_01,complete,yes,111,110,2311652,2400219,88.6
GCF_009763645.1,NZ_CP046808.1,integron_01,complete,yes,126,125,2792480,2896508,104.0
GCF_009763645.1,NZ_CP046808.1,integron_02,CALIN,no,2,1,3330130,3332399,2.3
GCF_009763665.1,NZ_CP046839.1,integron_01,complete,yes,2,1,1863978,1875899,11.9
GCF_009763665.1,NZ_CP046838.1,integron_01,CALIN,no,88,87,781069,851868,70.8
GCF_009763705.1,NZ_CP046801.1,integron_01,CALIN,no,14,13,460999,475943,14.9
GCF_009763705.1,NZ_CP046801.1,integron_02,CALIN,no,7,6,486301,492602,6.3
GCF_009763705.1,NZ_CP046801.1,integron_03,complete,yes,94,93,509193,588113,78.9
GCF_009763725.1,NZ_CP046791.1,integron_01,CALIN,no,178,177,1759479,1890842,131.4
GCF_009763725.1,NZ_CP046791.1,integron_02,CALIN,no,116,115,1930172,2005096,74.9
GCF_009763725.1,NZ_CP046791.1,integron_03,In0,yes,0,0,2023215,2024327,1.1
GCF_009763745.1,NZ_CP046806.1,integron_01,complete,yes,62,61,898656,942477,43.8
GCF_009763745.1,NZ_CP046807.1,integron_01,CALIN,no,3,2,66688,70148,3.5
GCF_009763765.1,NZ_CP046794.1,integron_01,complete,yes,40,39,122740,162876,40.1
GCF_009763785.1,NZ_CP046800.1,integron_01,CALIN,no,2,1,390750,393165,2.4
GCF_009763785.1,NZ_CP046800.1,integron_02,CALIN,no,2,1,2823298,2825193,1.9
GCF_009763785.1,NZ_CP046799.1,integron_01,complete,yes,1,0,367563,372311,4.7
GCF_009763785.1,NZ_CP046799.1,integron_02,CALIN,no,4,3,840719,846442,5.7
GCF_009763825.1,NZ_CP046841.1,integron_01,complete,yes,117,116,322432,412236,89.8
GCF_009763845.1,NZ_CP046814.1,integron_01,complete,yes,47,46,2284528,2321408,36.9
GCF_009763845.1,NZ_CP046812.1,integron_01,CALIN,no,14,13,116544,130022,13.5
GCF_009763865.1,NZ_CP046818.1,integron_01,complete,yes,127,126,1025906,1128911,103.0
GCF_009763885.1,NZ_CP046849.1,integron_01,complete,yes,176,175,1,1034285,1034.3
GCF_009763885.1,NZ_CP046849.1,integron_02,CALIN,no,10,9,73933,81641,7.7
GCF_009763885.1,NZ_CP046849.1,integron_03,CALIN,no,22,21,93986,114358,20.4
GCF_009763905.1,NZ_CP046819.1,integron_01,complete,yes,169,168,51554,166505,115.0
GCF_009763925.1,NZ_CP046822.1,integron_01,In0,yes,0,0,718826,719785,1.0
GCF_009763925.1,NZ_CP046821.1,integron_01,complete,yes,142,141,3,822451,822.4
GCF_009763945.1,NZ_CP046845.1,integron_01,complete,yes,167,166,113,1070288,1070.2
GCF_009764005.1,NZ_CP046824.1,integron_01,complete,yes,188,187,916358,1060390,144.0
GCF_009764025.1,NZ_CP046847.1,integron_01,complete,yes,189,188,414046,552251,138.2
GCF_009764055.1,NZ_CP046831.1,integron_01,CALIN,no,5,4,1247837,1253775,5.9
GCF_009764055.1,NZ_CP046831.1,integron_02,complete,yes,193,192,1671550,1825309,153.8
GCF_009764075.1,NZ_CP046828.1,integron_01,complete,yes,108,107,1520752,1609252,88.5
GCF_009764075.1,NZ_CP046828.1,integron_02,CALIN,no,2,1,2042874,2045143,2.3
GCF_009764095.1,NZ_CP046832.1,integron_01,complete,yes,85,84,1485122,1548348,63.2
GCF_009764115.1,NZ_CP046835.1,integron_01,complete,yes,292,291,1150341,1350499,200.2
GCF_009764155.1,NZ_CP046851.1,integron_01,In0,yes,0,0,1032845,1033807,1.0
GCF_009764195.1,NZ_CP046856.1,integron_01,complete,yes,1,0,1599108,1601148,2.0
GCF_009764215.1,NZ_CP046858.1,integron_01,complete,yes,1,0,497951,499848,1.9
GCF_009764215.1,NZ_CP046858.1,integron_02,complete,yes,1,0,970779,972577,1.8
GCF_009799825.1,NZ_CP047059.1,integron_01,complete,yes,1,0,2311174,2316646,5.5
GCF_009799825.1,NZ_CP047060.1,integron_01,complete,yes,131,130,311040,410783,99.7
GCF_009883815.1,NZ_CP034285.1,integron_01,complete,yes,70,69,1314131,1374032,59.9
GCF_009883815.1,NZ_CP034286.1,integron_01,CALIN,no,2,1,1522181,1523883,1.7
GCF_009883835.1,NZ_CP034289.1,integron_01,complete,yes,103,102,1350338,1441359,91.0
GCF_009883835.1,NZ_CP034290.1,integron_01,CALIN,no,2,1,1622122,1623824,1.7
GCF_009883855.1,NZ_CP034294.1,integron_01,complete,yes,69,68,1334216,1407583,73.4
GCF_009883855.1,NZ_CP034295.1,integron_01,CALIN,no,2,1,1633084,1634786,1.7
GCF_009883875.1,NZ_CP034298.1,integron_01,complete,yes,110,109,2054735,2138239,83.5
GCF_009883875.1,NZ_CP034301.1,integron_01,CALIN,no,2,1,78917,81465,2.5
GCF_009883895.1,NZ_CP034305.1,integron_01,complete,yes,152,151,1314931,1439037,124.1
GCF_009938115.1,NZ_CP042300.1,integron_01,complete,yes,148,147,828494,941258,112.8
GCF_009938165.1,NZ_AP019650.1,integron_01,CALIN,no,3,2,495822,497345,1.5
GCF_009938165.1,NZ_AP019650.1,integron_02,complete,yes,2,1,877079,884139,7.1
GCF_009938185.1,NZ_AP019652.1,integron_01,CALIN,no,3,2,496566,498683,2.1
GCF_009938185.1,NZ_AP019652.1,integron_02,complete,yes,2,1,878976,886082,7.1
GCF_009938205.1,NZ_AP019654.1,integron_01,CALIN,no,5,4,1436218,1456568,20.4
GCF_009938225.1,,,none,no,0,0,0,0,0
GCF_010587385.1,NZ_CP047475.1,integron_01,CALIN,no,2,1,1744124,1745719,1.6
GCF_010587385.1,NZ_CP047476.1,integron_01,complete,yes,7,6,1570461,1586128,15.7
GCF_011064285.1,NZ_CP049331.1,integron_01,complete,yes,4,3,1708426,1715573,7.1
GCF_011212705.1,NZ_CP048693.1,integron_01,CALIN,no,53,52,2902531,2944750,42.2
GCF_011212705.1,NZ_CP048695.1,integron_01,CALIN,no,2,1,110133,111662,1.5
GCF_011306175.1,NZ_CP049914.1,integron_01,complete,yes,60,59,3,599486,599.5
GCF_011306175.1,NZ_CP049914.1,integron_02,CALIN,no,5,4,467129,470508,3.4
GCF_011765565.1,NZ_CP050266.1,integron_01,CALIN,no,3,2,1758063,1763302,5.2
GCF_011765565.1,NZ_CP050267.1,integron_01,CALIN,no,2,1,218342,220903,2.6
GCF_011801435.1,NZ_CP042449.1,integron_01,complete,yes,97,96,1522757,1604598,81.8
GCF_011801455.1,NZ_CP042451.1,integron_01,complete,yes,16,15,1343072,1355097,12.0
GCF_011801455.1,NZ_CP042451.1,integron_02,CALIN,no,98,97,1365992,1439682,73.7
GCF_011801455.1,NZ_CP042452.1,integron_01,CALIN,no,2,1,961316,963163,1.8
GCF_013085075.1,NZ_CP047296.1,integron_01,complete,yes,168,167,311985,435789,123.8
GCF_013085105.1,NZ_CP047298.1,integron_01,complete,yes,168,167,311981,435786,123.8
GCF_013085125.1,NZ_CP047300.1,integron_01,complete,yes,171,170,312006,438916,126.9
GCF_013085145.1,NZ_CP047301.1,integron_01,complete,yes,1,0,2386818,2392290,5.5
GCF_013085145.1,NZ_CP047302.1,integron_01,complete,yes,131,130,311015,410760,99.7
GCF_013085165.1,NZ_CP047304.1,integron_01,complete,yes,169,168,312112,436375,124.3
GCF_013154935.1,NZ_CP053541.1,integron_01,CALIN,no,32,31,1366359,1396163,29.8
GCF_013154935.1,NZ_CP053543.1,integron_01,complete,yes,29,28,776043,798239,22.2
GCF_013154935.1,NZ_CP053542.1,integron_01,CALIN,no,7,6,139761,145966,6.2
GCF_013181325.1,NZ_CP053664.1,integron_01,CALIN,no,5,4,2744776,2749891,5.1
GCF_013181325.1,NZ_CP053665.1,integron_01,CALIN,no,2,1,722947,725091,2.1
GCF_013181325.1,NZ_CP053665.1,integron_02,complete,yes,1,0,768345,771538,3.2
GCF_013357605.1,NZ_CP053795.1,integron_01,complete,yes,101,100,307330,385669,78.3
GCF_013357625.1,NZ_CP053797.1,integron_01,complete,yes,189,188,307543,445270,137.7
GCF_013357645.1,NZ_CP053799.1,integron_01,complete,yes,204,203,308939,456912,148.0
GCF_013357665.1,NZ_CP053801.1,integron_01,complete,yes,93,92,297172,370435,73.3
GCF_013357665.1,NZ_CP053801.1,integron_02,CALIN,no,17,16,370413,382391,12.0
GCF_013357665.1,NZ_CP053801.1,integron_03,CALIN,no,58,57,382712,431623,48.9
GCF_013357665.1,NZ_CP053801.1,integron_04,CALIN,no,3,2,427026,429673,2.6
GCF_013357685.1,NZ_CP053803.1,integron_01,complete,yes,265,264,310548,509407,198.9
GCF_013357725.1,NZ_CP053805.1,integron_01,complete,yes,124,123,309752,402202,92.5
GCF_013357725.1,NZ_CP053805.1,integron_02,CALIN,no,69,68,549333,598232,48.9
GCF_013357745.1,NZ_CP053807.1,integron_01,complete,yes,224,223,309781,469370,159.6
GCF_013357745.1,NZ_CP053807.1,integron_02,CALIN,no,20,19,703084,719384,16.3
GCF_013357765.1,NZ_CP053809.1,integron_01,complete,yes,239,238,339770,520450,180.7
GCF_013357765.1,NZ_CP053809.1,integron_02,CALIN,no,3,2,630105,635025,4.9
GCF_013357785.1,NZ_CP053811.1,integron_01,complete,yes,292,291,317868,527734,209.9
GCF_013357785.1,NZ_CP053812.1,integron_01,CALIN,no,3,2,122795,125442,2.6
GCF_013357805.1,NZ_CP053814.1,integron_01,complete,yes,291,290,317876,527757,209.9
GCF_013357805.1,NZ_CP053815.1,integron_01,CALIN,no,3,2,78626,81273,2.6
GCF_013357825.1,NZ_CP053823.1,integron_01,complete,yes,288,287,311218,527444,216.2
GCF_013357845.1,NZ_CP053817.1,integron_01,complete,yes,263,262,311218,510566,199.3
GCF_013357865.1,NZ_CP053821.1,integron_01,complete,yes,233,232,311660,487283,175.6
GCF_013357885.1,NZ_CP053745.1,integron_01,complete,yes,35,34,338106,368673,30.6
GCF_013357885.1,NZ_CP053745.1,integron_02,CALIN,no,55,54,388738,428561,39.8
GCF_013368735.1,NZ_CP054700.1,integron_01,CALIN,no,53,52,1417444,1454443,37.0
GCF_013368735.1,NZ_CP054700.1,integron_02,complete,yes,24,23,1466621,1486724,20.1
GCF_013368735.1,NZ_CP054704.1,integron_01,CALIN,no,9,8,67444,75017,7.6
GCF_013368735.1,NZ_CP054704.1,integron_02,CALIN,no,2,1,117343,121194,3.9
GCF_013393845.1,NZ_CP040100.1,integron_01,CALIN,no,21,20,1784463,1803435,19.0
GCF_013393845.1,NZ_CP040100.1,integron_02,complete,yes,216,215,1843718,2009909,166.2
GCF_013393865.1,NZ_CP040101.1,integron_01,complete,yes,162,161,1632625,1771693,139.1
GCF_013393885.1,NZ_CP040103.1,integron_01,complete,yes,126,125,2123884,2252908,129.0
GCF_013462495.1,NZ_CP040173.1,integron_01,complete,yes,116,115,887669,977464,89.8
GCF_014083925.1,NZ_CP046268.1,integron_01,CALIN,no,2,1,1295856,1298976,3.1
GCF_014083925.1,NZ_CP046268.1,integron_02,CALIN,no,3,2,1752681,1754780,2.1
GCF_014083925.1,NZ_CP046268.1,integron_03,CALIN,no,2,1,2447782,2448288,0.5
GCF_014083925.1,NZ_CP046269.1,integron_01,CALIN,no,3,2,72595,74644,2.0
GCF_014083925.1,NZ_CP046269.1,integron_02,CALIN,no,2,1,203374,208151,4.8
GCF_014083925.1,NZ_CP046269.1,integron_03,CALIN,no,2,1,295814,301427,5.6
GCF_014107515.1,NZ_CP044206.1,integron_01,complete,yes,256,255,2268354,2445153,176.8
GCF_014211935.1,NZ_CP060047.1,integron_01,complete,yes,228,227,221640,379394,157.8
GCF_014217295.1,NZ_CP060088.1,integron_01,complete,yes,53,52,2004357,2052871,48.5
GCF_014274185.1,NZ_CP060386.1,integron_01,CALIN,no,2,1,795360,797587,2.2
GCF_014274185.1,NZ_CP060386.1,integron_02,complete,yes,2,1,802936,807587,4.7
GCF_014274185.1,NZ_CP060386.1,integron_03,complete,yes,105,104,1451812,1541098,89.3
GCF_014775695.1,NZ_CP061861.1,integron_01,CALIN,no,2,1,975291,977972,2.7
GCF_014775695.1,NZ_CP061863.1,integron_01,CALIN,no,2,1,50730,54726,4.0
GCF_014788305.1,NZ_CP061845.1,integron_01,CALIN,no,369,368,1,3250151,3250.2
GCF_014788305.1,NZ_CP061845.1,integron_02,CALIN,no,2,1,239414,241924,2.5
GCF_014788305.1,NZ_CP061845.1,integron_03,In0,yes,0,0,3200754,3201866,1.1
GCF_014879975.1,NZ_CP062500.1,integron_01,CALIN,no,4,3,1895042,1901179,6.1
GCF_014930975.1,,,none,no,0,0,0,0,0
GCF_015097735.1,NZ_AP024087.1,integron_01,complete,yes,1,0,267647,271664,4.0
GCF_015097735.1,NZ_AP024087.1,integron_02,CALIN,no,10,9,2062973,2078053,15.1
GCF_015168795.1,NZ_CP063420.1,integron_01,complete,yes,2,1,2994989,3007497,12.5
GCF_015168795.1,NZ_CP063421.1,integron_01,complete,yes,126,125,153082,246602,93.5
GCF_015482825.1,NZ_CP064351.1,integron_01,complete,yes,168,167,378284,502088,123.8
GCF_015594925.2,NZ_CP087591.1,integron_01,CALIN,no,2,1,1084779,1086482,1.7
GCF_015654285.1,NZ_CP064858.1,integron_01,CALIN,no,3,2,1628619,1632037,3.4
GCF_015654285.1,NZ_CP064858.1,integron_02,CALIN,no,28,27,1676370,1701603,25.2
GCF_015654285.1,NZ_CP064857.1,integron_01,complete,yes,29,28,1603284,1624518,21.2
GCF_015654285.1,NZ_CP064859.1,integron_01,CALIN,no,5,4,207628,212821,5.2
GCF_015654285.1,NZ_CP064859.1,integron_02,CALIN,no,3,2,411708,414019,2.3
GCF_015767675.1,NZ_CP065217.1,integron_01,CALIN,no,12,11,1719588,1730248,10.7
GCF_015767675.1,NZ_CP065217.1,integron_02,CALIN,no,81,80,1790883,1864469,73.6
GCF_015767675.1,NZ_CP065217.1,integron_03,CALIN,no,199,198,1874699,2029327,154.6
GCF_015767675.1,NZ_CP065217.1,integron_04,In0,yes,0,0,2052006,2052953,0.9
GCF_015767675.1,NZ_CP065219.1,integron_01,CALIN,no,23,22,110031,126561,16.5
GCF_015779285.1,NZ_CP065369.1,integron_01,complete,yes,154,153,703024,825311,122.3
GCF_016812015.1,NZ_CP069195.1,integron_01,complete,yes,13,12,1315894,1327434,11.5
GCF_016920955.1,NZ_CP060589.1,integron_01,complete,yes,17,16,96385,110708,14.3
GCF_017329545.1,NZ_CP071326.1,integron_01,CALIN,no,2,1,1099774,1102167,2.4
GCF_017948285.1,NZ_CP072848.1,integron_01,complete,yes,168,167,311994,435799,123.8
GCF_017948345.1,NZ_CP072850.1,integron_01,complete,yes,116,115,312008,401813,89.8
GCF_018135645.1,NZ_CP073068.1,integron_01,complete,yes,71,70,1319949,1374165,54.2
GCF_018140575.1,NZ_CP073274.1,integron_01,complete,yes,4,3,1370533,1375779,5.2
GCF_018199995.1,,,none,no,0,0,0,0,0
GCF_018336415.1,NZ_CP047306.1,integron_01,complete,yes,159,158,312700,433348,120.6
GCF_019226825.1,NZ_CP076642.1,integron_01,CALIN,no,2,1,1118636,1122394,3.8
GCF_019321785.1,NZ_CP074415.1,integron_01,complete,yes,135,134,2097514,2209641,112.1
GCF_019458445.1,NZ_CP080466.1,integron_01,complete,yes,132,131,933056,1032792,99.7
GCF_019458465.1,NZ_CP080463.1,integron_01,complete,yes,116,115,146834,233648,86.8
GCF_019458465.1,NZ_CP080464.1,integron_01,complete,yes,3,2,21350,25444,4.1
GCF_019670025.1,NZ_AP019849.1,integron_01,complete,yes,59,58,1817009,1865094,48.1
GCF_019670485.1,NZ_AP024165.1,integron_01,complete,yes,119,118,1226253,1318506,92.3
GCF_019703835.1,NZ_AP023054.1,integron_01,CALIN,no,2,1,1879066,1880954,1.9
GCF_019704235.1,NZ_AP024553.1,integron_01,complete,yes,1,0,2421662,2427134,5.5
GCF_019704235.1,NZ_AP024554.1,integron_01,complete,yes,132,131,213119,312856,99.7
GCF_019704255.1,NZ_AP024555.1,integron_01,complete,yes,1,0,75056,80528,5.5
GCF_019704255.1,NZ_AP024556.1,integron_01,complete,yes,131,130,3,1061958,1062.0
GCF_019904195.1,NZ_CP063199.1,integron_01,CALIN,no,2,1,1940719,1943416,2.7
GCF_019904195.1,NZ_CP063199.1,integron_02,complete,yes,5,4,3694145,3702431,8.3
GCF_019977755.1,NZ_AP025144.1,integron_01,In0,yes,0,0,1465104,1466066,1.0
GCF_019977755.1,NZ_AP025144.1,integron_02,CALIN,no,11,10,1593400,1607833,14.4
GCF_019977755.1,NZ_AP025145.1,integron_01,CALIN,no,42,41,1645260,1683150,37.9
GCF_019977775.1,NZ_AP025147.1,integron_01,In0,yes,0,0,1521446,1522408,1.0
GCF_019977775.1,NZ_AP025147.1,integron_02,CALIN,no,11,10,1647343,1661775,14.4
GCF_019977775.1,NZ_AP025148.1,integron_01,CALIN,no,42,41,1555498,1593385,37.9
GCF_019977795.1,NZ_AP025149.1,integron_01,In0,yes,0,0,1458090,1459052,1.0
GCF_019977795.1,NZ_AP025149.1,integron_02,CALIN,no,11,10,1586381,1600814,14.4
GCF_019977795.1,NZ_AP025150.1,integron_01,CALIN,no,42,41,1645446,1683332,37.9
GCF_019977815.1,NZ_AP025152.1,integron_01,In0,yes,0,0,1465157,1466119,1.0
GCF_019977815.1,NZ_AP025152.1,integron_02,CALIN,no,11,10,1593444,1607872,14.4
GCF_019977815.1,NZ_AP025153.1,integron_01,CALIN,no,28,27,1638175,1658620,20.4
GCF_019977815.1,NZ_AP025153.1,integron_02,CALIN,no,11,10,1728317,1738479,10.2
GCF_019977835.1,NZ_AP025155.1,integron_01,In0,yes,0,0,1465150,1466112,1.0
GCF_019977835.1,NZ_AP025155.1,integron_02,CALIN,no,11,10,1593436,1607867,14.4
GCF_019977835.1,NZ_AP025156.1,integron_01,CALIN,no,28,27,1638166,1658615,20.4
GCF_019977835.1,NZ_AP025156.1,integron_02,CALIN,no,11,10,1728334,1738497,10.2
GCF_020041945.1,NZ_CP083361.1,integron_01,complete,yes,154,153,2043131,2165418,122.3
GCF_020717785.1,NZ_CP085843.1,integron_01,complete,yes,21,20,1855133,1873287,18.2
GCF_020806305.2,NZ_CP170176.1,integron_01,complete,yes,6,5,256107,269660,13.6
GCF_021249365.1,NZ_CP089603.1,integron_01,CALIN,no,2,1,2213026,2216135,3.1
GCF_021249365.1,NZ_CP089605.1,integron_01,complete,yes,27,26,598397,616069,17.7
GCF_021249365.1,NZ_CP089605.1,integron_02,CALIN,no,3,2,996574,1001282,4.7
GCF_021249365.1,NZ_CP089604.1,integron_01,complete,yes,4,3,135347,140044,4.7
GCF_021391375.1,NZ_CP090019.1,integron_01,complete,yes,10,9,1239470,1252207,12.7
GCF_021391375.1,NZ_CP090019.1,integron_02,CALIN,no,14,13,1504710,1517688,13.0
GCF_021391375.1,NZ_CP090020.1,integron_01,CALIN,no,14,13,308709,326962,18.3
GCF_021391375.1,NZ_CP090020.1,integron_02,CALIN,no,31,30,434386,456632,22.2
GCF_021391375.1,NZ_CP090020.1,integron_03,CALIN,no,13,12,468522,479801,11.3
GCF_021397735.1,NZ_CP090179.1,integron_01,complete,yes,136,135,508515,626933,118.4
GCF_021431865.1,NZ_CP090399.1,integron_01,complete,yes,1,0,2341732,2343924,2.2
GCF_021431865.1,NZ_CP090400.1,integron_01,complete,yes,132,131,836019,937068,101.0
GCF_021431945.1,NZ_CP090386.1,integron_01,CALIN,no,53,52,940330,981769,41.4
GCF_021431945.1,NZ_CP090386.1,integron_02,complete,yes,115,114,992905,1075334,82.4
GCF_021432065.1,NZ_CP090364.1,integron_01,CALIN,no,2,1,1872783,1874627,1.8
GCF_021432065.1,NZ_CP090365.1,integron_01,CALIN,no,2,1,300934,302823,1.9
GCF_021441885.1,NZ_CP090438.1,integron_01,CALIN,no,7,6,1573651,1579321,5.7
GCF_021441885.1,NZ_CP090439.1,integron_01,CALIN,no,3,2,48003,52224,4.2
GCF_021610025.1,NZ_CP091186.1,integron_01,complete,yes,16,15,123447,138807,15.4
GCF_021610025.1,NZ_CP091186.1,integron_02,CALIN,no,70,69,158643,224912,66.3
GCF_021729965.1,NZ_CP068622.1,integron_01,CALIN,no,36,35,1884933,1917100,32.2
GCF_021729965.1,NZ_CP068622.1,integron_02,complete,yes,46,45,1931977,1972124,40.1
GCF_021729965.1,NZ_CP068622.1,integron_03,CALIN,no,2,1,2482837,2485422,2.6
GCF_021729985.1,NZ_CP068627.1,integron_01,complete,yes,195,194,1282479,1430131,147.7
GCF_021729985.1,NZ_CP068629.1,integron_01,CALIN,no,2,1,78674,81465,2.8
GCF_021730005.1,NZ_CP068631.1,integron_01,CALIN,no,35,34,1829868,1852111,22.2
GCF_021730005.1,NZ_CP068631.1,integron_02,complete,yes,108,107,1862372,1938275,75.9
GCF_021730025.1,NZ_CP068647.1,integron_01,CALIN,no,36,35,1884933,1917100,32.2
GCF_021730025.1,NZ_CP068647.1,integron_02,complete,yes,46,45,1931977,1972124,40.1
GCF_021730025.1,NZ_CP068647.1,integron_03,CALIN,no,2,1,2482837,2485422,2.6
GCF_021730065.1,NZ_CP068638.1,integron_01,CALIN,no,35,34,1829868,1852111,22.2
GCF_021730065.1,NZ_CP068638.1,integron_02,complete,yes,108,107,1862372,1938275,75.9
GCF_021730085.1,NZ_CP068641.1,integron_01,complete,yes,221,220,1435963,1610612,174.6
GCF_021730085.1,NZ_CP068641.1,integron_02,CALIN,no,3,2,2010016,2012229,2.2
GCF_021730085.1,NZ_CP068645.1,integron_01,CALIN,no,2,1,9490,10268,0.8
GCF_021765875.1,,,none,no,0,0,0,0,0
GCF_021766015.1,,,none,no,0,0,0,0,0
GCF_021768305.1,,,none,no,0,0,0,0,0
GCF_021768345.1,,,none,no,0,0,0,0,0
GCF_021768365.1,NZ_CP090487.1,integron_01,CALIN,no,2,1,1169613,1172986,3.4
GCF_021768385.1,,,none,no,0,0,0,0,0
GCF_021768405.1,NZ_CP090493.1,integron_01,CALIN,no,2,1,1169810,1173183,3.4
GCF_021768425.1,,,none,no,0,0,0,0,0
GCF_022343085.1,NZ_CP082303.1,integron_01,complete,yes,36,35,1928581,1956613,28.0
GCF_022343105.1,NZ_CP082307.1,integron_01,complete,yes,96,95,1272667,1340786,68.1
GCF_022343105.1,NZ_CP082309.1,integron_01,CALIN,no,7,6,2455,8406,6.0
GCF_022343125.1,NZ_CP082310.1,integron_01,CALIN,no,27,26,1908407,1931552,23.1
GCF_022343125.1,NZ_CP082310.1,integron_02,complete,yes,53,52,1967523,2012691,45.2
GCF_022343145.1,NZ_CP082313.1,integron_01,CALIN,no,28,27,1320173,1343623,23.4
GCF_022343145.1,NZ_CP082313.1,integron_02,CALIN,no,41,40,1356957,1393155,36.2
GCF_022343165.1,NZ_CP082315.1,integron_01,complete,yes,84,83,1337138,1401877,64.7
GCF_022343185.1,NZ_CP082317.1,integron_01,complete,yes,62,61,1317199,1373707,56.5
GCF_022343185.1,NZ_CP082317.1,integron_02,CALIN,no,2,1,1406160,1409160,3.0
GCF_022343205.1,NZ_CP082319.1,integron_01,complete,yes,145,144,1911467,2015296,103.8
GCF_022343205.1,NZ_CP082320.1,integron_01,CALIN,no,17,16,85466,98379,12.9
GCF_022371215.1,NZ_CP092385.1,integron_01,CALIN,no,2,1,604996,607178,2.2
GCF_022453845.1,NZ_CP092682.1,integron_01,complete,yes,46,45,1426705,1471934,45.2
GCF_022811945.1,NZ_CP089201.1,integron_01,CALIN,no,2,1,3302524,3310755,8.2
GCF_022811945.1,NZ_CP089202.1,integron_01,CALIN,no,6,5,1203047,1218474,15.4
GCF_022812045.1,,,none,no,0,0,0,0,0
GCF_022812155.1,,,none,no,0,0,0,0,0
GCF_022832815.1,NZ_CP094880.1,integron_01,complete,yes,15,14,1917151,1938915,21.8
GCF_022869905.1,NZ_CP064379.1,integron_01,CALIN,no,3,2,2837381,2847390,10.0
GCF_022869905.1,NZ_CP064381.1,integron_01,complete,yes,55,54,540876,580197,39.3
GCF_022869905.1,NZ_CP064381.1,integron_02,CALIN,no,4,3,940688,946150,5.5
GCF_023151555.2,NZ_CP100425.1,integron_01,CALIN,no,18,17,2065249,2085863,20.6
GCF_023151555.2,NZ_CP100426.1,integron_01,CALIN,no,7,6,864683,872071,7.4
GCF_023169605.1,NZ_AP023185.1,integron_01,complete,yes,95,94,1266948,1346674,79.7
GCF_023169605.1,NZ_AP023185.1,integron_02,CALIN,no,5,4,1835425,1840648,5.2
GCF_023169605.1,NZ_AP023186.1,integron_01,CALIN,no,2,1,811730,813590,1.9
GCF_023169625.1,NZ_AP023187.1,integron_01,CALIN,no,2,1,1453023,1454092,1.1
GCF_023169625.1,NZ_AP023187.1,integron_02,CALIN,no,163,162,2005402,2144022,138.6
GCF_023169825.1,NZ_AP024968.1,integron_01,complete,yes,96,95,305566,368714,63.1
GCF_023195835.1,NZ_CP096200.1,integron_01,complete,yes,41,40,1014250,1051075,36.8
GCF_023205895.1,NZ_CP064033.1,integron_01,complete,yes,117,116,1308270,1399759,91.5
GCF_023205915.1,NZ_CP064035.1,integron_01,complete,yes,66,65,1910304,1967694,57.4
GCF_023205955.1,NZ_CP064041.1,integron_01,complete,yes,27,26,1384089,1405460,21.4
GCF_023205955.1,NZ_CP064041.1,integron_02,CALIN,no,75,74,1465102,1524329,59.2
GCF_023205955.1,NZ_CP064041.1,integron_03,CALIN,no,4,3,1536833,1540106,3.3
GCF_023206035.1,NZ_CP065206.1,integron_01,CALIN,no,5,4,2887670,2894140,6.5
GCF_023206035.1,NZ_CP065207.1,integron_01,CALIN,no,2,1,1298123,1300513,2.4
GCF_023206035.1,NZ_CP065207.1,integron_02,CALIN,no,3,2,1455133,1459772,4.6
GCF_023206395.1,,,none,no,0,0,0,0,0
GCF_023206515.1,NZ_CP066246.1,integron_01,complete,yes,98,97,1946709,2019459,72.8
GCF_023206775.1,NZ_CP072782.1,integron_01,CALIN,no,26,25,1901008,1916676,15.7
GCF_023206775.1,NZ_CP072782.1,integron_02,complete,yes,74,73,1950660,2011733,61.1
GCF_023221655.1,NZ_CP064170.1,integron_01,CALIN,no,4,3,535132,543258,8.1
GCF_023221655.1,NZ_CP064171.1,integron_01,complete,yes,3,2,112,3858,3.7
GCF_023221655.1,NZ_CP064171.1,integron_02,CALIN,no,2,1,1451780,1454170,2.4
GCF_023277445.1,NZ_CP080238.1,integron_01,complete,yes,119,118,160681,270640,110.0
GCF_023277445.1,NZ_CP080240.1,integron_01,CALIN,no,3,2,26536,28323,1.8
GCF_023503985.1,NZ_CP097293.1,integron_01,CALIN,no,5,4,1597721,1609355,11.6
GCF_023503985.1,NZ_CP097293.1,integron_02,CALIN,no,2,1,2043662,2046391,2.7
GCF_023650755.1,NZ_CP071840.1,integron_01,complete,yes,148,147,1336772,1465600,128.8
GCF_023650755.1,NZ_CP071840.1,integron_02,CALIN,no,2,1,2019201,2020270,1.1
GCF_023650915.1,NZ_CP098034.1,integron_01,complete,yes,120,119,1302583,1392918,90.3
GCF_023716525.1,NZ_CP071842.1,integron_01,complete,yes,55,54,1333998,1376771,42.8
GCF_023716525.1,NZ_CP071844.1,integron_01,CALIN,no,7,6,71755,80936,9.2
GCF_023716545.1,NZ_CP071845.1,integron_01,CALIN,no,182,181,1302066,1435325,133.3
GCF_023716545.1,NZ_CP071845.1,integron_02,In0,yes,0,0,1897378,1898340,1.0
GCF_023716565.1,NZ_CP071848.1,integron_01,complete,yes,60,59,1722148,1769002,46.9
GCF_023716565.1,NZ_CP071849.1,integron_01,CALIN,no,38,37,1008085,1038048,30.0
GCF_023716585.1,NZ_CP071850.1,integron_01,complete,yes,3,2,1954361,1959599,5.2
GCF_023716605.1,NZ_CP071852.1,integron_01,complete,yes,111,110,2104704,2203153,98.4
GCF_023716625.1,NZ_CP071855.1,integron_01,CALIN,no,2,1,1423016,1425394,2.4
GCF_023716625.1,NZ_CP071855.1,integron_02,complete,yes,124,123,1810978,1926795,115.8
GCF_023716645.1,NZ_CP071857.1,integron_01,CALIN,no,216,215,1343019,1501777,158.8
GCF_023716645.1,NZ_CP071857.1,integron_02,In0,yes,0,0,1963829,1964791,1.0
GCF_023716665.1,NZ_CP071860.1,integron_01,CALIN,no,2,1,930942,933254,2.3
GCF_023716665.1,NZ_CP071860.1,integron_02,CALIN,no,4,3,1025458,1029883,4.4
GCF_023716665.1,NZ_CP071860.1,integron_03,CALIN,no,5,4,1613390,1619137,5.7
GCF_023716705.1,NZ_CP072680.1,integron_01,CALIN,no,182,181,1302170,1435428,133.3
GCF_023716705.1,NZ_CP072680.1,integron_02,In0,yes,0,0,1897481,1898443,1.0
GCF_023716845.1,NZ_CP068024.1,integron_01,complete,yes,9,8,1587423,1598176,10.8
GCF_023716845.1,NZ_CP068025.1,integron_01,CALIN,no,4,3,310375,315638,5.3
GCF_023746615.1,NZ_CP082275.1,integron_01,CALIN,no,3,2,1451504,1456391,4.9
GCF_023746615.1,NZ_CP082275.1,integron_02,CALIN,no,3,2,2100485,2105522,5.0
GCF_023746615.1,NZ_CP082275.1,integron_03,complete,yes,2,1,2249850,2263230,13.4
GCF_023746615.1,NZ_CP082275.1,integron_04,CALIN,no,2,1,2477568,2479735,2.2
GCF_023746615.1,NZ_CP082276.1,integron_01,CALIN,no,2,1,1079014,1081485,2.5
GCF_023920225.1,NZ_CP092587.1,integron_01,CALIN,no,2,1,1991405,1996141,4.7
GCF_023920225.1,NZ_CP092588.1,integron_01,CALIN,no,3,2,342943,351481,8.5
GCF_023973125.1,,,none,no,0,0,0,0,0
GCF_023983475.1,NZ_CP092713.1,integron_01,complete,yes,126,125,958073,1097148,139.1
GCF_024220035.1,NZ_CP100422.1,integron_01,CALIN,no,2,1,2202541,2205650,3.1
GCF_024220035.1,NZ_CP100423.1,integron_01,complete,yes,73,72,516,1769151,1768.6
GCF_024220035.1,NZ_CP100423.1,integron_02,CALIN,no,2,1,1300334,1303772,3.4
GCF_024220035.1,NZ_CP100424.1,integron_01,complete,yes,1,0,136482,138726,2.2
GCF_024346675.1,NZ_AP024851.1,integron_01,complete,yes,13,12,832993,861458,28.5
GCF_024346715.1,NZ_AP024852.1,integron_01,CALIN,no,3,2,1734597,1746025,11.4
GCF_024346715.1,NZ_AP024853.1,integron_01,complete,yes,10,9,474381,490562,16.2
GCF_024346755.1,NZ_AP024862.1,integron_01,CALIN,no,2,1,172422,174106,1.7
GCF_024346795.1,NZ_AP024864.1,integron_01,complete,yes,2,1,1510580,1514879,4.3
GCF_024346835.1,,,none,no,0,0,0,0,0
GCF_024346875.1,,,none,no,0,0,0,0,0
GCF_024346915.1,NZ_AP024873.1,integron_01,CALIN,no,2,1,2006918,2011654,4.7
GCF_024346915.1,NZ_AP024874.1,integron_01,CALIN,no,3,2,305535,314073,8.5
GCF_024346935.1,,,none,no,0,0,0,0,0
GCF_024346955.1,,,none,no,0,0,0,0,0
GCF_024346975.1,,,none,no,0,0,0,0,0
GCF_024346995.1,NZ_AP024887.1,integron_01,CALIN,no,10,9,927335,942469,15.1
GCF_024346995.1,NZ_AP024888.1,integron_01,CALIN,no,5,4,158234,167672,9.4
GCF_024346995.1,NZ_AP024888.1,integron_02,CALIN,no,2,1,388496,390460,2.0
GCF_024346995.1,NZ_AP024888.1,integron_03,CALIN,no,2,1,677628,679184,1.6
GCF_024346995.1,NZ_AP024888.1,integron_04,CALIN,no,7,6,878826,894445,15.6
GCF_024347015.1,NZ_AP024891.1,integron_01,CALIN,no,2,1,40447,43095,2.6
GCF_024347035.1,NZ_AP024893.1,integron_01,In0,yes,0,0,1091682,1092641,1.0
GCF_024347035.1,NZ_AP024893.1,integron_02,complete,yes,11,10,1528000,1541566,13.6
GCF_024347055.1,NZ_AP024895.1,integron_01,CALIN,no,4,3,2347888,2351952,4.1
GCF_024347055.1,NZ_AP024896.1,integron_01,CALIN,no,14,13,872774,897830,25.1
GCF_024347055.1,NZ_AP024896.1,integron_02,CALIN,no,2,1,1093026,1095365,2.3
GCF_024347075.1,NZ_AP024901.1,integron_01,CALIN,no,3,2,204127,208739,4.6
GCF_024347095.1,,,none,no,0,0,0,0,0
GCF_024347115.1,,,none,no,0,0,0,0,0
GCF_024347135.1,NZ_AP024907.1,integron_01,CALIN,no,3,2,1581623,1591602,10.0
GCF_024347135.1,NZ_AP024907.1,integron_02,CALIN,no,2,1,2558662,2559474,0.8
GCF_024347155.1,NZ_AP024911.1,integron_01,complete,yes,5,4,1041390,1050048,8.7
GCF_024347155.1,NZ_AP024912.1,integron_01,CALIN,no,5,4,334696,342609,7.9
GCF_024347295.1,NZ_AP025459.1,integron_01,complete,yes,82,81,1255189,1319107,63.9
GCF_024347315.1,NZ_AP025460.1,integron_01,complete,yes,1,0,2124397,2127999,3.6
GCF_024347335.1,NZ_AP025463.1,integron_01,In0,yes,0,0,1601195,1602016,0.8
GCF_024347355.1,NZ_AP025465.1,integron_01,CALIN,no,3,2,2459758,2461694,1.9
GCF_024347355.1,NZ_AP025466.1,integron_01,CALIN,no,2,1,397279,402823,5.5
GCF_024347355.1,NZ_AP025466.1,integron_02,complete,yes,2,1,1116302,1119314,3.0
GCF_024347375.1,NZ_AP025470.1,integron_01,complete,yes,4,3,2256044,2270837,14.8
GCF_024347395.1,NZ_AP025472.1,integron_01,complete,yes,172,171,1200955,1350280,149.3
GCF_024347415.1,NZ_AP025477.1,integron_01,CALIN,no,7,6,406578,415281,8.7
GCF_024347435.1,NZ_AP025481.1,integron_01,CALIN,no,5,4,434414,440824,6.4
GCF_024347455.1,,,none,no,0,0,0,0,0
GCF_024347475.1,NZ_AP025488.1,integron_01,CALIN,no,2,1,150974,152978,2.0
GCF_024347475.1,NZ_AP025488.1,integron_02,CALIN,no,4,3,1388530,1392368,3.8
GCF_024347495.1,NZ_AP025491.1,integron_01,CALIN,no,3,2,876326,878900,2.6
GCF_024347495.1,NZ_AP025491.1,integron_02,CALIN,no,118,117,880130,975878,95.7
GCF_024347495.1,NZ_AP025491.1,integron_03,complete,yes,101,100,986275,1069441,83.2
GCF_024347515.1,NZ_AP025493.1,integron_01,CALIN,no,4,3,1987892,1997891,10.0
GCF_024347535.1,NZ_AP025497.1,integron_01,complete,yes,11,10,1230029,1239741,9.7
GCF_024347535.1,NZ_AP025497.1,integron_02,CALIN,no,34,33,1509214,1533392,24.2
GCF_024347535.1,NZ_AP025497.1,integron_03,CALIN,no,10,9,1544583,1553219,8.6
GCF_024347535.1,NZ_AP025498.1,integron_01,CALIN,no,27,26,1186797,1207736,20.9
GCF_024347535.1,NZ_AP025498.1,integron_02,CALIN,no,37,36,1316592,1357571,41.0
GCF_024347555.1,,,none,no,0,0,0,0,0
GCF_024347575.1,NZ_AP025503.1,integron_01,complete,yes,2,1,1945085,1959145,14.1
GCF_024347575.1,NZ_AP025504.1,integron_01,CALIN,no,3,2,458331,461751,3.4
GCF_024347595.1,NZ_AP025507.1,integron_01,CALIN,no,3,2,1678596,1684668,6.1
GCF_024347615.1,NZ_AP025508.1,integron_01,CALIN,no,3,2,2195545,2200181,4.6
GCF_024347635.1,NZ_AP025510.1,integron_01,complete,yes,4,3,1931218,1940782,9.6
GCF_024347655.1,NZ_AP025514.1,integron_01,CALIN,no,37,36,1561191,1585250,24.1
GCF_024347655.1,NZ_AP025514.1,integron_02,CALIN,no,4,3,1905533,1910053,4.5
GCF_024347655.1,NZ_AP025514.1,integron_03,complete,yes,40,39,1920500,1950707,30.2
GCF_024347655.1,NZ_AP025515.1,integron_01,CALIN,no,50,49,357281,388501,31.2
GCF_024347675.1,,,none,no,0,0,0,0,0
GCF_024362845.1,NZ_CP090614.1,integron_01,complete,yes,1,0,2819174,2821394,2.2
GCF_024442155.1,NZ_CP050463.1,integron_01,CALIN,no,13,12,1485410,1496851,11.4
GCF_024442155.1,NZ_CP050463.1,integron_02,CALIN,no,8,7,1732792,1746982,14.2
GCF_024442155.1,NZ_CP050463.1,integron_03,complete,yes,43,42,1919636,1960411,40.8
GCF_024442155.1,NZ_CP050465.1,integron_01,CALIN,no,45,44,248326,291929,43.6
GCF_024442155.1,NZ_CP050465.1,integron_02,CALIN,no,6,5,1011326,1016585,5.3
GCF_024442155.1,NZ_CP050465.1,integron_03,CALIN,no,8,7,1138049,1143383,5.3
GCF_024442155.1,NZ_CP050465.1,integron_04,CALIN,no,33,32,1598416,1635533,37.1
GCF_024442155.1,NZ_CP050466.1,integron_01,CALIN,no,2,1,25101,27133,2.0
GCF_024442155.1,NZ_CP050466.1,integron_02,CALIN,no,2,1,37830,39774,1.9
GCF_024442175.1,NZ_CP050467.1,integron_01,complete,yes,49,48,2984141,3027951,43.8
GCF_024442175.1,NZ_CP050467.1,integron_02,CALIN,no,2,1,3076881,3078495,1.6
GCF_024442175.1,NZ_CP050468.1,integron_01,CALIN,no,2,1,308315,309780,1.5
GCF_024442175.1,NZ_CP050468.1,integron_02,CALIN,no,17,16,829944,845034,15.1
GCF_024442175.1,NZ_CP050468.1,integron_03,CALIN,no,28,27,1435442,1458552,23.1
GCF_024442175.1,NZ_CP050469.1,integron_01,CALIN,no,2,1,16571,18338,1.8
GCF_024442175.1,NZ_CP050469.1,integron_02,CALIN,no,2,1,46150,55678,9.5
GCF_024442195.1,NZ_CP050470.1,integron_01,complete,yes,48,47,754196,798458,44.3
GCF_024442195.1,NZ_CP050470.1,integron_02,CALIN,no,14,13,973135,989069,15.9
GCF_024442195.1,NZ_CP050470.1,integron_03,CALIN,no,16,15,1235358,1248957,13.6
GCF_024442195.1,NZ_CP050471.1,integron_01,CALIN,no,26,25,313358,340374,27.0
GCF_024442195.1,NZ_CP050471.1,integron_02,CALIN,no,6,5,798112,802650,4.5
GCF_024442195.1,NZ_CP050471.1,integron_03,CALIN,no,5,4,924693,928363,3.7
GCF_024442195.1,NZ_CP050471.1,integron_04,CALIN,no,32,31,1648763,1682109,33.3
GCF_024442195.1,NZ_CP050474.1,integron_01,CALIN,no,2,1,4803,6747,1.9
GCF_024442195.1,NZ_CP050474.1,integron_02,CALIN,no,2,1,68378,70410,2.0
GCF_024442195.1,NZ_CP050474.1,integron_03,CALIN,no,2,1,81106,83050,1.9
GCF_024442215.1,NZ_CP050475.1,integron_01,CALIN,no,8,7,2824021,2833224,9.2
GCF_024442215.1,NZ_CP050475.1,integron_02,CALIN,no,10,9,2870224,2879704,9.5
GCF_024442215.1,NZ_CP050475.1,integron_03,CALIN,no,2,1,2956878,2959515,2.6
GCF_024442215.1,NZ_CP050475.1,integron_04,complete,yes,13,12,3028881,3044289,15.4
GCF_024442215.1,NZ_CP050476.1,integron_01,CALIN,no,10,9,573697,589153,15.5
GCF_024442215.1,NZ_CP050476.1,integron_02,CALIN,no,4,3,609921,612542,2.6
GCF_024442215.1,NZ_CP050476.1,integron_03,CALIN,no,3,2,864379,867504,3.1
GCF_024442215.1,NZ_CP050476.1,integron_04,CALIN,no,12,11,1888256,1905328,17.1
GCF_024442235.1,NZ_CP050478.1,integron_01,CALIN,no,11,10,1521434,1534317,12.9
GCF_024442235.1,NZ_CP050478.1,integron_02,CALIN,no,2,1,1755257,1756967,1.7
GCF_024442235.1,NZ_CP050478.1,integron_03,CALIN,no,3,2,1772594,1774313,1.7
GCF_024442235.1,NZ_CP050478.1,integron_04,CALIN,no,15,14,1899123,1914024,14.9
GCF_024442235.1,NZ_CP050478.1,integron_05,CALIN,no,7,6,2357763,2362403,4.6
GCF_024442235.1,NZ_CP050479.1,integron_01,CALIN,no,2,1,116078,118944,2.9
GCF_024442235.1,NZ_CP050479.1,integron_02,CALIN,no,7,6,143588,151996,8.4
GCF_024442235.1,NZ_CP050479.1,integron_03,CALIN,no,4,3,644785,649724,4.9
GCF_024442235.1,NZ_CP050479.1,integron_04,CALIN,no,2,1,869875,873155,3.3
GCF_024442235.1,NZ_CP050479.1,integron_05,CALIN,no,4,3,1385911,1389124,3.2
GCF_024442235.1,NZ_CP050479.1,integron_06,CALIN,no,7,6,1666928,1676671,9.7
GCF_024442235.1,NZ_CP050482.1,integron_01,CALIN,no,2,1,2731,5356,2.6
GCF_024442235.1,NZ_CP050482.1,integron_02,CALIN,no,6,5,29040,35193,6.2
GCF_024442235.1,NZ_CP050482.1,integron_03,CALIN,no,2,1,62929,65656,2.7
GCF_024449095.1,NZ_CP024627.1,integron_01,CALIN,no,182,181,1302139,1435397,133.3
GCF_024449095.1,NZ_CP024627.1,integron_02,In0,yes,0,0,1897447,1898409,1.0
GCF_024494545.1,NZ_CP101694.1,integron_01,complete,yes,4,3,1718614,1727089,8.5
GCF_024508015.1,NZ_CP101905.1,integron_01,complete,yes,5,4,1935399,1941261,5.9
GCF_024529955.1,NZ_AP024855.1,integron_01,CALIN,no,3,2,38440,41151,2.7
GCF_024582835.1,NZ_CP102097.1,integron_01,complete,yes,96,95,1009525,1088282,78.8
GCF_024582835.1,NZ_CP102097.1,integron_02,CALIN,no,8,7,1079284,1084924,5.6
GCF_024734685.1,NZ_CP102927.1,integron_01,complete,yes,1,0,2386426,2391898,5.5
GCF_024734685.1,NZ_CP102928.1,integron_01,complete,yes,131,130,718932,819981,101.0
GCF_024971935.1,NZ_CP080098.1,integron_01,complete,yes,103,102,2868257,2962652,94.4
GCF_025258925.1,NZ_CP104355.1,integron_01,complete,yes,136,135,559057,664638,105.6
GCF_025258945.1,NZ_CP104357.1,integron_01,complete,yes,136,135,559057,664638,105.6
GCF_025264605.1,NZ_CP063683.1,integron_01,CALIN,no,3,2,909321,912409,3.1
GCF_025397955.1,NZ_CP104555.1,integron_01,CALIN,no,17,16,660108,682192,22.1
GCF_025397955.1,NZ_CP104555.1,integron_02,CALIN,no,30,29,786395,823631,37.2
GCF_025397955.1,NZ_CP104555.1,integron_03,complete,yes,40,39,837523,898612,61.1
GCF_025398175.1,NZ_CP099735.1,integron_01,In0,yes,0,0,593638,594600,1.0
GCF_025757485.1,,,none,no,0,0,0,0,0
GCF_025917705.1,NZ_CP097355.1,integron_01,CALIN,no,7,6,1852460,1857861,5.4
GCF_025917705.1,NZ_CP097355.1,integron_02,complete,yes,138,137,1891430,2003866,112.4
GCF_025917725.1,NZ_CP097858.1,integron_01,complete,yes,89,88,2128299,2207372,79.1
GCF_025917745.1,NZ_CP097873.1,integron_01,complete,yes,124,123,1339774,1448387,108.6
GCF_025920025.1,NZ_CP062150.1,integron_01,complete,yes,70,69,813586,882610,69.0
GCF_025920025.1,NZ_CP062150.1,integron_02,CALIN,no,2,1,1345527,1347936,2.4
GCF_025920045.1,NZ_CP062153.1,integron_01,complete,yes,42,41,812516,858182,45.7
GCF_025920045.1,NZ_CP062153.1,integron_02,CALIN,no,2,1,1305056,1307465,2.4
GCF_025994915.1,NZ_AP026552.1,integron_01,complete,yes,111,110,1460130,1541709,81.6
GCF_026000435.1,NZ_AP026763.1,integron_01,complete,yes,37,36,1330678,1370679,40.0
GCF_026000435.1,NZ_AP026763.1,integron_02,CALIN,no,21,20,1537735,1566854,29.1
GCF_026000495.1,NZ_AP026765.1,integron_01,CALIN,no,8,7,725619,734151,8.5
GCF_026000495.1,NZ_AP026765.1,integron_02,complete,yes,20,19,1383409,1400220,16.8
GCF_026000495.1,NZ_AP026765.1,integron_03,CALIN,no,99,98,1559052,1640187,81.1
GCF_026001825.1,,,none,no,0,0,0,0,0
GCF_026001925.1,NZ_AP021869.1,integron_01,complete,yes,11,10,1876270,1892476,16.2
GCF_026001925.1,NZ_AP021871.1,integron_01,complete,yes,5,4,25032,29748,4.7
GCF_026001925.1,NZ_AP021871.1,integron_02,complete,yes,3,2,47478,51369,3.9
GCF_026013235.1,NZ_CP110189.1,integron_01,complete,yes,76,75,44,1062811,1062.8
GCF_026639315.1,NZ_CP110670.1,integron_01,complete,yes,2,1,780526,784260,3.7
GCF_026639315.1,NZ_CP110670.1,integron_02,complete,yes,1,0,1412930,1416926,4.0
GCF_026650865.1,NZ_CP085857.1,integron_01,complete,yes,180,179,1902315,2043068,140.8
GCF_026651645.1,NZ_CP033457.1,integron_01,CALIN,no,39,38,559607,593508,33.9
GCF_026651645.1,NZ_CP033457.1,integron_02,complete,yes,45,44,606017,639906,33.9
GCF_026970915.1,NZ_CP114194.1,integron_01,CALIN,no,14,13,1943274,1958956,15.7
GCF_026970915.1,NZ_CP114194.1,integron_02,CALIN,no,65,64,1968267,2021824,53.6
GCF_026970915.1,NZ_CP114194.1,integron_03,complete,yes,108,107,2031180,2119315,88.1
GCF_027286325.1,NZ_CP114588.1,integron_01,complete,yes,3,2,1051402,1059898,8.5
GCF_027286325.1,NZ_CP114588.1,integron_02,CALIN,no,3,2,1664248,1668720,4.5
GCF_027286345.1,NZ_CP114590.1,integron_01,complete,yes,4,3,1082317,1090631,8.3
GCF_027286345.1,NZ_CP114591.1,integron_01,CALIN,no,4,3,173407,180791,7.4
GCF_027286365.1,NZ_CP114584.1,integron_01,complete,yes,6,5,1170812,1177468,6.7
GCF_027286365.1,NZ_CP114584.1,integron_02,CALIN,no,2,1,1789999,1793943,3.9
GCF_027286385.1,NZ_CP114586.1,integron_01,complete,yes,4,3,1039835,1048062,8.2
GCF_027286385.1,NZ_CP114586.1,integron_02,CALIN,no,4,3,1602196,1606317,4.1
GCF_027924725.1,NZ_AP027045.1,integron_01,complete,yes,1,0,267668,271685,4.0
GCF_027924725.1,NZ_AP027045.1,integron_02,CALIN,no,10,9,2063356,2078439,15.1
GCF_027924785.1,NZ_AP027049.1,integron_01,complete,yes,8,7,250216,259540,9.3
GCF_027924785.1,NZ_AP027049.1,integron_02,CALIN,no,8,7,2030928,2039638,8.7
GCF_027924785.1,NZ_AP027050.1,integron_01,CALIN,no,2,1,756524,758377,1.9
GCF_027924845.1,NZ_AP027052.1,integron_01,complete,yes,8,7,250236,259562,9.3
GCF_027924845.1,NZ_AP027052.1,integron_02,CALIN,no,8,7,2063299,2072008,8.7
GCF_027924845.1,NZ_AP027053.1,integron_01,CALIN,no,2,1,756557,758410,1.9
GCF_028201475.1,,,none,no,0,0,0,0,0
GCF_028228685.1,NZ_CP102434.1,integron_01,complete,yes,64,63,1327052,1373959,46.9
GCF_028472865.1,NZ_CP080478.1,integron_01,complete,yes,137,136,1301474,1409111,107.6
GCF_028472865.1,NZ_CP080480.1,integron_01,CALIN,no,5,4,118274,122378,4.1
GCF_028551255.1,NZ_CP117029.1,integron_01,CALIN,no,10,9,1636173,1643760,7.6
GCF_028551255.1,NZ_CP117030.1,integron_01,CALIN,no,2,1,802689,806043,3.4
GCF_028551255.1,NZ_CP117031.1,integron_01,CALIN,no,9,8,187849,198810,11.0
GCF_028551295.1,NZ_CP117039.1,integron_01,complete,yes,152,151,1319803,1443912,124.1
GCF_028551315.1,NZ_CP117054.1,integron_01,complete,yes,107,106,744386,835952,91.6
GCF_028609665.1,NZ_CP047985.1,integron_01,CALIN,no,54,53,1568716,1618427,49.7
GCF_028609665.1,NZ_CP047985.1,integron_02,complete,yes,30,29,1632497,1659453,27.0
GCF_028609685.1,NZ_CP047990.1,integron_01,CALIN,no,36,35,1884933,1917100,32.2
GCF_028609685.1,NZ_CP047990.1,integron_02,complete,yes,46,45,1931977,1972124,40.1
GCF_028609685.1,NZ_CP047990.1,integron_03,CALIN,no,2,1,2482837,2485422,2.6
GCF_028609705.1,NZ_CP047995.1,integron_01,CALIN,no,36,35,1885594,1917761,32.2
GCF_028609705.1,NZ_CP047995.1,integron_02,complete,yes,46,45,1931575,1971722,40.1
GCF_028609705.1,NZ_CP047995.1,integron_03,CALIN,no,2,1,2482434,2485019,2.6
GCF_028621875.1,NZ_CP117517.1,integron_01,CALIN,no,4,3,1748226,1753286,5.1
GCF_028621875.1,NZ_CP117518.1,integron_01,CALIN,no,4,3,913690,916709,3.0
GCF_028743655.1,NZ_CP117988.1,integron_01,complete,yes,47,46,1523973,1566365,42.4
GCF_028743655.1,NZ_CP117989.1,integron_01,CALIN,no,2,1,1355591,1358165,2.6
GCF_028743695.1,NZ_CP117994.1,integron_01,complete,yes,73,72,1884060,1939904,55.8
GCF_028885545.1,NZ_CP118530.1,integron_01,CALIN,no,3,2,1016863,1019625,2.8
GCF_028885545.1,NZ_CP118530.1,integron_02,complete,yes,64,63,1346552,1408094,61.5
GCF_028885545.1,NZ_CP118531.1,integron_01,CALIN,no,18,17,2247723,2269662,21.9
GCF_028885585.1,NZ_CP118532.1,integron_01,CALIN,no,3,2,1361426,1364188,2.8
GCF_028885585.1,NZ_CP118532.1,integron_02,complete,yes,64,63,1691096,1751575,60.5
GCF_028885585.1,NZ_CP118533.1,integron_01,CALIN,no,18,17,2248008,2269947,21.9
GCF_028885605.1,NZ_CP118528.1,integron_01,complete,yes,33,32,2815626,2845901,30.3
GCF_028898625.1,NZ_CP118576.1,integron_01,complete,yes,56,55,1530652,1580952,50.3
GCF_028898625.1,NZ_CP118577.1,integron_01,CALIN,no,25,24,762199,790655,28.5
GCF_028898645.1,NZ_CP118582.1,integron_01,complete,yes,64,63,2591510,2672578,81.1
GCF_028898645.1,NZ_CP118583.1,integron_01,CALIN,no,3,2,809393,814455,5.1
GCF_028898665.1,NZ_CP118578.1,integron_01,complete,yes,8,7,1886065,1897367,11.3
GCF_028898665.1,NZ_CP118579.1,integron_01,CALIN,no,3,2,395800,404848,9.0
GCF_028898685.1,NZ_CP118580.1,integron_01,complete,yes,79,78,2673242,2739845,66.6
GCF_028898685.1,NZ_CP118581.1,integron_01,CALIN,no,10,9,554496,565310,10.8
GCF_028898705.1,NZ_CP118596.1,integron_01,complete,yes,97,96,1600447,1691704,91.3
GCF_028898725.1,NZ_CP118586.1,integron_01,complete,yes,80,79,2507222,2573825,66.6
GCF_028898725.1,NZ_CP118587.1,integron_01,CALIN,no,10,9,11287,22101,10.8
GCF_028898745.1,NZ_CP118590.1,integron_01,complete,yes,79,78,2522581,2589184,66.6
GCF_028898825.1,NZ_CP118584.1,integron_01,complete,yes,83,82,1556911,1632942,76.0
GCF_028898925.1,NZ_CP118599.1,integron_01,CALIN,no,3,2,2082451,2085153,2.7
GCF_028898925.1,NZ_CP118599.1,integron_02,CALIN,no,3,2,2762548,2765907,3.4
GCF_028898925.1,NZ_CP118599.1,integron_03,complete,yes,1,0,3213937,3216986,3.0
GCF_028898925.1,NZ_CP118600.1,integron_01,CALIN,no,3,2,591945,595083,3.1
GCF_029016285.1,,,none,no,0,0,0,0,0
GCF_029016485.1,,,none,no,0,0,0,0,0
GCF_029023705.1,NZ_CP118930.1,integron_01,complete,yes,115,114,1302814,1384001,81.2
GCF_029023705.1,NZ_CP118930.1,integron_02,CALIN,no,58,57,1473288,1538216,64.9
GCF_029023705.1,NZ_CP118930.1,integron_03,CALIN,no,3,2,2010973,2012909,1.9
GCF_029023705.1,NZ_CP118930.1,integron_04,CALIN,no,2,1,2141336,2142405,1.1
GCF_029203225.1,NZ_CP119334.1,integron_01,complete,yes,61,60,1901445,1947182,45.7
GCF_029223585.1,NZ_CP119423.1,integron_01,CALIN,no,6,5,1805243,1812478,7.2
GCF_029223585.1,NZ_CP119423.1,integron_02,CALIN,no,2,1,1925095,1927183,2.1
GCF_029224045.1,NZ_CP119522.1,integron_01,complete,yes,75,74,103413,153760,50.3
GCF_029541605.1,NZ_CP120719.1,integron_01,In0,yes,0,0,2064128,2065093,1.0
GCF_029541605.1,NZ_CP120719.1,integron_02,CALIN,no,2,1,2408596,2410856,2.3
GCF_029541605.1,NZ_CP120719.1,integron_03,CALIN,no,39,38,2640660,2672011,31.4
GCF_029541605.1,NZ_CP120721.1,integron_01,CALIN,no,3,2,286400,288858,2.5
GCF_029635775.1,NZ_CP113242.1,integron_01,complete,yes,101,100,188538,263116,74.6
GCF_029910115.1,NZ_CP094659.1,integron_01,CALIN,no,3,2,3258044,3263783,5.7
GCF_029958905.1,NZ_CP124613.1,integron_01,complete,yes,95,94,894306,961154,66.8
GCF_029962385.1,NZ_CP071708.1,integron_01,complete,yes,1,0,2796491,2799196,2.7
GCF_029990625.1,NZ_CP118438.1,integron_01,complete,yes,175,174,255138,392377,137.2
GCF_029990625.1,NZ_CP118439.1,integron_01,CALIN,no,2,1,1060128,1064176,4.0
GCF_030059845.1,NZ_CP125856.1,integron_01,complete,yes,90,89,990142,1077704,87.6
GCF_030059845.1,NZ_CP125857.1,integron_01,CALIN,no,2,1,824185,825887,1.7
GCF_030060435.1,NZ_CP125875.1,integron_01,complete,yes,110,109,958565,1059820,101.3
GCF_030062095.1,NZ_CP115189.1,integron_01,CALIN,no,2,1,468570,470396,1.8
GCF_030062095.1,NZ_CP115190.1,integron_01,CALIN,no,5,4,98817,102921,4.1
GCF_030062725.1,NZ_CP077061.1,integron_01,complete,yes,128,127,1,1044173,1044.2
GCF_030064615.2,NZ_CP114183.2,integron_01,complete,yes,152,151,1317178,1441287,124.1
GCF_030064635.1,NZ_CP114186.1,integron_01,CALIN,no,134,133,1423889,1534649,110.8
GCF_030144385.1,NZ_CP126305.1,integron_01,CALIN,no,3,2,2839534,2842893,3.4
GCF_030144385.1,NZ_CP126305.1,integron_02,complete,yes,1,0,3305145,3308194,3.0
GCF_030144385.1,NZ_CP126306.1,integron_01,CALIN,no,2,1,162192,164336,2.1
GCF_030168795.1,,,none,no,0,0,0,0,0
GCF_030168835.1,,,none,no,0,0,0,0,0
GCF_030168855.1,,,none,no,0,0,0,0,0
GCF_030169005.1,,,none,no,0,0,0,0,0
GCF_030169025.1,NZ_CP077686.1,integron_01,CALIN,no,2,1,1313394,1315769,2.4
GCF_030169025.1,NZ_CP077688.1,integron_01,CALIN,no,2,1,59250,61798,2.5
GCF_030169045.1,,,none,no,0,0,0,0,0
GCF_030220165.1,NZ_CP126698.1,integron_01,CALIN,no,139,138,1636912,1731590,94.7
GCF_030220165.1,NZ_CP126698.1,integron_02,complete,yes,72,71,1740744,1788749,48.0
GCF_030238725.2,NZ_CP160382.1,integron_01,complete,yes,111,110,1960560,2047366,86.8
GCF_030238765.2,NZ_CM129898.1,integron_01,complete,yes,168,167,1367970,1511982,144.0
GCF_030238765.2,NZ_CM129898.1,integron_02,complete,yes,4,3,3412891,3418417,5.5
GCF_030291875.1,NZ_CP127846.1,integron_01,complete,yes,27,26,1332849,1385577,52.7
GCF_030297155.1,,,none,no,0,0,0,0,0
GCF_030297535.1,NZ_AP028128.1,integron_01,CALIN,no,4,3,470360,473321,3.0
GCF_030297535.1,NZ_AP028128.1,integron_02,complete,yes,1,0,2161480,2163271,1.8
GCF_030297535.1,NZ_AP028130.1,integron_01,complete,yes,3,2,104922,110524,5.6
GCF_030297535.1,NZ_AP028130.1,integron_02,CALIN,no,2,1,112447,114693,2.2
GCF_030297535.1,NZ_AP028130.1,integron_03,CALIN,no,2,1,128324,131188,2.9
GCF_030297535.1,NZ_AP028130.1,integron_04,complete,yes,1,0,311234,313141,1.9
GCF_030316215.1,NZ_CP128204.1,integron_01,CALIN,no,4,3,1322361,1327098,4.7
GCF_030316215.1,NZ_CP128204.1,integron_02,CALIN,no,3,2,2222229,2232533,10.3
GCF_030316215.1,NZ_CP128205.1,integron_01,complete,yes,18,17,170443,183981,13.5
GCF_030316215.1,NZ_CP128205.1,integron_02,CALIN,no,4,3,1442916,1446597,3.7
GCF_030316235.1,NZ_CP128200.1,integron_01,complete,yes,1,0,2754651,2756435,1.8
GCF_030316235.1,NZ_CP128201.1,integron_01,complete,yes,33,32,658994,681314,22.3
GCF_030388405.1,NZ_CP116414.1,integron_01,complete,yes,81,80,1051389,1121300,69.9
GCF_030552955.1,NZ_CP130651.1,integron_01,complete,yes,64,63,1905782,1952689,46.9
GCF_030563405.1,NZ_CP130749.1,integron_01,complete,yes,3,2,82577,86430,3.9
GCF_030563405.1,NZ_CP130749.1,integron_02,CALIN,no,2,1,1331362,1333603,2.2
GCF_030580635.1,NZ_CP129422.1,integron_01,complete,yes,213,212,337647,491743,154.1
GCF_030704285.1,NZ_CP131931.1,integron_01,CALIN,no,40,39,1613031,1645398,32.4
GCF_030704285.1,NZ_CP131931.1,integron_02,CALIN,no,45,44,1681423,1715009,33.6
GCF_030704285.1,NZ_CP131931.1,integron_03,complete,yes,80,79,1768429,1826522,58.1
GCF_030718725.1,NZ_CP132180.1,integron_01,complete,yes,1,0,658390,663862,5.5
GCF_030718725.1,NZ_CP132181.1,integron_01,complete,yes,131,130,309028,408773,99.7
GCF_030718745.1,NZ_CP132187.1,integron_01,complete,yes,1,0,658426,663898,5.5
GCF_030718745.1,NZ_CP132188.1,integron_01,complete,yes,131,130,757816,857561,99.7
GCF_030718765.1,NZ_CP132183.1,integron_01,complete,yes,131,130,651336,751081,99.7
GCF_030718765.1,NZ_CP132182.1,integron_01,complete,yes,1,0,2442398,2447870,5.5
GCF_030718785.1,NZ_CP132189.1,integron_01,complete,yes,178,177,321978,472656,150.7
GCF_030991365.1,NZ_CP099950.1,integron_01,CALIN,no,2,1,1450349,1451418,1.1
GCF_030991365.1,NZ_CP099950.1,integron_02,complete,yes,60,59,1966649,2024208,57.6
GCF_030991365.1,NZ_CP099950.1,integron_03,CALIN,no,4,3,2829218,2831530,2.3
GCF_030991385.1,NZ_CP099951.1,integron_01,CALIN,no,2,1,1472231,1473300,1.1
GCF_030991385.1,NZ_CP099951.1,integron_02,complete,yes,6,5,1958254,1963504,5.2
GCF_030994065.1,NZ_CP099916.1,integron_01,CALIN,no,2,1,391507,393190,1.7
GCF_030994065.1,NZ_CP099916.1,integron_02,complete,yes,3,2,1397274,1400690,3.4
GCF_030994145.1,NZ_CP099919.1,integron_01,complete,yes,206,205,1309375,1472282,162.9
GCF_030994165.1,NZ_CP099921.1,integron_01,complete,yes,125,124,1340263,1443241,103.0
GCF_030994165.1,NZ_CP099921.1,integron_02,CALIN,no,4,3,1943059,1946835,3.8
GCF_030994165.1,NZ_CP099921.1,integron_03,CALIN,no,4,3,1960791,1964567,3.8
GCF_030994185.1,NZ_CP099924.1,integron_01,complete,yes,205,204,1311128,1474037,162.9
GCF_030994225.1,NZ_CP099928.1,integron_01,complete,yes,54,53,1316893,1359794,42.9
GCF_030994565.1,NZ_CP099934.1,integron_01,CALIN,no,150,149,1349502,1464925,115.4
GCF_030995125.1,NZ_CP099956.1,integron_01,complete,yes,61,60,1925975,1996862,70.9
GCF_030995125.1,NZ_CP099958.1,integron_01,CALIN,no,37,36,3,217495,217.5
GCF_030995125.1,NZ_CP099958.1,integron_02,CALIN,no,16,15,46820,59171,12.4
GCF_030995125.1,NZ_CP099958.1,integron_03,CALIN,no,29,28,168513,192536,24.0
GCF_030998145.1,NZ_CP099955.1,integron_01,complete,yes,91,90,1355284,1422053,66.8
GCF_030998145.1,NZ_CP099955.1,integron_02,CALIN,no,11,10,1453733,1463525,9.8
GCF_031883075.1,NZ_CP134783.1,integron_01,complete,yes,118,117,1687359,1767612,80.3
GCF_031884875.1,NZ_CP134781.1,integron_01,CALIN,no,4,3,683278,686399,3.1
GCF_032027525.2,NZ_CP184804.1,integron_01,CALIN,no,33,32,145394,175515,30.1
GCF_032027525.2,NZ_CP184804.1,integron_02,CALIN,no,21,20,176703,195314,18.6
GCF_032027525.2,NZ_CP184804.1,integron_03,complete,yes,133,132,195723,288328,92.6
GCF_032463505.1,NZ_CP135968.1,integron_01,complete,yes,107,106,1912054,1996399,84.3
GCF_032463505.1,NZ_CP135969.1,integron_01,CALIN,no,2,1,1469760,1471389,1.6
GCF_032463505.1,NZ_CP135970.1,integron_01,CALIN,no,16,15,95589,109812,14.2
GCF_032841475.3,NZ_CP184806.1,integron_01,complete,yes,131,130,420153,513353,93.2
GCF_032841535.3,NZ_CP184807.1,integron_01,complete,yes,82,81,121811,183227,61.4
GCF_032841535.3,NZ_CP184808.1,integron_01,CALIN,no,3,2,1338956,1342963,4.0
GCF_033100075.1,NZ_CP136903.1,integron_01,CALIN,no,26,25,1912170,1931092,18.9
GCF_033100075.1,NZ_CP136903.1,integron_02,complete,yes,29,28,2026103,2054194,28.1
GCF_033441435.1,NZ_CP133891.1,integron_01,complete,yes,95,94,1373671,1456345,82.7
GCF_033441455.1,NZ_CP133900.1,integron_01,CALIN,no,40,39,1964672,1999976,35.3
GCF_033441455.1,NZ_CP133900.1,integron_02,complete,yes,106,105,2009700,2093554,83.9
GCF_033441455.1,NZ_CP133902.1,integron_01,CALIN,no,47,46,10203,56734,46.5
GCF_033573735.1,NZ_CP119301.1,integron_01,CALIN,no,54,53,1901202,1948787,47.6
GCF_033573735.1,NZ_CP119301.1,integron_02,complete,yes,30,29,1963920,1990876,27.0
GCF_033803245.2,NZ_CP184809.1,integron_01,complete,yes,82,81,1483,59700,58.2
GCF_033803245.2,NZ_CP184809.1,integron_02,CALIN,no,96,95,73466,143927,70.5
GCF_033947405.2,NZ_CP098022.1,integron_01,complete,yes,2,1,60193,62640,2.4
GCF_033947405.2,NZ_CP098022.1,integron_02,CALIN,no,2,1,1220264,1222772,2.5
GCF_034008165.1,NZ_CP134058.1,integron_01,complete,yes,1,0,1153815,1159287,5.5
GCF_034008165.1,NZ_CP134057.1,integron_01,complete,yes,131,130,28259,128527,100.3
GCF_034008165.1,NZ_CP134059.1,integron_01,complete,yes,1,0,53714,56121,2.4
GCF_034008175.1,NZ_CP134060.1,integron_01,complete,yes,1,0,2386417,2391889,5.5
GCF_034008175.1,NZ_CP134061.1,integron_01,complete,yes,132,131,648606,749654,101.0
GCF_034428235.1,NZ_CP140102.1,integron_01,complete,yes,73,72,1210351,1277858,67.5
GCF_034428235.1,NZ_CP140107.1,integron_01,CALIN,no,3,2,2503,5105,2.6
GCF_034480095.1,NZ_CP129936.1,integron_01,complete,yes,206,205,1958378,2121323,162.9
GCF_034480135.1,NZ_CP129938.1,integron_01,CALIN,no,4,3,1597819,1601595,3.8
GCF_034480135.1,NZ_CP129938.1,integron_02,complete,yes,125,124,2101414,2204392,103.0
GCF_034480175.1,NZ_CP129940.1,integron_01,CALIN,no,2,1,1590651,1591720,1.1
GCF_034480175.1,NZ_CP129940.1,integron_02,complete,yes,6,5,2101368,2106618,5.2
GCF_034480305.1,NZ_CP130853.1,integron_01,complete,yes,61,60,2086691,2157578,70.9
GCF_034480305.1,NZ_CP130855.1,integron_01,CALIN,no,29,28,66657,90155,23.5
GCF_034480305.1,NZ_CP130855.1,integron_02,CALIN,no,16,15,107605,119668,12.1
GCF_034480385.1,NZ_CP129945.1,integron_01,complete,yes,3,2,546384,549800,3.4
GCF_034480385.1,NZ_CP129945.1,integron_02,CALIN,no,2,1,1100338,1102021,1.7
GCF_034480485.1,NZ_CP129930.1,integron_01,complete,yes,91,90,1493907,1560677,66.8
GCF_034480485.1,NZ_CP129930.1,integron_02,CALIN,no,11,10,1592357,1602148,9.8
GCF_034480485.1,NZ_CP129930.1,integron_03,CALIN,no,11,10,1634810,1644601,9.8
GCF_034480505.1,NZ_CP129932.1,integron_01,complete,yes,54,53,2036548,2079449,42.9
GCF_035621455.1,NZ_CP141822.1,integron_01,complete,yes,5,4,1896218,1902080,5.9
GCF_035758505.1,NZ_CP142108.1,integron_01,CALIN,no,5,4,652997,656927,3.9
GCF_035758505.1,NZ_CP142108.1,integron_02,complete,yes,7,6,804570,815683,11.1
GCF_035758505.1,NZ_CP142108.1,integron_03,CALIN,no,6,5,1199723,1205126,5.4
GCF_035758505.1,NZ_CP142108.1,integron_04,CALIN,no,3,2,1550567,1553775,3.2
GCF_035758505.1,NZ_CP142109.1,integron_01,CALIN,no,4,3,245221,249308,4.1
GCF_036351935.1,NZ_CP143559.1,integron_01,complete,yes,81,80,1389638,1467217,77.6
GCF_036553415.2,NZ_CM170608.1,integron_01,complete,yes,248,247,610860,791624,180.8
GCF_036825535.1,NZ_CP098813.1,integron_01,CALIN,no,3,2,114748,116965,2.2
GCF_036825535.1,NZ_CP098813.1,integron_02,complete,yes,1,0,266177,269408,3.2
GCF_037101305.1,NZ_AP028806.1,integron_01,complete,yes,228,227,274925,444655,169.7
GCF_037101305.1,NZ_AP028805.1,integron_01,complete,yes,4,3,173705,181395,7.7
GCF_037746055.1,NZ_CP148108.1,integron_01,complete,yes,5,4,1936440,1942302,5.9
GCF_037997135.1,NZ_CP150465.1,integron_01,CALIN,no,2,1,4037,7262,3.2
GCF_037997145.1,NZ_CP150466.1,integron_01,CALIN,no,17,16,1787141,1810583,23.4
GCF_037997145.1,NZ_CP150467.1,integron_01,complete,yes,44,43,1440409,1490126,49.7
GCF_037997145.1,NZ_CP150470.1,integron_01,CALIN,no,3,2,32010,35679,3.7
GCF_037997145.1,NZ_CP150472.1,integron_01,CALIN,no,3,2,42894,46563,3.7
GCF_038050815.1,NZ_CP150902.1,integron_01,complete,yes,108,107,1351743,1439878,88.1
GCF_038050815.1,NZ_CP150902.1,integron_02,CALIN,no,65,64,1449234,1502791,53.6
GCF_038050815.1,NZ_CP150902.1,integron_03,CALIN,no,15,14,1512102,1527784,15.7
GCF_038050985.1,NZ_CP150909.1,integron_01,complete,yes,108,107,1351744,1439879,88.1
GCF_038050985.1,NZ_CP150909.1,integron_02,CALIN,no,65,64,1449235,1502792,53.6
GCF_038050985.1,NZ_CP150909.1,integron_03,CALIN,no,15,14,1512103,1527785,15.7
GCF_038070605.1,NZ_CP150947.1,integron_01,complete,yes,64,63,1319475,1374825,55.4
GCF_038070605.1,NZ_CP150948.1,integron_01,CALIN,no,2,1,1191472,1193174,1.7
GCF_038086615.1,,,none,no,0,0,0,0,0
GCF_038086725.1,,,none,no,0,0,0,0,0
GCF_038086915.1,,,none,no,0,0,0,0,0
GCF_038253855.1,NZ_CP141287.1,integron_01,complete,yes,206,205,1983013,2145920,162.9
GCF_038297345.1,NZ_CP148900.1,integron_01,CALIN,no,2,1,1605435,1606504,1.1
GCF_038297345.1,NZ_CP148900.1,integron_02,complete,yes,60,59,2121737,2179296,57.6
GCF_038297345.1,NZ_CP148900.1,integron_03,CALIN,no,4,3,2984306,2986618,2.3
GCF_038442155.1,NZ_CP135177.1,integron_01,CALIN,no,5,4,243380,249674,6.3
GCF_038452265.1,NZ_CP151842.1,integron_01,complete,yes,25,24,1770169,1787454,17.3
GCF_038695265.1,NZ_CP152307.1,integron_01,complete,yes,8,7,2074590,2088663,14.1
GCF_038695265.1,NZ_CP152308.1,integron_01,CALIN,no,3,2,571192,575132,3.9
GCF_038695265.1,NZ_CP152308.1,integron_02,CALIN,no,2,1,767306,775148,7.8
GCF_038741195.1,NZ_CP152363.1,integron_01,CALIN,no,15,14,1943370,1959052,15.7
GCF_038741195.1,NZ_CP152363.1,integron_02,CALIN,no,65,64,1968363,2021920,53.6
GCF_038741195.1,NZ_CP152363.1,integron_03,complete,yes,108,107,2031276,2119411,88.1
GCF_039542195.1,NZ_CP154264.1,integron_01,complete,yes,89,88,2073689,2153741,80.1
GCF_039544385.1,NZ_CP154266.1,integron_01,complete,yes,75,74,1547295,1632359,85.1
GCF_039544385.1,NZ_CP154269.1,integron_01,CALIN,no,3,2,51763,59248,7.5
GCF_039544385.1,NZ_CP154270.1,integron_01,CALIN,no,4,3,25496,31905,6.4
GCF_039602145.1,NZ_CP142015.1,integron_01,complete,yes,176,175,956224,1086518,130.3
GCF_039658515.1,NZ_CP150864.1,integron_01,complete,yes,215,214,1392441,1567345,174.9
GCF_039658515.1,NZ_CP150866.1,integron_01,CALIN,no,2,1,126081,128629,2.5
GCF_039658515.1,NZ_CP150867.1,integron_01,CALIN,no,2,1,4754,5532,0.8
GCF_039658525.1,NZ_CP150857.1,integron_01,complete,yes,152,151,1402271,1524254,122.0
GCF_039658545.1,NZ_CP150862.1,integron_01,complete,yes,75,74,1876393,1938979,62.6
GCF_040126105.1,NZ_CP151155.1,integron_01,complete,yes,147,146,1336250,1456066,119.8
GCF_040235185.1,NZ_CP158117.1,integron_01,complete,yes,109,108,681261,773955,92.7
GCF_040254425.1,NZ_CP158305.1,integron_01,CALIN,no,50,49,1428233,1479931,51.7
GCF_040254425.1,NZ_CP158305.1,integron_02,CALIN,no,4,3,1867963,1870621,2.7
GCF_040254425.1,NZ_CP158305.1,integron_03,complete,yes,260,259,1871374,2063779,192.4
GCF_040315585.1,NZ_CP095311.1,integron_01,CALIN,no,2,1,1173533,1176436,2.9
GCF_040315585.1,NZ_CP095311.1,integron_02,CALIN,no,2,1,1191085,1192639,1.6
GCF_040315585.1,NZ_CP095312.1,integron_01,CALIN,no,4,3,221611,224373,2.8
GCF_040315585.1,NZ_CP095312.1,integron_02,complete,yes,133,132,301499,417981,116.5
GCF_040315585.1,NZ_CP095313.1,integron_01,CALIN,no,7,6,1608,6098,4.5
GCF_040315585.1,NZ_CP095313.1,integron_02,CALIN,no,19,18,74380,88379,14.0
GCF_040412085.2,NZ_CP115920.1,integron_01,complete,yes,23,22,2105384,2126249,20.9
GCF_040412085.2,NZ_CP115921.1,integron_01,CALIN,no,2,1,787654,790653,3.0
GCF_040412195.1,NZ_CP152071.1,integron_01,complete,yes,1,0,1234986,1240458,5.5
GCF_040412195.1,NZ_CP152070.1,integron_01,complete,yes,131,130,74,1049146,1049.1
GCF_040556435.1,NZ_CP159791.1,integron_01,complete,yes,147,146,313231,420966,107.7
GCF_040588515.1,NZ_CP095337.1,integron_01,complete,yes,169,168,273445,420378,146.9
GCF_040735825.1,NZ_CP147727.1,integron_01,complete,yes,153,152,329368,444326,115.0
GCF_040805305.1,NZ_CP161854.1,integron_01,complete,yes,2,1,2335245,2340593,5.3
GCF_040805305.1,NZ_CP161854.1,integron_02,CALIN,no,4,3,2346887,2350324,3.4
GCF_040805305.1,NZ_CP161855.1,integron_01,complete,yes,105,104,499357,579188,79.8
GCF_040805305.1,NZ_CP161856.1,integron_01,CALIN,no,4,3,4175,13091,8.9
GCF_040869025.1,NZ_CP134272.1,integron_01,In0,yes,0,0,130368,131330,1.0
GCF_040869025.1,NZ_CP134272.1,integron_02,CALIN,no,48,47,865798,902568,36.8
GCF_040869035.2,NZ_CP162101.2,integron_01,complete,yes,55,54,280591,321276,40.7
GCF_040869035.2,NZ_CP162101.2,integron_02,CALIN,no,49,48,335199,378074,42.9
GCF_040957575.1,NZ_CP162602.1,integron_01,CALIN,no,2,1,542325,544167,1.8
GCF_040969975.1,NZ_CP162907.1,integron_01,complete,yes,133,132,585260,694421,109.2
GCF_041475595.1,NZ_CP167179.1,integron_01,complete,yes,23,22,1379678,1407455,27.8
GCF_041475595.1,NZ_CP167180.1,integron_01,CALIN,no,9,8,119878,129078,9.2
GCF_041504345.1,,,none,no,0,0,0,0,0
GCF_041714635.1,NZ_CP168212.1,integron_01,CALIN,no,4,3,2340063,2344127,4.1
GCF_041714635.1,NZ_CP168213.1,integron_01,CALIN,no,14,13,872774,897830,25.1
GCF_041714635.1,NZ_CP168213.1,integron_02,CALIN,no,2,1,1093026,1095365,2.3
GCF_041734175.1,NZ_CP168658.1,integron_01,CALIN,no,37,36,1,1112766,1112.8
GCF_041734175.1,NZ_CP168658.1,integron_02,complete,yes,152,151,983185,1088654,105.5
GCF_041834225.2,NZ_CM170609.1,integron_01,complete,yes,1,0,869149,874621,5.5
GCF_041834225.2,NZ_CM170610.1,integron_01,complete,yes,129,128,326810,425555,98.7
GCF_041860215.1,NZ_CP151640.1,integron_01,CALIN,no,2,1,1991399,1996135,4.7
GCF_041860215.1,NZ_CP151641.1,integron_01,CALIN,no,3,2,79188,87726,8.5
GCF_041879375.1,NZ_CP090843.1,integron_01,CALIN,no,3,2,1660213,1661894,1.7
GCF_041879375.1,NZ_CP090843.1,integron_02,CALIN,no,4,3,1938175,1940324,2.1
GCF_041879375.1,NZ_CP090843.1,integron_03,complete,yes,9,8,1951241,1959964,8.7
GCF_041879375.1,NZ_CP090844.1,integron_01,CALIN,no,3,2,948533,950452,1.9
GCF_041879375.1,NZ_CP090844.1,integron_02,CALIN,no,16,15,1070274,1086192,15.9
GCF_041879385.1,NZ_CP090845.1,integron_01,CALIN,no,3,2,1660213,1661894,1.7
GCF_041879385.1,NZ_CP090845.1,integron_02,CALIN,no,4,3,1938175,1940324,2.1
GCF_041879385.1,NZ_CP090845.1,integron_03,complete,yes,9,8,1951241,1959964,8.7
GCF_041879385.1,NZ_CP090846.1,integron_01,CALIN,no,3,2,1405874,1407793,1.9
GCF_041879385.1,NZ_CP090846.1,integron_02,CALIN,no,16,15,1527615,1543533,15.9
GCF_041879395.1,NZ_CP090847.1,integron_01,CALIN,no,7,6,1676594,1683250,6.7
GCF_041879395.1,NZ_CP090847.1,integron_02,complete,yes,8,7,2037876,2048162,10.3
GCF_041879395.1,NZ_CP090848.1,integron_01,CALIN,no,9,8,1029987,1038847,8.9
GCF_041879425.1,NZ_CP090854.1,integron_01,complete,yes,4,3,1373587,1383331,9.7
GCF_041950465.1,NZ_CP169539.1,integron_01,complete,yes,24,23,1272046,1292772,20.7
GCF_041950465.1,NZ_CP169540.1,integron_01,CALIN,no,10,9,1209736,1221869,12.1
GCF_041950465.1,NZ_CP169541.1,integron_01,CALIN,no,2,1,79058,82738,3.7
GCF_042245395.1,NZ_CP145310.1,integron_01,complete,yes,3,2,806343,815223,8.9
GCF_042245395.1,NZ_CP145310.1,integron_02,CALIN,no,3,2,1662057,1668786,6.7
GCF_042604665.1,NZ_CP158974.1,integron_01,complete,yes,1,0,2386373,2391845,5.5
GCF_042604665.1,NZ_CP158975.1,integron_01,complete,yes,123,122,161935,257601,95.7
GCF_042604665.1,NZ_CP158976.1,integron_01,complete,yes,1,0,17140,19547,2.4
GCF_042691635.1,NZ_CP170491.1,integron_01,CALIN,no,49,48,2069354,2108924,39.6
GCF_042848055.1,NZ_AP031614.1,integron_01,complete,yes,102,101,1338428,1430984,92.6
GCF_042848055.1,NZ_AP031615.1,integron_01,CALIN,no,13,12,713525,732463,18.9
GCF_042940635.1,NZ_CP134975.1,integron_01,CALIN,no,14,13,1631451,1645059,13.6
GCF_042940635.1,NZ_CP134976.1,integron_01,complete,yes,188,187,184,1454553,1454.4
GCF_043754845.1,NZ_CP171657.1,integron_01,complete,yes,133,132,835296,930378,95.1
GCF_043755855.1,NZ_CP171659.1,integron_01,complete,yes,169,168,828725,952989,124.3
GCF_043756065.1,NZ_CP171661.1,integron_01,complete,yes,167,166,72228,195180,123.0
GCF_043756335.1,NZ_CP171663.1,integron_01,complete,yes,169,168,526660,650924,124.3
GCF_043757505.1,NZ_CP171665.1,integron_01,complete,yes,155,154,728006,841091,113.1
GCF_043757815.1,NZ_CP171667.1,integron_01,complete,yes,205,204,523723,672062,148.3
GCF_043758405.1,NZ_CP171669.1,integron_01,complete,yes,168,167,526661,650921,124.3
GCF_043759795.1,NZ_CP171671.1,integron_01,complete,yes,169,168,828720,952984,124.3
GCF_043760105.1,NZ_CP171673.1,integron_01,complete,yes,203,202,523794,671694,147.9
GCF_043760675.1,NZ_CP171675.1,integron_01,complete,yes,198,197,834718,979619,144.9
GCF_043762865.1,NZ_CP171677.1,integron_01,complete,yes,218,217,833839,987193,153.4
GCF_043763295.1,NZ_CP171679.1,integron_01,complete,yes,221,220,510828,669964,159.1
GCF_043763905.1,NZ_CP171681.1,integron_01,complete,yes,164,163,727564,845045,117.5
GCF_043765735.1,NZ_CP171683.1,integron_01,complete,yes,219,218,65084,222895,157.8
GCF_043766185.1,NZ_CP171685.1,integron_01,complete,yes,171,170,477244,602884,125.6
GCF_043766955.1,NZ_CP171687.1,integron_01,complete,yes,221,220,522427,681563,159.1
GCF_043769025.1,NZ_CP171689.1,integron_01,complete,yes,169,168,828790,953054,124.3
GCF_043995865.1,NZ_CP171887.1,integron_01,complete,yes,104,103,1837524,1919758,82.2
GCF_044343075.1,NZ_CP172324.1,integron_01,complete,yes,168,167,689259,812147,122.9
GCF_044343085.1,NZ_CP172326.1,integron_01,complete,yes,169,168,840252,964516,124.3
GCF_044343165.1,NZ_CP172328.1,integron_01,complete,yes,169,168,45,1123985,1123.9
GCF_044496695.1,NZ_CP172405.1,integron_01,complete,yes,103,102,870998,966505,95.5
GCF_044496695.1,NZ_CP172406.1,integron_01,CALIN,no,2,1,748041,749835,1.8
GCF_044496695.1,NZ_CP172406.1,integron_02,CALIN,no,3,2,857625,862205,4.6
GCF_044784405.1,NZ_CP173027.1,integron_01,complete,yes,50,49,178124,225651,47.5
GCF_044905045.1,NZ_CP173269.1,integron_01,complete,yes,131,130,518094,617830,99.7
GCF_044905045.1,NZ_CP173270.1,integron_01,complete,yes,1,0,105064,111160,6.1
GCF_044905045.1,NZ_CP173270.1,integron_02,In0,yes,0,0,108944,109957,1.0
GCF_044905055.1,NZ_CP173266.1,integron_01,complete,yes,130,129,424,1046388,1046.0
GCF_044905055.1,NZ_CP173267.1,integron_01,complete,yes,4,3,105064,110543,5.5
GCF_045004265.1,NZ_CP173383.1,integron_01,complete,yes,99,98,1658895,1756086,97.2
GCF_045004285.1,NZ_CP173385.1,integron_01,complete,yes,99,98,415339,512530,97.2
GCF_045004295.1,NZ_CP173391.1,integron_01,complete,yes,121,120,2984936,3088364,103.4
GCF_045004305.1,NZ_CP173389.1,integron_01,complete,yes,104,103,2267181,2365738,98.6
GCF_045004315.1,NZ_CP173387.1,integron_01,complete,yes,78,77,2930995,3003860,72.9
GCF_045004315.1,NZ_CP173388.1,integron_01,CALIN,no,3,2,1661231,1664055,2.8
GCF_045278325.1,NZ_CP128803.1,integron_01,complete,yes,99,98,1380155,1458938,78.8
GCF_045278325.1,NZ_CP128805.1,integron_01,complete,yes,3,2,1,171854,171.9
GCF_045278325.1,NZ_CP128805.1,integron_02,complete,yes,4,3,23719,28233,4.5
GCF_045287955.1,NZ_CP149505.1,integron_01,CALIN,no,35,34,1829983,1852226,22.2
GCF_045287955.1,NZ_CP149505.1,integron_02,complete,yes,108,107,1862487,1938390,75.9
GCF_045291255.1,NZ_CP134278.1,integron_01,In0,yes,0,0,989124,990086,1.0
GCF_045291255.1,NZ_CP134278.1,integron_02,CALIN,no,36,35,1257043,1289084,32.0
GCF_045348105.1,NZ_CP150831.1,integron_01,complete,yes,315,314,986208,1183335,197.1
GCF_045586155.1,NZ_CP169050.1,integron_01,complete,yes,172,171,1797907,1924951,127.0
GCF_045679545.1,NZ_CP166194.1,integron_01,complete,yes,24,23,1449473,1473033,23.6
GCF_045689275.1,NZ_CP137092.1,integron_01,complete,yes,310,309,727471,948109,220.6
GCF_045689325.1,NZ_CP137136.1,integron_01,complete,yes,156,155,295273,413772,118.5
GCF_045820715.1,NZ_CP174456.1,integron_01,complete,yes,78,77,1787967,1858803,70.8
GCF_046058925.1,,,none,no,0,0,0,0,0
GCF_046097525.1,NZ_CP175807.1,integron_01,complete,yes,105,104,389625,464273,74.6
GCF_046118645.1,NZ_CP176035.1,integron_01,CALIN,no,12,11,2764429,2777790,13.4
GCF_046118645.1,NZ_CP176035.1,integron_02,complete,yes,153,152,2790544,2909293,118.7
GCF_046118655.1,NZ_CP176031.1,integron_01,CALIN,no,12,11,2257964,2271325,13.4
GCF_046118655.1,NZ_CP176031.1,integron_02,complete,yes,165,164,2284079,2408801,124.7
GCF_046250205.1,,,none,no,0,0,0,0,0
GCF_046271895.1,NZ_CP176646.1,integron_01,complete,yes,69,68,1809424,1867945,58.5
GCF_046271965.1,NZ_CP176657.1,integron_01,complete,yes,66,65,1909676,1957168,47.5
GCF_046532655.1,NZ_CP151937.1,integron_01,complete,yes,239,238,1591668,1754973,163.3
GCF_046532655.1,NZ_CP151936.1,integron_01,CALIN,no,3,2,1339805,1343165,3.4
GCF_046532685.1,NZ_CP155084.1,integron_01,CALIN,no,7,6,1649314,1658100,8.8
GCF_046532685.1,NZ_CP155084.1,integron_02,complete,yes,38,37,2109499,2143852,34.4
GCF_046532695.1,NZ_CP151938.1,integron_01,complete,yes,79,78,1232199,1302317,70.1
GCF_046532705.1,NZ_CP151941.1,integron_01,CALIN,no,6,5,3277883,3287199,9.3
GCF_046581405.1,NZ_CP041683.1,integron_01,CALIN,no,39,38,3540179,3572181,32.0
GCF_046581405.1,NZ_CP041683.1,integron_02,complete,yes,49,48,3587802,3627138,39.3
GCF_046736365.1,NZ_CP157385.1,integron_01,complete,yes,168,167,644977,768782,123.8
GCF_046850195.1,NZ_CP133986.1,integron_01,CALIN,no,8,7,114183,119481,5.3
GCF_046850195.1,NZ_CP133986.1,integron_02,CALIN,no,4,3,124201,127526,3.3
GCF_046850195.1,NZ_CP133986.1,integron_03,complete,yes,291,290,899039,1122265,223.2
GCF_047221425.1,NZ_CP178388.1,integron_01,CALIN,no,13,12,599830,607833,8.0
GCF_047221425.1,NZ_CP178388.1,integron_02,CALIN,no,12,11,607974,616251,8.3
GCF_047221425.1,NZ_CP178388.1,integron_03,complete,yes,34,33,617637,645659,28.0
GCF_047302445.1,,,none,no,0,0,0,0,0
GCF_047497145.1,NZ_CP076287.1,integron_01,complete,yes,12,11,1392896,1414074,21.2
GCF_047497145.1,NZ_CP076287.1,integron_02,CALIN,no,4,3,2147210,2155989,8.8
GCF_047524955.2,NZ_CP194674.1,integron_01,complete,yes,1,0,2386030,2391502,5.5
GCF_047524955.2,NZ_CP194675.1,integron_01,complete,yes,131,130,657887,758155,100.3
GCF_047524955.2,NZ_CP194676.1,integron_01,complete,yes,1,0,17140,19547,2.4
GCF_047549585.1,NZ_CP180205.1,integron_01,CALIN,no,21,20,1656192,1675617,19.4
GCF_047549585.1,NZ_CP180206.1,integron_01,complete,yes,22,21,846643,868760,22.1
GCF_048284855.2,NZ_CP192285.1,integron_01,complete,yes,76,75,2063758,2136721,73.0
GCF_048284885.2,NZ_CP192147.1,integron_01,complete,yes,123,122,1306265,1398824,92.6
GCF_048300935.1,NZ_CP134280.1,integron_01,CALIN,no,2,1,872048,874959,2.9
GCF_048300935.1,NZ_CP134281.1,integron_01,In0,yes,0,0,154804,155766,1.0
GCF_048300935.1,NZ_CP134281.1,integron_02,CALIN,no,25,24,864348,882673,18.3
GCF_048537445.1,NZ_CP183254.1,integron_01,complete,yes,2,1,493669,498065,4.4
GCF_048537455.1,,,none,no,0,0,0,0,0
GCF_048537465.1,,,none,no,0,0,0,0,0
GCF_048537505.1,NZ_CP183282.1,integron_01,complete,yes,2,1,511002,515353,4.4
GCF_048537515.1,,,none,no,0,0,0,0,0
GCF_048537525.1,NZ_CP183287.1,integron_01,complete,yes,2,1,481646,486042,4.4
GCF_048835935.1,,,none,no,0,0,0,0,0
GCF_048844225.1,NZ_CP184834.1,integron_01,In0,yes,0,0,1278908,1279870,1.0
GCF_048914355.1,NZ_CP176357.1,integron_01,complete,yes,108,107,313395,401530,88.1
GCF_048914355.1,NZ_CP176357.1,integron_02,CALIN,no,65,64,410886,464442,53.6
GCF_048914355.1,NZ_CP176357.1,integron_03,CALIN,no,15,14,473753,489437,15.7
GCF_049187005.1,NZ_CP185778.1,integron_01,complete,yes,5,4,1935445,1941307,5.9
GCF_049315005.1,NZ_CP186026.1,integron_01,complete,yes,252,251,691987,875292,183.3
GCF_049315015.1,NZ_CP186019.1,integron_01,CALIN,no,3,2,1474855,1477521,2.7
GCF_049384865.1,NZ_JAIWIW010000001.1,integron_01,complete,yes,58,57,1449597,1504807,55.2
GCF_049384865.1,NZ_JAIWIW010000002.1,integron_01,CALIN,no,10,9,2356194,2374313,18.1
GCF_049563345.1,NZ_CP110481.1,integron_01,CALIN,no,3,2,346405,352532,6.1
GCF_049563345.1,NZ_CP110481.1,integron_02,CALIN,no,2,1,363244,365505,2.3
GCF_049563835.1,,,none,no,0,0,0,0,0
GCF_049810405.1,NZ_CP187389.1,integron_01,complete,yes,72,71,1432521,1497577,65.1
GCF_049816165.1,NZ_CP187429.1,integron_01,complete,yes,149,148,1380009,1491331,111.3
GCF_049816175.1,NZ_CP187434.1,integron_01,complete,yes,96,95,1415003,1496959,82.0
GCF_049816605.1,NZ_CP187437.1,integron_01,complete,yes,124,123,1889263,1986473,97.2
GCF_049816615.1,NZ_CP187442.1,integron_01,complete,yes,90,89,2202488,2272813,70.3
GCF_049817095.1,NZ_CP187446.1,integron_01,complete,yes,89,88,2440362,2519435,79.1
GCF_049818045.1,NZ_CP187480.1,integron_01,complete,yes,86,85,1946405,2013359,67.0
GCF_049821485.1,NZ_CP187513.1,integron_01,CALIN,no,8,7,1717362,1725443,8.1
GCF_049821485.1,NZ_CP187514.1,integron_01,complete,yes,15,14,1028758,1047969,19.2
GCF_049821485.1,NZ_CP187514.1,integron_02,CALIN,no,2,1,1230652,1233333,2.7
GCF_049821485.1,NZ_CP187515.1,integron_01,CALIN,no,5,4,242448,248588,6.1
GCF_050500225.1,NZ_CP191367.1,integron_01,complete,yes,1,0,2184685,2190157,5.5
GCF_050500225.1,NZ_CP191368.1,integron_01,complete,yes,131,130,52097,153146,101.0
GCF_050507685.1,NZ_CP191479.1,integron_01,CALIN,no,3,2,1580608,1585035,4.4
GCF_050507685.1,NZ_CP191479.1,integron_02,CALIN,no,19,18,2117513,2132696,15.2
GCF_050507685.1,NZ_CP191479.1,integron_03,complete,yes,42,41,2176540,2207883,31.3
GCF_050710195.2,NZ_CM139086.1,integron_01,complete,yes,62,61,2365072,2427768,62.7
GCF_050710195.2,NZ_JBICRK020000005.1,integron_01,CALIN,no,4,3,45531,48100,2.6
GCF_050815385.1,NZ_CP104016.1,integron_01,complete,yes,73,72,2117474,2184008,66.5
GCF_050815385.1,NZ_CP104019.1,integron_01,CALIN,no,4,3,2,66331,66.3
GCF_050870795.1,,,none,no,0,0,0,0,0
GCF_050888945.2,NZ_CP180435.1,integron_01,complete,yes,96,95,1321035,1402411,81.4
GCF_050920685.1,NZ_CP138328.1,integron_01,complete,yes,121,120,1358913,1455315,96.4
GCF_050920865.1,NZ_CP194405.1,integron_01,complete,yes,108,107,1346257,1434392,88.1
GCF_050920865.1,NZ_CP194405.1,integron_02,CALIN,no,65,64,1443748,1497305,53.6
GCF_050920865.1,NZ_CP194405.1,integron_03,CALIN,no,15,14,1506616,1522298,15.7
GCF_051046865.1,,,none,no,0,0,0,0,0
GCF_051046905.1,NZ_CP095332.1,integron_01,complete,yes,258,257,752776,946387,193.6
GCF_051122595.1,NZ_CP178577.1,integron_01,complete,yes,52,51,1113387,1154779,41.4
GCF_051131115.1,NZ_CP150876.1,integron_01,complete,yes,134,133,1962551,2062481,99.9
GCF_051131125.1,NZ_CP150869.1,integron_01,complete,yes,130,129,1287088,1393334,106.2
GCF_051132235.1,NZ_CP072677.1,integron_01,complete,yes,187,186,1882529,2041798,159.3
GCF_051132395.1,NZ_CP125666.1,integron_01,complete,yes,4,3,1516755,1523565,6.8
GCF_051132395.1,NZ_CP125665.1,integron_01,CALIN,no,5,4,16584,20688,4.1
GCF_051132395.1,NZ_CP125665.1,integron_02,complete,yes,2,1,268969,274686,5.7
GCF_051132505.1,,,none,no,0,0,0,0,0
GCF_051175305.1,NZ_CP195090.1,integron_01,In0,yes,0,0,257619,258581,1.0
GCF_051175305.1,NZ_CP195090.1,integron_02,CALIN,no,31,30,650419,670396,20.0
GCF_051175305.1,NZ_CP195090.1,integron_03,CALIN,no,66,65,692422,737781,45.4
GCF_051201655.1,NZ_CP179206.1,integron_01,complete,yes,1,0,2639971,2642570,2.6
GCF_051201655.1,NZ_CP179207.1,integron_01,complete,yes,2,1,176963,180186,3.2
GCF_051352415.1,NZ_CP195598.1,integron_01,In0,yes,0,0,1335181,1336143,1.0
GCF_051352415.1,NZ_CP195598.1,integron_02,CALIN,no,279,278,1355310,1560760,205.4
GCF_051352415.1,NZ_CP195598.1,integron_03,CALIN,no,3,2,3231057,3234087,3.0
GCF_051858925.1,NZ_CP182583.1,integron_01,CALIN,no,2,1,1368279,1370363,2.1
GCF_051859665.1,NZ_CP196677.1,integron_01,complete,yes,80,79,1332726,1401330,68.6
GCF_051859665.1,NZ_CP196677.1,integron_02,CALIN,no,4,3,1433786,1437994,4.2
GCF_051903045.1,NZ_CP166609.1,integron_01,complete,yes,108,107,1780821,1868661,87.8
GCF_051903045.1,NZ_CP166609.1,integron_02,CALIN,no,65,64,1878310,1931868,53.6
GCF_051903045.1,NZ_CP166609.1,integron_03,CALIN,no,15,14,1941179,1956860,15.7
GCF_051903285.1,NZ_CP196622.1,integron_01,complete,yes,104,103,346995,426478,79.5
GCF_051903285.1,NZ_CP196622.1,integron_02,CALIN,no,17,16,446504,460078,13.6
GCF_051903295.1,NZ_CP196624.1,integron_01,complete,yes,101,100,346996,424634,77.6
GCF_051903295.1,NZ_CP196624.1,integron_02,CALIN,no,17,16,444674,458248,13.6
GCF_052076115.1,NZ_CP197263.1,integron_01,complete,yes,136,135,2038647,2157068,118.4
GCF_052076125.1,NZ_CP197265.1,integron_01,complete,yes,66,65,1895504,1942996,47.5
GCF_052076135.1,NZ_CP197268.1,integron_01,complete,yes,70,69,525492,574274,48.8
GCF_052271875.1,NZ_CP196626.1,integron_01,complete,yes,110,109,346918,429810,82.9
GCF_052271875.1,NZ_CP196626.1,integron_02,CALIN,no,17,16,449836,463410,13.6
GCF_052375575.1,NZ_CM126336.1,integron_01,complete,yes,144,143,1661742,1781917,120.2
GCF_052545415.1,NZ_CM127143.1,integron_01,complete,yes,241,240,127050,301503,174.5
GCF_052591495.1,NZ_CM127328.1,integron_01,complete,yes,63,62,1336254,1395863,59.6
GCF_052747775.1,NZ_CM127575.1,integron_01,complete,yes,78,77,952162,1022601,70.4
GCF_052747775.1,NZ_JBRALU010000004.1,integron_01,CALIN,no,15,14,640,9775,9.1
GCF_052772185.1,NZ_CM127801.1,integron_01,complete,yes,158,157,1325541,1450196,124.7
GCF_052805255.1,NZ_CM127835.1,integron_01,complete,yes,81,80,1543814,1620856,77.0
GCF_052805275.1,NZ_CM127837.1,integron_01,complete,yes,139,138,2322679,2458217,135.5
GCF_052806215.1,NZ_CM127845.1,integron_01,complete,yes,132,131,875415,975993,100.6
GCF_052953315.1,NZ_CM129632.1,integron_01,complete,yes,108,107,1351761,1439896,88.1
GCF_052953315.1,NZ_CM129632.1,integron_02,CALIN,no,65,64,1449252,1502809,53.6
GCF_052953315.1,NZ_CM129632.1,integron_03,CALIN,no,15,14,1512120,1527802,15.7
GCF_052955985.1,NZ_CP130464.1,integron_01,CALIN,no,4,3,979909,984309,4.4
GCF_052956585.1,NZ_CP133104.1,integron_01,complete,yes,1,0,2715914,2721386,5.5
GCF_052956585.1,NZ_CP133105.1,integron_01,complete,yes,123,122,702904,797898,95.0
GCF_053005025.1,,,none,no,0,0,0,0,0
GCF_053154035.1,NZ_CP113098.1,integron_01,complete,yes,100,99,2236828,2330089,93.3
GCF_053154035.1,NZ_CP113099.1,integron_01,CALIN,no,23,22,368263,390903,22.6
GCF_053202865.1,NZ_CM129925.1,integron_01,CALIN,no,2,1,2901276,2903717,2.4
GCF_053202865.1,NZ_CM129926.1,integron_01,complete,yes,197,196,489628,630821,141.2
GCF_053202905.1,NZ_CM129927.1,integron_01,CALIN,no,2,1,975842,978523,2.7
GCF_053202905.1,NZ_JBRTRI010000003.1,integron_01,CALIN,no,2,1,87601,91597,4.0
GCF_053220475.1,NZ_CM129938.1,integron_01,complete,yes,167,166,456384,576215,119.8
GCF_053220495.1,NZ_CM129940.1,integron_01,complete,yes,126,125,710161,799414,89.3
GCF_053220515.1,NZ_CM129942.1,integron_01,complete,yes,134,133,556845,658892,102.0
GCF_053220535.1,NZ_CM129944.1,integron_01,complete,yes,198,197,1046566,1199873,153.3
GCF_053220555.1,NZ_CM129946.1,integron_01,complete,yes,150,149,817440,952438,135.0
GCF_053220575.1,NZ_CM129948.1,integron_01,complete,yes,150,149,564475,699473,135.0
GCF_053220585.1,NZ_CM129949.1,integron_01,CALIN,no,2,1,2355903,2358550,2.6
GCF_053220585.1,NZ_CM129950.1,integron_01,complete,yes,97,96,1,1020675,1020.7
GCF_053220615.1,NZ_CM129952.1,integron_01,complete,yes,242,241,918032,1097334,179.3
GCF_053220635.1,NZ_CM129953.1,integron_01,complete,yes,2,1,729913,734877,5.0
GCF_053220635.1,NZ_CM129954.1,integron_01,complete,yes,120,119,2,1050789,1050.8
GCF_053220655.1,NZ_CM129955.1,integron_01,complete,yes,2,1,2340579,2345636,5.1
GCF_053220655.1,NZ_CM129955.1,integron_02,CALIN,no,4,3,2349738,2353175,3.4
GCF_053220655.1,NZ_CM129956.1,integron_01,complete,yes,132,131,540542,643058,102.5
GCF_053220675.1,NZ_CM129957.1,integron_01,CALIN,no,2,1,2373906,2376553,2.6
GCF_053220675.1,NZ_CM129958.1,integron_01,complete,yes,135,134,462338,558043,95.7
GCF_053220675.1,NZ_JBRUSU010000003.1,integron_01,CALIN,no,2,1,4647,6487,1.8
GCF_053220695.1,NZ_CM129960.1,integron_01,complete,yes,124,123,1,1143983,1144.0
GCF_053220695.1,NZ_JBRUST010000003.1,integron_01,CALIN,no,2,1,5860,7430,1.6
GCF_053220715.1,NZ_CM129962.1,integron_01,complete,yes,133,132,843580,944656,101.1
GCF_053294815.1,NZ_CM129991.1,integron_01,complete,yes,152,151,2159574,2285810,126.2
GCF_053515815.1,NZ_CM130728.1,integron_01,CALIN,no,4,3,620239,624605,4.4
GCF_053515815.1,NZ_CM130728.1,integron_02,complete,yes,10,9,1014263,1023555,9.3
GCF_053515815.1,NZ_JBQTKY010000005.1,integron_01,CALIN,no,3,2,8862,11037,2.2
GCF_053643215.1,NZ_CM132188.1,integron_01,complete,yes,79,78,1105467,1163366,57.9
GCF_053850225.1,,,none,no,0,0,0,0,0
GCF_053890595.1,NZ_CM132682.1,integron_01,CALIN,no,52,51,1248543,1293497,45.0
GCF_053890595.1,NZ_CM132683.1,integron_01,complete,yes,71,70,762625,821409,58.8
GCF_053890595.1,NZ_CM132683.1,integron_02,CALIN,no,2,1,1273457,1275548,2.1
GCF_053903115.1,NZ_CP096429.1,integron_01,CALIN,no,2,1,868869,870491,1.6
GCF_053903115.1,NZ_CP096429.1,integron_02,CALIN,no,3,2,1239359,1240845,1.5
GCF_053903115.1,NZ_CP096429.1,integron_03,CALIN,no,25,24,1269695,1286378,16.7
GCF_053903115.1,NZ_CP096429.1,integron_04,complete,yes,22,21,1300086,1316406,16.3
GCF_054053365.1,NZ_CM133228.1,integron_01,In0,yes,0,0,1931517,1932482,1.0
GCF_054053365.1,NZ_CM133228.1,integron_02,CALIN,no,32,31,2516917,2545965,29.0
GCF_054053395.1,NZ_CM133231.1,integron_01,complete,yes,3,2,417104,422659,5.6
GCF_054053395.1,NZ_CM133231.1,integron_02,CALIN,no,6,5,514286,522025,7.7
GCF_054053395.1,NZ_CM133231.1,integron_03,CALIN,no,3,2,676572,679861,3.3
GCF_054110305.1,NZ_CM134191.1,integron_01,complete,yes,5,4,1935400,1941262,5.9
GCF_054111865.1,NZ_CM134200.1,integron_01,complete,yes,149,148,1815101,1940054,125.0
GCF_054112565.1,NZ_CM134204.1,integron_01,complete,yes,155,154,214,840243,840.0
GCF_054486505.1,,,none,no,0,0,0,0,0
GCF_054486525.1,,,none,no,0,0,0,0,0
GCF_054486545.1,,,none,no,0,0,0,0,0
GCF_054512795.1,NZ_CM137253.1,integron_01,complete,yes,73,72,1432157,1494249,62.1
GCF_054512795.1,NZ_CM137254.1,integron_01,CALIN,no,17,16,1552850,1570711,17.9
GCF_054512795.1,NZ_JBTNLO010000004.1,integron_01,CALIN,no,10,9,33283,40195,6.9
GCF_054568155.3,NZ_CM137648.3,integron_01,CALIN,no,2,1,897386,899613,2.2
GCF_054568155.3,NZ_CM137648.3,integron_02,complete,yes,2,1,904962,909613,4.7
GCF_054568155.3,NZ_CM137648.3,integron_03,complete,yes,78,77,2140638,2201890,61.3
GCF_054850435.1,NZ_CM141453.1,integron_01,complete,yes,143,142,1324478,1424498,100.0
GCF_054875955.1,NZ_CM142183.1,integron_01,complete,yes,140,139,776441,886906,110.5
GCF_054875955.1,NZ_CM142183.1,integron_02,CALIN,no,3,2,1282692,1285964,3.3
GCF_054875955.1,NZ_JBTYIR010000003.1,integron_01,complete,yes,1,0,30321,33488,3.2
GCF_054906185.1,NZ_CP166973.1,integron_01,complete,yes,208,207,214613,361158,146.5
GCF_054906185.1,NZ_CP166973.1,integron_02,CALIN,no,7,6,361981,367329,5.3
GCF_055233655.1,NZ_CM143748.1,integron_01,complete,yes,108,107,1015264,1091167,75.9
GCF_055233655.1,NZ_CM143748.1,integron_02,CALIN,no,35,34,1101428,1123680,22.3
GCF_055389885.1,NZ_AP040272.1,integron_01,complete,yes,100,99,3032676,3123674,91.0
GCF_055390995.1,NZ_AP040335.1,integron_01,complete,yes,2,1,735157,743366,8.2
GCF_055391395.1,NZ_AP029600.1,integron_01,complete,yes,2,1,11018,19227,8.2
GCF_055393305.1,NZ_AP043879.1,integron_01,CALIN,no,58,57,1765573,1806702,41.1
GCF_055393305.1,NZ_AP043880.1,integron_01,complete,yes,51,50,1511375,1549465,38.1
GCF_055394615.1,NZ_AP038328.1,integron_01,complete,yes,64,63,1315212,1362119,46.9
GCF_055699095.1,NZ_CP183231.1,integron_01,CALIN,no,3,2,168789,171335,2.5
GCF_055699095.1,NZ_CP183232.1,integron_01,complete,yes,28,27,1475889,1504435,28.5
GCF_055797365.1,NZ_CP118728.1,integron_01,complete,yes,198,197,591804,725083,133.3
GCF_055808835.1,NZ_CM147884.1,integron_01,complete,yes,48,47,2212627,2249795,37.2
GCF_055808835.1,NZ_CM147885.1,integron_01,CALIN,no,27,26,1060839,1084487,23.6
GCF_055808855.1,NZ_CM147886.1,integron_01,CALIN,no,4,3,1920269,1925279,5.0
GCF_055808915.1,NZ_CM147889.1,integron_01,CALIN,no,5,4,1914592,1918034,3.4
GCF_055808915.1,NZ_CM147890.1,integron_01,CALIN,no,2,1,1431018,1435045,4.0
GCF_056097205.1,NZ_CP184760.1,integron_01,CALIN,no,3,2,1745827,1748643,2.8
GCF_056097205.1,NZ_CP184761.1,integron_01,CALIN,no,2,1,1252922,1258057,5.1
GCF_056135565.1,NZ_CM148681.1,integron_01,complete,yes,147,146,1310732,1430713,120.0
GCF_056135565.1,NZ_JBVYWM010000003.1,integron_01,complete,yes,1,0,120063,121729,1.7
GCF_056234105.1,NZ_CP172988.1,integron_01,CALIN,no,2,1,2873012,2878482,5.5
GCF_056234175.1,NZ_CP172983.1,integron_01,CALIN,no,2,1,1062338,1067021,4.7
GCF_056531025.1,NZ_CM152466.1,integron_01,CALIN,no,9,8,1805390,1812897,7.5
GCF_056531025.1,NZ_CM152466.1,integron_02,complete,yes,12,11,1927931,1939332,11.4
GCF_056674835.1,NZ_CM155225.1,integron_01,complete,yes,99,98,1346666,1429001,82.3
GCF_056674835.1,NZ_CM155225.1,integron_02,CALIN,no,4,3,1461456,1465664,4.2
GCF_056675655.1,,,none,no,0,0,0,0,0
GCF_056770475.1,NZ_CM165262.1,integron_01,complete,yes,1,0,2398638,2404110,5.5
GCF_056770475.1,NZ_CM165263.1,integron_01,complete,yes,131,130,309852,410901,101.0
GCF_056770475.1,NZ_JBWDFN010000003.1,integron_01,complete,yes,1,0,17140,19547,2.4
GCF_056770485.1,NZ_CM165264.1,integron_01,complete,yes,1,0,2393798,2399270,5.5
GCF_056770485.1,NZ_CM165265.1,integron_01,complete,yes,131,130,309756,410805,101.0
GCF_056770535.1,NZ_CM165267.1,integron_01,complete,yes,1,0,2393827,2399299,5.5
GCF_056770535.1,NZ_CM165268.1,integron_01,complete,yes,131,130,309801,410850,101.0
GCF_056770535.1,NZ_JBWDFJ010000003.1,integron_01,complete,yes,1,0,47397,49490,2.1
GCF_056770535.1,NZ_JBWDFJ010000003.1,integron_02,complete,yes,4,3,58083,64271,6.2
GCF_056770545.1,NZ_CM165269.1,integron_01,complete,yes,1,0,2393966,2399438,5.5
GCF_056770545.1,NZ_CM165270.1,integron_01,complete,yes,131,130,309780,410829,101.0
GCF_056770575.1,NZ_CM165271.1,integron_01,complete,yes,1,0,2393997,2399469,5.5
GCF_056770575.1,NZ_CM165272.1,integron_01,complete,yes,131,130,309744,410793,101.0
GCF_056820805.1,NZ_CM165957.1,integron_01,complete,yes,215,214,1438469,1613075,174.6
GCF_056820805.1,NZ_CM165958.1,integron_01,CALIN,no,2,1,1526840,1533871,7.0
GCF_056824445.1,NZ_CP103956.1,integron_01,complete,yes,61,60,2063841,2120536,56.7
GCF_056824445.1,NZ_CP103957.1,integron_01,CALIN,no,2,1,1549785,1551197,1.4
GCF_056824445.1,NZ_CP103957.1,integron_02,CALIN,no,8,7,1782814,1793196,10.4
GCF_056836685.1,NZ_JBXEKZ010000003.1,integron_01,CALIN,no,2,1,63769,66993,3.2
GCF_056892265.1,NZ_CP092731.1,integron_01,complete,yes,140,139,1371210,1482551,111.3
GCF_056934275.1,NZ_CM167796.1,integron_01,CALIN,no,21,20,1428802,1445096,16.3
GCF_056934275.1,NZ_CM167796.1,integron_02,CALIN,no,4,3,1468706,1472287,3.6
GCF_056934275.1,NZ_CM167796.1,integron_03,complete,yes,139,138,1865083,1974517,109.4
GCF_056934295.1,NZ_CM167798.1,integron_01,complete,yes,16,15,50155,64067,13.9
GCF_056934295.1,NZ_CM167798.1,integron_02,CALIN,no,6,5,3380558,3388424,7.9
GCF_056934295.1,NZ_CM167798.1,integron_03,CALIN,no,76,75,3400928,3457793,56.9
GCF_057321345.1,NZ_CM170499.1,integron_01,CALIN,no,2,1,897386,899613,2.2
GCF_057321345.1,NZ_CM170499.1,integron_02,complete,yes,2,1,904962,909613,4.7
GCF_057321345.1,NZ_CM170499.1,integron_03,complete,yes,78,77,2140638,2201890,61.3
GCF_057368435.1,NZ_CM170638.1,integron_01,complete,yes,13,12,1080642,1093929,13.3
GCF_057368435.1,NZ_CM170638.1,integron_02,CALIN,no,4,3,1543509,1549456,5.9
GCF_057368435.1,NZ_CM170639.1,integron_01,complete,yes,57,56,1217727,1272063,54.3
GCF_057368455.1,NZ_CM170640.1,integron_01,CALIN,no,4,3,1551657,1556030,4.4
GCF_057368455.1,NZ_CM170641.1,integron_01,complete,yes,126,125,1083888,1234088,150.2
GCF_057368475.1,NZ_CM170642.1,integron_01,CALIN,no,5,4,1504671,1510756,6.1
GCF_057368475.1,NZ_CM170643.1,integron_01,complete,yes,87,86,1029969,1105128,75.2
GCF_057368495.1,NZ_CM170644.1,integron_01,CALIN,no,5,4,1504671,1510756,6.1
GCF_057368495.1,NZ_CM170645.1,integron_01,complete,yes,87,86,1029969,1105128,75.2
GCF_057368515.1,NZ_CM170648.1,integron_01,CALIN,no,5,4,1504629,1510714,6.1
GCF_057368515.1,NZ_CM170649.1,integron_01,complete,yes,87,86,1028879,1104038,75.2
GCF_057368525.1,NZ_CM170646.1,integron_01,CALIN,no,3,2,1098242,1103804,5.6
GCF_057368525.1,NZ_CM170646.1,integron_02,CALIN,no,6,5,1507286,1522384,15.1
GCF_057368525.1,NZ_CM170647.1,integron_01,complete,yes,83,82,53771,133420,79.6
GCF_057368555.1,NZ_CM170650.1,integron_01,CALIN,no,6,5,1540987,1548553,7.6
GCF_057368555.1,NZ_CM170651.1,integron_01,complete,yes,46,45,48512,93006,44.5
GCF_057368575.1,NZ_CM170652.1,integron_01,CALIN,no,3,2,1426875,1429896,3.0
GCF_057368575.1,NZ_CM170653.1,integron_01,complete,yes,96,95,1089801,1210526,120.7
GCF_057368585.1,NZ_CM170654.1,integron_01,CALIN,no,3,2,1426870,1429891,3.0
GCF_057368585.1,NZ_CM170655.1,integron_01,complete,yes,96,95,1089802,1210516,120.7
GCF_057368615.1,NZ_CM170656.1,integron_01,CALIN,no,4,3,1430652,1437536,6.9
GCF_057368615.1,NZ_CM170657.1,integron_01,complete,yes,44,43,1204624,1257542,52.9
GCF_057368635.1,NZ_CM170658.1,integron_01,CALIN,no,3,2,1375258,1378712,3.5
GCF_057368635.1,NZ_CM170659.1,integron_01,complete,yes,111,110,1088877,1207500,118.6
GCF_057396045.1,NZ_CM171552.1,integron_01,complete,yes,127,126,1378123,1481807,103.7
GCF_057396045.1,NZ_CM171552.1,integron_02,CALIN,no,4,3,1931074,1933699,2.6
GCF_057396045.1,NZ_CM171552.1,integron_03,complete,yes,4,3,3435140,3440456,5.3
GCF_057418845.1,NZ_CP166928.1,integron_01,CALIN,no,9,8,763706,785285,21.6
GCF_057418845.1,NZ_CP166928.1,integron_02,CALIN,no,2,1,903692,907200,3.5
GCF_057418845.1,NZ_CP166928.1,integron_03,CALIN,no,2,1,1252514,1256467,4.0
GCF_057418855.1,NZ_CP166930.1,integron_01,CALIN,no,2,1,734350,738303,4.0
GCF_057418855.1,NZ_CP166930.1,integron_02,CALIN,no,2,1,1084041,1087127,3.1
GCF_057418855.1,NZ_CP166930.1,integron_03,CALIN,no,9,8,1205536,1227117,21.6
GCF_057418865.1,NZ_CP166932.1,integron_01,complete,yes,1,0,1646608,1652133,5.5
GCF_057418875.1,NZ_CP166935.1,integron_01,CALIN,no,4,3,630737,635101,4.4
GCF_057418885.1,NZ_CP166937.1,integron_01,CALIN,no,3,2,602692,606039,3.3
GCF_057418905.1,NZ_CP166944.1,integron_01,CALIN,no,4,3,1667381,1675394,8.0
GCF_057418905.1,NZ_CP166944.1,integron_02,CALIN,no,2,1,1794683,1797295,2.6
GCF_057418905.1,NZ_CP166944.1,integron_03,CALIN,no,3,2,2131864,2138304,6.4
GCF_057418915.1,NZ_CP166946.1,integron_01,CALIN,no,6,5,1695741,1702201,6.5
GCF_057418915.1,NZ_CP166946.1,integron_02,CALIN,no,2,1,2026212,2031174,5.0
GCF_057439675.1,NZ_CM171982.1,integron_01,complete,yes,12,11,1540851,1551945,11.1
GCF_057439675.1,NZ_CM171982.1,integron_02,CALIN,no,23,22,1665275,1687559,22.3
GCF_057439695.1,NZ_CM171984.1,integron_01,complete,yes,33,32,1339123,1362738,23.6
GCF_057439695.1,NZ_CM171984.1,integron_02,CALIN,no,23,22,1406531,1423497,17.0
GCF_057439715.1,NZ_CM171986.1,integron_01,CALIN,no,17,16,2284731,2300835,16.1
GCF_057439715.1,NZ_CM171986.1,integron_02,complete,yes,29,28,2623273,2647445,24.2
GCF_057439715.1,NZ_CM171987.1,integron_01,CALIN,no,8,7,1551078,1560067,9.0
GCF_057439735.1,NZ_CM171988.1,integron_01,complete,yes,50,49,493025,532273,39.2
GCF_057439745.1,NZ_CM171990.1,integron_01,CALIN,no,6,5,2084501,2089686,5.2
GCF_057439755.1,NZ_CM171992.1,integron_01,CALIN,no,15,14,2375850,2388493,12.6
GCF_057439755.1,NZ_CM171993.1,integron_01,complete,yes,8,7,1241794,1251771,10.0
GCF_057439795.1,NZ_CM171996.1,integron_01,complete,yes,60,59,2117522,2177514,60.0
GCF_057439795.1,NZ_CM171997.1,integron_01,CALIN,no,14,13,2196938,2216194,19.3
GCF_057439805.1,NZ_CM171994.1,integron_01,CALIN,no,16,15,1941651,1954297,12.6
GCF_057439805.1,NZ_CM171995.1,integron_01,complete,yes,8,7,897750,907727,10.0
GCF_057439825.1,NZ_CM171998.1,integron_01,complete,yes,60,59,1401859,1461851,60.0
GCF_057439825.1,NZ_CM171999.1,integron_01,CALIN,no,14,13,773524,792781,19.3
GCF_057439855.1,NZ_CM172000.1,integron_01,CALIN,no,54,53,1840188,1882975,42.8
GCF_057439855.1,NZ_CM172000.1,integron_02,CALIN,no,2,1,2119741,2121859,2.1
GCF_057439855.1,NZ_CM172000.1,integron_03,In0,yes,0,0,2469475,2470440,1.0
GCF_057439855.1,NZ_CM172001.1,integron_01,CALIN,no,2,1,978479,981190,2.7
GCF_057439855.1,NZ_JBYASW010000003.1,integron_01,CALIN,no,2,1,53072,54847,1.8
GCF_057439875.1,NZ_CM172002.1,integron_01,CALIN,no,14,13,1548656,1565100,16.4
GCF_057439875.1,NZ_CM172002.1,integron_02,CALIN,no,4,3,1795236,1798578,3.3
GCF_057439875.1,NZ_CM172002.1,integron_03,In0,yes,0,0,2143750,2144715,1.0
GCF_057439875.1,NZ_JBYASX010000003.1,integron_01,CALIN,no,2,1,13068,16567,3.5
GCF_057439875.1,NZ_JBYASX010000003.1,integron_02,CALIN,no,2,1,233868,236506,2.6
GCF_057476815.1,NZ_CM172056.1,integron_01,complete,yes,59,58,1294835,1341268,46.4
GCF_057476815.1,NZ_CM172056.1,integron_02,CALIN,no,8,7,1400278,1406646,6.4
GCF_057476815.1,NZ_JBYBNF010000003.1,integron_01,CALIN,no,3,2,242593,245812,3.2
GCF_057476815.1,NZ_JBYBNF010000004.1,integron_01,CALIN,no,2,1,96956,98675,1.7
GCF_057625995.1,NZ_CM172613.1,integron_01,complete,yes,129,128,1353695,1481873,128.2
GCF_057626015.1,NZ_CM172615.1,integron_01,CALIN,no,21,20,1460026,1488138,28.1
GCF_057626015.1,NZ_CM172616.1,integron_01,CALIN,no,7,6,2045552,2060890,15.3
GCF_057626015.1,NZ_JBXIVH010000004.1,integron_01,CALIN,no,9,8,21,6619,6.6
GCF_057730715.1,NZ_CM173191.1,integron_01,complete,yes,51,50,53145,101797,48.7
GCF_057730755.1,NZ_CM173193.1,integron_01,complete,yes,51,50,1014617,1062713,48.1
GCF_057730775.1,NZ_CM173195.1,integron_01,complete,yes,51,50,1000192,1048288,48.1
GCF_057730795.1,NZ_CM173197.1,integron_01,complete,yes,51,50,1014617,1062713,48.1
GCF_057730815.1,NZ_CM173199.1,integron_01,complete,yes,106,105,1001565,1103056,101.5
GCF_057730825.1,NZ_CM173203.1,integron_01,complete,yes,51,50,53145,101797,48.7
GCF_057730835.1,NZ_CM173201.1,integron_01,complete,yes,67,66,47669,108967,61.3
GCF_057784735.1,NZ_CM173495.1,integron_01,complete,yes,28,27,718261,748071,29.8
GCF_057785895.1,NZ_CM173505.1,integron_01,CALIN,no,2,1,975710,977352,1.6
GCF_057785915.1,NZ_CM173507.1,integron_01,complete,yes,11,10,1295272,1305464,10.2
GCF_057785915.1,NZ_CM173508.1,integron_01,CALIN,no,6,5,8350,20161,11.8
GCF_057785935.1,NZ_CM173509.1,integron_01,CALIN,no,2,1,975710,977352,1.6
GCF_057785955.1,NZ_CM173511.1,integron_01,CALIN,no,4,3,1735865,1743706,7.8
GCF_057785955.1,NZ_CM173512.1,integron_01,CALIN,no,4,3,9431,13931,4.5
GCF_057785975.1,NZ_CM173513.1,integron_01,CALIN,no,5,4,1286782,1299718,12.9
GCF_057785975.1,NZ_CM173513.1,integron_02,CALIN,no,8,7,1734888,1740587,5.7
GCF_057785975.1,NZ_CM173513.1,integron_03,CALIN,no,2,1,1996201,1998265,2.1
GCF_057785975.1,NZ_CM173514.1,integron_01,CALIN,no,3,2,1180147,1185077,4.9
GCF_057785995.1,NZ_CM173517.1,integron_01,CALIN,no,2,1,1857794,1862730,4.9
GCF_057785995.1,NZ_CM173518.1,integron_01,CALIN,no,3,2,869017,873507,4.5
GCF_057786005.1,NZ_CM173515.1,integron_01,In0,yes,0,0,1261672,1262235,0.6
GCF_057786005.1,NZ_CM173516.1,integron_01,CALIN,no,3,2,516341,519854,3.5
GCF_057786005.1,NZ_CM173516.1,integron_02,CALIN,no,2,1,1661619,1664775,3.2
GCF_057786035.1,NZ_CM173519.1,integron_01,complete,yes,3,2,1560138,1565834,5.7
GCF_057814595.1,NZ_CM174090.1,integron_01,complete,yes,55,54,2334904,2396202,61.3
GCF_057922655.1,,,none,no,0,0,0,0,0
GCF_057922685.1,,,none,no,0,0,0,0,0
GCF_058072945.1,NZ_CM176521.1,integron_01,complete,yes,2,1,1293794,1298193,4.4
GCF_058105105.1,NZ_CM176570.1,integron_01,CALIN,no,2,1,2514543,2515045,0.5
GCF_058105105.1,NZ_JBYAVV010000002.1,integron_01,CALIN,no,2,1,126646,135187,8.5
GCF_058119545.1,NZ_CP099448.1,integron_01,complete,yes,22,21,1280504,1297953,17.4
GCF_058119545.1,NZ_CP099448.1,integron_02,CALIN,no,94,93,1353159,1431512,78.4
GCF_058215515.1,NZ_CM177085.1,integron_01,complete,yes,223,222,925444,1087142,161.7
GCF_058267735.1,NZ_CM177832.1,integron_01,complete,yes,143,142,1370058,1499134,129.1
GCF_058315275.1,NZ_CM177759.1,integron_01,complete,yes,124,123,1864267,1963376,99.1
GCF_058410825.1,NZ_CM178425.1,integron_01,CALIN,no,2,1,1850374,1853055,2.7
GCF_058410825.1,NZ_JBZEGN010000003.1,integron_01,CALIN,no,2,1,119974,123970,4.0
GCF_058545285.1,NZ_CM178589.1,integron_01,complete,yes,16,15,325606,345900,20.3
GCF_058545285.1,NZ_CM178590.1,integron_01,CALIN,no,4,3,832402,838930,6.5
GCF_059427945.1,NZ_CM182084.1,integron_01,CALIN,no,6,5,1920120,1926754,6.6
GCF_059427945.1,NZ_CM182084.1,integron_02,CALIN,no,76,75,1939258,1995690,56.4
GCF_059427945.1,NZ_CM182084.1,integron_03,complete,yes,28,27,2038313,2062575,24.3
GCF_059427945.1,NZ_CM182085.1,integron_01,CALIN,no,2,1,1376573,1378141,1.6
GCF_059427945.1,NZ_CM182085.1,integron_02,CALIN,no,4,3,1387706,1391716,4.0
GCF_059492265.1,,,none,no,0,0,0,0,0
GCF_059552575.1,NZ_CM183914.1,integron_01,CALIN,no,2,1,913633,916251,2.6
GCF_059552575.1,NZ_CM183914.1,integron_02,CALIN,no,2,1,2147615,2152794,5.2
GCF_059552575.1,NZ_CM183915.1,integron_01,complete,yes,33,32,2190598,2249617,59.0
GCF_059552575.1,NZ_JCANWL010000003.1,integron_01,CALIN,no,8,7,114391,133491,19.1
GCF_059641075.1,NZ_CM184931.1,integron_01,In0,yes,0,0,1841028,1841993,1.0
GCF_059641075.1,NZ_CM184931.1,integron_02,CALIN,no,31,30,2428246,2456417,28.2
GCF_059641075.1,NZ_JCARNR010000001.1,integron_01,CALIN,no,3,2,132005,139964,8.0
GCF_059641095.1,NZ_CM184933.1,integron_01,CALIN,no,18,17,1119396,1134602,15.2
GCF_059641095.1,NZ_CM184933.1,integron_02,In0,yes,0,0,1758543,1759508,1.0
GCF_059682885.1,NZ_CM185025.1,integron_01,CALIN,no,20,19,1460026,1487611,27.6
GCF_059682885.1,NZ_CM185026.1,integron_01,CALIN,no,7,6,484586,499924,15.3
GCF_059682885.1,NZ_JCASQJ010000004.1,integron_01,CALIN,no,9,8,21,6619,6.6
GCF_059683725.1,NZ_CM185037.1,integron_01,CALIN,no,2,1,1207529,1209981,2.5
GCF_059683725.1,NZ_CM185038.1,integron_01,complete,yes,47,46,1291627,1343920,52.3
GCF_059683745.1,NZ_CM185039.1,integron_01,complete,yes,17,16,1896880,1915503,18.6
GCF_059683745.1,NZ_CM185040.1,integron_01,CALIN,no,3,2,1963237,1966061,2.8
GCF_059692255.1,NZ_CM185155.1,integron_01,complete,yes,48,47,702779,743365,40.6
GCF_059692275.1,NZ_CM185156.1,integron_01,complete,yes,84,83,1951410,2021977,70.6
GCF_059692275.1,NZ_CM185156.1,integron_02,CALIN,no,67,66,2033203,2085820,52.6
GCF_059692275.1,NZ_JCASQT010000002.1,integron_01,CALIN,no,8,7,796,8190,7.4
GCF_059704325.2,NZ_AP046577.1,integron_01,In0,yes,0,0,1526316,1527278,1.0
GCF_059725495.1,NZ_AP045841.1,integron_01,complete,yes,1,0,1546588,1553615,7.0
GCF_059725495.1,NZ_AP045843.1,integron_01,CALIN,no,2,1,52633,53996,1.4
GCF_059725505.1,NZ_AP045837.1,integron_01,complete,yes,1,0,1931682,1935199,3.5
GCF_059725505.1,NZ_AP045838.1,integron_01,CALIN,no,3,2,131884,135296,3.4
GCF_059725515.1,NZ_AP045834.1,integron_01,In0,yes,0,0,1853397,1854371,1.0
GCF_059727865.1,,,none,no,0,0,0,0,0
GCF_059727875.1,,,none,no,0,0,0,0,0
GCF_059727885.1,,,none,no,0,0,0,0,0
GCF_059727895.1,,,none,no,0,0,0,0,0
GCF_059735745.1,,,none,no,0,0,0,0,0
GCF_059739265.1,NZ_AP024909.1,integron_01,CALIN,no,5,4,1650292,1653942,3.6
GCF_059739275.1,,,none,no,0,0,0,0,0
GCF_059739285.1,NZ_AP024877.1,integron_01,In0,yes,0,0,169134,170117,1.0
GCF_059740845.1,NZ_JCAWNO010000005.1,integron_01,CALIN,no,2,1,146977,155243,8.3
GCF_059740915.1,NZ_CM185569.1,integron_01,CALIN,no,2,1,1233238,1238233,5.0
GCF_059740915.1,NZ_JCAWNP010000008.1,integron_01,CALIN,no,2,1,5430,7120,1.7
GCF_059740945.1,,,none,no,0,0,0,0,0
GCF_059772105.1,NZ_CM186273.1,integron_01,complete,yes,105,104,1184865,1277353,92.5
GCF_059772125.1,NZ_CM186276.1,integron_01,complete,yes,154,153,987774,1119956,132.2
GCF_059784805.1,,,none,no,0,0,0,0,0
GCF_059910985.1,NZ_CM187676.1,integron_01,CALIN,no,8,7,381301,387937,6.6
GCF_059910985.1,NZ_CM187677.1,integron_01,complete,yes,90,89,512179,591513,79.3
GCF_059910985.1,NZ_CM187677.1,integron_02,CALIN,no,2,1,1307944,1310735,2.8
GCF_059920555.1,NZ_CP197192.1,integron_01,complete,yes,2,1,2343777,2362788,19.0
GCF_059941605.1,NZ_CM188127.1,integron_01,complete,yes,136,135,2442614,2546888,104.3
GCF_059941785.1,NZ_CM188131.1,integron_01,complete,yes,55,54,1970774,2022115,51.3
GCF_059941805.1,NZ_CM188133.1,integron_01,complete,yes,191,190,1295052,1433017,138.0
GCF_059983175.1,NZ_CM188256.1,integron_01,complete,yes,25,24,1491915,1520705,28.8
GCF_059983175.1,NZ_CM188257.1,integron_01,CALIN,no,17,16,2245578,2263333,17.8
GCF_060143805.1,,,none,no,0,0,0,0,0
GCF_060301545.1,NZ_CM190977.1,integron_01,complete,yes,165,164,1398765,1529537,130.8
GCF_060345765.1,NZ_CM191303.1,integron_01,complete,yes,6,5,1494619,1506459,11.8
GCF_060345765.1,NZ_CM191303.1,integron_02,CALIN,no,5,4,1525457,1529109,3.7
GCF_060433825.1,,,none,no,0,0,0,0,0
GCF_060497015.1,NZ_CM192310.1,integron_01,complete,yes,5,4,1075392,1080500,5.1
GCF_900185995.1,NZ_LT897798.1,integron_01,complete,yes,189,188,386674,535863,149.2
GCF_900205735.1,NZ_LT906615.1,integron_01,complete,yes,171,170,309746,435385,125.6
GCF_900233005.1,NZ_LT960612.1,integron_01,CALIN,no,4,3,615429,622584,7.2
GCF_900324425.1,NZ_LT992489.1,integron_01,complete,yes,117,116,379701,469509,89.8
GCF_900324435.1,NZ_LT992491.1,integron_01,complete,yes,217,216,806749,961958,155.2
GCF_900324445.1,NZ_LT992487.1,integron_01,complete,yes,117,116,897901,987709,89.8
GCF_900324455.1,NZ_LT992493.1,integron_01,complete,yes,116,115,202848,292656,89.8
GCF_900538065.1,NZ_LS997868.1,integron_01,complete,yes,146,145,497585,615862,118.3
GCF_905175335.1,NZ_HG992751.1,integron_01,complete,yes,99,98,1632809,1727869,95.1
GCF_905175355.1,NZ_HG992742.1,integron_01,complete,yes,90,89,1628844,1726582,97.7
GCF_905175355.1,NZ_HG992742.1,integron_02,CALIN,no,4,3,1710602,1712403,1.8
GCF_905175365.1,NZ_HG992758.1,integron_01,In0,yes,0,0,1827477,1828439,1.0
GCF_905175385.1,NZ_HG992749.1,integron_01,complete,yes,10,9,1755033,1767210,12.2
GCF_905175385.1,NZ_HG992750.1,integron_01,CALIN,no,6,5,1644487,1648352,3.9
GCF_937000105.1,NZ_OW443147.1,integron_01,complete,yes,1,0,2391224,2396696,5.5
GCF_937000105.1,NZ_OW443148.1,integron_01,complete,yes,131,130,354985,456034,101.0
GCF_937000105.1,NZ_OW443149.1,integron_01,complete,yes,1,0,17140,19547,2.4
GCF_937000115.1,NZ_OW443151.1,integron_01,complete,yes,95,94,308793,373362,64.6
GCF_937000115.1,NZ_OW443151.1,integron_02,complete,yes,1,0,646233,648640,2.4
GCF_948151475.1,NZ_OX411212.1,integron_01,complete,yes,160,159,1455649,1585468,129.8
GCF_948151475.1,NZ_OX411212.1,integron_02,CALIN,no,48,47,1992543,2045674,53.1
GCF_948151475.1,NZ_OX411214.1,integron_01,CALIN,no,2,1,128700,140144,11.4
GCF_949787665.1,,,none,no,0,0,0,0,0
GCF_963681195.1,NZ_OY808998.1,integron_01,CALIN,no,37,36,305969,331588,25.6
GCF_963681195.1,NZ_OY808998.1,integron_02,complete,yes,13,12,344816,356145,11.3
GCF_964198015.1,NZ_OZ078860.1,integron_01,complete,yes,1,0,2241323,2244042,2.7
GCF_964198015.1,NZ_OZ078860.1,integron_02,CALIN,no,5,4,3167056,3173626,6.6
GCF_964198015.1,NZ_OZ078861.1,integron_01,CALIN,no,5,4,1677688,1686381,8.7
GCF_964264695.1,NZ_OZ183474.1,integron_01,complete,yes,109,108,391859,518860,127.0
GCF_964264695.1,NZ_OZ183475.1,integron_01,CALIN,no,2,1,1106328,1107681,1.4
GCF_965140425.1,NZ_OZ223211.1,integron_01,CALIN,no,2,1,1677318,1679732,2.4
