family,n_genomes,n_species,n_proteins
GCF_002119505.2|NZ_CP017889.1|NZ_CP017889.1_1860,12,3,12
GCF_002119505.2|NZ_CP017889.1|NZ_CP017889.1_1863,13,3,13
GCF_002119505.2|NZ_CP017889.1|NZ_CP017889.1_1864,20,7,20
GCF_002119505.2|NZ_CP017889.1|NZ_CP017889.1_1867,9,1,9
GCF_002119505.2|NZ_CP017889.1|NZ_CP017889.1_1870,10,2,10
GCF_002119505.2|NZ_CP017889.1|NZ_CP017889.1_2389,9,1,9
GCF_002119505.2|NZ_CP017889.1|NZ_CP017889.1_2390,15,4,15
GCF_002119505.2|NZ_CP017889.1|NZ_CP017889.1_2391,22,6,22
GCF_002119525.1|NZ_CP017916.1|NZ_CP017916.1_1358,1,1,1
GCF_002119525.1|NZ_CP017916.1|NZ_CP017916.1_1359,3,3,3
GCF_002119525.1|NZ_CP017916.1|NZ_CP017916.1_1681,2,2,3
GCF_002119525.1|NZ_CP017916.1|NZ_CP017916.1_1682,2,2,3
GCF_002157735.2|NZ_AP018690.1|NZ_AP018690.1_434,1,1,1
GCF_002157735.2|NZ_AP018690.1|NZ_AP018690.1_435,49,15,58
GCF_002163755.1|NZ_CP015863.1|NZ_CP015863.1_1595,4,2,4
GCF_002163755.1|NZ_CP015863.1|NZ_CP015863.1_1599,10,5,10
GCF_002163755.1|NZ_CP015863.1|NZ_CP015863.1_1602,3,3,3
GCF_002163755.1|NZ_CP015863.1|NZ_CP015863.1_1603,3,3,4
GCF_002163755.1|NZ_CP015863.1|NZ_CP015863.1_1605,1,1,1
GCF_002163755.1|NZ_CP015863.1|NZ_CP015863.1_1606,10,6,10
GCF_002163755.1|NZ_CP015863.1|NZ_CP015863.1_1743,1,1,1
GCF_002163755.1|NZ_CP015863.1|NZ_CP015863.1_1745,1,1,1
GCF_002163755.1|NZ_CP015863.1|NZ_CP015863.1_1753,7,2,10
GCF_002163755.1|NZ_CP015863.1|NZ_CP015863.1_1754,4,4,5
GCF_002163755.1|NZ_CP015863.1|NZ_CP015863.1_1766,1,1,1
GCF_002163755.1|NZ_CP015863.1|NZ_CP015863.1_1767,1,1,1
GCF_002163755.1|NZ_CP015863.1|NZ_CP015863.1_1772,1,1,1
GCF_002163755.1|NZ_CP015863.1|NZ_CP015863.1_1773,1,1,1
GCF_002163755.1|NZ_CP015863.1|NZ_CP015863.1_1775,4,4,5
GCF_002163755.1|NZ_CP015863.1|NZ_CP015863.1_1786,4,3,6
GCF_002163755.1|NZ_CP015863.1|NZ_CP015863.1_1790,3,2,3
GCF_002163755.1|NZ_CP015864.1|NZ_CP015864.1_81,5,4,5
GCF_002163755.1|NZ_CP015864.1|NZ_CP015864.1_82,8,5,8
GCF_000009745.1|NC_005139.1|NC_005139.1_1734,8,3,9
GCF_000009745.1|NC_005139.1|NC_005139.1_1738,1,1,1
GCF_000009745.1|NC_005139.1|NC_005139.1_1740,2,2,2
GCF_000009745.1|NC_005139.1|NC_005139.1_1742,3,3,4
GCF_000009745.1|NC_005139.1|NC_005139.1_1747,8,6,8
GCF_000009745.1|NC_005139.1|NC_005139.1_1750,1,1,1
GCF_000009745.1|NC_005139.1|NC_005139.1_1751,1,1,1
GCF_000009745.1|NC_005139.1|NC_005139.1_1755,1,1,1
GCF_000009745.1|NC_005139.1|NC_005139.1_1757,4,4,4
GCF_000009745.1|NC_005139.1|NC_005139.1_1758,3,2,3
GCF_000009745.1|NC_005139.1|NC_005139.1_1761,15,10,17
GCF_000009745.1|NC_005139.1|NC_005139.1_1763,25,14,32
GCF_000009745.1|NC_005139.1|NC_005139.1_1764,6,6,6
GCF_000009745.1|NC_005139.1|NC_005139.1_1765,1,1,1
GCF_000009745.1|NC_005139.1|NC_005139.1_1766,75,21,109
GCF_000011805.1|NC_006841.2|NC_006841.2_636,1,1,1
GCF_000011805.1|NC_006841.2|NC_006841.2_640,1,1,1
GCF_000011805.1|NC_006841.2|NC_006841.2_641,1,1,1
GCF_000011805.1|NC_006841.2|NC_006841.2_644,1,1,1
GCF_000011805.1|NC_006841.2|NC_006841.2_645,1,1,1
GCF_000011805.1|NC_006841.2|NC_006841.2_646,1,1,1
GCF_000011805.1|NC_006841.2|NC_006841.2_651,1,1,1
GCF_000011805.1|NC_006841.2|NC_006841.2_652,1,1,1
GCF_000011805.1|NC_006841.2|NC_006841.2_653,83,30,104
GCF_000011805.1|NC_006841.2|NC_006841.2_654,1,1,1
GCF_000011805.1|NC_006841.2|NC_006841.2_655,87,24,112
GCF_000011805.1|NC_006841.2|NC_006841.2_657,1,1,1
GCF_000011805.1|NC_006841.2|NC_006841.2_658,1,1,1
GCF_000011805.1|NC_006841.2|NC_006841.2_661,1,1,1
GCF_000011805.1|NC_006841.2|NC_006841.2_662,1,1,1
GCF_000011805.1|NC_006841.2|NC_006841.2_669,10,5,18
GCF_000011805.1|NC_006841.2|NC_006841.2_671,1,1,1
GCF_000011805.1|NC_006841.2|NC_006841.2_672,10,3,10
GCF_000011805.1|NC_006842.1|NC_006842.1_27,1,1,1
GCF_000011805.1|NC_006842.1|NC_006842.1_28,1,1,1
GCF_000011805.1|NC_006842.1|NC_006842.1_29,1,1,1
GCF_000011805.1|NC_006842.1|NC_006842.1_30,1,1,1
GCF_000011805.1|NC_006842.1|NC_006842.1_31,1,1,1
GCF_000011805.1|NC_006842.1|NC_006842.1_32,1,1,1
GCF_000011805.1|NC_006842.1|NC_006842.1_33,1,1,1
GCF_000011805.1|NC_006842.1|NC_006842.1_34,1,1,1
GCF_000011805.1|NC_006842.1|NC_006842.1_35,1,1,1
GCF_000011805.1|NC_006842.1|NC_006842.1_36,1,1,1
GCF_000011805.1|NC_006842.1|NC_006842.1_37,1,1,1
GCF_001908435.2|NZ_CP018680.2|NZ_CP018680.2_1041,38,13,44
GCF_001908435.2|NZ_CP018680.2|NZ_CP018680.2_1043,9,5,9
GCF_001908435.2|NZ_CP018680.2|NZ_CP018680.2_1048,44,10,50
GCF_001908435.2|NZ_CP018680.2|NZ_CP018680.2_1050,9,1,9
GCF_001908435.2|NZ_CP018680.2|NZ_CP018680.2_1051,1,1,1
GCF_001908435.2|NZ_CP018680.2|NZ_CP018680.2_1052,1,1,1
GCF_001908435.2|NZ_CP018680.2|NZ_CP018680.2_1055,15,6,15
GCF_001908435.2|NZ_CP018680.2|NZ_CP018680.2_1059,12,5,15
GCF_001908435.2|NZ_CP018680.2|NZ_CP018680.2_1067,3,2,3
GCF_001908435.2|NZ_CP018680.2|NZ_CP018680.2_1069,1,1,1
GCF_001908435.2|NZ_CP018680.2|NZ_CP018680.2_1082,4,4,5
GCF_001908435.2|NZ_CP018680.2|NZ_CP018680.2_1084,2,2,2
GCF_001908435.2|NZ_CP018680.2|NZ_CP018680.2_1091,6,2,6
GCF_001908435.2|NZ_CP018680.2|NZ_CP018680.2_1097,17,6,25
GCF_001908435.2|NZ_CP018680.2|NZ_CP018680.2_1100,6,5,6
GCF_001908435.2|NZ_CP018680.2|NZ_CP018680.2_1105,2,2,3
GCF_001908435.2|NZ_CP018680.2|NZ_CP018680.2_1106,7,5,7
GCF_001908435.2|NZ_CP018680.2|NZ_CP018680.2_1107,3,2,4
GCF_001969325.1|NZ_CP019293.1|NZ_CP019293.1_1211,4,3,4
GCF_001969325.1|NZ_CP019293.1|NZ_CP019293.1_1212,4,2,4
GCF_001969325.1|NZ_CP019293.1|NZ_CP019293.1_1213,11,2,11
GCF_001969325.1|NZ_CP019293.1|NZ_CP019293.1_1214,11,2,11
GCF_001969325.1|NZ_CP019293.1|NZ_CP019293.1_1217,3,2,3
GCF_001969325.1|NZ_CP019293.1|NZ_CP019293.1_1227,4,1,4
GCF_001969325.1|NZ_CP019293.1|NZ_CP019293.1_1231,3,1,3
GCF_001969325.1|NZ_CP019293.1|NZ_CP019293.1_1234,4,2,4
GCF_001969325.1|NZ_CP019293.1|NZ_CP019293.1_1236,42,12,42
GCF_001969325.1|NZ_CP019293.1|NZ_CP019293.1_1240,4,1,4
GCF_001969325.1|NZ_CP019293.1|NZ_CP019293.1_1241,9,4,10
GCF_001969325.1|NZ_CP019293.1|NZ_CP019293.1_1243,4,1,4
GCF_001969325.1|NZ_CP019293.1|NZ_CP019293.1_1244,11,4,11
GCF_001969325.1|NZ_CP019293.1|NZ_CP019293.1_1246,3,2,3
GCF_001969325.1|NZ_CP019293.1|NZ_CP019293.1_1247,7,2,7
GCF_001969325.1|NZ_CP019293.1|NZ_CP019293.1_1248,8,2,8
GCF_001969325.1|NZ_CP019293.1|NZ_CP019293.1_1262,13,4,13
GCF_001969325.1|NZ_CP019293.1|NZ_CP019293.1_1268,4,2,4
GCF_001969325.1|NZ_CP019293.1|NZ_CP019293.1_1271,13,3,13
GCF_001969325.1|NZ_CP019293.1|NZ_CP019293.1_1278,8,4,8
GCF_001969325.1|NZ_CP019293.1|NZ_CP019293.1_1281,28,10,34
GCF_001969325.1|NZ_CP019293.1|NZ_CP019293.1_1282,5,2,5
GCF_001969325.1|NZ_CP019293.1|NZ_CP019293.1_1285,10,2,10
GCF_001969325.1|NZ_CP019293.1|NZ_CP019293.1_1287,3,1,3
GCF_001969325.1|NZ_CP019293.1|NZ_CP019293.1_1294,7,4,7
GCF_001969325.1|NZ_CP019293.1|NZ_CP019293.1_1295,4,1,4
GCF_001969325.1|NZ_CP019293.1|NZ_CP019293.1_1296,4,1,4
GCF_001969325.1|NZ_CP019293.1|NZ_CP019293.1_1298,4,1,4
GCF_001969325.1|NZ_CP019293.1|NZ_CP019293.1_1303,7,2,7
GCF_001995825.2|NZ_CP065150.1|NZ_CP065150.1_2277,1,1,1
GCF_001995825.2|NZ_CP065150.1|NZ_CP065150.1_2278,11,6,11
GCF_002212025.1|NZ_CP022104.1|NZ_CP022104.1_341,8,7,8
GCF_002212025.1|NZ_CP022104.1|NZ_CP022104.1_344,1,1,1
GCF_002212025.1|NZ_CP022104.1|NZ_CP022104.1_348,2,2,2
GCF_002212025.1|NZ_CP022104.1|NZ_CP022104.1_349,1,1,1
GCF_002212025.1|NZ_CP022104.1|NZ_CP022104.1_353,1,1,1
GCF_002212025.1|NZ_CP022104.1|NZ_CP022104.1_354,4,4,4
GCF_002212025.1|NZ_CP022104.1|NZ_CP022104.1_358,1,1,1
GCF_002212025.1|NZ_CP022104.1|NZ_CP022104.1_359,1,1,1
GCF_002212025.1|NZ_CP022104.1|NZ_CP022104.1_360,1,1,1
GCF_002212025.1|NZ_CP022104.1|NZ_CP022104.1_362,3,3,3
GCF_002212025.1|NZ_CP022104.1|NZ_CP022104.1_366,1,1,1
GCF_002212025.1|NZ_CP022104.1|NZ_CP022104.1_375,1,1,1
GCF_002212025.1|NZ_CP022104.1|NZ_CP022104.1_378,1,1,1
GCF_002212025.1|NZ_CP022104.1|NZ_CP022104.1_379,1,1,1
GCF_002212025.1|NZ_CP022104.1|NZ_CP022104.1_384,10,5,10
GCF_002212025.1|NZ_CP022104.1|NZ_CP022104.1_394,1,1,1
GCF_002212025.1|NZ_CP022104.1|NZ_CP022104.1_403,1,1,1
GCF_002212025.1|NZ_CP022104.1|NZ_CP022104.1_407,1,1,1
GCF_002212025.1|NZ_CP022104.1|NZ_CP022104.1_409,2,1,2
GCF_002212025.1|NZ_CP022104.1|NZ_CP022104.1_412,21,5,28
GCF_002212025.1|NZ_CP022104.1|NZ_CP022104.1_417,1,1,1
GCF_002212025.1|NZ_CP022104.1|NZ_CP022104.1_418,25,8,31
GCF_002212025.1|NZ_CP022104.1|NZ_CP022104.1_422,2,2,2
GCF_002212025.1|NZ_CP022104.1|NZ_CP022104.1_424,2,2,2
GCF_002212025.1|NZ_CP022104.1|NZ_CP022104.1_426,9,7,11
GCF_002212025.1|NZ_CP022104.1|NZ_CP022104.1_435,7,4,7
GCF_002257545.1|NZ_CP022742.1|NZ_CP022742.1_566,1,1,1
GCF_002257545.1|NZ_CP022742.1|NZ_CP022742.1_578,1,1,6
GCF_002257545.1|NZ_CP022742.1|NZ_CP022742.1_582,2,2,4
GCF_002257545.1|NZ_CP022742.1|NZ_CP022742.1_584,2,2,2
GCF_002257545.1|NZ_CP022742.1|NZ_CP022742.1_586,1,1,1
GCF_002257545.1|NZ_CP022742.1|NZ_CP022742.1_590,1,1,1
GCF_002257545.1|NZ_CP022742.1|NZ_CP022742.1_591,1,1,1
GCF_002257545.1|NZ_CP022742.1|NZ_CP022742.1_592,5,4,5
GCF_002257545.1|NZ_CP022742.1|NZ_CP022742.1_597,6,2,7
GCF_002257545.1|NZ_CP022742.1|NZ_CP022742.1_600,1,1,1
GCF_002257545.1|NZ_CP022742.1|NZ_CP022742.1_602,1,1,1
GCF_002257545.1|NZ_CP022742.1|NZ_CP022742.1_604,1,1,1
GCF_002257545.1|NZ_CP022742.1|NZ_CP022742.1_605,1,1,1
GCF_002257545.1|NZ_CP022742.1|NZ_CP022742.1_606,1,1,1
GCF_002257545.1|NZ_CP022742.1|NZ_CP022742.1_607,1,1,1
GCF_002257545.1|NZ_CP022742.1|NZ_CP022742.1_608,1,1,1
GCF_002257545.1|NZ_CP022742.1|NZ_CP022742.1_611,1,1,1
GCF_002257545.1|NZ_CP022742.1|NZ_CP022742.1_627,1,1,1
GCF_002257545.1|NZ_CP022742.1|NZ_CP022742.1_634,1,1,1
GCF_002257545.1|NZ_CP022742.1|NZ_CP022742.1_637,1,1,1
GCF_002257545.1|NZ_CP022742.1|NZ_CP022742.1_643,1,1,1
GCF_002257545.1|NZ_CP022742.1|NZ_CP022742.1_644,4,4,4
GCF_002257545.1|NZ_CP022742.1|NZ_CP022742.1_645,1,1,1
GCF_002257545.1|NZ_CP022742.1|NZ_CP022742.1_646,1,1,1
GCF_002257545.1|NZ_CP022742.1|NZ_CP022742.1_654,5,2,5
GCF_002257545.1|NZ_CP022742.1|NZ_CP022742.1_656,1,1,1
GCF_002257545.1|NZ_CP022742.1|NZ_CP022742.1_657,1,1,1
GCF_002287545.1|NZ_CP023055.1|NZ_CP023055.1_499,3,2,3
GCF_002287545.1|NZ_CP023055.1|NZ_CP023055.1_619,4,3,4
GCF_002287545.1|NZ_CP023055.1|NZ_CP023055.1_632,3,2,3
GCF_002287545.1|NZ_CP023055.1|NZ_CP023055.1_633,3,2,3
GCF_002287545.1|NZ_CP023055.1|NZ_CP023055.1_640,5,4,5
GCF_002290245.2|NZ_CP023248.2|NZ_CP023248.2_1096,8,1,8
GCF_002290245.2|NZ_CP023248.2|NZ_CP023248.2_1099,16,2,16
GCF_002290245.2|NZ_CP023248.2|NZ_CP023248.2_1103,11,2,11
GCF_002290245.2|NZ_CP023248.2|NZ_CP023248.2_1104,6,2,6
GCF_002290245.2|NZ_CP023248.2|NZ_CP023248.2_1106,7,1,7
GCF_002290245.2|NZ_CP023248.2|NZ_CP023248.2_1108,7,1,7
GCF_002290245.2|NZ_CP023248.2|NZ_CP023248.2_1110,8,2,8
GCF_002290245.2|NZ_CP023248.2|NZ_CP023248.2_1161,6,2,6
GCF_002310335.1|NZ_CP023311.1|NZ_CP023311.1_624,1,1,1
GCF_002310335.1|NZ_CP023311.1|NZ_CP023311.1_676,1,1,2
GCF_002310335.1|NZ_CP023311.1|NZ_CP023311.1_685,1,1,1
GCF_002310335.1|NZ_CP023311.1|NZ_CP023311.1_687,3,3,6
GCF_002310335.1|NZ_CP023311.1|NZ_CP023311.1_694,1,1,1
GCF_002310335.1|NZ_CP023311.1|NZ_CP023311.1_697,1,1,1
GCF_002310335.1|NZ_CP023311.1|NZ_CP023311.1_698,1,1,1
GCF_002310335.1|NZ_CP023311.1|NZ_CP023311.1_711,15,5,19
GCF_002310335.1|NZ_CP023311.1|NZ_CP023311.1_729,2,2,2
GCF_002310335.1|NZ_CP023311.1|NZ_CP023311.1_737,1,1,1
GCF_002310335.1|NZ_CP023311.1|NZ_CP023311.1_739,1,1,1
GCF_002310335.1|NZ_CP023311.1|NZ_CP023311.1_742,1,1,1
GCF_002310335.1|NZ_CP023311.1|NZ_CP023311.1_744,1,1,1
GCF_002310335.1|NZ_CP023311.1|NZ_CP023311.1_746,1,1,1
GCF_002310335.1|NZ_CP023311.1|NZ_CP023311.1_755,1,1,1
GCF_002310335.1|NZ_CP023311.1|NZ_CP023311.1_758,1,1,1
GCF_002310335.1|NZ_CP023311.1|NZ_CP023311.1_763,1,1,1
GCF_002310335.1|NZ_CP023311.1|NZ_CP023311.1_766,1,1,1
GCF_002850455.1|NZ_CP019320.1|NZ_CP019320.1_1835,11,3,14
GCF_002850455.1|NZ_CP019320.1|NZ_CP019320.1_1836,4,3,7
GCF_002850455.1|NZ_CP019320.1|NZ_CP019320.1_1842,1,1,1
GCF_002850455.1|NZ_CP019320.1|NZ_CP019320.1_1848,1,1,1
GCF_002850455.1|NZ_CP019320.1|NZ_CP019320.1_1859,1,1,1
GCF_002850455.1|NZ_CP019320.1|NZ_CP019320.1_1864,16,5,18
GCF_002850455.1|NZ_CP019320.1|NZ_CP019320.1_1866,1,1,1
GCF_002850455.1|NZ_CP019320.1|NZ_CP019320.1_1871,1,1,1
GCF_002850455.1|NZ_CP019320.1|NZ_CP019320.1_1878,3,3,3
GCF_002850455.1|NZ_CP019320.1|NZ_CP019320.1_1890,2,1,3
GCF_002850455.1|NZ_CP019320.1|NZ_CP019320.1_1906,10,4,10
GCF_002850455.1|NZ_CP019320.1|NZ_CP019320.1_1907,1,1,1
GCF_002850455.1|NZ_CP019320.1|NZ_CP019320.1_1908,13,8,14
GCF_002850455.1|NZ_CP019320.1|NZ_CP019320.1_1924,1,1,2
GCF_002850455.1|NZ_CP019320.1|NZ_CP019320.1_1926,1,1,1
GCF_002850455.1|NZ_CP019320.1|NZ_CP019320.1_1933,7,3,8
GCF_002873745.2|NZ_CP170015.1|NZ_CP170015.1_1161,1,1,1
GCF_002873745.2|NZ_CP170015.1|NZ_CP170015.1_1165,1,1,1
GCF_002873745.2|NZ_CP170015.1|NZ_CP170015.1_1166,1,1,1
GCF_002873745.2|NZ_CP170015.1|NZ_CP170015.1_1171,2,2,2
GCF_002873745.2|NZ_CP170016.1|NZ_CP170016.1_1279,6,3,6
GCF_002873745.2|NZ_CP170016.1|NZ_CP170016.1_1282,3,3,3
GCF_002873825.2|NZ_CP170013.1|NZ_CP170013.1_1360,1,1,1
GCF_002873825.2|NZ_CP170013.1|NZ_CP170013.1_1361,1,1,1
GCF_002873825.2|NZ_CP170013.1|NZ_CP170013.1_1364,1,1,1
GCF_002873825.2|NZ_CP170013.1|NZ_CP170013.1_1366,2,2,2
GCF_002873825.2|NZ_CP170014.1|NZ_CP170014.1_215,6,3,6
GCF_002873935.2|NZ_CP170011.1|NZ_CP170011.1_1232,1,1,1
GCF_002873935.2|NZ_CP170011.1|NZ_CP170011.1_1234,1,1,1
GCF_002873935.2|NZ_CP170011.1|NZ_CP170011.1_1236,1,1,1
GCF_002873935.2|NZ_CP170011.1|NZ_CP170011.1_1238,2,2,2
GCF_002873935.2|NZ_CP170011.1|NZ_CP170011.1_1242,1,1,1
GCF_002873935.2|NZ_CP170011.1|NZ_CP170011.1_1519,2,2,2
GCF_002873935.2|NZ_CP170011.1|NZ_CP170011.1_1520,5,3,5
GCF_002874015.2|NZ_CP170001.1|NZ_CP170001.1_485,2,2,2
GCF_002874015.2|NZ_CP170001.1|NZ_CP170001.1_488,2,1,2
GCF_002874015.2|NZ_CP170001.1|NZ_CP170001.1_490,1,1,1
GCF_002874035.2|NZ_CP169999.1|NZ_CP169999.1_3,1,1,1
GCF_002874035.2|NZ_CP169999.1|NZ_CP169999.1_4,1,1,1
GCF_002874615.2|NZ_CP170017.1|NZ_CP170017.1_180,6,3,7
GCF_002874615.2|NZ_CP170017.1|NZ_CP170017.1_494,1,1,1
GCF_002874615.2|NZ_CP170017.1|NZ_CP170017.1_496,1,1,1
GCF_002875015.2|NZ_CP170046.1|NZ_CP170046.1_2047,1,1,1
GCF_002875015.2|NZ_CP170046.1|NZ_CP170046.1_2052,2,1,2
GCF_002875015.2|NZ_CP170046.1|NZ_CP170046.1_2058,2,2,2
GCF_002875015.2|NZ_CP170046.1|NZ_CP170046.1_2232,2,1,2
GCF_002875015.2|NZ_CP170047.1|NZ_CP170047.1_1196,1,1,1
GCF_002875465.2|NZ_CP170034.1|NZ_CP170034.1_1953,1,1,1
GCF_002875465.2|NZ_CP170034.1|NZ_CP170034.1_1954,1,1,1
GCF_002875465.2|NZ_CP170034.1|NZ_CP170034.1_1955,13,7,13
GCF_002875465.2|NZ_CP170034.1|NZ_CP170034.1_1956,1,1,1
GCF_002875465.2|NZ_CP170034.1|NZ_CP170034.1_1957,2,2,2
GCF_002875465.2|NZ_CP170034.1|NZ_CP170034.1_2240,2,1,2
GCF_002876425.2|NZ_CP170031.1|NZ_CP170031.1_2362,2,1,2
GCF_002876425.2|NZ_CP170031.1|NZ_CP170031.1_2365,6,2,6
GCF_002887615.1|NZ_CP025792.1|NZ_CP025792.1_47,1,1,1
GCF_002887615.1|NZ_CP025792.1|NZ_CP025792.1_50,1,1,1
GCF_002887615.1|NZ_CP025792.1|NZ_CP025792.1_51,1,1,1
GCF_002887615.1|NZ_CP025792.1|NZ_CP025792.1_56,5,5,5
GCF_002906655.1|NZ_CP025794.1|NZ_CP025794.1_68,1,1,1
GCF_002906655.1|NZ_CP025794.1|NZ_CP025794.1_69,11,6,11
GCF_002906655.1|NZ_CP025794.1|NZ_CP025794.1_71,4,3,4
GCF_002906655.1|NZ_CP025794.1|NZ_CP025794.1_72,1,1,1
GCF_002906655.1|NZ_CP025794.1|NZ_CP025794.1_73,1,1,1
GCF_002906655.1|NZ_CP025794.1|NZ_CP025794.1_74,1,1,1
GCF_002906655.1|NZ_CP025794.1|NZ_CP025794.1_76,1,1,1
GCF_002906655.1|NZ_CP025794.1|NZ_CP025794.1_77,5,4,5
GCF_002906655.1|NZ_CP025794.1|NZ_CP025794.1_78,4,3,4
GCF_002906655.1|NZ_CP025794.1|NZ_CP025794.1_81,1,1,1
GCF_002906655.1|NZ_CP025794.1|NZ_CP025794.1_82,1,1,1
GCF_002906655.1|NZ_CP025794.1|NZ_CP025794.1_89,4,2,5
GCF_002906655.1|NZ_CP025794.1|NZ_CP025794.1_94,1,1,1
GCF_002906655.1|NZ_CP025794.1|NZ_CP025794.1_96,3,3,3
GCF_002906655.1|NZ_CP025794.1|NZ_CP025794.1_97,3,3,4
GCF_002906655.1|NZ_CP025794.1|NZ_CP025794.1_99,1,1,1
GCF_002906655.1|NZ_CP025794.1|NZ_CP025794.1_100,1,1,1
GCF_002906655.1|NZ_CP025794.1|NZ_CP025794.1_106,1,1,1
GCF_002906655.1|NZ_CP025794.1|NZ_CP025794.1_110,9,4,9
GCF_002906655.1|NZ_CP025794.1|NZ_CP025794.1_111,1,1,1
GCF_002906655.1|NZ_CP025794.1|NZ_CP025794.1_113,1,1,1
GCF_002906655.1|NZ_CP025794.1|NZ_CP025794.1_118,2,2,2
GCF_002906655.1|NZ_CP025794.1|NZ_CP025794.1_119,1,1,1
GCF_002906655.1|NZ_CP025794.1|NZ_CP025794.1_122,10,5,10
GCF_002906655.1|NZ_CP025794.1|NZ_CP025794.1_127,1,1,1
GCF_002906655.1|NZ_CP025794.1|NZ_CP025794.1_129,2,2,2
GCF_002906655.1|NZ_CP025794.1|NZ_CP025794.1_136,16,7,18
GCF_002906655.1|NZ_CP025794.1|NZ_CP025794.1_139,1,1,1
GCF_002906655.1|NZ_CP025794.1|NZ_CP025794.1_140,2,2,2
GCF_002906655.1|NZ_CP025794.1|NZ_CP025794.1_141,15,6,16
GCF_002906655.1|NZ_CP025794.1|NZ_CP025794.1_155,1,1,1
GCF_002906655.1|NZ_CP025794.1|NZ_CP025794.1_163,1,1,1
GCF_002906655.1|NZ_CP025794.1|NZ_CP025794.1_165,136,29,154
GCF_002953535.1|NZ_CP014040.1|NZ_CP014040.1_1557,5,3,5
GCF_002953535.1|NZ_CP014040.1|NZ_CP014040.1_1560,4,2,5
GCF_002953535.1|NZ_CP014040.1|NZ_CP014040.1_1561,14,5,15
GCF_002953535.1|NZ_CP014040.1|NZ_CP014040.1_1574,9,4,10
GCF_002953535.1|NZ_CP014040.1|NZ_CP014040.1_1580,4,2,5
GCF_002953535.1|NZ_CP014040.1|NZ_CP014040.1_1583,3,2,3
GCF_002953535.1|NZ_CP014040.1|NZ_CP014040.1_1584,158,22,226
GCF_002953535.1|NZ_CP014040.1|NZ_CP014040.1_1595,5,2,5
GCF_002953535.1|NZ_CP014040.1|NZ_CP014040.1_1599,1,1,1
GCF_002953535.1|NZ_CP014040.1|NZ_CP014040.1_1601,4,2,4
GCF_002953535.1|NZ_CP014040.1|NZ_CP014040.1_1607,4,2,4
GCF_002953535.1|NZ_CP014040.1|NZ_CP014040.1_1611,16,9,19
GCF_002953535.1|NZ_CP014040.1|NZ_CP014040.1_1615,111,18,116
GCF_002953535.1|NZ_CP014040.1|NZ_CP014040.1_1620,3,2,3
GCF_002953535.1|NZ_CP014040.1|NZ_CP014040.1_1624,9,4,9
GCF_002953535.1|NZ_CP014040.1|NZ_CP014040.1_1682,3,2,3
GCF_002953535.1|NZ_CP014040.1|NZ_CP014040.1_1687,1,1,1
GCF_003312585.1|NZ_CP030788.1|NZ_CP030788.1_1540,6,4,6
GCF_003312585.1|NZ_CP030788.1|NZ_CP030788.1_1542,5,4,5
GCF_003312585.1|NZ_CP030788.1|NZ_CP030788.1_1543,3,1,4
GCF_003312585.1|NZ_CP030788.1|NZ_CP030788.1_1544,7,4,7
GCF_003312585.1|NZ_CP030788.1|NZ_CP030788.1_1546,3,2,3
GCF_003312585.1|NZ_CP030788.1|NZ_CP030788.1_1547,4,4,4
GCF_003312585.1|NZ_CP030788.1|NZ_CP030788.1_1676,4,3,4
GCF_003312585.1|NZ_CP030788.1|NZ_CP030788.1_1732,12,7,14
GCF_003312585.1|NZ_CP030788.1|NZ_CP030788.1_1741,2,2,2
GCF_003312585.1|NZ_CP030788.1|NZ_CP030788.1_1745,1,1,1
GCF_003312585.1|NZ_CP030788.1|NZ_CP030788.1_1749,4,2,4
GCF_003312585.1|NZ_CP030789.1|NZ_CP030789.1_308,4,2,5
GCF_003312585.1|NZ_CP030789.1|NZ_CP030789.1_310,3,2,3
GCF_003312585.1|NZ_CP030789.1|NZ_CP030789.1_311,6,3,7
GCF_003312585.1|NZ_CP030789.1|NZ_CP030789.1_1006,1,1,1
GCF_003312585.1|NZ_CP030789.1|NZ_CP030789.1_1011,1,1,1
GCF_003312585.1|NZ_CP030789.1|NZ_CP030789.1_1523,23,5,24
GCF_003312585.1|NZ_CP030789.1|NZ_CP030789.1_1534,2,2,2
GCF_003595585.1|NZ_CP022469.1|NZ_CP022469.1_790,1,1,1
GCF_003595585.1|NZ_CP022469.1|NZ_CP022469.1_793,1,1,1
GCF_003595585.1|NZ_CP022469.1|NZ_CP022469.1_794,1,1,1
GCF_003595585.1|NZ_CP022469.1|NZ_CP022469.1_795,1,1,1
GCF_003595585.1|NZ_CP022469.1|NZ_CP022469.1_804,2,2,2
GCF_003595585.1|NZ_CP022469.1|NZ_CP022469.1_805,1,1,1
GCF_003595585.1|NZ_CP022469.1|NZ_CP022469.1_806,1,1,1
GCF_003595585.1|NZ_CP022469.1|NZ_CP022469.1_807,10,8,11
GCF_003595585.1|NZ_CP022469.1|NZ_CP022469.1_833,1,1,1
GCF_003595585.1|NZ_CP022469.1|NZ_CP022469.1_834,1,1,1
GCF_003595585.1|NZ_CP022469.1|NZ_CP022469.1_839,1,1,1
GCF_003595585.1|NZ_CP022469.1|NZ_CP022469.1_841,1,1,1
GCF_003595585.1|NZ_CP022469.1|NZ_CP022469.1_843,3,3,4
GCF_003595585.1|NZ_CP022469.1|NZ_CP022469.1_846,3,3,3
GCF_003595585.1|NZ_CP022469.1|NZ_CP022469.1_849,2,2,2
GCF_003595585.1|NZ_CP022469.1|NZ_CP022469.1_851,1,1,1
GCF_003595585.1|NZ_CP022469.1|NZ_CP022469.1_869,1,1,1
GCF_003595585.1|NZ_CP022469.1|NZ_CP022469.1_870,1,1,1
GCF_003595585.1|NZ_CP022469.1|NZ_CP022469.1_871,3,3,3
GCF_003595585.1|NZ_CP022469.1|NZ_CP022469.1_873,1,1,1
GCF_003595585.1|NZ_CP022469.1|NZ_CP022469.1_874,1,1,1
GCF_003595585.1|NZ_CP022469.1|NZ_CP022469.1_875,1,1,1
GCF_003595585.1|NZ_CP022469.1|NZ_CP022469.1_878,2,2,3
GCF_003595585.1|NZ_CP022469.1|NZ_CP022469.1_879,1,1,1
GCF_003595585.1|NZ_CP022469.1|NZ_CP022469.1_882,66,12,83
GCF_003595585.1|NZ_CP022469.1|NZ_CP022469.1_884,1,1,1
GCF_003691545.1|NZ_CP033144.1|NZ_CP033144.1_993,1,1,1
GCF_003691545.1|NZ_CP033144.1|NZ_CP033144.1_994,1,1,1
GCF_003691545.1|NZ_CP033144.1|NZ_CP033144.1_995,1,1,1
GCF_003691545.1|NZ_CP033144.1|NZ_CP033144.1_1000,1,1,1
GCF_003691545.1|NZ_CP033144.1|NZ_CP033144.1_1001,1,1,1
GCF_003691545.1|NZ_CP033144.1|NZ_CP033144.1_1006,2,2,2
GCF_003691545.1|NZ_CP033144.1|NZ_CP033144.1_1008,1,1,1
GCF_003691545.1|NZ_CP033144.1|NZ_CP033144.1_1012,1,1,1
GCF_003691545.1|NZ_CP033144.1|NZ_CP033144.1_1023,10,5,10
GCF_003691545.1|NZ_CP033144.1|NZ_CP033144.1_1026,1,1,1
GCF_003691545.1|NZ_CP033144.1|NZ_CP033144.1_1027,1,1,1
GCF_003691545.1|NZ_CP033144.1|NZ_CP033144.1_1028,1,1,1
GCF_003716875.1|NZ_CP033077.1|NZ_CP033077.1_38,5,3,6
GCF_003716875.1|NZ_CP033077.1|NZ_CP033077.1_40,5,4,5
GCF_003726935.1|NZ_CP033577.1|NZ_CP033577.1_3247,1,1,1
GCF_003726935.1|NZ_CP033577.1|NZ_CP033577.1_3248,1,1,1
GCF_003726935.1|NZ_CP033577.1|NZ_CP033577.1_3249,1,1,1
GCF_003726935.1|NZ_CP033577.1|NZ_CP033577.1_3250,5,4,5
GCF_003726935.1|NZ_CP033577.1|NZ_CP033577.1_3251,1,1,1
GCF_003726935.1|NZ_CP033577.1|NZ_CP033577.1_3253,1,1,1
GCF_003726935.1|NZ_CP033577.1|NZ_CP033577.1_3254,1,1,1
GCF_003726935.1|NZ_CP033577.1|NZ_CP033577.1_3255,4,4,4
GCF_003726935.1|NZ_CP033578.1|NZ_CP033578.1_1450,1,1,1
GCF_003726935.1|NZ_CP033578.1|NZ_CP033578.1_1451,1,1,1
GCF_003726935.1|NZ_CP033578.1|NZ_CP033578.1_1452,1,1,1
GCF_003726935.1|NZ_CP033578.1|NZ_CP033578.1_1453,1,1,1
GCF_003942025.1|NZ_CP034240.1|NZ_CP034240.1_1543,3,3,3
GCF_003942025.1|NZ_CP034240.1|NZ_CP034240.1_1735,2,2,2
GCF_003942025.1|NZ_CP034240.1|NZ_CP034240.1_1736,2,2,2
GCF_003942025.1|NZ_CP034240.1|NZ_CP034240.1_1737,2,2,2
GCF_003942025.1|NZ_CP034240.1|NZ_CP034240.1_1740,2,2,2
GCF_003942025.1|NZ_CP034240.1|NZ_CP034240.1_1741,2,2,2
GCF_003942025.1|NZ_CP034241.1|NZ_CP034241.1_600,3,3,3
GCF_003942025.1|NZ_CP034241.1|NZ_CP034241.1_610,1,1,1
GCF_003942025.1|NZ_CP034241.1|NZ_CP034241.1_612,4,4,4
GCF_003942025.1|NZ_CP034238.1|NZ_CP034238.1_11,1,1,3
GCF_003942025.1|NZ_CP034238.1|NZ_CP034238.1_12,1,1,3
GCF_003942025.1|NZ_CP034238.1|NZ_CP034238.1_15,1,1,3
GCF_003942025.1|NZ_CP034238.1|NZ_CP034238.1_264,1,1,2
GCF_003942025.1|NZ_CP034238.1|NZ_CP034238.1_290,1,1,1
GCF_004319645.1|NZ_CP027030.1|NZ_CP027030.1_1345,1,1,1
GCF_004319645.1|NZ_CP027030.1|NZ_CP027030.1_1346,1,1,1
GCF_004319645.1|NZ_CP027030.1|NZ_CP027030.1_1348,38,11,53
GCF_004319645.1|NZ_CP027030.1|NZ_CP027030.1_1373,3,2,3
GCF_004319645.1|NZ_CP027030.1|NZ_CP027030.1_1376,3,1,3
GCF_004328575.1|NZ_CP036500.1|NZ_CP036500.1_292,2,2,2
GCF_004328575.1|NZ_CP036500.1|NZ_CP036500.1_295,4,1,4
GCF_004328575.1|NZ_CP036500.1|NZ_CP036500.1_297,1,1,1
GCF_004328575.1|NZ_CP036500.1|NZ_CP036500.1_298,1,1,1
GCF_004328575.1|NZ_CP036500.1|NZ_CP036500.1_314,1,1,1
GCF_006517795.1|NZ_CP041202.1|NZ_CP041202.1_1314,7,3,7
GCF_006517795.1|NZ_CP041202.1|NZ_CP041202.1_1315,1,1,1
GCF_006517795.1|NZ_CP041202.1|NZ_CP041202.1_1319,6,3,7
GCF_006517795.1|NZ_CP041202.1|NZ_CP041202.1_1322,1,1,1
GCF_006517795.1|NZ_CP041202.1|NZ_CP041202.1_1325,9,4,13
GCF_006517795.1|NZ_CP041202.1|NZ_CP041202.1_1327,6,4,6
GCF_006517795.1|NZ_CP041202.1|NZ_CP041202.1_1329,2,1,2
GCF_006517795.1|NZ_CP041202.1|NZ_CP041202.1_1331,6,2,6
GCF_006517795.1|NZ_CP041202.1|NZ_CP041202.1_1332,5,1,7
GCF_006517795.1|NZ_CP041202.1|NZ_CP041202.1_1334,2,2,2
GCF_006517795.1|NZ_CP041202.1|NZ_CP041202.1_1339,1,1,1
GCF_006517795.1|NZ_CP041202.1|NZ_CP041202.1_1340,1,1,1
GCF_006517795.1|NZ_CP041202.1|NZ_CP041202.1_1345,1,1,2
GCF_006517795.1|NZ_CP041202.1|NZ_CP041202.1_1351,1,1,1
GCF_006517795.1|NZ_CP041202.1|NZ_CP041202.1_1353,1,1,1
GCF_006517795.1|NZ_CP041202.1|NZ_CP041202.1_1358,3,2,3
GCF_006517795.1|NZ_CP041202.1|NZ_CP041202.1_1375,28,11,30
GCF_006517795.1|NZ_CP041202.1|NZ_CP041202.1_1377,1,1,1
GCF_006517795.1|NZ_CP041202.1|NZ_CP041202.1_1404,1,1,1
GCF_008693625.1|NZ_CP044062.1|NZ_CP044062.1_539,1,1,1
GCF_008693625.1|NZ_CP044062.1|NZ_CP044062.1_545,4,1,4
GCF_008693625.1|NZ_CP044062.1|NZ_CP044062.1_549,4,2,5
GCF_008693625.1|NZ_CP044062.1|NZ_CP044062.1_554,1,1,1
GCF_008693625.1|NZ_CP044062.1|NZ_CP044062.1_555,1,1,1
GCF_008693625.1|NZ_CP044062.1|NZ_CP044062.1_556,1,1,1
GCF_008693625.1|NZ_CP044062.1|NZ_CP044062.1_557,1,1,2
GCF_008693625.1|NZ_CP044062.1|NZ_CP044062.1_559,1,1,1
GCF_008693625.1|NZ_CP044062.1|NZ_CP044062.1_564,1,1,1
GCF_008693625.1|NZ_CP044062.1|NZ_CP044062.1_566,3,2,3
GCF_008693625.1|NZ_CP044062.1|NZ_CP044062.1_567,8,5,8
GCF_008693625.1|NZ_CP044062.1|NZ_CP044062.1_570,1,1,1
GCF_008693625.1|NZ_CP044062.1|NZ_CP044062.1_582,1,1,1
GCF_008693625.1|NZ_CP044062.1|NZ_CP044062.1_583,3,1,3
GCF_008693625.1|NZ_CP044062.1|NZ_CP044062.1_591,6,4,6
GCF_008693625.1|NZ_CP044062.1|NZ_CP044062.1_592,10,5,10
GCF_008693625.1|NZ_CP044062.1|NZ_CP044062.1_594,1,1,1
GCF_008693625.1|NZ_CP044062.1|NZ_CP044062.1_595,1,1,1
GCF_008693625.1|NZ_CP044062.1|NZ_CP044062.1_617,1,1,1
GCF_008693625.1|NZ_CP044062.1|NZ_CP044062.1_618,1,1,1
GCF_008693625.1|NZ_CP044062.1|NZ_CP044062.1_622,7,4,7
GCF_008693625.1|NZ_CP044062.1|NZ_CP044062.1_624,4,4,5
GCF_008693625.1|NZ_CP044062.1|NZ_CP044062.1_626,2,2,2
GCF_008693685.1|NZ_CP044069.1|NZ_CP044069.1_1594,2,2,2
GCF_009601765.2|NZ_CP045700.1|NZ_CP045700.1_861,1,1,1
GCF_009601765.2|NZ_CP045700.1|NZ_CP045700.1_862,1,1,1
GCF_009601765.2|NZ_CP045700.1|NZ_CP045700.1_863,1,1,1
GCF_009601765.2|NZ_CP058324.1|NZ_CP058324.1_32,1,1,1
GCF_009601765.2|NZ_CP058324.1|NZ_CP058324.1_33,1,1,1
GCF_009665195.1|NZ_CP035683.1|NZ_CP035683.1_115,3,3,3
GCF_009665195.1|NZ_CP035683.1|NZ_CP035683.1_116,3,1,5
GCF_009665195.1|NZ_CP035683.1|NZ_CP035683.1_117,1,1,1
GCF_009665195.1|NZ_CP035683.1|NZ_CP035683.1_119,1,1,1
GCF_009665195.1|NZ_CP035683.1|NZ_CP035683.1_121,1,1,1
GCF_009665195.1|NZ_CP035683.1|NZ_CP035683.1_129,1,1,1
GCF_009665195.1|NZ_CP035683.1|NZ_CP035683.1_135,4,3,4
GCF_009665195.1|NZ_CP035683.1|NZ_CP035683.1_145,1,1,1
GCF_009665195.1|NZ_CP035683.1|NZ_CP035683.1_146,1,1,1
GCF_009665195.1|NZ_CP035683.1|NZ_CP035683.1_159,1,1,1
GCF_009665195.1|NZ_CP035683.1|NZ_CP035683.1_165,2,2,2
GCF_009665195.1|NZ_CP035683.1|NZ_CP035683.1_166,1,1,1
GCF_009665195.1|NZ_CP035683.1|NZ_CP035683.1_178,1,1,1
GCF_009665195.1|NZ_CP035683.1|NZ_CP035683.1_198,65,8,78
GCF_009665195.1|NZ_CP035683.1|NZ_CP035683.1_200,40,14,52
GCF_009665195.1|NZ_CP035683.1|NZ_CP035683.1_202,1,1,1
GCF_009665195.1|NZ_CP035683.1|NZ_CP035683.1_203,1,1,1
GCF_009665195.1|NZ_CP035683.1|NZ_CP035683.1_204,1,1,1
GCF_009665255.1|NZ_CP035687.1|NZ_CP035687.1_78,1,1,1
GCF_009665255.1|NZ_CP035687.1|NZ_CP035687.1_915,7,6,7
GCF_009665255.1|NZ_CP035687.1|NZ_CP035687.1_916,2,2,3
GCF_009665255.1|NZ_CP035687.1|NZ_CP035687.1_926,1,1,2
GCF_009665255.1|NZ_CP035687.1|NZ_CP035687.1_929,11,7,11
GCF_009665255.1|NZ_CP035687.1|NZ_CP035687.1_930,4,4,4
GCF_009665255.1|NZ_CP035687.1|NZ_CP035687.1_944,1,1,1
GCF_009665255.1|NZ_CP035687.1|NZ_CP035687.1_947,1,1,1
GCF_009665255.1|NZ_CP035687.1|NZ_CP035687.1_950,1,1,1
GCF_009665275.1|NZ_CP035689.1|NZ_CP035689.1_402,6,3,6
GCF_009665275.1|NZ_CP035689.1|NZ_CP035689.1_417,1,1,1
GCF_009665275.1|NZ_CP035689.1|NZ_CP035689.1_419,1,1,1
GCF_009665275.1|NZ_CP035689.1|NZ_CP035689.1_420,5,4,5
GCF_009665275.1|NZ_CP035689.1|NZ_CP035689.1_423,1,1,1
GCF_009665395.1|NZ_CP035698.1|NZ_CP035698.1_390,6,5,6
GCF_009665395.1|NZ_CP035698.1|NZ_CP035698.1_391,4,2,6
GCF_009665395.1|NZ_CP035698.1|NZ_CP035698.1_401,2,1,2
GCF_009665395.1|NZ_CP035698.1|NZ_CP035698.1_407,5,4,5
GCF_009665395.1|NZ_CP035698.1|NZ_CP035698.1_418,5,4,5
GCF_009665395.1|NZ_CP035698.1|NZ_CP035698.1_420,3,2,3
GCF_009665395.1|NZ_CP035698.1|NZ_CP035698.1_424,4,3,4
GCF_009665395.1|NZ_CP035698.1|NZ_CP035698.1_426,4,2,9
GCF_009665395.1|NZ_CP035698.1|NZ_CP035698.1_431,11,7,11
GCF_009665395.1|NZ_CP035698.1|NZ_CP035698.1_438,3,2,3
GCF_009665395.1|NZ_CP035698.1|NZ_CP035698.1_440,4,2,4
GCF_009665395.1|NZ_CP035698.1|NZ_CP035698.1_441,15,9,15
GCF_009665395.1|NZ_CP035698.1|NZ_CP035698.1_444,3,1,6
GCF_009665395.1|NZ_CP035698.1|NZ_CP035698.1_481,4,2,4
GCF_009665395.1|NZ_CP035698.1|NZ_CP035698.1_486,8,4,9
GCF_009665495.1|NZ_CP035701.1|NZ_CP035701.1_1807,7,2,7
GCF_009665495.1|NZ_CP035701.1|NZ_CP035701.1_1809,6,1,6
GCF_009665495.1|NZ_CP035701.1|NZ_CP035701.1_1815,3,2,3
GCF_009665495.1|NZ_CP035701.1|NZ_CP035701.1_1817,4,1,4
GCF_009665495.1|NZ_CP035701.1|NZ_CP035701.1_1819,4,2,4
GCF_009665495.1|NZ_CP035701.1|NZ_CP035701.1_1823,3,2,3
GCF_009665495.1|NZ_CP035701.1|NZ_CP035701.1_1835,3,2,3
GCF_009665495.1|NZ_CP035701.1|NZ_CP035701.1_1836,8,1,8
GCF_009665495.1|NZ_CP035701.1|NZ_CP035701.1_1839,7,2,7
GCF_009665495.1|NZ_CP035701.1|NZ_CP035701.1_1844,7,3,9
GCF_009665495.1|NZ_CP035701.1|NZ_CP035701.1_1854,78,17,88
GCF_009665495.1|NZ_CP035701.1|NZ_CP035701.1_1857,3,2,3
GCF_009665495.1|NZ_CP035701.1|NZ_CP035701.1_1864,4,2,4
GCF_009665495.1|NZ_CP035701.1|NZ_CP035701.1_1866,3,2,3
GCF_009665495.1|NZ_CP035701.1|NZ_CP035701.1_1870,6,5,8
GCF_009665495.1|NZ_CP035701.1|NZ_CP035701.1_1874,3,2,3
GCF_009665495.1|NZ_CP035701.1|NZ_CP035701.1_1877,3,2,3
GCF_009665495.1|NZ_CP035701.1|NZ_CP035701.1_1878,11,7,12
GCF_009665495.1|NZ_CP035701.1|NZ_CP035701.1_1880,3,2,4
GCF_009665495.1|NZ_CP035701.1|NZ_CP035701.1_1889,6,3,6
GCF_009763025.1|NZ_CP046776.1|NZ_CP046776.1_1238,2,2,2
GCF_009763025.1|NZ_CP046776.1|NZ_CP046776.1_1239,1,1,1
GCF_009763025.1|NZ_CP046776.1|NZ_CP046776.1_1257,1,1,1
GCF_009763025.1|NZ_CP046776.1|NZ_CP046776.1_1265,1,1,1
GCF_009763025.1|NZ_CP046776.1|NZ_CP046776.1_1272,3,2,3
GCF_009763025.1|NZ_CP046776.1|NZ_CP046776.1_1273,1,1,1
GCF_009763025.1|NZ_CP046776.1|NZ_CP046776.1_1279,6,6,6
GCF_009763025.1|NZ_CP046776.1|NZ_CP046776.1_1283,1,1,1
GCF_009763025.1|NZ_CP046776.1|NZ_CP046776.1_1284,1,1,1
GCF_009763025.1|NZ_CP046776.1|NZ_CP046776.1_1286,1,1,1
GCF_009763065.1|NZ_CP046750.1|NZ_CP046750.1_86,10,3,12
GCF_009763065.1|NZ_CP046750.1|NZ_CP046750.1_92,1,1,1
GCF_009763065.1|NZ_CP046750.1|NZ_CP046750.1_96,7,6,7
GCF_009763065.1|NZ_CP046750.1|NZ_CP046750.1_99,2,2,2
GCF_009763065.1|NZ_CP046750.1|NZ_CP046750.1_102,1,1,1
GCF_009763065.1|NZ_CP046750.1|NZ_CP046750.1_112,1,1,1
GCF_009763065.1|NZ_CP046750.1|NZ_CP046750.1_118,1,1,1
GCF_009763065.1|NZ_CP046750.1|NZ_CP046750.1_995,1,1,1
GCF_009763065.1|NZ_CP046750.1|NZ_CP046750.1_998,6,5,6
GCF_009763085.1|NZ_CP046772.1|NZ_CP046772.1_1825,1,1,1
GCF_009763085.1|NZ_CP046772.1|NZ_CP046772.1_1826,1,1,1
GCF_009763085.1|NZ_CP046772.1|NZ_CP046772.1_1827,1,1,1
GCF_009763085.1|NZ_CP046772.1|NZ_CP046772.1_1843,1,1,1
GCF_009763085.1|NZ_CP046772.1|NZ_CP046772.1_1850,9,3,11
GCF_009763085.1|NZ_CP046772.1|NZ_CP046772.1_1853,1,1,1
GCF_009763085.1|NZ_CP046772.1|NZ_CP046772.1_1867,9,4,10
GCF_009763445.1|NZ_CP046763.1|NZ_CP046763.1_2906,2,1,2
GCF_009763445.1|NZ_CP046763.1|NZ_CP046763.1_2912,2,1,2
GCF_009763445.1|NZ_CP046763.1|NZ_CP046763.1_2913,2,1,2
GCF_009763445.1|NZ_CP046763.1|NZ_CP046763.1_2917,2,1,2
GCF_009763445.1|NZ_CP046763.1|NZ_CP046763.1_2920,2,1,2
GCF_009763445.1|NZ_CP046763.1|NZ_CP046763.1_2929,2,1,2
GCF_009763465.1|NZ_CP046767.1|NZ_CP046767.1_909,1,1,1
GCF_009763465.1|NZ_CP046768.1|NZ_CP046768.1_1199,1,1,1
GCF_009763465.1|NZ_CP046768.1|NZ_CP046768.1_1200,1,1,1
GCF_009763465.1|NZ_CP046768.1|NZ_CP046768.1_1201,1,1,1
GCF_009763485.1|NZ_CP046816.1|NZ_CP046816.1_225,1,1,1
GCF_009763485.1|NZ_CP046816.1|NZ_CP046816.1_227,1,1,1
GCF_009763485.1|NZ_CP046816.1|NZ_CP046816.1_282,1,1,1
GCF_009763485.1|NZ_CP046816.1|NZ_CP046816.1_283,1,1,1
GCF_009763485.1|NZ_CP046816.1|NZ_CP046816.1_298,1,1,1
GCF_009763485.1|NZ_CP046816.1|NZ_CP046816.1_303,1,1,1
GCF_009763485.1|NZ_CP046816.1|NZ_CP046816.1_307,1,1,1
GCF_009763485.1|NZ_CP046816.1|NZ_CP046816.1_309,3,3,3
GCF_009763485.1|NZ_CP046816.1|NZ_CP046816.1_311,1,1,1
GCF_009763485.1|NZ_CP046816.1|NZ_CP046816.1_312,1,1,1
GCF_009763545.1|NZ_CP046782.1|NZ_CP046782.1_1824,3,2,3
GCF_009763545.1|NZ_CP046782.1|NZ_CP046782.1_1825,2,1,2
GCF_009763545.1|NZ_CP046782.1|NZ_CP046782.1_1826,2,1,2
GCF_009763545.1|NZ_CP046782.1|NZ_CP046782.1_1831,1,1,1
GCF_009763545.1|NZ_CP046782.1|NZ_CP046782.1_1842,1,1,1
GCF_009763545.1|NZ_CP046782.1|NZ_CP046782.1_1843,2,2,2
GCF_009763545.1|NZ_CP046782.1|NZ_CP046782.1_1848,1,1,1
GCF_009763545.1|NZ_CP046782.1|NZ_CP046782.1_1851,2,1,2
GCF_009763545.1|NZ_CP046782.1|NZ_CP046782.1_1859,1,1,1
GCF_009763545.1|NZ_CP046782.1|NZ_CP046782.1_1861,5,3,5
GCF_009763545.1|NZ_CP046782.1|NZ_CP046782.1_1868,1,1,1
GCF_009763665.1|NZ_CP046839.1|NZ_CP046839.1_1610,2,1,2
GCF_009763665.1|NZ_CP046839.1|NZ_CP046839.1_1612,13,4,14
GCF_009763665.1|NZ_CP046838.1|NZ_CP046838.1_676,1,1,1
GCF_009763665.1|NZ_CP046838.1|NZ_CP046838.1_678,26,9,29
GCF_009763665.1|NZ_CP046838.1|NZ_CP046838.1_686,3,1,4
GCF_009763705.1|NZ_CP046801.1|NZ_CP046801.1_463,1,1,1
GCF_009763705.1|NZ_CP046801.1|NZ_CP046801.1_464,1,1,1
GCF_009763705.1|NZ_CP046801.1|NZ_CP046801.1_469,2,1,2
GCF_009763705.1|NZ_CP046801.1|NZ_CP046801.1_473,3,3,3
GCF_009763705.1|NZ_CP046801.1|NZ_CP046801.1_477,1,1,1
GCF_009763705.1|NZ_CP046801.1|NZ_CP046801.1_479,1,1,3
GCF_009763705.1|NZ_CP046801.1|NZ_CP046801.1_490,1,1,1
GCF_009763705.1|NZ_CP046801.1|NZ_CP046801.1_492,1,1,1
GCF_009763705.1|NZ_CP046801.1|NZ_CP046801.1_495,1,1,1
GCF_009763705.1|NZ_CP046801.1|NZ_CP046801.1_496,1,1,1
GCF_009763705.1|NZ_CP046801.1|NZ_CP046801.1_497,2,1,2
GCF_009763705.1|NZ_CP046801.1|NZ_CP046801.1_498,2,1,2
GCF_009763705.1|NZ_CP046801.1|NZ_CP046801.1_511,5,4,7
GCF_009763705.1|NZ_CP046801.1|NZ_CP046801.1_517,1,1,2
GCF_009763705.1|NZ_CP046801.1|NZ_CP046801.1_529,3,3,3
GCF_009763705.1|NZ_CP046801.1|NZ_CP046801.1_531,1,1,1
GCF_009763705.1|NZ_CP046801.1|NZ_CP046801.1_532,1,1,1
GCF_009763705.1|NZ_CP046801.1|NZ_CP046801.1_534,1,1,1
GCF_009763725.1|NZ_CP046791.1|NZ_CP046791.1_1551,13,7,18
GCF_009763725.1|NZ_CP046791.1|NZ_CP046791.1_1556,1,1,1
GCF_009763725.1|NZ_CP046791.1|NZ_CP046791.1_1557,1,1,1
GCF_009763725.1|NZ_CP046791.1|NZ_CP046791.1_1558,1,1,1
GCF_009763725.1|NZ_CP046791.1|NZ_CP046791.1_1569,1,1,1
GCF_009763845.1|NZ_CP046814.1|NZ_CP046814.1_2041,3,2,3
GCF_009763845.1|NZ_CP046814.1|NZ_CP046814.1_2052,3,3,3
GCF_009763845.1|NZ_CP046814.1|NZ_CP046814.1_2065,6,3,6
GCF_009763865.1|NZ_CP046818.1|NZ_CP046818.1_1026,5,4,5
GCF_009763865.1|NZ_CP046818.1|NZ_CP046818.1_1027,1,1,1
GCF_009763865.1|NZ_CP046818.1|NZ_CP046818.1_1051,2,2,2
GCF_009763885.1|NZ_CP046849.1|NZ_CP046849.1_1,1,1,1
GCF_009763885.1|NZ_CP046849.1|NZ_CP046849.1_3,2,1,2
GCF_009763885.1|NZ_CP046849.1|NZ_CP046849.1_9,2,1,2
GCF_009763885.1|NZ_CP046849.1|NZ_CP046849.1_10,2,1,2
GCF_009763885.1|NZ_CP046849.1|NZ_CP046849.1_11,2,1,2
GCF_009763885.1|NZ_CP046849.1|NZ_CP046849.1_12,2,1,2
GCF_009763885.1|NZ_CP046849.1|NZ_CP046849.1_13,2,1,2
GCF_009763885.1|NZ_CP046849.1|NZ_CP046849.1_22,2,1,2
GCF_009763885.1|NZ_CP046849.1|NZ_CP046849.1_34,2,1,2
GCF_009763885.1|NZ_CP046849.1|NZ_CP046849.1_39,2,1,2
GCF_009763885.1|NZ_CP046849.1|NZ_CP046849.1_48,2,1,2
GCF_013357825.1|NZ_CP053823.1|NZ_CP053823.1_519,3,1,3
GCF_013357825.1|NZ_CP053823.1|NZ_CP053823.1_529,3,1,3
GCF_013357825.1|NZ_CP053823.1|NZ_CP053823.1_539,41,8,69
GCF_013357845.1|NZ_CP053817.1|NZ_CP053817.1_268,2,1,2
GCF_013357845.1|NZ_CP053817.1|NZ_CP053817.1_275,2,1,2
GCF_013357845.1|NZ_CP053817.1|NZ_CP053817.1_304,2,1,2
GCF_013357845.1|NZ_CP053817.1|NZ_CP053817.1_305,2,1,2
GCF_013357845.1|NZ_CP053817.1|NZ_CP053817.1_314,2,1,2
GCF_013368735.1|NZ_CP054704.1|NZ_CP054704.1_72,1,1,1
GCF_013368735.1|NZ_CP054704.1|NZ_CP054704.1_73,1,1,1
GCF_013368735.1|NZ_CP054704.1|NZ_CP054704.1_125,1,1,1
GCF_013368735.1|NZ_CP054704.1|NZ_CP054704.1_126,2,2,2
GCF_013393845.1|NZ_CP040100.1|NZ_CP040100.1_1600,20,7,24
GCF_013393845.1|NZ_CP040100.1|NZ_CP040100.1_1602,1,1,1
GCF_013393845.1|NZ_CP040100.1|NZ_CP040100.1_1603,1,1,1
GCF_013393845.1|NZ_CP040100.1|NZ_CP040100.1_1608,1,1,1
GCF_013393845.1|NZ_CP040100.1|NZ_CP040100.1_1609,2,1,2
GCF_013393845.1|NZ_CP040100.1|NZ_CP040100.1_1611,7,4,8
GCF_013393845.1|NZ_CP040100.1|NZ_CP040100.1_1615,3,1,3
GCF_013393845.1|NZ_CP040100.1|NZ_CP040100.1_1656,1,1,1
GCF_013393845.1|NZ_CP040100.1|NZ_CP040100.1_1662,7,6,7
GCF_013393845.1|NZ_CP040100.1|NZ_CP040100.1_1673,2,2,2
GCF_013393845.1|NZ_CP040100.1|NZ_CP040100.1_1678,1,1,1
GCF_013393845.1|NZ_CP040100.1|NZ_CP040100.1_1686,4,3,4
GCF_013393885.1|NZ_CP040103.1|NZ_CP040103.1_1951,3,1,3
GCF_013393885.1|NZ_CP040103.1|NZ_CP040103.1_1952,1,1,1
GCF_013393885.1|NZ_CP040103.1|NZ_CP040103.1_1957,1,1,1
GCF_013393885.1|NZ_CP040103.1|NZ_CP040103.1_1958,1,1,1
GCF_013393885.1|NZ_CP040103.1|NZ_CP040103.1_1960,1,1,1
GCF_013393885.1|NZ_CP040103.1|NZ_CP040103.1_1961,2,2,2
GCF_013393885.1|NZ_CP040103.1|NZ_CP040103.1_1969,2,2,2
GCF_013393885.1|NZ_CP040103.1|NZ_CP040103.1_1970,3,2,4
GCF_013393885.1|NZ_CP040103.1|NZ_CP040103.1_1978,1,1,1
GCF_013393885.1|NZ_CP040103.1|NZ_CP040103.1_1985,7,6,7
GCF_013393885.1|NZ_CP040103.1|NZ_CP040103.1_1991,1,1,1
GCF_013393885.1|NZ_CP040103.1|NZ_CP040103.1_1994,1,1,1
GCF_013393885.1|NZ_CP040103.1|NZ_CP040103.1_1995,1,1,1
GCF_013393885.1|NZ_CP040103.1|NZ_CP040103.1_1997,4,4,4
GCF_013393885.1|NZ_CP040103.1|NZ_CP040103.1_2003,2,2,2
GCF_013393885.1|NZ_CP040103.1|NZ_CP040103.1_2006,1,1,1
GCF_013393885.1|NZ_CP040103.1|NZ_CP040103.1_2008,1,1,1
GCF_013393885.1|NZ_CP040103.1|NZ_CP040103.1_2010,1,1,1
GCF_013393885.1|NZ_CP040103.1|NZ_CP040103.1_2022,1,1,1
GCF_014107515.1|NZ_CP044206.1|NZ_CP044206.1_2181,3,2,3
GCF_014107515.1|NZ_CP044206.1|NZ_CP044206.1_2188,2,2,2
GCF_014107515.1|NZ_CP044206.1|NZ_CP044206.1_2189,1,1,1
GCF_014107515.1|NZ_CP044206.1|NZ_CP044206.1_2192,3,3,3
GCF_014107515.1|NZ_CP044206.1|NZ_CP044206.1_2194,1,1,1
GCF_014107515.1|NZ_CP044206.1|NZ_CP044206.1_2196,7,6,7
GCF_014107515.1|NZ_CP044206.1|NZ_CP044206.1_2206,2,1,2
GCF_014107515.1|NZ_CP044206.1|NZ_CP044206.1_2210,1,1,1
GCF_014107515.1|NZ_CP044206.1|NZ_CP044206.1_2211,3,2,3
GCF_014107515.1|NZ_CP044206.1|NZ_CP044206.1_2212,2,1,2
GCF_014107515.1|NZ_CP044206.1|NZ_CP044206.1_2218,1,1,1
GCF_014211935.1|NZ_CP060047.1|NZ_CP060047.1_200,1,1,1
GCF_014211935.1|NZ_CP060047.1|NZ_CP060047.1_219,1,1,1
GCF_014211935.1|NZ_CP060047.1|NZ_CP060047.1_221,3,2,4
GCF_014211935.1|NZ_CP060047.1|NZ_CP060047.1_223,1,1,1
GCF_014211935.1|NZ_CP060047.1|NZ_CP060047.1_229,1,1,1
GCF_014211935.1|NZ_CP060047.1|NZ_CP060047.1_231,4,3,4
GCF_014211935.1|NZ_CP060047.1|NZ_CP060047.1_236,2,1,2
GCF_014211935.1|NZ_CP060047.1|NZ_CP060047.1_238,2,2,2
GCF_014211935.1|NZ_CP060047.1|NZ_CP060047.1_247,4,2,4
GCF_014211935.1|NZ_CP060047.1|NZ_CP060047.1_250,1,1,1
GCF_014788305.1|NZ_CP061845.1|NZ_CP061845.1_62,1,1,1
GCF_014788305.1|NZ_CP061845.1|NZ_CP061845.1_73,3,3,4
GCF_014788305.1|NZ_CP061845.1|NZ_CP061845.1_83,231,44,282
GCF_014788305.1|NZ_CP061845.1|NZ_CP061845.1_107,1,1,1
GCF_014788305.1|NZ_CP061845.1|NZ_CP061845.1_108,3,3,5
GCF_014788305.1|NZ_CP061845.1|NZ_CP061845.1_110,1,1,1
GCF_014788305.1|NZ_CP061845.1|NZ_CP061845.1_125,1,1,2
GCF_014788305.1|NZ_CP061845.1|NZ_CP061845.1_128,1,1,2
GCF_014788305.1|NZ_CP061845.1|NZ_CP061845.1_129,1,1,2
GCF_014788305.1|NZ_CP061845.1|NZ_CP061845.1_136,1,1,1
GCF_014788305.1|NZ_CP061845.1|NZ_CP061845.1_139,1,1,1
GCF_014788305.1|NZ_CP061845.1|NZ_CP061845.1_141,3,3,5
GCF_018135645.1|NZ_CP073068.1|NZ_CP073068.1_1142,2,1,2
GCF_018135645.1|NZ_CP073068.1|NZ_CP073068.1_1143,7,3,7
GCF_018135645.1|NZ_CP073068.1|NZ_CP073068.1_1147,1,1,1
GCF_018336415.1|NZ_CP047306.1|NZ_CP047306.1_351,5,5,5
GCF_019321785.1|NZ_CP074415.1|NZ_CP074415.1_2043,1,1,1
GCF_019321785.1|NZ_CP074415.1|NZ_CP074415.1_2045,1,1,1
GCF_019321785.1|NZ_CP074415.1|NZ_CP074415.1_2047,1,1,1
GCF_019321785.1|NZ_CP074415.1|NZ_CP074415.1_2048,2,1,2
GCF_019321785.1|NZ_CP074415.1|NZ_CP074415.1_2049,1,1,1
GCF_019321785.1|NZ_CP074415.1|NZ_CP074415.1_2050,1,1,1
GCF_019321785.1|NZ_CP074415.1|NZ_CP074415.1_2051,1,1,1
GCF_019321785.1|NZ_CP074415.1|NZ_CP074415.1_2052,1,1,1
GCF_019321785.1|NZ_CP074415.1|NZ_CP074415.1_2053,1,1,1
GCF_019321785.1|NZ_CP074415.1|NZ_CP074415.1_2054,1,1,1
GCF_019321785.1|NZ_CP074415.1|NZ_CP074415.1_2059,3,2,3
GCF_019321785.1|NZ_CP074415.1|NZ_CP074415.1_2066,1,1,1
GCF_019321785.1|NZ_CP074415.1|NZ_CP074415.1_2070,1,1,1
GCF_019321785.1|NZ_CP074415.1|NZ_CP074415.1_2071,1,1,1
GCF_019321785.1|NZ_CP074415.1|NZ_CP074415.1_2076,1,1,1
GCF_019321785.1|NZ_CP074415.1|NZ_CP074415.1_2079,1,1,1
GCF_019321785.1|NZ_CP074415.1|NZ_CP074415.1_2080,1,1,1
GCF_019321785.1|NZ_CP074415.1|NZ_CP074415.1_2097,1,1,1
GCF_019670485.1|NZ_AP024165.1|NZ_AP024165.1_1082,3,2,4
GCF_019670485.1|NZ_AP024165.1|NZ_AP024165.1_1084,1,1,1
GCF_019670485.1|NZ_AP024165.1|NZ_AP024165.1_1086,5,4,5
GCF_019670485.1|NZ_AP024165.1|NZ_AP024165.1_1087,1,1,1
GCF_019670485.1|NZ_AP024165.1|NZ_AP024165.1_1094,1,1,1
GCF_019670485.1|NZ_AP024165.1|NZ_AP024165.1_1097,2,2,2
GCF_019670485.1|NZ_AP024165.1|NZ_AP024165.1_1099,2,2,2
GCF_019670485.1|NZ_AP024165.1|NZ_AP024165.1_1101,1,1,1
GCF_019670485.1|NZ_AP024165.1|NZ_AP024165.1_1102,1,1,2
GCF_019670485.1|NZ_AP024165.1|NZ_AP024165.1_1104,9,5,10
GCF_019670485.1|NZ_AP024165.1|NZ_AP024165.1_1110,3,3,3
GCF_019670485.1|NZ_AP024165.1|NZ_AP024165.1_1112,3,3,3
GCF_019670485.1|NZ_AP024165.1|NZ_AP024165.1_1114,1,1,1
GCF_019670485.1|NZ_AP024165.1|NZ_AP024165.1_1116,3,3,3
GCF_019670485.1|NZ_AP024165.1|NZ_AP024165.1_1124,1,1,1
GCF_019670485.1|NZ_AP024165.1|NZ_AP024165.1_1125,1,1,1
GCF_019670485.1|NZ_AP024165.1|NZ_AP024165.1_1127,2,2,2
GCF_019670485.1|NZ_AP024165.1|NZ_AP024165.1_1128,2,2,2
GCF_019670485.1|NZ_AP024165.1|NZ_AP024165.1_1132,14,9,16
GCF_019670485.1|NZ_AP024165.1|NZ_AP024165.1_1134,2,2,2
GCF_019670485.1|NZ_AP024165.1|NZ_AP024165.1_1138,3,3,4
GCF_019670485.1|NZ_AP024165.1|NZ_AP024165.1_1141,1,1,1
GCF_019670485.1|NZ_AP024165.1|NZ_AP024165.1_1142,1,1,1
GCF_019670485.1|NZ_AP024165.1|NZ_AP024165.1_1146,4,3,4
GCF_019670485.1|NZ_AP024165.1|NZ_AP024165.1_1152,1,1,1
GCF_019670485.1|NZ_AP024165.1|NZ_AP024165.1_1161,1,1,1
GCF_019670485.1|NZ_AP024165.1|NZ_AP024165.1_1164,1,1,1
GCF_019670485.1|NZ_AP024165.1|NZ_AP024165.1_1166,1,1,1
GCF_019670485.1|NZ_AP024165.1|NZ_AP024165.1_1167,1,1,1
GCF_021391375.1|NZ_CP090020.1|NZ_CP090020.1_372,1,1,1
GCF_021391375.1|NZ_CP090020.1|NZ_CP090020.1_388,76,18,95
GCF_021391375.1|NZ_CP090020.1|NZ_CP090020.1_394,2,2,2
GCF_021391375.1|NZ_CP090020.1|NZ_CP090020.1_395,2,2,2
GCF_021397735.1|NZ_CP090179.1|NZ_CP090179.1_468,7,3,7
GCF_021397735.1|NZ_CP090179.1|NZ_CP090179.1_472,5,4,5
GCF_021397735.1|NZ_CP090179.1|NZ_CP090179.1_475,3,2,3
GCF_021397735.1|NZ_CP090179.1|NZ_CP090179.1_491,13,5,13
GCF_021397735.1|NZ_CP090179.1|NZ_CP090179.1_503,11,3,11
GCF_021397735.1|NZ_CP090179.1|NZ_CP090179.1_504,3,1,3
GCF_021397735.1|NZ_CP090179.1|NZ_CP090179.1_505,7,3,8
GCF_021397735.1|NZ_CP090179.1|NZ_CP090179.1_515,4,3,4
GCF_021397735.1|NZ_CP090179.1|NZ_CP090179.1_518,4,1,4
GCF_021729985.1|NZ_CP068627.1|NZ_CP068627.1_1197,2,1,3
GCF_021729985.1|NZ_CP068627.1|NZ_CP068627.1_1201,1,1,1
GCF_021729985.1|NZ_CP068627.1|NZ_CP068627.1_1202,1,1,1
GCF_021729985.1|NZ_CP068627.1|NZ_CP068627.1_1212,3,2,4
GCF_021729985.1|NZ_CP068627.1|NZ_CP068627.1_1213,1,1,1
GCF_021729985.1|NZ_CP068627.1|NZ_CP068627.1_1216,1,1,1
GCF_021729985.1|NZ_CP068629.1|NZ_CP068629.1_82,1,1,1
GCF_021730085.1|NZ_CP068641.1|NZ_CP068641.1_1375,1,1,1
GCF_021730085.1|NZ_CP068641.1|NZ_CP068641.1_1376,1,1,1
GCF_021730085.1|NZ_CP068641.1|NZ_CP068641.1_1379,1,1,1
GCF_021730085.1|NZ_CP068641.1|NZ_CP068641.1_1387,1,1,1
GCF_021730085.1|NZ_CP068641.1|NZ_CP068641.1_1393,1,1,1
GCF_021730085.1|NZ_CP068641.1|NZ_CP068641.1_1394,1,1,1
GCF_021730085.1|NZ_CP068641.1|NZ_CP068641.1_1395,1,1,1
GCF_021730085.1|NZ_CP068641.1|NZ_CP068641.1_1412,2,2,2
GCF_021730085.1|NZ_CP068641.1|NZ_CP068641.1_1413,1,1,1
GCF_021730085.1|NZ_CP068641.1|NZ_CP068641.1_1414,1,1,1
GCF_021730085.1|NZ_CP068641.1|NZ_CP068641.1_1429,3,1,3
GCF_021730085.1|NZ_CP068641.1|NZ_CP068641.1_1434,1,1,1
GCF_021730085.1|NZ_CP068641.1|NZ_CP068641.1_1445,3,1,3
GCF_021730085.1|NZ_CP068641.1|NZ_CP068641.1_1455,1,1,1
GCF_021730085.1|NZ_CP068641.1|NZ_CP068641.1_1456,1,1,1
GCF_021730085.1|NZ_CP068641.1|NZ_CP068641.1_1458,5,1,6
GCF_021730085.1|NZ_CP068641.1|NZ_CP068641.1_1460,1,1,1
GCF_021730085.1|NZ_CP068641.1|NZ_CP068641.1_1469,1,1,1
GCF_022343085.1|NZ_CP082303.1|NZ_CP082303.1_1750,4,2,4
GCF_022343105.1|NZ_CP082307.1|NZ_CP082307.1_1099,3,2,4
GCF_022343105.1|NZ_CP082307.1|NZ_CP082307.1_1105,4,3,4
GCF_022343105.1|NZ_CP082307.1|NZ_CP082307.1_1123,1,1,1
GCF_022343105.1|NZ_CP082307.1|NZ_CP082307.1_1135,2,2,2
GCF_022343105.1|NZ_CP082307.1|NZ_CP082307.1_1145,3,3,3
GCF_022343105.1|NZ_CP082307.1|NZ_CP082307.1_1149,1,1,1
GCF_022343105.1|NZ_CP082307.1|NZ_CP082307.1_1150,4,2,4
GCF_022343105.1|NZ_CP082307.1|NZ_CP082307.1_1161,4,2,5
GCF_022343105.1|NZ_CP082307.1|NZ_CP082307.1_1165,6,4,6
GCF_022343165.1|NZ_CP082315.1|NZ_CP082315.1_1201,1,1,1
GCF_022343165.1|NZ_CP082315.1|NZ_CP082315.1_1218,2,2,2
GCF_022343165.1|NZ_CP082315.1|NZ_CP082315.1_1220,3,3,3
GCF_022343165.1|NZ_CP082315.1|NZ_CP082315.1_1225,1,1,1
GCF_022343165.1|NZ_CP082315.1|NZ_CP082315.1_1226,1,1,1
GCF_022343165.1|NZ_CP082315.1|NZ_CP082315.1_1232,2,2,2
GCF_022343165.1|NZ_CP082315.1|NZ_CP082315.1_1238,3,3,3
GCF_022343165.1|NZ_CP082315.1|NZ_CP082315.1_1239,4,2,4
GCF_022343165.1|NZ_CP082315.1|NZ_CP082315.1_1240,8,7,8
GCF_022343185.1|NZ_CP082317.1|NZ_CP082317.1_1146,1,1,1
GCF_022343185.1|NZ_CP082317.1|NZ_CP082317.1_1154,1,1,1
GCF_022343185.1|NZ_CP082317.1|NZ_CP082317.1_1167,1,1,1
GCF_022343185.1|NZ_CP082317.1|NZ_CP082317.1_1168,1,1,1
GCF_022343185.1|NZ_CP082317.1|NZ_CP082317.1_1171,2,2,2
GCF_022343185.1|NZ_CP082317.1|NZ_CP082317.1_1174,1,1,1
GCF_023151555.2|NZ_CP100426.1|NZ_CP100426.1_812,3,3,3
GCF_023151555.2|NZ_CP100426.1|NZ_CP100426.1_813,1,1,1
GCF_023151555.2|NZ_CP100426.1|NZ_CP100426.1_814,1,1,1
GCF_023151555.2|NZ_CP100426.1|NZ_CP100426.1_815,1,1,1
GCF_023151555.2|NZ_CP100426.1|NZ_CP100426.1_816,1,1,1
GCF_023151555.2|NZ_CP100426.1|NZ_CP100426.1_817,1,1,1
GCF_023151555.2|NZ_CP100426.1|NZ_CP100426.1_818,1,1,1
GCF_023169605.1|NZ_AP023185.1|NZ_AP023185.1_1098,2,2,2
GCF_023169605.1|NZ_AP023185.1|NZ_AP023185.1_1101,1,1,1
GCF_023169605.1|NZ_AP023185.1|NZ_AP023185.1_1103,2,2,2
GCF_023169605.1|NZ_AP023185.1|NZ_AP023185.1_1153,1,1,1
GCF_023169605.1|NZ_AP023185.1|NZ_AP023185.1_1154,1,1,1
GCF_023169605.1|NZ_AP023185.1|NZ_AP023185.1_1155,1,1,1
GCF_023169605.1|NZ_AP023185.1|NZ_AP023185.1_1160,5,3,6
GCF_023169605.1|NZ_AP023185.1|NZ_AP023185.1_1179,4,1,4
GCF_023169605.1|NZ_AP023185.1|NZ_AP023185.1_1180,4,2,5
GCF_023195835.1|NZ_CP096200.1|NZ_CP096200.1_894,1,1,1
GCF_023195835.1|NZ_CP096200.1|NZ_CP096200.1_899,2,2,2
GCF_023195835.1|NZ_CP096200.1|NZ_CP096200.1_906,10,5,10
GCF_023195835.1|NZ_CP096200.1|NZ_CP096200.1_910,1,1,1
GCF_023195835.1|NZ_CP096200.1|NZ_CP096200.1_914,3,3,3
GCF_023195835.1|NZ_CP096200.1|NZ_CP096200.1_921,1,1,1
GCF_023195835.1|NZ_CP096200.1|NZ_CP096200.1_932,1,1,1
GCF_023195835.1|NZ_CP096200.1|NZ_CP096200.1_940,1,1,1
GCF_023205895.1|NZ_CP064033.1|NZ_CP064033.1_1140,1,1,1
GCF_023205895.1|NZ_CP064033.1|NZ_CP064033.1_1145,1,1,1
GCF_023205895.1|NZ_CP064033.1|NZ_CP064033.1_1157,1,1,1
GCF_023205895.1|NZ_CP064033.1|NZ_CP064033.1_1162,1,1,1
GCF_023205895.1|NZ_CP064033.1|NZ_CP064033.1_1166,4,2,4
GCF_023205895.1|NZ_CP064033.1|NZ_CP064033.1_1168,37,5,38
GCF_023205895.1|NZ_CP064033.1|NZ_CP064033.1_1173,1,1,1
GCF_023205895.1|NZ_CP064033.1|NZ_CP064033.1_1182,1,1,1
GCF_023205895.1|NZ_CP064033.1|NZ_CP064033.1_1185,1,1,1
GCF_023206515.1|NZ_CP066246.1|NZ_CP066246.1_1942,1,1,1
GCF_023206515.1|NZ_CP066246.1|NZ_CP066246.1_1947,1,1,1
GCF_023206515.1|NZ_CP066246.1|NZ_CP066246.1_1958,1,1,1
GCF_023206515.1|NZ_CP066246.1|NZ_CP066246.1_1959,1,1,1
GCF_023206775.1|NZ_CP072782.1|NZ_CP072782.1_1715,23,11,23
GCF_023206775.1|NZ_CP072782.1|NZ_CP072782.1_1727,1,1,1
GCF_023206775.1|NZ_CP072782.1|NZ_CP072782.1_1764,3,3,3
GCF_023206775.1|NZ_CP072782.1|NZ_CP072782.1_1769,1,1,1
GCF_023206775.1|NZ_CP072782.1|NZ_CP072782.1_1770,5,2,5
GCF_023206775.1|NZ_CP072782.1|NZ_CP072782.1_1771,4,3,4
GCF_023206775.1|NZ_CP072782.1|NZ_CP072782.1_1779,2,1,2
GCF_023206775.1|NZ_CP072782.1|NZ_CP072782.1_1783,1,1,1
GCF_023206775.1|NZ_CP072782.1|NZ_CP072782.1_1786,54,20,71
GCF_023206775.1|NZ_CP072782.1|NZ_CP072782.1_1795,1,1,1
GCF_023206775.1|NZ_CP072782.1|NZ_CP072782.1_1802,3,1,3
GCF_023650755.1|NZ_CP071840.1|NZ_CP071840.1_1189,6,5,6
GCF_023650755.1|NZ_CP071840.1|NZ_CP071840.1_1190,14,7,16
GCF_023650755.1|NZ_CP071840.1|NZ_CP071840.1_1195,3,3,3
GCF_023650755.1|NZ_CP071840.1|NZ_CP071840.1_1214,3,3,3
GCF_023650755.1|NZ_CP071840.1|NZ_CP071840.1_1225,4,3,4
GCF_023650755.1|NZ_CP071840.1|NZ_CP071840.1_1232,13,6,13
GCF_023650755.1|NZ_CP071840.1|NZ_CP071840.1_1237,7,4,7
GCF_023650755.1|NZ_CP071840.1|NZ_CP071840.1_1250,4,4,4
GCF_023650755.1|NZ_CP071840.1|NZ_CP071840.1_1264,3,3,3
GCF_023716525.1|NZ_CP071842.1|NZ_CP071842.1_1163,6,5,6
GCF_023716525.1|NZ_CP071842.1|NZ_CP071842.1_1168,2,2,2
GCF_023716525.1|NZ_CP071842.1|NZ_CP071842.1_1169,2,2,2
GCF_023716525.1|NZ_CP071842.1|NZ_CP071842.1_1171,4,4,4
GCF_023716525.1|NZ_CP071842.1|NZ_CP071842.1_1200,2,2,2
GCF_023716525.1|NZ_CP071842.1|NZ_CP071842.1_1204,2,2,2
GCF_023716525.1|NZ_CP071842.1|NZ_CP071842.1_1205,4,4,4
GCF_023716525.1|NZ_CP071842.1|NZ_CP071842.1_1210,2,2,2
GCF_023716525.1|NZ_CP071842.1|NZ_CP071842.1_1214,2,2,2
GCF_023716525.1|NZ_CP071842.1|NZ_CP071842.1_1215,2,2,2
GCF_023716525.1|NZ_CP071844.1|NZ_CP071844.1_75,1,1,1
GCF_023716525.1|NZ_CP071844.1|NZ_CP071844.1_76,1,1,1
GCF_023716525.1|NZ_CP071844.1|NZ_CP071844.1_77,1,1,1
GCF_023716525.1|NZ_CP071844.1|NZ_CP071844.1_78,2,2,2
GCF_023716525.1|NZ_CP071844.1|NZ_CP071844.1_79,1,1,1
GCF_023716545.1|NZ_CP071845.1|NZ_CP071845.1_1154,4,4,4
GCF_023716545.1|NZ_CP071845.1|NZ_CP071845.1_1156,4,4,4
GCF_023716545.1|NZ_CP071845.1|NZ_CP071845.1_1159,4,4,8
GCF_023716545.1|NZ_CP071845.1|NZ_CP071845.1_1161,5,5,5
GCF_023716545.1|NZ_CP071845.1|NZ_CP071845.1_1164,4,4,4
GCF_023716545.1|NZ_CP071845.1|NZ_CP071845.1_1165,4,4,13
GCF_023716545.1|NZ_CP071845.1|NZ_CP071845.1_1168,8,6,8
GCF_023716545.1|NZ_CP071845.1|NZ_CP071845.1_1171,5,5,5
GCF_023716545.1|NZ_CP071845.1|NZ_CP071845.1_1172,5,5,5
GCF_023716545.1|NZ_CP071845.1|NZ_CP071845.1_1174,4,4,4
GCF_023716545.1|NZ_CP071845.1|NZ_CP071845.1_1175,4,4,4
GCF_023716545.1|NZ_CP071845.1|NZ_CP071845.1_1176,5,5,5
GCF_023716545.1|NZ_CP071845.1|NZ_CP071845.1_1178,4,4,4
GCF_023716605.1|NZ_CP071852.1|NZ_CP071852.1_1925,2,2,3
GCF_023716605.1|NZ_CP071852.1|NZ_CP071852.1_1930,1,1,1
GCF_023716605.1|NZ_CP071852.1|NZ_CP071852.1_1938,2,2,2
GCF_023716605.1|NZ_CP071852.1|NZ_CP071852.1_1945,2,2,2
GCF_023716605.1|NZ_CP071852.1|NZ_CP071852.1_1947,3,2,3
GCF_023716605.1|NZ_CP071852.1|NZ_CP071852.1_1950,1,1,1
GCF_023716605.1|NZ_CP071852.1|NZ_CP071852.1_1951,1,1,1
GCF_023716605.1|NZ_CP071852.1|NZ_CP071852.1_1954,2,2,2
GCF_023716605.1|NZ_CP071852.1|NZ_CP071852.1_1964,1,1,1
GCF_023716605.1|NZ_CP071852.1|NZ_CP071852.1_1966,1,1,1
GCF_023716605.1|NZ_CP071852.1|NZ_CP071852.1_1972,1,1,1
GCF_023716605.1|NZ_CP071852.1|NZ_CP071852.1_1976,1,1,1
GCF_023716605.1|NZ_CP071852.1|NZ_CP071852.1_1980,6,3,7
GCF_023716605.1|NZ_CP071852.1|NZ_CP071852.1_1986,3,3,3
GCF_023716625.1|NZ_CP071855.1|NZ_CP071855.1_1240,1,1,1
GCF_023716625.1|NZ_CP071855.1|NZ_CP071855.1_1241,4,3,4
GCF_023716625.1|NZ_CP071855.1|NZ_CP071855.1_1558,2,2,2
GCF_023716625.1|NZ_CP071855.1|NZ_CP071855.1_1562,1,1,1
GCF_023716625.1|NZ_CP071855.1|NZ_CP071855.1_1563,9,8,11
GCF_023716625.1|NZ_CP071855.1|NZ_CP071855.1_1573,2,2,2
GCF_023716625.1|NZ_CP071855.1|NZ_CP071855.1_1576,1,1,1
GCF_023716625.1|NZ_CP071855.1|NZ_CP071855.1_1578,3,2,4
GCF_023716625.1|NZ_CP071855.1|NZ_CP071855.1_1683,1,1,1
GCF_023716625.1|NZ_CP071855.1|NZ_CP071855.1_1684,1,1,1
GCF_023716625.1|NZ_CP071855.1|NZ_CP071855.1_1696,1,1,1
GCF_023716625.1|NZ_CP071855.1|NZ_CP071855.1_1714,2,2,2
GCF_023716625.1|NZ_CP071855.1|NZ_CP071855.1_1715,1,1,2
GCF_023716625.1|NZ_CP071855.1|NZ_CP071855.1_1717,1,1,1
GCF_023716625.1|NZ_CP071855.1|NZ_CP071855.1_1718,1,1,2
GCF_023716645.1|NZ_CP071857.1|NZ_CP071857.1_1357,1,1,1
GCF_023716665.1|NZ_CP071860.1|NZ_CP071860.1_839,1,1,1
GCF_023716665.1|NZ_CP071860.1|NZ_CP071860.1_925,1,1,1
GCF_023716665.1|NZ_CP071860.1|NZ_CP071860.1_1490,1,1,1
GCF_023716665.1|NZ_CP071860.1|NZ_CP071860.1_1493,1,1,1
GCF_023716665.1|NZ_CP071860.1|NZ_CP071860.1_1494,2,2,2
GCF_023983475.1|NZ_CP092713.1|NZ_CP092713.1_887,5,2,6
GCF_023983475.1|NZ_CP092713.1|NZ_CP092713.1_894,1,1,1
GCF_023983475.1|NZ_CP092713.1|NZ_CP092713.1_895,1,1,1
GCF_023983475.1|NZ_CP092713.1|NZ_CP092713.1_902,14,4,19
GCF_023983475.1|NZ_CP092713.1|NZ_CP092713.1_903,1,1,1
GCF_023983475.1|NZ_CP092713.1|NZ_CP092713.1_904,1,1,1
GCF_023983475.1|NZ_CP092713.1|NZ_CP092713.1_907,4,4,5
GCF_023983475.1|NZ_CP092713.1|NZ_CP092713.1_913,6,4,8
GCF_023983475.1|NZ_CP092713.1|NZ_CP092713.1_914,6,4,8
GCF_023983475.1|NZ_CP092713.1|NZ_CP092713.1_915,3,3,3
GCF_023983475.1|NZ_CP092713.1|NZ_CP092713.1_916,2,2,2
GCF_023983475.1|NZ_CP092713.1|NZ_CP092713.1_919,1,1,1
GCF_023983475.1|NZ_CP092713.1|NZ_CP092713.1_921,1,1,2
GCF_023983475.1|NZ_CP092713.1|NZ_CP092713.1_923,3,2,4
GCF_023983475.1|NZ_CP092713.1|NZ_CP092713.1_929,3,2,4
GCF_023983475.1|NZ_CP092713.1|NZ_CP092713.1_930,5,2,6
GCF_023983475.1|NZ_CP092713.1|NZ_CP092713.1_932,8,4,10
GCF_023983475.1|NZ_CP092713.1|NZ_CP092713.1_936,1,1,1
GCF_023983475.1|NZ_CP092713.1|NZ_CP092713.1_944,2,2,2
GCF_023983475.1|NZ_CP092713.1|NZ_CP092713.1_946,3,3,3
GCF_023983475.1|NZ_CP092713.1|NZ_CP092713.1_948,1,1,2
GCF_023983475.1|NZ_CP092713.1|NZ_CP092713.1_949,1,1,1
GCF_023983475.1|NZ_CP092713.1|NZ_CP092713.1_953,1,1,1
GCF_023983475.1|NZ_CP092713.1|NZ_CP092713.1_954,3,2,3
GCF_023983475.1|NZ_CP092713.1|NZ_CP092713.1_955,3,2,3
GCF_023983475.1|NZ_CP092713.1|NZ_CP092713.1_961,6,4,6
GCF_023983475.1|NZ_CP092713.1|NZ_CP092713.1_964,6,4,6
GCF_023983475.1|NZ_CP092713.1|NZ_CP092713.1_967,1,1,1
GCF_023983475.1|NZ_CP092713.1|NZ_CP092713.1_968,3,2,3
GCF_023983475.1|NZ_CP092713.1|NZ_CP092713.1_969,4,3,4
GCF_023983475.1|NZ_CP092713.1|NZ_CP092713.1_976,6,5,6
GCF_024347035.1|NZ_AP024893.1|NZ_AP024893.1_1356,1,1,1
GCF_024347035.1|NZ_AP024893.1|NZ_AP024893.1_1357,1,1,1
GCF_024347035.1|NZ_AP024893.1|NZ_AP024893.1_1359,2,2,2
GCF_024347035.1|NZ_AP024893.1|NZ_AP024893.1_1361,1,1,1
GCF_024347035.1|NZ_AP024893.1|NZ_AP024893.1_1362,8,5,8
GCF_024347035.1|NZ_AP024893.1|NZ_AP024893.1_1365,6,4,7
GCF_024347035.1|NZ_AP024893.1|NZ_AP024893.1_1369,7,6,7
GCF_024347055.1|NZ_AP024895.1|NZ_AP024895.1_2084,4,4,4
GCF_024347055.1|NZ_AP024896.1|NZ_AP024896.1_771,4,4,4
GCF_024347055.1|NZ_AP024896.1|NZ_AP024896.1_788,2,2,4
GCF_024347055.1|NZ_AP024896.1|NZ_AP024896.1_791,4,3,4
GCF_024347075.1|NZ_AP024901.1|NZ_AP024901.1_186,1,1,1
GCF_024347075.1|NZ_AP024901.1|NZ_AP024901.1_187,1,1,1
GCF_024347075.1|NZ_AP024901.1|NZ_AP024901.1_189,1,1,1
GCF_024347075.1|NZ_AP024901.1|NZ_AP024901.1_190,1,1,1
GCF_024347075.1|NZ_AP024901.1|NZ_AP024901.1_191,1,1,1
GCF_024347135.1|NZ_AP024907.1|NZ_AP024907.1_1383,1,1,1
GCF_024347135.1|NZ_AP024907.1|NZ_AP024907.1_1384,1,1,1
GCF_024347135.1|NZ_AP024907.1|NZ_AP024907.1_1387,1,1,1
GCF_024347135.1|NZ_AP024907.1|NZ_AP024907.1_1389,1,1,1
GCF_024347135.1|NZ_AP024907.1|NZ_AP024907.1_1390,1,1,1
GCF_024347135.1|NZ_AP024907.1|NZ_AP024907.1_1391,1,1,1
GCF_024347135.1|NZ_AP024907.1|NZ_AP024907.1_1392,1,1,1
GCF_024347135.1|NZ_AP024907.1|NZ_AP024907.1_1394,1,1,1
GCF_024347135.1|NZ_AP024907.1|NZ_AP024907.1_2243,2,1,2
GCF_024347135.1|NZ_AP024907.1|NZ_AP024907.1_2244,1,1,1
GCF_024347155.1|NZ_AP024911.1|NZ_AP024911.1_946,2,1,2
GCF_024347155.1|NZ_AP024911.1|NZ_AP024911.1_947,2,1,2
GCF_000006745.1|NC_002506.1|NC_002506.1_374,47,7,47
GCF_000006745.1|NC_002506.1|NC_002506.1_380,134,19,209
GCF_000006745.1|NC_002506.1|NC_002506.1_381,57,11,57
GCF_000006745.1|NC_002506.1|NC_002506.1_388,349,78,565
GCF_000006745.1|NC_002506.1|NC_002506.1_390,107,18,107
GCF_000006745.1|NC_002506.1|NC_002506.1_394,106,18,106
GCF_000006745.1|NC_002506.1|NC_002506.1_395,105,17,105
GCF_000006745.1|NC_002506.1|NC_002506.1_399,84,10,84
GCF_000006745.1|NC_002506.1|NC_002506.1_400,148,29,163
GCF_000006745.1|NC_002506.1|NC_002506.1_401,102,16,102
GCF_000006745.1|NC_002506.1|NC_002506.1_402,106,19,109
GCF_000006745.1|NC_002506.1|NC_002506.1_405,102,16,102
GCF_000006745.1|NC_002506.1|NC_002506.1_414,177,41,186
GCF_000006745.1|NC_002506.1|NC_002506.1_416,102,16,102
GCF_000006745.1|NC_002506.1|NC_002506.1_417,105,17,117
GCF_000006745.1|NC_002506.1|NC_002506.1_418,105,17,105
GCF_000006745.1|NC_002506.1|NC_002506.1_420,167,23,183
GCF_000006745.1|NC_002506.1|NC_002506.1_427,106,17,107
GCF_000006745.1|NC_002506.1|NC_002506.1_428,105,16,105
GCF_000006745.1|NC_002506.1|NC_002506.1_429,128,21,134
GCF_000006745.1|NC_002506.1|NC_002506.1_430,149,37,174
GCF_000006745.1|NC_002506.1|NC_002506.1_431,153,40,181
GCF_000006745.1|NC_002506.1|NC_002506.1_432,386,73,484
GCF_000006745.1|NC_002506.1|NC_002506.1_434,152,27,157
GCF_000006745.1|NC_002506.1|NC_002506.1_435,85,12,90
GCF_000006745.1|NC_002506.1|NC_002506.1_436,104,15,104
GCF_000006745.1|NC_002506.1|NC_002506.1_437,112,17,116
GCF_000006745.1|NC_002506.1|NC_002506.1_438,104,16,104
GCF_000006745.1|NC_002506.1|NC_002506.1_439,108,17,108
GCF_000006745.1|NC_002506.1|NC_002506.1_441,139,21,166
GCF_000006745.1|NC_002506.1|NC_002506.1_442,140,22,167
GCF_000006745.1|NC_002506.1|NC_002506.1_443,114,18,115
GCF_000009745.1|NC_005139.1|NC_005139.1_1614,1,1,1
GCF_000009745.1|NC_005139.1|NC_005139.1_1615,1,1,1
GCF_000009745.1|NC_005139.1|NC_005139.1_1616,1,1,1
GCF_000009745.1|NC_005139.1|NC_005139.1_1618,1,1,1
GCF_000009745.1|NC_005139.1|NC_005139.1_1620,47,11,56
GCF_000009745.1|NC_005139.1|NC_005139.1_1621,64,14,77
GCF_000009745.1|NC_005139.1|NC_005139.1_1631,3,2,3
GCF_000009745.1|NC_005139.1|NC_005139.1_1632,1,1,1
GCF_000009745.1|NC_005139.1|NC_005139.1_1633,1,1,1
GCF_000039765.1|NC_004459.3|NC_004459.3_2256,1,1,1
GCF_000039765.1|NC_004459.3|NC_004459.3_2262,27,13,29
GCF_000039765.1|NC_004459.3|NC_004459.3_2263,1,1,1
GCF_000039765.1|NC_004459.3|NC_004459.3_2267,4,3,4
GCF_000039765.1|NC_004459.3|NC_004459.3_2269,35,12,39
GCF_000039765.1|NC_004459.3|NC_004459.3_2271,30,10,33
GCF_000039765.1|NC_004459.3|NC_004459.3_2274,1,1,1
GCF_000039765.1|NC_004459.3|NC_004459.3_2277,2,2,3
GCF_000039765.1|NC_004459.3|NC_004459.3_2285,12,2,12
GCF_000039765.1|NC_004459.3|NC_004459.3_2286,8,5,8
GCF_000039765.1|NC_004459.3|NC_004459.3_2296,1,1,1
GCF_000039765.1|NC_004459.3|NC_004459.3_2298,15,6,16
GCF_000039765.1|NC_004459.3|NC_004459.3_2300,1,1,1
GCF_000039765.1|NC_004459.3|NC_004459.3_2301,12,5,15
GCF_000039765.1|NC_004459.3|NC_004459.3_2303,6,5,6
GCF_000039765.1|NC_004459.3|NC_004459.3_2307,4,2,4
GCF_000039765.1|NC_004459.3|NC_004459.3_2309,4,3,4
GCF_000039765.1|NC_004459.3|NC_004459.3_2316,15,7,15
GCF_000039765.1|NC_004459.3|NC_004459.3_2319,7,6,7
GCF_000039765.1|NC_004459.3|NC_004459.3_2322,5,4,5
GCF_000039765.1|NC_004459.3|NC_004459.3_2324,18,10,19
GCF_000039765.1|NC_004459.3|NC_004459.3_2326,39,18,54
GCF_000039765.1|NC_004459.3|NC_004459.3_2331,1,1,1
GCF_000039765.1|NC_004459.3|NC_004459.3_2332,18,9,19
GCF_000039765.1|NC_004459.3|NC_004459.3_2333,4,3,4
GCF_000039765.1|NC_004459.3|NC_004459.3_2334,3,2,3
GCF_000039765.1|NC_004459.3|NC_004459.3_2336,6,2,8
GCF_000039765.1|NC_004459.3|NC_004459.3_2338,5,3,5
GCF_000184325.1|NC_016628.1|NC_016628.1_1475,1,1,1
GCF_000184325.1|NC_016628.1|NC_016628.1_1480,1,1,1
GCF_000184325.1|NC_016628.1|NC_016628.1_1482,1,1,1
GCF_000184325.1|NC_016628.1|NC_016628.1_1486,3,2,3
GCF_000184325.1|NC_016628.1|NC_016628.1_1487,17,12,17
GCF_000184325.1|NC_016628.1|NC_016628.1_1489,1,1,1
GCF_000184325.1|NC_016628.1|NC_016628.1_1490,1,1,1
GCF_000184325.1|NC_016628.1|NC_016628.1_1492,1,1,2
GCF_000184325.1|NC_016628.1|NC_016628.1_1493,1,1,1
GCF_000184325.1|NC_016628.1|NC_016628.1_1494,9,5,9
GCF_000184325.1|NC_016628.1|NC_016628.1_1496,29,15,32
GCF_000184325.1|NC_016628.1|NC_016628.1_1498,22,9,23
GCF_000186585.1|NC_014965.1|NC_014965.1_1245,1,1,1
GCF_000186585.1|NC_014965.1|NC_014965.1_1247,9,3,9
GCF_000186585.1|NC_014965.1|NC_014965.1_1248,4,4,4
GCF_000186585.1|NC_014965.1|NC_014965.1_1249,5,5,5
GCF_000186585.1|NC_014965.1|NC_014965.1_1253,4,3,5
GCF_000186585.1|NC_014965.1|NC_014965.1_1254,11,6,11
GCF_000186585.1|NC_014965.1|NC_014965.1_1255,3,2,3
GCF_000186585.1|NC_014965.1|NC_014965.1_1256,4,3,4
GCF_000186585.1|NC_014965.1|NC_014965.1_1259,2,2,3
GCF_000186585.1|NC_014965.1|NC_014965.1_1262,2,2,2
GCF_000186585.1|NC_014965.1|NC_014965.1_1263,9,6,9
GCF_000186585.1|NC_014965.1|NC_014965.1_1267,4,3,5
GCF_000186585.1|NC_014965.1|NC_014965.1_1268,1,1,1
GCF_000186585.1|NC_014965.1|NC_014965.1_1269,1,1,1
GCF_000186585.1|NC_014965.1|NC_014965.1_1278,18,6,18
GCF_000186585.1|NC_014965.1|NC_014965.1_1288,36,7,40
GCF_000186585.1|NC_014965.1|NC_014965.1_1290,11,6,11
GCF_000186585.1|NC_014965.1|NC_014965.1_1296,4,2,4
GCF_000186585.1|NC_014965.1|NC_014965.1_1305,1,1,1
GCF_000186585.1|NC_014965.1|NC_014965.1_1314,1,1,1
GCF_000186585.1|NC_014965.1|NC_014965.1_1317,6,3,6
GCF_000196095.1|NC_004603.1|NC_004603.1_1709,16,6,16
GCF_000196095.1|NC_004603.1|NC_004603.1_1710,127,13,168
GCF_000196095.1|NC_004603.1|NC_004603.1_1713,9,3,9
GCF_000196095.1|NC_004603.1|NC_004603.1_1716,9,3,9
GCF_000196095.1|NC_004603.1|NC_004603.1_1717,52,6,55
GCF_000196095.1|NC_004603.1|NC_004603.1_1723,13,6,13
GCF_000196095.1|NC_004603.1|NC_004603.1_1724,77,11,84
GCF_000196095.1|NC_004603.1|NC_004603.1_1730,4,2,4
GCF_000196095.1|NC_004603.1|NC_004603.1_1732,16,2,19
GCF_000196095.1|NC_004603.1|NC_004603.1_1734,9,3,9
GCF_000196095.1|NC_004603.1|NC_004603.1_1735,14,5,14
GCF_000196095.1|NC_004603.1|NC_004603.1_1736,8,2,8
GCF_000196095.1|NC_004603.1|NC_004603.1_1740,9,3,9
GCF_000196095.1|NC_004603.1|NC_004603.1_1741,27,6,27
GCF_000196095.1|NC_004603.1|NC_004603.1_1746,20,5,20
GCF_000196095.1|NC_004603.1|NC_004603.1_1749,14,6,14
GCF_000196095.1|NC_004603.1|NC_004603.1_1750,9,2,9
GCF_000196095.1|NC_004603.1|NC_004603.1_1751,17,7,17
GCF_000196495.1|NC_011312.1|NC_011312.1_1525,4,4,4
GCF_000196495.1|NC_011312.1|NC_011312.1_1722,1,1,1
GCF_000196495.1|NC_011312.1|NC_011312.1_1723,3,3,3
GCF_000196495.1|NC_011313.1|NC_011313.1_567,1,1,1
GCF_000196495.1|NC_011313.1|NC_011313.1_571,7,5,8
GCF_000196495.1|NC_011313.1|NC_011313.1_573,5,3,5
GCF_000196495.1|NC_011313.1|NC_011313.1_577,16,8,17
GCF_000196495.1|NC_011313.1|NC_011313.1_578,12,5,13
GCF_000196495.1|NC_011313.1|NC_011313.1_586,10,6,47
GCF_000196495.1|NC_011313.1|NC_011313.1_589,8,6,8
GCF_000217675.1|NC_015637.1|NC_015637.1_2,23,13,92
GCF_000430405.1|NC_021847.1|NC_021847.1_2061,31,7,32
GCF_000430405.1|NC_021847.1|NC_021847.1_2062,19,6,20
GCF_000430405.1|NC_021847.1|NC_021847.1_2065,30,13,30
GCF_000430405.1|NC_021847.1|NC_021847.1_2066,1,1,1
GCF_000430405.1|NC_021847.1|NC_021847.1_2069,120,24,120
GCF_000430405.1|NC_021847.1|NC_021847.1_2073,8,2,8
GCF_000430405.1|NC_021847.1|NC_021847.1_2075,29,7,30
GCF_000430405.1|NC_021847.1|NC_021847.1_2076,1,1,1
GCF_000430405.1|NC_021847.1|NC_021847.1_2081,4,3,4
GCF_000430405.1|NC_021847.1|NC_021847.1_2082,1,1,1
GCF_000430405.1|NC_021847.1|NC_021847.1_2083,1,1,1
GCF_000430405.1|NC_021847.1|NC_021847.1_2084,1,1,1
GCF_000430405.1|NC_021847.1|NC_021847.1_2086,3,3,3
GCF_000430405.1|NC_021847.1|NC_021847.1_2089,6,4,6
GCF_000430405.1|NC_021847.1|NC_021847.1_2093,10,8,10
GCF_000430425.1|NC_021848.1|NC_021848.1_816,19,5,20
GCF_000430425.1|NC_021848.1|NC_021848.1_817,1,1,1
GCF_000430425.1|NC_021848.1|NC_021848.1_820,1,1,1
GCF_000430425.1|NC_021848.1|NC_021848.1_821,9,6,10
GCF_000430425.1|NC_021848.1|NC_021848.1_824,1,1,1
GCF_000430425.1|NC_021848.1|NC_021848.1_826,1,1,1
GCF_000430425.1|NC_021848.1|NC_021848.1_827,34,8,38
GCF_000430425.1|NC_021848.1|NC_021848.1_829,18,8,18
GCF_000430425.1|NC_021848.1|NC_021848.1_831,2,2,2
GCF_000430425.1|NC_021848.1|NC_021848.1_833,10,5,10
GCF_000430425.1|NC_021848.1|NC_021848.1_834,1,1,1
GCF_000430425.1|NC_021848.1|NC_021848.1_838,6,4,6
GCF_000430425.1|NC_021848.1|NC_021848.1_842,1,1,1
GCF_000430425.1|NC_021848.1|NC_021848.1_843,1,1,1
GCF_000430425.1|NC_021848.1|NC_021848.1_848,1,1,1
GCF_000430425.1|NC_021848.1|NC_021848.1_849,1,1,1
GCF_000430425.1|NC_021848.1|NC_021848.1_850,31,11,33
GCF_000430425.1|NC_021848.1|NC_021848.1_852,9,5,9
GCF_000430425.1|NC_021848.1|NC_021848.1_853,1,1,1
GCF_000430425.1|NC_021848.1|NC_021848.1_856,7,4,7
GCF_000430425.1|NC_021848.1|NC_021848.1_860,19,7,21
GCF_000430425.1|NC_021848.1|NC_021848.1_861,1,1,1
GCF_000430425.1|NC_021848.1|NC_021848.1_862,3,3,3
GCF_000430425.1|NC_021848.1|NC_021848.1_864,23,4,24
GCF_000430425.1|NC_021848.1|NC_021848.1_866,22,8,27
GCF_000430425.1|NC_021848.1|NC_021848.1_867,9,6,9
GCF_000430425.1|NC_021848.1|NC_021848.1_875,15,3,15
GCF_000430425.1|NC_021848.1|NC_021848.1_876,1,1,1
GCF_000430425.1|NC_021848.1|NC_021848.1_877,10,7,10
GCF_000746665.1|NZ_CP009261.1|NZ_CP009261.1_1651,10,2,11
GCF_000746665.1|NZ_CP009261.1|NZ_CP009261.1_1652,10,4,10
GCF_000746665.1|NZ_CP009261.1|NZ_CP009261.1_1653,1,1,1
GCF_000746665.1|NZ_CP009261.1|NZ_CP009261.1_1659,8,4,8
GCF_000746665.1|NZ_CP009261.1|NZ_CP009261.1_1664,4,1,4
GCF_000746665.1|NZ_CP009261.1|NZ_CP009261.1_1673,4,3,4
GCF_000746665.1|NZ_CP009261.1|NZ_CP009261.1_1674,1,1,1
GCF_000746665.1|NZ_CP009261.1|NZ_CP009261.1_1680,1,1,1
GCF_000746665.1|NZ_CP009261.1|NZ_CP009261.1_1681,1,1,1
GCF_000746665.1|NZ_CP009261.1|NZ_CP009261.1_1690,11,6,11
GCF_000763535.1|NZ_CP009264.1|NZ_CP009264.1_1741,10,7,11
GCF_000763535.1|NZ_CP009266.1|NZ_CP009266.1_78,12,5,13
GCF_000763535.1|NZ_CP009266.1|NZ_CP009266.1_86,24,12,26
GCF_000765415.1|NZ_CP007636.1|NZ_CP007636.1_163,15,7,15
GCF_000765415.1|NZ_CP007636.1|NZ_CP007636.1_167,31,7,34
GCF_000770115.1|NZ_CP009467.1|NZ_CP009467.1_2014,25,4,25
GCF_000770115.1|NZ_CP009467.1|NZ_CP009467.1_2017,18,3,18
GCF_000770115.1|NZ_CP009467.1|NZ_CP009467.1_2022,17,5,17
GCF_000770115.1|NZ_CP009467.1|NZ_CP009467.1_2024,115,22,116
GCF_000770115.1|NZ_CP009467.1|NZ_CP009467.1_2027,3,2,4
GCF_000770115.1|NZ_CP009467.1|NZ_CP009467.1_2030,6,2,6
GCF_000770115.1|NZ_CP009467.1|NZ_CP009467.1_2031,5,3,6
GCF_000770115.1|NZ_CP009467.1|NZ_CP009467.1_2035,14,4,16
GCF_000770115.1|NZ_CP009467.1|NZ_CP009467.1_2037,1,1,1
GCF_000770115.1|NZ_CP009467.1|NZ_CP009467.1_2038,27,11,30
GCF_000770115.1|NZ_CP009467.1|NZ_CP009467.1_2039,6,4,6
GCF_000770115.1|NZ_CP009467.1|NZ_CP009467.1_2041,18,7,19
GCF_000770115.1|NZ_CP009467.1|NZ_CP009467.1_2042,1,1,1
GCF_000770115.1|NZ_CP009467.1|NZ_CP009467.1_2051,34,11,39
GCF_000770115.1|NZ_CP009467.1|NZ_CP009467.1_2053,1,1,1
GCF_000770115.1|NZ_CP009467.1|NZ_CP009467.1_2055,7,3,7
GCF_000770115.1|NZ_CP009467.1|NZ_CP009467.1_2056,24,6,24
GCF_000770115.1|NZ_CP009467.1|NZ_CP009467.1_2060,1,1,1
GCF_000770115.1|NZ_CP009467.1|NZ_CP009467.1_2068,105,17,157
GCF_000770115.1|NZ_CP009467.1|NZ_CP009467.1_2072,1,1,1
GCF_000770115.1|NZ_CP009467.1|NZ_CP009467.1_2073,1,1,1
GCF_000770115.1|NZ_CP009467.1|NZ_CP009467.1_2075,1,1,1
GCF_000770115.1|NZ_CP009467.1|NZ_CP009467.1_2076,1,1,1
GCF_000770115.1|NZ_CP009467.1|NZ_CP009467.1_2079,1,1,1
GCF_000770115.1|NZ_CP009467.1|NZ_CP009467.1_2080,9,4,9
GCF_000770115.1|NZ_CP009467.1|NZ_CP009467.1_2082,12,6,13
GCF_000770115.1|NZ_CP009467.1|NZ_CP009467.1_2084,5,4,5
GCF_000770115.1|NZ_CP009467.1|NZ_CP009467.1_2087,1,1,1
GCF_000770115.1|NZ_CP009467.1|NZ_CP009467.1_2088,1,1,1
GCF_000770115.1|NZ_CP009467.1|NZ_CP009467.1_2089,6,4,6
GCF_000770115.1|NZ_CP009467.1|NZ_CP009467.1_2090,1,1,1
GCF_000770115.1|NZ_CP009467.1|NZ_CP009467.1_2092,15,10,16
GCF_000770115.1|NZ_CP009467.1|NZ_CP009467.1_2099,33,6,44
GCF_000770115.1|NZ_CP009467.1|NZ_CP009467.1_2103,3,2,4
GCF_000770115.1|NZ_CP009467.1|NZ_CP009467.1_2105,4,4,4
GCF_000770115.1|NZ_CP009467.1|NZ_CP009467.1_2106,1,1,1
GCF_000770115.1|NZ_CP009467.1|NZ_CP009467.1_2108,1,1,1
GCF_000770115.1|NZ_CP009467.1|NZ_CP009467.1_2109,1,1,1
GCF_000770115.1|NZ_CP009467.1|NZ_CP009467.1_2112,8,4,8
GCF_000770115.1|NZ_CP009467.1|NZ_CP009467.1_2113,13,6,14
GCF_000770115.1|NZ_CP009467.1|NZ_CP009467.1_2118,1,1,1
GCF_000770115.1|NZ_CP009467.1|NZ_CP009467.1_2123,1,1,1
GCF_000770115.1|NZ_CP009467.1|NZ_CP009467.1_2125,5,4,5
GCF_000770115.1|NZ_CP009467.1|NZ_CP009467.1_2129,7,6,8
GCF_000770115.1|NZ_CP009467.1|NZ_CP009467.1_2130,1,1,1
GCF_000772065.1|NZ_CP009617.1|NZ_CP009617.1_1095,1,1,1
GCF_000772065.1|NZ_CP009617.1|NZ_CP009617.1_1096,1,1,1
GCF_000772065.1|NZ_CP009617.1|NZ_CP009617.1_1099,1,1,1
GCF_000772065.1|NZ_CP009617.1|NZ_CP009617.1_1100,1,1,1
GCF_000772065.1|NZ_CP009617.1|NZ_CP009617.1_1105,6,5,6
GCF_000772065.1|NZ_CP009617.1|NZ_CP009617.1_1106,1,1,1
GCF_000772065.1|NZ_CP009617.1|NZ_CP009617.1_1107,1,1,1
GCF_000772065.1|NZ_CP009617.1|NZ_CP009617.1_1108,1,1,1
GCF_000772065.1|NZ_CP009617.1|NZ_CP009617.1_1112,2,1,2
GCF_000772065.1|NZ_CP009617.1|NZ_CP009617.1_1113,1,1,1
GCF_000772065.1|NZ_CP009617.1|NZ_CP009617.1_1115,4,3,4
GCF_000772065.1|NZ_CP009617.1|NZ_CP009617.1_1116,1,1,1
GCF_000772065.1|NZ_CP009617.1|NZ_CP009617.1_1117,1,1,1
GCF_000772065.1|NZ_CP009617.1|NZ_CP009617.1_1119,1,1,1
GCF_000772065.1|NZ_CP009617.1|NZ_CP009617.1_1121,6,4,6
GCF_000772065.1|NZ_CP009617.1|NZ_CP009617.1_1123,1,1,1
GCF_000772065.1|NZ_CP009617.1|NZ_CP009617.1_1126,1,1,1
GCF_000772065.1|NZ_CP009620.1|NZ_CP009620.1_123,3,1,3
GCF_000772065.1|NZ_CP009620.1|NZ_CP009620.1_124,8,4,8
GCF_000772065.1|NZ_CP009620.1|NZ_CP009620.1_125,6,3,6
GCF_000788715.2|NZ_CP012997.1|NZ_CP012997.1_870,40,13,56
GCF_000788715.2|NZ_CP012997.1|NZ_CP012997.1_877,3,2,3
GCF_000788715.2|NZ_CP012997.1|NZ_CP012997.1_878,12,4,12
GCF_000788715.2|NZ_CP012997.1|NZ_CP012997.1_880,3,2,3
GCF_000801275.2|NC_022528.1|NC_022528.1_1444,3,3,3
GCF_000801275.2|NC_022528.1|NC_022528.1_3068,1,1,1
GCF_000801275.2|NC_022528.1|NC_022528.1_3069,3,2,3
GCF_000801275.2|NC_022528.1|NC_022528.1_3070,8,5,10
GCF_000801275.2|NC_022528.1|NC_022528.1_3071,1,1,1
GCF_000801275.2|NC_022528.1|NC_022528.1_3073,25,8,26
GCF_000801275.2|NC_022543.1|NC_022543.1_521,1,1,1
GCF_000801275.2|NC_022543.1|NC_022543.1_522,1,1,1
GCF_000829215.1|NZ_AP014525.1|NZ_AP014525.1_254,1,1,1
GCF_000829215.1|NZ_AP014525.1|NZ_AP014525.1_255,1,1,1
GCF_000829215.1|NZ_AP014525.1|NZ_AP014525.1_258,1,1,1
GCF_000829215.1|NZ_AP014525.1|NZ_AP014525.1_260,17,3,20
GCF_000829215.1|NZ_AP014525.1|NZ_AP014525.1_262,1,1,1
GCF_000829215.1|NZ_AP014525.1|NZ_AP014525.1_263,9,6,11
GCF_000829215.1|NZ_AP014525.1|NZ_AP014525.1_265,14,5,17
GCF_000829215.1|NZ_AP014525.1|NZ_AP014525.1_266,63,2,99
GCF_000829215.1|NZ_AP014525.1|NZ_AP014525.1_267,21,7,26
GCF_000829215.1|NZ_AP014525.1|NZ_AP014525.1_269,31,8,33
GCF_000829215.1|NZ_AP014525.1|NZ_AP014525.1_272,4,3,4
GCF_000829215.1|NZ_AP014525.1|NZ_AP014525.1_277,11,8,13
GCF_000829215.1|NZ_AP014525.1|NZ_AP014525.1_280,18,2,19
GCF_000829215.1|NZ_AP014525.1|NZ_AP014525.1_282,13,7,14
GCF_000829215.1|NZ_AP014525.1|NZ_AP014525.1_285,15,4,21
GCF_000829215.1|NZ_AP014525.1|NZ_AP014525.1_286,3,3,3
GCF_000829215.1|NZ_AP014525.1|NZ_AP014525.1_294,4,2,4
GCF_000829215.1|NZ_AP014525.1|NZ_AP014525.1_296,10,3,10
GCF_000829215.1|NZ_AP014525.1|NZ_AP014525.1_297,10,3,10
GCF_000829215.1|NZ_AP014525.1|NZ_AP014525.1_300,15,4,15
GCF_000829215.1|NZ_AP014525.1|NZ_AP014525.1_301,4,3,4
GCF_000829215.1|NZ_AP014525.1|NZ_AP014525.1_302,6,4,6
GCF_000829215.1|NZ_AP014525.1|NZ_AP014525.1_304,6,4,6
GCF_000829215.1|NZ_AP014525.1|NZ_AP014525.1_310,5,4,5
GCF_000829215.1|NZ_AP014525.1|NZ_AP014525.1_315,34,15,40
GCF_000829215.1|NZ_AP014525.1|NZ_AP014525.1_316,5,3,5
GCF_000829215.1|NZ_AP014525.1|NZ_AP014525.1_318,6,3,6
GCF_000829215.1|NZ_AP014525.1|NZ_AP014525.1_319,6,3,6
GCF_000969235.1|NZ_CP010811.1|NZ_CP010811.1_1518,4,1,5
GCF_000969235.1|NZ_CP010811.1|NZ_CP010811.1_1520,6,1,6
GCF_000969235.1|NZ_CP010811.1|NZ_CP010811.1_1527,3,2,3
GCF_000969235.1|NZ_CP010811.1|NZ_CP010811.1_1529,13,4,13
GCF_000969235.1|NZ_CP010811.1|NZ_CP010811.1_2382,41,13,45
GCF_000969235.1|NZ_CP010811.1|NZ_CP010811.1_2389,1,1,2
GCF_000969235.1|NZ_CP010811.1|NZ_CP010811.1_2411,1,1,1
GCF_000969235.1|NZ_CP010811.1|NZ_CP010811.1_2412,1,1,1
GCF_000969235.1|NZ_CP010811.1|NZ_CP010811.1_2419,1,1,1
GCF_000969235.1|NZ_CP010811.1|NZ_CP010811.1_2421,37,5,49
GCF_000969235.1|NZ_CP010811.1|NZ_CP010811.1_2423,14,4,18
GCF_000969235.1|NZ_CP010811.1|NZ_CP010811.1_2433,3,2,3
GCF_000969235.1|NZ_CP010811.1|NZ_CP010811.1_2434,5,1,6
GCF_000969235.1|NZ_CP010811.1|NZ_CP010811.1_2437,1,1,1
GCF_000969235.1|NZ_CP010811.1|NZ_CP010811.1_2438,1,1,1
GCF_000969235.1|NZ_CP010811.1|NZ_CP010811.1_2442,1,1,1
GCF_000969235.1|NZ_CP010811.1|NZ_CP010811.1_2445,1,1,1
GCF_000969265.1|NZ_CP010812.1|NZ_CP010812.1_637,4,2,4
GCF_000969265.1|NZ_CP010812.1|NZ_CP010812.1_639,2,1,4
GCF_000969265.1|NZ_CP010812.1|NZ_CP010812.1_640,12,2,17
GCF_001188185.2|NZ_CP026041.1|NZ_CP026041.1_1712,8,2,8
GCF_001188185.2|NZ_CP026041.1|NZ_CP026041.1_2093,11,3,11
GCF_001188185.2|NZ_CP026041.1|NZ_CP026041.1_2094,12,2,12
GCF_001188185.2|NZ_CP026041.1|NZ_CP026041.1_2095,9,2,9
GCF_001244315.1|NZ_CP009982.1|NZ_CP009982.1_1105,27,1,30
GCF_001244315.1|NZ_CP009982.1|NZ_CP009982.1_1106,6,3,6
GCF_001244315.1|NZ_CP009982.1|NZ_CP009982.1_1108,14,9,18
GCF_001244315.1|NZ_CP009982.1|NZ_CP009982.1_1109,5,3,5
GCF_001244315.1|NZ_CP009982.1|NZ_CP009982.1_1110,4,2,4
GCF_001244315.1|NZ_CP009982.1|NZ_CP009982.1_1111,11,5,13
GCF_001244315.1|NZ_CP009982.1|NZ_CP009982.1_1112,2,1,2
GCF_001244315.1|NZ_CP009982.1|NZ_CP009982.1_1113,4,2,4
GCF_001244315.1|NZ_CP009982.1|NZ_CP009982.1_1117,2,1,4
GCF_001244315.1|NZ_CP009982.1|NZ_CP009982.1_1121,8,1,8
GCF_001244315.1|NZ_CP009982.1|NZ_CP009982.1_1122,23,4,24
GCF_001244315.1|NZ_CP009982.1|NZ_CP009982.1_1123,9,4,9
GCF_001244315.1|NZ_CP009982.1|NZ_CP009982.1_1126,3,1,3
GCF_001244315.1|NZ_CP009982.1|NZ_CP009982.1_1133,2,1,4
GCF_001244315.1|NZ_CP009982.1|NZ_CP009982.1_1137,49,14,58
GCF_001244315.1|NZ_CP009982.1|NZ_CP009982.1_1139,3,2,3
GCF_001244315.1|NZ_CP009982.1|NZ_CP009982.1_1141,5,1,5
GCF_001244315.1|NZ_CP009982.1|NZ_CP009982.1_1149,4,1,6
GCF_001244315.1|NZ_CP009982.1|NZ_CP009982.1_1150,5,1,5
GCF_001244315.1|NZ_CP009982.1|NZ_CP009982.1_1151,4,2,4
GCF_001244315.1|NZ_CP009982.1|NZ_CP009982.1_1152,12,6,12
GCF_001244315.1|NZ_CP009982.1|NZ_CP009982.1_1155,12,5,12
GCF_001244315.1|NZ_CP009982.1|NZ_CP009982.1_1159,5,3,5
GCF_001244315.1|NZ_CP009982.1|NZ_CP009982.1_1161,3,1,4
GCF_001244315.1|NZ_CP009982.1|NZ_CP009982.1_1162,7,4,7
GCF_001244315.1|NZ_CP009982.1|NZ_CP009982.1_1169,4,3,4
GCF_001244315.1|NZ_CP009982.1|NZ_CP009982.1_1171,27,9,34
GCF_001244315.1|NZ_CP009982.1|NZ_CP009982.1_1177,28,7,28
GCF_001244315.1|NZ_CP009982.1|NZ_CP009982.1_1178,15,1,15
GCF_001244315.1|NZ_CP009982.1|NZ_CP009982.1_1180,11,3,11
GCF_001244315.1|NZ_CP009982.1|NZ_CP009982.1_1188,4,2,4
GCF_001262735.2|NZ_CP169261.1|NZ_CP169261.1_2012,22,6,26
GCF_001262735.2|NZ_CP169261.1|NZ_CP169261.1_2015,3,2,3
GCF_001262735.2|NZ_CP169261.1|NZ_CP169261.1_2016,4,2,5
GCF_001262735.2|NZ_CP169261.1|NZ_CP169261.1_2017,1,1,1
GCF_001262735.2|NZ_CP169261.1|NZ_CP169261.1_2019,1,1,1
GCF_001262735.2|NZ_CP169261.1|NZ_CP169261.1_2025,1,1,1
GCF_001262735.2|NZ_CP169261.1|NZ_CP169261.1_2027,1,1,1
GCF_001262735.2|NZ_CP169261.1|NZ_CP169261.1_2030,1,1,1
GCF_001262735.2|NZ_CP169261.1|NZ_CP169261.1_2032,4,4,4
GCF_001262735.2|NZ_CP169261.1|NZ_CP169261.1_2035,3,3,4
GCF_001262735.2|NZ_CP169261.1|NZ_CP169261.1_2036,19,9,20
GCF_001262735.2|NZ_CP169261.1|NZ_CP169261.1_2042,4,4,4
GCF_001262735.2|NZ_CP169261.1|NZ_CP169261.1_2046,20,5,20
GCF_001262735.2|NZ_CP169261.1|NZ_CP169261.1_2047,20,5,20
GCF_001262735.2|NZ_CP169261.1|NZ_CP169261.1_2050,1,1,1
GCF_001262735.2|NZ_CP169261.1|NZ_CP169261.1_2051,6,6,6
GCF_001262735.2|NZ_CP169261.1|NZ_CP169261.1_2052,44,12,53
GCF_001304775.1|NZ_CP009765.1|NZ_CP009765.1_1595,24,4,24
GCF_001304775.1|NZ_CP009765.1|NZ_CP009765.1_1598,1,1,1
GCF_001304775.1|NZ_CP009765.1|NZ_CP009765.1_1610,1,1,1
GCF_001304775.1|NZ_CP009765.1|NZ_CP009765.1_1611,1,1,1
GCF_001304775.1|NZ_CP009765.1|NZ_CP009765.1_1612,184,32,246
GCF_001304775.1|NZ_CP009765.1|NZ_CP009765.1_1613,3,3,3
GCF_001304775.1|NZ_CP009765.1|NZ_CP009765.1_1622,1,1,1
GCF_001304775.1|NZ_CP009765.1|NZ_CP009765.1_1630,1,1,1
GCF_001304775.1|NZ_CP009765.1|NZ_CP009765.1_1631,1,1,1
GCF_001310575.2|NZ_CP045859.1|NZ_CP045859.1_1268,30,9,32
GCF_001310575.2|NZ_CP045859.1|NZ_CP045859.1_1272,10,6,10
GCF_001310575.2|NZ_CP045859.1|NZ_CP045859.1_1273,6,3,6
GCF_001310575.2|NZ_CP045859.1|NZ_CP045859.1_1275,9,5,9
GCF_001310575.2|NZ_CP045859.1|NZ_CP045859.1_1279,5,3,5
GCF_001310575.2|NZ_CP045859.1|NZ_CP045859.1_1280,33,11,34
GCF_001310575.2|NZ_CP045859.1|NZ_CP045859.1_1281,18,8,22
GCF_001310575.2|NZ_CP045859.1|NZ_CP045859.1_1283,3,1,5
GCF_001310575.2|NZ_CP045859.1|NZ_CP045859.1_1285,8,3,8
GCF_001310575.2|NZ_CP045859.1|NZ_CP045859.1_1286,4,3,4
GCF_001310575.2|NZ_CP045859.1|NZ_CP045859.1_1287,3,2,3
GCF_001310575.2|NZ_CP045859.1|NZ_CP045859.1_1288,4,3,4
GCF_001310575.2|NZ_CP045859.1|NZ_CP045859.1_1293,20,8,22
GCF_001310575.2|NZ_CP045859.1|NZ_CP045859.1_1298,8,7,8
GCF_001310575.2|NZ_CP045859.1|NZ_CP045859.1_1300,6,4,6
GCF_001310575.2|NZ_CP045859.1|NZ_CP045859.1_1301,3,2,3
GCF_001310575.2|NZ_CP045859.1|NZ_CP045859.1_1302,8,6,8
GCF_001310575.2|NZ_CP045859.1|NZ_CP045859.1_1303,3,2,3
GCF_001310575.2|NZ_CP045859.1|NZ_CP045859.1_1305,4,2,4
GCF_001310575.2|NZ_CP045859.1|NZ_CP045859.1_1306,6,4,6
GCF_001310575.2|NZ_CP045859.1|NZ_CP045859.1_1309,7,2,7
GCF_001310575.2|NZ_CP045859.1|NZ_CP045859.1_1310,5,1,5
GCF_001310575.2|NZ_CP045859.1|NZ_CP045859.1_1311,5,2,5
GCF_001310575.2|NZ_CP045859.1|NZ_CP045859.1_1314,3,1,3
GCF_001310575.2|NZ_CP045859.1|NZ_CP045859.1_1315,44,9,52
GCF_001310575.2|NZ_CP045859.1|NZ_CP045859.1_1320,3,1,3
GCF_001310575.2|NZ_CP045859.1|NZ_CP045859.1_1322,3,1,3
GCF_001310575.2|NZ_CP045859.1|NZ_CP045859.1_1323,3,1,3
GCF_001310575.2|NZ_CP045859.1|NZ_CP045859.1_1332,24,7,25
GCF_001433415.1|NZ_CP009847.1|NZ_CP009847.1_1800,12,3,12
GCF_001433415.1|NZ_CP009847.1|NZ_CP009847.1_1802,3,1,3
GCF_001433415.1|NZ_CP009849.1|NZ_CP009849.1_22,1,1,1
GCF_001433415.1|NZ_CP009849.1|NZ_CP009849.1_24,3,2,3
GCF_001433435.1|NZ_CP009984.1|NZ_CP009984.1_1150,15,3,15
GCF_001433435.1|NZ_CP009984.1|NZ_CP009984.1_1151,20,6,22
GCF_001433435.1|NZ_CP009984.1|NZ_CP009984.1_1152,3,1,3
GCF_001433435.1|NZ_CP009984.1|NZ_CP009984.1_1162,3,1,3
GCF_001433435.1|NZ_CP009984.1|NZ_CP009984.1_1163,9,6,11
GCF_001433435.1|NZ_CP009984.1|NZ_CP009984.1_1166,5,1,7
GCF_001433435.1|NZ_CP009984.1|NZ_CP009984.1_1171,5,2,6
GCF_001433435.1|NZ_CP009984.1|NZ_CP009984.1_1172,5,2,6
GCF_001433435.1|NZ_CP009984.1|NZ_CP009984.1_1174,5,3,5
GCF_001433435.1|NZ_CP009984.1|NZ_CP009984.1_1179,12,8,12
GCF_001433435.1|NZ_CP009984.1|NZ_CP009984.1_1187,1,1,1
GCF_001433435.1|NZ_CP009984.1|NZ_CP009984.1_1188,8,7,8
GCF_001433435.1|NZ_CP009984.1|NZ_CP009984.1_1190,3,2,3
GCF_001433435.1|NZ_CP009984.1|NZ_CP009984.1_1193,2,1,4
GCF_001433435.1|NZ_CP009984.1|NZ_CP009984.1_1194,4,1,4
GCF_001433435.1|NZ_CP009984.1|NZ_CP009984.1_1201,10,8,12
GCF_001433435.1|NZ_CP009984.1|NZ_CP009984.1_1204,5,1,5
GCF_001433435.1|NZ_CP009984.1|NZ_CP009984.1_1206,4,2,4
GCF_001433435.1|NZ_CP009984.1|NZ_CP009984.1_1208,4,1,4
GCF_001433435.1|NZ_CP009984.1|NZ_CP009984.1_1217,10,3,11
GCF_001433435.1|NZ_CP009984.1|NZ_CP009984.1_1220,3,2,3
GCF_001433435.1|NZ_CP009984.1|NZ_CP009984.1_1328,10,7,10
GCF_001433435.1|NZ_CP009984.1|NZ_CP009984.1_1331,5,4,5
GCF_001433435.1|NZ_CP009984.1|NZ_CP009984.1_1335,4,2,4
GCF_001433435.1|NZ_CP009984.1|NZ_CP009984.1_1340,8,3,8
GCF_001433435.1|NZ_CP009984.1|NZ_CP009984.1_1346,20,5,20
GCF_001456255.1|NZ_CP009977.1|NZ_CP009977.1_860,9,4,9
GCF_001456255.1|NZ_CP009977.1|NZ_CP009977.1_861,11,3,13
GCF_001469735.1|NZ_CP013484.1|NZ_CP013484.1_884,4,1,4
GCF_001469735.1|NZ_CP013484.1|NZ_CP013484.1_885,4,1,4
GCF_001469735.1|NZ_CP013484.1|NZ_CP013484.1_944,88,18,116
GCF_001469735.1|NZ_CP013484.1|NZ_CP013484.1_946,15,2,15
GCF_001469735.1|NZ_CP013484.1|NZ_CP013484.1_951,16,8,18
GCF_001469735.1|NZ_CP013484.1|NZ_CP013484.1_953,5,3,5
GCF_001469735.1|NZ_CP013484.1|NZ_CP013484.1_955,4,2,4
GCF_001469735.1|NZ_CP013484.1|NZ_CP013484.1_957,3,1,3
GCF_001469735.1|NZ_CP013484.1|NZ_CP013484.1_959,3,1,3
GCF_001469735.1|NZ_CP013484.1|NZ_CP013484.1_960,3,1,3
GCF_001469735.1|NZ_CP013484.1|NZ_CP013484.1_962,4,2,4
GCF_001469735.1|NZ_CP013484.1|NZ_CP013484.1_963,4,2,4
GCF_001469735.1|NZ_CP013484.1|NZ_CP013484.1_968,4,2,4
GCF_001469735.1|NZ_CP013484.1|NZ_CP013484.1_969,6,4,6
GCF_001469735.1|NZ_CP013484.1|NZ_CP013484.1_970,3,1,3
GCF_001469735.1|NZ_CP013484.1|NZ_CP013484.1_973,3,1,3
GCF_001469735.1|NZ_CP013484.1|NZ_CP013484.1_978,3,1,3
GCF_001469735.1|NZ_CP013484.1|NZ_CP013484.1_979,18,9,18
GCF_001469735.1|NZ_CP013484.1|NZ_CP013484.1_980,5,3,5
GCF_001469735.1|NZ_CP013484.1|NZ_CP013484.1_982,5,2,6
GCF_001469735.1|NZ_CP013484.1|NZ_CP013484.1_983,9,4,9
GCF_001469735.1|NZ_CP013484.1|NZ_CP013484.1_985,4,1,4
GCF_001469735.1|NZ_CP013484.1|NZ_CP013484.1_986,9,3,9
GCF_001558475.2|NZ_CP014042.2|NZ_CP014042.2_978,7,2,7
GCF_001558475.2|NZ_CP014042.2|NZ_CP014042.2_986,1,1,1
GCF_001558475.2|NZ_CP014042.2|NZ_CP014042.2_987,22,10,52
GCF_001558475.2|NZ_CP014042.2|NZ_CP014042.2_988,1,1,1
GCF_001558475.2|NZ_CP014042.2|NZ_CP014042.2_993,2,2,3
GCF_001558475.2|NZ_CP014042.2|NZ_CP014042.2_996,1,1,1
GCF_001558475.2|NZ_CP014042.2|NZ_CP014042.2_998,1,1,1
GCF_001558475.2|NZ_CP014042.2|NZ_CP014042.2_1012,9,2,9
GCF_001558475.2|NZ_CP014042.2|NZ_CP014042.2_1014,1,1,1
GCF_001558475.2|NZ_CP014042.2|NZ_CP014042.2_1017,1,1,1
GCF_001558475.2|NZ_CP014042.2|NZ_CP014042.2_1022,5,4,5
GCF_001558475.2|NZ_CP014042.2|NZ_CP014042.2_1026,52,13,64
GCF_001558475.2|NZ_CP014042.2|NZ_CP014042.2_1029,7,5,7
GCF_001558475.2|NZ_CP014042.2|NZ_CP014042.2_1035,4,3,4
GCF_001558475.2|NZ_CP014042.2|NZ_CP014042.2_1036,10,7,10
GCF_001558475.2|NZ_CP014042.2|NZ_CP014042.2_1040,6,2,8
GCF_001558475.2|NZ_CP014042.2|NZ_CP014042.2_1043,1,1,1
GCF_001558475.2|NZ_CP014042.2|NZ_CP014042.2_1045,1,1,1
GCF_001558475.2|NZ_CP014042.2|NZ_CP014042.2_1046,3,3,3
GCF_001558475.2|NZ_CP014042.2|NZ_CP014042.2_1049,1,1,1
GCF_001558475.2|NZ_CP014042.2|NZ_CP014042.2_1069,3,3,3
GCF_001558475.2|NZ_CP014042.2|NZ_CP014042.2_1075,1,1,1
GCF_001558495.2|NZ_CP014046.2|NZ_CP014046.2_1919,14,4,16
GCF_001558495.2|NZ_CP014046.2|NZ_CP014046.2_1921,5,1,5
GCF_001558495.2|NZ_CP014046.2|NZ_CP014046.2_1923,5,1,5
GCF_001558495.2|NZ_CP014046.2|NZ_CP014046.2_1924,10,4,10
GCF_001558495.2|NZ_CP014046.2|NZ_CP014046.2_1932,6,2,6
GCF_001558495.2|NZ_CP014046.2|NZ_CP014046.2_1933,7,1,7
GCF_001558495.2|NZ_CP014046.2|NZ_CP014046.2_1934,6,2,6
GCF_001558495.2|NZ_CP014046.2|NZ_CP014046.2_1936,5,1,5
GCF_001558495.2|NZ_CP014046.2|NZ_CP014046.2_1937,7,2,7
GCF_001558495.2|NZ_CP014046.2|NZ_CP014046.2_1944,5,1,5
GCF_001558495.2|NZ_CP014046.2|NZ_CP014046.2_1947,68,10,92
GCF_001558495.2|NZ_CP014046.2|NZ_CP014046.2_1958,6,2,6
GCF_001558495.2|NZ_CP014046.2|NZ_CP014046.2_1961,5,1,5
GCF_001558495.2|NZ_CP014046.2|NZ_CP014046.2_1962,5,1,5
GCF_001558495.2|NZ_CP014046.2|NZ_CP014046.2_1966,126,25,177
GCF_001558495.2|NZ_CP014046.2|NZ_CP014046.2_1967,27,6,29
GCF_001558495.2|NZ_CP014046.2|NZ_CP014046.2_1970,5,1,5
GCF_001558495.2|NZ_CP014046.2|NZ_CP014046.2_1987,31,4,32
GCF_001558495.2|NZ_CP014046.2|NZ_CP014046.2_1992,7,2,7
GCF_001558495.2|NZ_CP014046.2|NZ_CP014046.2_1993,7,2,8
GCF_001558495.2|NZ_CP014046.2|NZ_CP014046.2_1999,11,6,12
GCF_001558495.2|NZ_CP014046.2|NZ_CP014046.2_2001,10,1,10
GCF_001558495.2|NZ_CP014046.2|NZ_CP014046.2_2004,7,2,7
GCF_001558495.2|NZ_CP014046.2|NZ_CP014046.2_2014,5,1,5
GCF_001558515.2|NZ_CP014048.2|NZ_CP014048.2_101,3,3,3
GCF_001558515.2|NZ_CP014048.2|NZ_CP014048.2_104,6,2,6
GCF_001558515.2|NZ_CP014049.2|NZ_CP014049.2_1062,2,1,3
GCF_001558515.2|NZ_CP014049.2|NZ_CP014049.2_1063,5,3,6
GCF_001636035.1|NZ_CP011406.1|NZ_CP011406.1_1907,11,6,13
GCF_001636035.1|NZ_CP011406.1|NZ_CP011406.1_1909,24,6,28
GCF_001636035.1|NZ_CP011406.1|NZ_CP011406.1_1912,5,3,5
GCF_001636035.1|NZ_CP011406.1|NZ_CP011406.1_1917,1,1,1
GCF_001636035.1|NZ_CP011406.1|NZ_CP011406.1_1918,5,2,6
GCF_001636035.1|NZ_CP011406.1|NZ_CP011406.1_1919,13,3,14
GCF_001636035.1|NZ_CP011406.1|NZ_CP011406.1_1920,1,1,1
GCF_001636035.1|NZ_CP011406.1|NZ_CP011406.1_1929,5,2,5
GCF_001636035.1|NZ_CP011406.1|NZ_CP011406.1_1938,20,8,21
GCF_001636035.1|NZ_CP011406.1|NZ_CP011406.1_1945,1,1,1
GCF_001636035.1|NZ_CP011406.1|NZ_CP011406.1_1948,1,1,1
GCF_001636035.1|NZ_CP011406.1|NZ_CP011406.1_1950,13,10,13
GCF_001636035.1|NZ_CP011406.1|NZ_CP011406.1_1953,17,13,18
GCF_001636035.1|NZ_CP011406.1|NZ_CP011406.1_1959,6,2,6
GCF_001636035.1|NZ_CP011406.1|NZ_CP011406.1_2026,1,1,1
GCF_001653775.1|NZ_CP011775.1|NZ_CP011775.1_1433,3,2,3
GCF_001653775.1|NZ_CP011775.1|NZ_CP011775.1_1442,2,1,2
GCF_001653775.1|NZ_CP011775.1|NZ_CP011775.1_1450,2,1,2
GCF_001653775.1|NZ_CP011775.1|NZ_CP011775.1_1458,2,1,2
GCF_001653775.1|NZ_CP011775.1|NZ_CP011775.1_1488,2,1,2
GCF_001653775.1|NZ_CP011775.1|NZ_CP011775.1_1500,2,1,2
GCF_001653775.1|NZ_CP011775.1|NZ_CP011775.1_1518,157,35,182
GCF_001653775.1|NZ_CP011775.1|NZ_CP011775.1_1521,2,1,2
GCF_001653775.1|NZ_CP011775.1|NZ_CP011775.1_1533,2,1,2
GCF_001653775.1|NZ_CP011775.1|NZ_CP011775.1_1547,2,1,2
GCF_001653775.1|NZ_CP011775.1|NZ_CP011775.1_1553,2,1,2
GCF_001679745.1|NZ_CP016224.1|NZ_CP016224.1_1637,13,8,13
GCF_001679745.1|NZ_CP016224.1|NZ_CP016224.1_1640,5,3,5
GCF_001679745.1|NZ_CP016224.1|NZ_CP016224.1_2331,26,8,28
GCF_001679745.1|NZ_CP016224.1|NZ_CP016224.1_2334,4,3,5
GCF_001679745.1|NZ_CP016224.1|NZ_CP016224.1_2336,4,3,4
GCF_001679745.1|NZ_CP016224.1|NZ_CP016224.1_2337,5,4,5
GCF_001680045.1|NZ_CP016347.1|NZ_CP016347.1_1281,1,1,1
GCF_001680065.1|NZ_CP016349.1|NZ_CP016349.1_101,10,5,10
GCF_001680065.1|NZ_CP016349.1|NZ_CP016349.1_102,2,2,2
GCF_001680065.1|NZ_CP016349.1|NZ_CP016349.1_1912,1,1,1
GCF_001680065.1|NZ_CP016349.1|NZ_CP016349.1_1918,9,5,9
GCF_001680065.1|NZ_CP016349.1|NZ_CP016349.1_1919,3,2,4
GCF_001680065.1|NZ_CP016349.1|NZ_CP016349.1_1923,16,7,16
GCF_001680085.1|NZ_CP016352.1|NZ_CP016352.1_764,1,1,1
GCF_001680085.1|NZ_CP016352.1|NZ_CP016352.1_769,1,1,1
GCF_001680085.1|NZ_CP016352.1|NZ_CP016352.1_1153,1,1,1
GCF_001680085.1|NZ_CP016352.1|NZ_CP016352.1_1157,1,1,1
GCF_001680085.1|NZ_CP016352.1|NZ_CP016352.1_1158,7,4,7
GCF_001680085.1|NZ_CP016352.1|NZ_CP016352.1_1163,31,22,49
GCF_001680085.1|NZ_CP016352.1|NZ_CP016352.1_1188,10,6,10
GCF_001682175.1|NZ_CP011884.1|NZ_CP011884.1_1119,3,1,3
GCF_001682175.1|NZ_CP011884.1|NZ_CP011884.1_1121,20,6,23
GCF_001682175.1|NZ_CP011884.1|NZ_CP011884.1_1124,104,17,188
GCF_001683415.1|NZ_CP016325.1|NZ_CP016325.1_364,13,5,14
GCF_001685465.1|NZ_CP016308.1|NZ_CP016308.1_987,1,1,1
GCF_001685465.1|NZ_CP016308.1|NZ_CP016308.1_989,1,1,1
GCF_001685465.1|NZ_CP016308.1|NZ_CP016308.1_991,1,1,1
GCF_001685465.1|NZ_CP016308.1|NZ_CP016308.1_997,10,5,10
GCF_001685465.1|NZ_CP016308.1|NZ_CP016308.1_1012,1,1,1
GCF_001685465.1|NZ_CP016308.1|NZ_CP016308.1_1015,1,1,1
GCF_001685465.1|NZ_CP016308.1|NZ_CP016308.1_1017,7,2,16
GCF_001685465.1|NZ_CP016308.1|NZ_CP016308.1_1019,1,1,1
GCF_001685465.1|NZ_CP016308.1|NZ_CP016308.1_1028,1,1,1
GCF_001685465.1|NZ_CP016308.1|NZ_CP016308.1_1030,1,1,1
GCF_001685465.1|NZ_CP016308.1|NZ_CP016308.1_1031,1,1,1
GCF_001685465.1|NZ_CP016308.1|NZ_CP016308.1_1033,6,6,8
GCF_001685465.1|NZ_CP016308.1|NZ_CP016308.1_1035,3,2,3
GCF_001685465.1|NZ_CP016308.1|NZ_CP016308.1_1042,1,1,1
GCF_001685465.1|NZ_CP016308.1|NZ_CP016308.1_1046,8,4,8
GCF_001685465.1|NZ_CP016308.1|NZ_CP016308.1_1048,115,33,151
GCF_001685465.1|NZ_CP016308.1|NZ_CP016308.1_1049,1,1,1
GCF_001685465.1|NZ_CP016308.1|NZ_CP016308.1_1051,1,1,1
GCF_001685465.1|NZ_CP016308.1|NZ_CP016308.1_1052,2,2,2
GCF_001685465.1|NZ_CP016308.1|NZ_CP016308.1_1053,1,1,1
GCF_001693615.1|NZ_CP016556.1|NZ_CP016556.1_514,1,1,1
GCF_001693615.1|NZ_CP016556.1|NZ_CP016556.1_516,20,8,20
GCF_001693615.1|NZ_CP016556.1|NZ_CP016556.1_521,1,1,1
GCF_001693615.1|NZ_CP016556.1|NZ_CP016556.1_528,1,1,1
GCF_001693615.1|NZ_CP016556.1|NZ_CP016556.1_530,6,3,6
GCF_001693615.1|NZ_CP016556.1|NZ_CP016556.1_531,1,1,1
GCF_001693615.1|NZ_CP016556.1|NZ_CP016556.1_532,1,1,1
GCF_001693615.1|NZ_CP016556.1|NZ_CP016556.1_539,20,18,20
GCF_001695575.2|NZ_CM177875.1|NZ_CM177875.1_2068,1,1,1
GCF_001695575.2|NZ_CM177875.1|NZ_CM177875.1_2069,1,1,1
GCF_001695575.2|NZ_CM177875.1|NZ_CM177875.1_2074,1,1,1
GCF_001695575.2|NZ_CM177875.1|NZ_CM177875.1_2075,1,1,1
GCF_001695575.2|NZ_CM177875.1|NZ_CM177875.1_2077,1,1,1
GCF_001695575.2|NZ_CM177875.1|NZ_CM177875.1_2080,1,1,1
GCF_001695575.2|NZ_CM177876.1|NZ_CM177876.1_370,8,4,8
GCF_001695575.2|NZ_CM177876.1|NZ_CM177876.1_376,1,1,1
GCF_001695575.2|NZ_CM177876.1|NZ_CM177876.1_377,1,1,1
GCF_001695575.2|NZ_CM177876.1|NZ_CM177876.1_382,1,1,1
GCF_001695575.2|NZ_CM177876.1|NZ_CM177876.1_383,4,1,4
GCF_001695575.2|NZ_CM177876.1|NZ_CM177876.1_384,1,1,1
GCF_001695575.2|NZ_CM177876.1|NZ_CM177876.1_386,1,1,1
GCF_001695575.2|NZ_CM177876.1|NZ_CM177876.1_387,1,1,1
GCF_001695575.2|NZ_LUAX02000002.1|NZ_LUAX02000002.1_8,1,1,1
GCF_001695575.2|NZ_LUAX02000002.1|NZ_LUAX02000002.1_9,1,1,1
GCF_001695575.2|NZ_LUAX02000002.1|NZ_LUAX02000002.1_10,1,1,1
GCF_001695575.2|NZ_LUAX02000002.1|NZ_LUAX02000002.1_11,1,1,1
GCF_001695575.2|NZ_LUAX02000002.1|NZ_LUAX02000002.1_12,1,1,1
GCF_001695575.2|NZ_LUAX02000002.1|NZ_LUAX02000002.1_13,1,1,1
GCF_001695575.2|NZ_LUAX02000002.1|NZ_LUAX02000002.1_15,3,3,3
GCF_001700835.1|NZ_CP010883.1|NZ_CP010883.1_1833,1,1,1
GCF_001700835.1|NZ_CP010883.1|NZ_CP010883.1_1834,1,1,1
GCF_001700835.1|NZ_CP010883.1|NZ_CP010883.1_1844,1,1,1
GCF_001700835.1|NZ_CP010883.1|NZ_CP010883.1_1845,1,1,1
GCF_001700835.1|NZ_CP010883.1|NZ_CP010883.1_1846,1,1,1
GCF_001700835.1|NZ_CP010883.1|NZ_CP010883.1_1847,1,1,1
GCF_001700835.1|NZ_CP010886.1|NZ_CP010886.1_1,8,3,8
GCF_001700835.1|NZ_CP010886.1|NZ_CP010886.1_7,1,1,1
GCF_001700835.1|NZ_CP010886.1|NZ_CP010886.1_13,1,1,1
GCF_001700835.1|NZ_CP010886.1|NZ_CP010886.1_15,1,1,1
GCF_001700835.1|NZ_CP010886.1|NZ_CP010886.1_23,25,8,25
GCF_001700835.1|NZ_CP010886.1|NZ_CP010886.1_24,1,1,1
GCF_001700835.1|NZ_CP010886.1|NZ_CP010886.1_28,2,2,2
GCF_001700835.1|NZ_CP010886.1|NZ_CP010886.1_29,12,7,16
GCF_001700835.1|NZ_CP010886.1|NZ_CP010886.1_31,1,1,1
GCF_001700835.1|NZ_CP010886.1|NZ_CP010886.1_33,1,1,1
GCF_001700835.1|NZ_CP010886.1|NZ_CP010886.1_34,1,1,1
GCF_001700835.1|NZ_CP010886.1|NZ_CP010886.1_66,1,1,1
GCF_001700835.1|NZ_CP010886.1|NZ_CP010886.1_67,14,9,15
GCF_001700835.1|NZ_CP010886.1|NZ_CP010886.1_69,1,1,1
GCF_001700835.1|NZ_CP010886.1|NZ_CP010886.1_70,1,1,1
GCF_001700835.1|NZ_CP010886.1|NZ_CP010886.1_71,1,1,1
GCF_001700835.1|NZ_CP010886.1|NZ_CP010886.1_74,11,4,15
GCF_001700835.1|NZ_CP010886.1|NZ_CP010886.1_75,1,1,1
GCF_001758605.1|NZ_CP012950.1|NZ_CP012950.1_1175,6,5,6
GCF_001758605.1|NZ_CP012950.1|NZ_CP012950.1_1179,1,1,1
GCF_001758605.1|NZ_CP012950.1|NZ_CP012950.1_1181,5,3,5
GCF_001758605.1|NZ_CP012950.1|NZ_CP012950.1_1182,10,2,10
GCF_001758605.1|NZ_CP012950.1|NZ_CP012950.1_1196,12,6,15
GCF_001758605.1|NZ_CP012950.1|NZ_CP012950.1_1207,4,2,4
GCF_001758605.1|NZ_CP012950.1|NZ_CP012950.1_1224,1,1,1
GCF_001758605.1|NZ_CP012950.1|NZ_CP012950.1_1231,14,10,14
GCF_001758605.1|NZ_CP012950.1|NZ_CP012950.1_1236,4,3,4
GCF_002953335.1|NZ_CP014094.1|NZ_CP014094.1_1661,3,3,3
GCF_002953335.1|NZ_CP014094.1|NZ_CP014094.1_1663,1,1,1
GCF_002953335.1|NZ_CP014094.1|NZ_CP014094.1_1664,7,3,7
GCF_002953335.1|NZ_CP014094.1|NZ_CP014094.1_1666,1,1,1
GCF_002953335.1|NZ_CP014094.1|NZ_CP014094.1_1667,1,1,1
GCF_002953335.1|NZ_CP014093.1|NZ_CP014093.1_93,1,1,1
GCF_002953335.1|NZ_CP014093.1|NZ_CP014093.1_94,1,1,1
GCF_002953335.1|NZ_CP014093.1|NZ_CP014093.1_96,1,1,1
GCF_002953335.1|NZ_CP014093.1|NZ_CP014093.1_97,4,3,4
GCF_002953335.1|NZ_CP014093.1|NZ_CP014093.1_99,1,1,1
GCF_002953335.1|NZ_CP014093.1|NZ_CP014093.1_100,2,2,2
GCF_002953335.1|NZ_CP014093.1|NZ_CP014093.1_105,3,3,3
GCF_002953335.1|NZ_CP014093.1|NZ_CP014093.1_109,1,1,1
GCF_002953355.1|NZ_CP014134.1|NZ_CP014134.1_30,2,2,2
GCF_002953355.1|NZ_CP014134.1|NZ_CP014134.1_43,1,1,1
GCF_002953355.1|NZ_CP014134.1|NZ_CP014134.1_47,1,1,1
GCF_002953355.1|NZ_CP014134.1|NZ_CP014134.1_52,1,1,1
GCF_002953355.1|NZ_CP014134.1|NZ_CP014134.1_54,14,7,15
GCF_002953355.1|NZ_CP014134.1|NZ_CP014134.1_55,5,2,6
GCF_002953355.1|NZ_CP014134.1|NZ_CP014134.1_61,6,4,7
GCF_002953355.1|NZ_CP014134.1|NZ_CP014134.1_63,2,2,2
GCF_002953355.1|NZ_CP014134.1|NZ_CP014134.1_64,1,1,1
GCF_002953355.1|NZ_CP014134.1|NZ_CP014134.1_66,1,1,1
GCF_002953355.1|NZ_CP014134.1|NZ_CP014134.1_67,1,1,1
GCF_002953355.1|NZ_CP014134.1|NZ_CP014134.1_72,1,1,1
GCF_002953355.1|NZ_CP014134.1|NZ_CP014134.1_73,2,2,2
GCF_002953355.1|NZ_CP014134.1|NZ_CP014134.1_81,4,3,4
GCF_002953355.1|NZ_CP014134.1|NZ_CP014134.1_83,1,1,1
GCF_002953355.1|NZ_CP014134.1|NZ_CP014134.1_90,2,2,2
GCF_002953355.1|NZ_CP014134.1|NZ_CP014134.1_96,8,4,8
GCF_002953355.1|NZ_CP014134.1|NZ_CP014134.1_99,1,1,1
GCF_002953355.1|NZ_CP014134.1|NZ_CP014134.1_101,4,3,4
GCF_002953355.1|NZ_CP014134.1|NZ_CP014134.1_103,3,3,3
GCF_002953355.1|NZ_CP014134.1|NZ_CP014134.1_108,4,3,4
GCF_002953355.1|NZ_CP014134.1|NZ_CP014134.1_115,8,5,8
GCF_002953355.1|NZ_CP014134.1|NZ_CP014134.1_117,4,4,5
GCF_002953355.1|NZ_CP014134.1|NZ_CP014134.1_122,1,1,1
GCF_002953355.1|NZ_CP014134.1|NZ_CP014134.1_125,1,1,1
GCF_002953355.1|NZ_CP014134.1|NZ_CP014134.1_126,2,2,2
GCF_002953355.1|NZ_CP014134.1|NZ_CP014134.1_127,3,2,3
GCF_002953355.1|NZ_CP014134.1|NZ_CP014134.1_135,13,5,13
GCF_002953355.1|NZ_CP014134.1|NZ_CP014134.1_138,1,1,1
GCF_002953355.1|NZ_CP014134.1|NZ_CP014134.1_141,1,1,1
GCF_002953355.1|NZ_CP014134.1|NZ_CP014134.1_143,1,1,1
GCF_002953355.1|NZ_CP014134.1|NZ_CP014134.1_144,1,1,1
GCF_002953355.1|NZ_CP014134.1|NZ_CP014134.1_150,47,11,53
GCF_002953355.1|NZ_CP014134.1|NZ_CP014134.1_151,2,1,2
GCF_002953355.1|NZ_CP014134.1|NZ_CP014134.1_152,1,1,1
GCF_002953355.1|NZ_CP014134.1|NZ_CP014134.1_153,5,4,5
GCF_002953355.1|NZ_CP014133.1|NZ_CP014133.1_508,1,1,1
GCF_002953375.1|NZ_CP014032.1|NZ_CP014032.1_1527,1,1,1
GCF_002953395.1|NZ_CP014036.1|NZ_CP014036.1_2532,1,1,1
GCF_002953395.1|NZ_CP014036.1|NZ_CP014036.1_2533,9,7,9
GCF_002953395.1|NZ_CP014036.1|NZ_CP014036.1_2534,1,1,1
GCF_002953395.1|NZ_CP014036.1|NZ_CP014036.1_2535,1,1,1
GCF_002953395.1|NZ_CP014036.1|NZ_CP014036.1_2536,1,1,1
GCF_002953395.1|NZ_CP014036.1|NZ_CP014036.1_2537,1,1,1
GCF_002953395.1|NZ_CP014036.1|NZ_CP014036.1_2554,27,4,28
GCF_002953395.1|NZ_CP014036.1|NZ_CP014036.1_2564,1,1,1
GCF_002953395.1|NZ_CP014036.1|NZ_CP014036.1_2566,1,1,1
GCF_002953395.1|NZ_CP014036.1|NZ_CP014036.1_2567,2,2,2
GCF_002953395.1|NZ_CP014036.1|NZ_CP014036.1_2572,6,4,7
GCF_002953395.1|NZ_CP014036.1|NZ_CP014036.1_2574,1,1,1
GCF_002953395.1|NZ_CP014036.1|NZ_CP014036.1_2575,1,1,1
GCF_002953395.1|NZ_CP014036.1|NZ_CP014036.1_2589,14,9,14
GCF_002953395.1|NZ_CP014036.1|NZ_CP014036.1_2594,4,3,5
GCF_002953395.1|NZ_CP014036.1|NZ_CP014036.1_2595,1,1,1
GCF_002953515.1|NZ_CP014053.1|NZ_CP014053.1_279,11,3,11
GCF_002953515.1|NZ_CP014053.1|NZ_CP014053.1_709,10,2,10
GCF_002953515.1|NZ_CP014053.1|NZ_CP014053.1_714,14,4,14
GCF_002953515.1|NZ_CP014053.1|NZ_CP014053.1_715,13,3,13
GCF_002953515.1|NZ_CP014053.1|NZ_CP014053.1_719,18,6,18
GCF_002953515.1|NZ_CP014053.1|NZ_CP014053.1_724,1,1,1
GCF_002953515.1|NZ_CP014053.1|NZ_CP014053.1_727,8,2,8
GCF_002953515.1|NZ_CP014053.1|NZ_CP014053.1_731,10,3,10
GCF_002953515.1|NZ_CP014053.1|NZ_CP014053.1_732,8,3,8
GCF_002953515.1|NZ_CP014053.1|NZ_CP014053.1_734,5,2,5
GCF_002953515.1|NZ_CP014053.1|NZ_CP014053.1_736,8,2,8
GCF_002953515.1|NZ_CP014053.1|NZ_CP014053.1_737,8,2,8
GCF_002953515.1|NZ_CP014053.1|NZ_CP014053.1_738,7,2,7
GCF_002953515.1|NZ_CP014053.1|NZ_CP014053.1_739,7,2,7
GCF_002953515.1|NZ_CP014053.1|NZ_CP014053.1_740,7,2,7
GCF_002953515.1|NZ_CP014053.1|NZ_CP014053.1_747,48,13,49
GCF_002953515.1|NZ_CP014053.1|NZ_CP014053.1_758,29,9,34
GCF_002953515.1|NZ_CP014053.1|NZ_CP014053.1_762,3,1,3
GCF_002953515.1|NZ_CP014053.1|NZ_CP014053.1_764,4,1,4
GCF_002953515.1|NZ_CP014053.1|NZ_CP014053.1_765,1,1,1
GCF_002953515.1|NZ_CP014053.1|NZ_CP014053.1_769,5,1,5
GCF_002953515.1|NZ_CP014053.1|NZ_CP014053.1_770,5,1,5
GCF_002953975.1|NZ_CP014045.1|NZ_CP014045.1_1265,4,2,4
GCF_003047125.1|NZ_CP017635.1|NZ_CP017635.1_539,6,4,6
GCF_003047125.1|NZ_CP017635.1|NZ_CP017635.1_540,5,2,5
GCF_003047125.1|NZ_CP017635.1|NZ_CP017635.1_544,3,2,4
GCF_003047125.1|NZ_CP017635.1|NZ_CP017635.1_570,1,1,1
GCF_003047125.1|NZ_CP017635.1|NZ_CP017635.1_577,2,2,3
GCF_003047125.1|NZ_CP017635.1|NZ_CP017635.1_610,4,4,5
GCF_003047125.1|NZ_CP017635.1|NZ_CP017635.1_620,3,2,5
GCF_003047125.1|NZ_CP017635.1|NZ_CP017635.1_623,1,1,1
GCF_003047125.1|NZ_CP017635.1|NZ_CP017635.1_624,1,1,1
GCF_003047125.1|NZ_CP017635.1|NZ_CP017635.1_626,1,1,1
GCF_003047125.1|NZ_CP017635.1|NZ_CP017635.1_627,1,1,1
GCF_003047125.1|NZ_CP017635.1|NZ_CP017635.1_628,1,1,1
GCF_003047125.1|NZ_CP017635.1|NZ_CP017635.1_631,1,1,1
GCF_003047125.1|NZ_CP017635.1|NZ_CP017635.1_633,3,3,3
GCF_003047125.1|NZ_CP017635.1|NZ_CP017635.1_639,1,1,1
GCF_003047125.1|NZ_CP017635.1|NZ_CP017635.1_752,1,1,1
GCF_003047125.1|NZ_CP017635.1|NZ_CP017635.1_755,1,1,1
GCF_003047125.1|NZ_CP017635.1|NZ_CP017635.1_756,3,3,3
GCF_003063885.1|NZ_CP028893.1|NZ_CP028893.1_257,1,1,1
GCF_003063885.1|NZ_CP028893.1|NZ_CP028893.1_263,3,1,3
GCF_003063885.1|NZ_CP028893.1|NZ_CP028893.1_282,1,1,1
GCF_003063885.1|NZ_CP028893.1|NZ_CP028893.1_288,2,2,2
GCF_003063885.1|NZ_CP028893.1|NZ_CP028893.1_294,7,4,7
GCF_003063885.1|NZ_CP028893.1|NZ_CP028893.1_301,1,1,1
GCF_003063885.1|NZ_CP028893.1|NZ_CP028893.1_313,1,1,1
GCF_003063885.1|NZ_CP028893.1|NZ_CP028893.1_322,3,2,3
GCF_003063885.1|NZ_CP028893.1|NZ_CP028893.1_323,3,2,3
GCF_003063885.1|NZ_CP028893.1|NZ_CP028893.1_324,3,2,3
GCF_003063885.1|NZ_CP028893.1|NZ_CP028893.1_326,41,10,46
GCF_003063885.1|NZ_CP028893.1|NZ_CP028893.1_329,4,3,4
GCF_003063885.1|NZ_CP028893.1|NZ_CP028893.1_337,8,6,8
GCF_003063885.1|NZ_CP028893.1|NZ_CP028893.1_345,3,1,5
GCF_003076895.1|NZ_CP028141.1|NZ_CP028141.1_1071,6,1,8
GCF_003076895.1|NZ_CP028141.1|NZ_CP028141.1_1075,4,2,4
GCF_003076895.1|NZ_CP028141.1|NZ_CP028141.1_1076,3,1,3
GCF_003076895.1|NZ_CP028141.1|NZ_CP028141.1_1087,17,6,17
GCF_003076895.1|NZ_CP028141.1|NZ_CP028141.1_1089,13,5,13
GCF_003076895.1|NZ_CP028141.1|NZ_CP028141.1_1105,4,1,4
GCF_003076895.1|NZ_CP028141.1|NZ_CP028141.1_1106,4,1,4
GCF_003076895.1|NZ_CP028141.1|NZ_CP028141.1_1107,3,2,3
GCF_003076895.1|NZ_CP028141.1|NZ_CP028141.1_1115,4,1,4
GCF_003076895.1|NZ_CP028141.1|NZ_CP028141.1_1116,4,1,4
GCF_003076895.1|NZ_CP028141.1|NZ_CP028141.1_1117,270,42,322
GCF_003076895.1|NZ_CP028141.1|NZ_CP028141.1_1128,4,1,4
GCF_003085735.1|NZ_CP020034.1|NZ_CP020034.1_1125,9,2,10
GCF_003085735.1|NZ_CP020034.1|NZ_CP020034.1_1126,9,2,9
GCF_003085735.1|NZ_CP020034.1|NZ_CP020034.1_1127,9,2,9
GCF_003085735.1|NZ_CP020034.1|NZ_CP020034.1_1130,7,1,14
GCF_003085735.1|NZ_CP020034.1|NZ_CP020034.1_1134,9,3,9
GCF_003085735.1|NZ_CP020034.1|NZ_CP020034.1_1136,8,2,8
GCF_003085735.1|NZ_CP020034.1|NZ_CP020034.1_1138,8,3,8
GCF_003085735.1|NZ_CP020034.1|NZ_CP020034.1_1241,11,5,11
GCF_003085735.1|NZ_CP020034.1|NZ_CP020034.1_1243,8,2,8
GCF_003085735.1|NZ_CP020034.1|NZ_CP020034.1_1246,12,1,12
GCF_003085735.1|NZ_CP020034.1|NZ_CP020034.1_1251,6,1,6
GCF_003085735.1|NZ_CP020034.1|NZ_CP020034.1_1253,9,1,9
GCF_003085735.1|NZ_CP020034.1|NZ_CP020034.1_1254,10,2,10
GCF_003085735.1|NZ_CP020034.1|NZ_CP020034.1_1259,7,1,7
GCF_003085735.1|NZ_CP020034.1|NZ_CP020034.1_1261,14,4,15
GCF_003085735.1|NZ_CP020034.1|NZ_CP020034.1_1262,7,1,7
GCF_003085735.1|NZ_CP020034.1|NZ_CP020034.1_1264,6,1,6
GCF_003085735.1|NZ_CP020034.1|NZ_CP020034.1_1266,11,3,11
GCF_003119375.1|NZ_CP028342.1|NZ_CP028342.1_1091,2,1,2
GCF_003119375.1|NZ_CP028342.1|NZ_CP028342.1_1108,2,1,2
GCF_003119375.1|NZ_CP028342.1|NZ_CP028342.1_1109,2,1,2
GCF_003119375.1|NZ_CP028342.1|NZ_CP028342.1_1110,2,1,2
GCF_003119375.1|NZ_CP028342.1|NZ_CP028342.1_1115,2,1,2
GCF_003119375.1|NZ_CP028342.1|NZ_CP028342.1_1119,2,1,2
GCF_003119375.1|NZ_CP028342.1|NZ_CP028342.1_1120,2,1,2
GCF_003119375.1|NZ_CP028342.1|NZ_CP028342.1_1122,2,1,2
GCF_003312585.1|NZ_CP030788.1|NZ_CP030788.1_967,1,1,1
GCF_003312585.1|NZ_CP030788.1|NZ_CP030788.1_969,1,1,1
GCF_003312585.1|NZ_CP030788.1|NZ_CP030788.1_1519,1,1,1
GCF_003312585.1|NZ_CP030788.1|NZ_CP030788.1_1523,1,1,1
GCF_003312585.1|NZ_CP030788.1|NZ_CP030788.1_1524,1,1,1
GCF_003312585.1|NZ_CP030788.1|NZ_CP030788.1_1525,1,1,1
GCF_003312585.1|NZ_CP030788.1|NZ_CP030788.1_1527,3,3,3
GCF_003391375.1|NZ_CP031473.1|NZ_CP031473.1_1593,1,1,1
GCF_003391375.1|NZ_CP031474.1|NZ_CP031474.1_46,1,1,1
GCF_003391375.1|NZ_CP031474.1|NZ_CP031474.1_48,3,3,3
GCF_003391375.1|NZ_CP031474.1|NZ_CP031474.1_235,5,2,5
GCF_003399575.2|NZ_CP034673.1|NZ_CP034673.1_503,12,4,13
GCF_003443775.1|NZ_CP028943.1|NZ_CP028943.1_1680,10,3,10
GCF_003443775.1|NZ_CP028944.1|NZ_CP028944.1_1723,8,5,8
GCF_003522555.1|NZ_CP019290.1|NZ_CP019290.1_1232,1,1,1
GCF_003522555.1|NZ_CP019290.1|NZ_CP019290.1_1233,13,8,13
GCF_003522555.1|NZ_CP019290.1|NZ_CP019290.1_1235,1,1,1
GCF_003522555.1|NZ_CP019290.1|NZ_CP019290.1_1238,4,3,4
GCF_003522555.1|NZ_CP019290.1|NZ_CP019290.1_1239,2,2,2
GCF_003522555.1|NZ_CP019290.1|NZ_CP019290.1_1245,3,3,3
GCF_003522555.1|NZ_CP019290.1|NZ_CP019290.1_1248,1,1,1
GCF_003522555.1|NZ_CP019290.1|NZ_CP019290.1_1259,49,13,51
GCF_003522555.1|NZ_CP019290.1|NZ_CP019290.1_1266,6,5,7
GCF_003522555.1|NZ_CP019290.1|NZ_CP019290.1_1271,2,1,2
GCF_003522555.1|NZ_CP019290.1|NZ_CP019290.1_1274,1,1,1
GCF_003522555.1|NZ_CP019290.1|NZ_CP019290.1_1277,1,1,1
GCF_003522555.1|NZ_CP019290.1|NZ_CP019290.1_1279,1,1,1
GCF_003522555.1|NZ_CP019290.1|NZ_CP019290.1_1284,2,2,2
GCF_003522555.1|NZ_CP019290.1|NZ_CP019290.1_1289,2,2,2
GCF_003522555.1|NZ_CP019290.1|NZ_CP019290.1_1294,1,1,1
GCF_003522555.1|NZ_CP019290.1|NZ_CP019290.1_1295,1,1,1
GCF_003522555.1|NZ_CP019290.1|NZ_CP019290.1_1296,4,4,4
GCF_003522555.1|NZ_CP019290.1|NZ_CP019290.1_1297,1,1,1
GCF_003522555.1|NZ_CP019290.1|NZ_CP019290.1_1315,3,2,3
GCF_003522555.1|NZ_CP019290.1|NZ_CP019290.1_1317,1,1,1
GCF_003522555.1|NZ_CP019290.1|NZ_CP019290.1_1328,2,1,2
GCF_003591575.1|NZ_CP024083.1|NZ_CP024083.1_258,11,6,12
GCF_003591575.1|NZ_CP024083.1|NZ_CP024083.1_260,16,11,18
GCF_003591575.1|NZ_CP024083.1|NZ_CP024083.1_261,1,1,1
GCF_003591575.1|NZ_CP024083.1|NZ_CP024083.1_272,10,6,10
GCF_003591575.1|NZ_CP024083.1|NZ_CP024083.1_276,4,2,6
GCF_003591575.1|NZ_CP024083.1|NZ_CP024083.1_283,1,1,1
GCF_003591575.1|NZ_CP024083.1|NZ_CP024083.1_299,1,1,2
GCF_003591575.1|NZ_CP024083.1|NZ_CP024083.1_316,3,1,3
GCF_003591575.1|NZ_CP024083.1|NZ_CP024083.1_317,3,1,3
GCF_003591575.1|NZ_CP024083.1|NZ_CP024083.1_321,2,2,2
GCF_003591575.1|NZ_CP024083.1|NZ_CP024083.1_328,1,1,1
GCF_003591575.1|NZ_CP024083.1|NZ_CP024083.1_335,5,1,5
GCF_003595585.1|NZ_CP022469.1|NZ_CP022469.1_759,1,1,1
GCF_003595585.1|NZ_CP022469.1|NZ_CP022469.1_762,8,4,9
GCF_003595585.1|NZ_CP022469.1|NZ_CP022469.1_763,1,1,1
GCF_003595585.1|NZ_CP022469.1|NZ_CP022469.1_765,2,2,5
GCF_003595585.1|NZ_CP022469.1|NZ_CP022469.1_771,1,1,1
GCF_003595585.1|NZ_CP022469.1|NZ_CP022469.1_988,1,1,1
GCF_003595585.1|NZ_CP022469.1|NZ_CP022469.1_991,6,5,6
GCF_003612695.1|NZ_CP023472.1|NZ_CP023472.1_1657,2,1,2
GCF_003612695.1|NZ_CP023472.1|NZ_CP023472.1_1684,1,1,1
GCF_003612695.1|NZ_CP023472.1|NZ_CP023472.1_1686,1,1,1
GCF_003612695.1|NZ_CP023472.1|NZ_CP023472.1_1687,1,1,1
GCF_003612695.1|NZ_CP023472.1|NZ_CP023472.1_1688,1,1,1
GCF_003612695.1|NZ_CP023472.1|NZ_CP023472.1_1690,1,1,1
GCF_003612695.1|NZ_CP023472.1|NZ_CP023472.1_1691,1,1,1
GCF_003612695.1|NZ_CP023472.1|NZ_CP023472.1_1692,1,1,1
GCF_003612695.1|NZ_CP023472.1|NZ_CP023472.1_1702,3,3,3
GCF_003612695.1|NZ_CP023472.1|NZ_CP023472.1_1709,1,1,1
GCF_003612695.1|NZ_CP023472.1|NZ_CP023472.1_1712,9,4,9
GCF_003612695.1|NZ_CP023472.1|NZ_CP023472.1_1718,5,4,5
GCF_003612695.1|NZ_CP023472.1|NZ_CP023472.1_1724,1,1,1
GCF_003612695.1|NZ_CP023472.1|NZ_CP023472.1_1727,3,2,4
GCF_003612695.1|NZ_CP023472.1|NZ_CP023472.1_1736,1,1,1
GCF_003612695.1|NZ_CP023472.1|NZ_CP023472.1_1737,1,1,1
GCF_003612695.1|NZ_CP023472.1|NZ_CP023472.1_1738,1,1,1
GCF_003612695.1|NZ_CP023472.1|NZ_CP023472.1_1741,3,3,4
GCF_003612695.1|NZ_CP023472.1|NZ_CP023472.1_1747,2,1,2
GCF_003612695.1|NZ_CP023472.1|NZ_CP023472.1_1753,20,5,20
GCF_003612695.1|NZ_CP023472.1|NZ_CP023472.1_1754,1,1,1
GCF_003612715.1|NZ_CP023485.1|NZ_CP023485.1_1277,1,1,1
GCF_003612715.1|NZ_CP023485.1|NZ_CP023485.1_1279,15,9,15
GCF_003612715.1|NZ_CP023485.1|NZ_CP023485.1_1673,1,1,1
GCF_003612715.1|NZ_CP023485.1|NZ_CP023485.1_1674,3,2,4
GCF_003612715.1|NZ_CP023485.1|NZ_CP023485.1_1688,1,1,1
GCF_003612715.1|NZ_CP023485.1|NZ_CP023485.1_1690,5,4,5
GCF_003612715.1|NZ_CP023485.1|NZ_CP023485.1_1693,1,1,1
GCF_003612715.1|NZ_CP023485.1|NZ_CP023485.1_1696,3,3,3
GCF_003612715.1|NZ_CP023485.1|NZ_CP023485.1_1726,1,1,1
GCF_003612715.1|NZ_CP023485.1|NZ_CP023485.1_1727,1,1,1
GCF_003612715.1|NZ_CP023485.1|NZ_CP023485.1_1750,1,1,1
GCF_003612715.1|NZ_CP023485.1|NZ_CP023485.1_1751,5,2,5
GCF_003612715.1|NZ_CP023485.1|NZ_CP023485.1_1759,1,1,1
GCF_003612715.1|NZ_CP023485.1|NZ_CP023485.1_1761,1,1,2
GCF_003612715.1|NZ_CP023485.1|NZ_CP023485.1_1762,12,10,13
GCF_003612715.1|NZ_CP023485.1|NZ_CP023485.1_1774,1,1,2
GCF_003691485.1|NZ_CP033134.1|NZ_CP033134.1_1812,1,1,1
GCF_003691505.1|NZ_CP033137.1|NZ_CP033137.1_1289,1,1,1
GCF_003691525.1|NZ_CP033141.1|NZ_CP033141.1_1189,4,1,5
GCF_003691525.1|NZ_CP033141.1|NZ_CP033141.1_1192,5,2,5
GCF_003691525.1|NZ_CP033141.1|NZ_CP033141.1_1304,9,2,9
GCF_003691545.1|NZ_CP033144.1|NZ_CP033144.1_911,1,1,1
GCF_003691545.1|NZ_CP033144.1|NZ_CP033144.1_914,1,1,1
GCF_003691545.1|NZ_CP033144.1|NZ_CP033144.1_919,1,1,1
GCF_003691545.1|NZ_CP033144.1|NZ_CP033144.1_922,1,1,1
GCF_003691545.1|NZ_CP033144.1|NZ_CP033144.1_932,1,1,1
GCF_003691545.1|NZ_CP033144.1|NZ_CP033144.1_933,1,1,1
GCF_003691545.1|NZ_CP033144.1|NZ_CP033144.1_935,1,1,1
GCF_003691545.1|NZ_CP033144.1|NZ_CP033144.1_943,1,1,1
GCF_003691545.1|NZ_CP033144.1|NZ_CP033144.1_950,1,1,1
GCF_003691545.1|NZ_CP033144.1|NZ_CP033144.1_952,1,1,1
GCF_003691545.1|NZ_CP033144.1|NZ_CP033144.1_953,1,1,1
GCF_003691545.1|NZ_CP033144.1|NZ_CP033144.1_954,1,1,1
GCF_003691545.1|NZ_CP033144.1|NZ_CP033144.1_957,19,8,20
GCF_003691545.1|NZ_CP033144.1|NZ_CP033144.1_960,1,1,1
GCF_003691545.1|NZ_CP033144.1|NZ_CP033144.1_961,1,1,1
GCF_003691545.1|NZ_CP033144.1|NZ_CP033144.1_965,1,1,1
GCF_003691545.1|NZ_CP033144.1|NZ_CP033144.1_968,29,6,31
GCF_003691545.1|NZ_CP033144.1|NZ_CP033144.1_981,1,1,1
GCF_003691545.1|NZ_CP033144.1|NZ_CP033144.1_984,1,1,1
GCF_003691545.1|NZ_CP033144.1|NZ_CP033144.1_988,1,1,1
GCF_004135105.1|NZ_CP035458.1|NZ_CP035458.1_615,2,1,2
GCF_004135105.1|NZ_CP035458.1|NZ_CP035458.1_617,2,1,2
GCF_004194515.1|NZ_CP034565.1|NZ_CP034565.1_1546,3,2,3
GCF_004194515.1|NZ_CP034565.1|NZ_CP034565.1_1561,2,1,2
GCF_004194515.1|NZ_CP034565.1|NZ_CP034565.1_1566,1,1,1
GCF_004194515.1|NZ_CP034565.1|NZ_CP034565.1_1568,1,1,1
GCF_004194515.1|NZ_CP034565.1|NZ_CP034565.1_1572,3,2,3
GCF_004194515.1|NZ_CP034565.1|NZ_CP034565.1_1575,81,14,108
GCF_004194515.1|NZ_CP034565.1|NZ_CP034565.1_1585,3,1,4
GCF_004194515.1|NZ_CP034565.1|NZ_CP034565.1_1588,16,6,16
GCF_004194515.1|NZ_CP034565.1|NZ_CP034565.1_1589,6,3,7
GCF_004194515.1|NZ_CP034565.1|NZ_CP034565.1_1592,1,1,1
GCF_004194515.1|NZ_CP034565.1|NZ_CP034565.1_1593,1,1,1
GCF_004319645.1|NZ_CP027030.1|NZ_CP027030.1_1239,2,1,2
GCF_004319645.1|NZ_CP027030.1|NZ_CP027030.1_1245,12,6,19
GCF_004319645.1|NZ_CP027030.1|NZ_CP027030.1_1265,19,3,20
GCF_004319645.1|NZ_CP027030.1|NZ_CP027030.1_1266,1,1,1
GCF_004319645.1|NZ_CP027030.1|NZ_CP027030.1_1267,1,1,1
GCF_004319645.1|NZ_CP027030.1|NZ_CP027030.1_1269,3,2,3
GCF_004319645.1|NZ_CP027030.1|NZ_CP027030.1_1273,1,1,1
GCF_004319645.1|NZ_CP027030.1|NZ_CP027030.1_1276,1,1,1
GCF_004319645.1|NZ_CP027030.1|NZ_CP027030.1_1280,1,1,2
GCF_004319645.1|NZ_CP027030.1|NZ_CP027030.1_1281,2,1,2
GCF_004319645.1|NZ_CP027030.1|NZ_CP027030.1_1292,2,2,2
GCF_004319645.1|NZ_CP027030.1|NZ_CP027030.1_1307,5,2,5
GCF_004319645.1|NZ_CP027030.1|NZ_CP027030.1_1308,1,1,1
GCF_004319645.1|NZ_CP027030.1|NZ_CP027030.1_1309,1,1,1
GCF_004319645.1|NZ_CP027030.1|NZ_CP027030.1_1334,1,1,1
GCF_005144905.1|NZ_CP039701.1|NZ_CP039701.1_85,6,4,6
GCF_005280275.1|NZ_CP040021.1|NZ_CP040021.1_1116,1,1,1
GCF_005280275.1|NZ_CP040021.1|NZ_CP040021.1_1117,1,1,1
GCF_005280275.1|NZ_CP040021.1|NZ_CP040021.1_1118,1,1,1
GCF_005280275.1|NZ_CP040021.1|NZ_CP040021.1_1120,1,1,1
GCF_005280275.1|NZ_CP040022.1|NZ_CP040022.1_136,1,1,1
GCF_005280275.1|NZ_CP040022.1|NZ_CP040022.1_137,1,1,1
GCF_005280275.1|NZ_CP040022.1|NZ_CP040022.1_138,1,1,1
GCF_005280275.1|NZ_CP040022.1|NZ_CP040022.1_139,1,1,1
GCF_005280275.1|NZ_CP040022.1|NZ_CP040022.1_140,1,1,1
GCF_005280275.1|NZ_CP040022.1|NZ_CP040022.1_142,26,14,27
GCF_005280275.1|NZ_CP040022.1|NZ_CP040022.1_143,1,1,1
GCF_006364355.1|NZ_CP040990.1|NZ_CP040990.1_2412,5,4,5
GCF_006364355.1|NZ_CP040990.1|NZ_CP040990.1_2413,13,7,13
GCF_006364355.1|NZ_CP040990.1|NZ_CP040990.1_2420,3,1,3
GCF_006364355.1|NZ_CP040990.1|NZ_CP040990.1_2422,3,2,3
GCF_006364355.1|NZ_CP040991.1|NZ_CP040991.1_235,7,4,7
GCF_006364355.1|NZ_CP040991.1|NZ_CP040991.1_236,7,3,7
GCF_006364355.1|NZ_CP040991.1|NZ_CP040991.1_1379,8,3,10
GCF_006364355.1|NZ_CP040991.1|NZ_CP040991.1_1381,8,6,8
GCF_006364355.1|NZ_CP040991.1|NZ_CP040991.1_1393,7,5,7
GCF_006364355.1|NZ_CP040991.1|NZ_CP040991.1_1402,15,5,17
GCF_006364355.1|NZ_CP040991.1|NZ_CP040991.1_1403,4,3,4
GCF_006364355.1|NZ_CP040991.1|NZ_CP040991.1_1404,5,4,5
GCF_006364355.1|NZ_CP040991.1|NZ_CP040991.1_1408,9,3,9
GCF_006364355.1|NZ_CP040991.1|NZ_CP040991.1_1409,3,1,3
GCF_006517795.1|NZ_CP041202.1|NZ_CP041202.1_1283,1,1,1
GCF_006517795.1|NZ_CP041202.1|NZ_CP041202.1_1286,4,3,4
GCF_006517795.1|NZ_CP041202.1|NZ_CP041202.1_1289,3,3,3
GCF_006517795.1|NZ_CP041202.1|NZ_CP041202.1_1292,5,1,5
GCF_006517795.1|NZ_CP041202.1|NZ_CP041202.1_1300,4,3,4
GCF_008369605.1|NZ_CP043556.1|NZ_CP043556.1_803,3,1,5
GCF_008369605.1|NZ_CP043556.1|NZ_CP043556.1_804,16,5,19
GCF_008369605.1|NZ_CP043556.1|NZ_CP043556.1_809,1,1,1
GCF_008369605.1|NZ_CP043556.1|NZ_CP043556.1_810,1,1,1
GCF_008369605.1|NZ_CP043556.1|NZ_CP043556.1_812,1,1,1
GCF_008369605.1|NZ_CP043556.1|NZ_CP043556.1_817,1,1,1
GCF_008369605.1|NZ_CP043556.1|NZ_CP043556.1_821,6,2,6
GCF_008369605.1|NZ_CP043556.1|NZ_CP043556.1_826,143,32,196
GCF_008369605.1|NZ_CP043556.1|NZ_CP043556.1_838,11,5,11
GCF_008369605.1|NZ_CP043556.1|NZ_CP043556.1_857,1,1,1
GCF_008369605.1|NZ_CP043556.1|NZ_CP043556.1_858,1,1,1
GCF_008369605.1|NZ_CP043556.1|NZ_CP043556.1_864,1,1,1
GCF_008369605.1|NZ_CP043556.1|NZ_CP043556.1_872,10,2,10
GCF_008369605.1|NZ_CP043556.1|NZ_CP043556.1_880,3,3,3
GCF_008369605.1|NZ_CP043556.1|NZ_CP043556.1_888,5,2,5
GCF_008369605.1|NZ_CP043556.1|NZ_CP043556.1_889,4,2,4
GCF_008369605.1|NZ_CP043556.1|NZ_CP043556.1_897,1,1,1
GCF_008369605.1|NZ_CP043556.1|NZ_CP043556.1_904,1,1,1
GCF_008369605.1|NZ_CP043556.1|NZ_CP043556.1_905,3,1,3
GCF_008369605.1|NZ_CP043556.1|NZ_CP043556.1_907,1,1,1
GCF_008693685.1|NZ_CP044069.1|NZ_CP044069.1_1705,2,2,2
GCF_000006745.1|NC_002506.1|NC_002506.1_271,94,14,105
GCF_000006745.1|NC_002506.1|NC_002506.1_272,85,10,85
GCF_000006745.1|NC_002506.1|NC_002506.1_274,114,20,285
GCF_000006745.1|NC_002506.1|NC_002506.1_275,96,10,96
GCF_000006745.1|NC_002506.1|NC_002506.1_277,138,27,160
GCF_000006745.1|NC_002506.1|NC_002506.1_279,89,11,89
GCF_000006745.1|NC_002506.1|NC_002506.1_280,97,15,97
GCF_000006745.1|NC_002506.1|NC_002506.1_281,114,20,116
GCF_000006745.1|NC_002506.1|NC_002506.1_282,108,15,110
GCF_000006745.1|NC_002506.1|NC_002506.1_284,280,51,419
GCF_000006745.1|NC_002506.1|NC_002506.1_288,175,26,422
GCF_000006745.1|NC_002506.1|NC_002506.1_291,101,18,102
GCF_000006745.1|NC_002506.1|NC_002506.1_292,146,25,154
GCF_000006745.1|NC_002506.1|NC_002506.1_293,147,26,155
GCF_000006745.1|NC_002506.1|NC_002506.1_294,156,22,357
GCF_000006745.1|NC_002506.1|NC_002506.1_299,123,19,133
GCF_000006745.1|NC_002506.1|NC_002506.1_300,87,14,87
GCF_000006745.1|NC_002506.1|NC_002506.1_301,41,17,57
GCF_000006745.1|NC_002506.1|NC_002506.1_302,168,31,197
GCF_000006745.1|NC_002506.1|NC_002506.1_303,95,16,95
GCF_000006745.1|NC_002506.1|NC_002506.1_305,235,41,364
GCF_000006745.1|NC_002506.1|NC_002506.1_306,87,12,87
GCF_000006745.1|NC_002506.1|NC_002506.1_311,137,18,282
GCF_000006745.1|NC_002506.1|NC_002506.1_317,425,71,622
GCF_000006745.1|NC_002506.1|NC_002506.1_319,82,11,82
GCF_000006745.1|NC_002506.1|NC_002506.1_321,130,23,131
GCF_000006745.1|NC_002506.1|NC_002506.1_329,105,18,106
GCF_000006745.1|NC_002506.1|NC_002506.1_331,3,2,3
GCF_000006745.1|NC_002506.1|NC_002506.1_334,95,14,95
GCF_000006745.1|NC_002506.1|NC_002506.1_335,79,10,79
GCF_000006745.1|NC_002506.1|NC_002506.1_344,87,12,87
GCF_000006745.1|NC_002506.1|NC_002506.1_347,222,33,261
GCF_000006745.1|NC_002506.1|NC_002506.1_348,98,13,98
GCF_000006745.1|NC_002506.1|NC_002506.1_350,161,25,183
GCF_000006745.1|NC_002506.1|NC_002506.1_352,69,10,69
GCF_000006745.1|NC_002506.1|NC_002506.1_353,112,16,123
GCF_000006745.1|NC_002506.1|NC_002506.1_355,56,8,56
GCF_000006745.1|NC_002506.1|NC_002506.1_359,49,7,49
GCF_000006745.1|NC_002506.1|NC_002506.1_361,105,18,148
GCF_000006745.1|NC_002506.1|NC_002506.1_362,51,7,51
GCF_000006745.1|NC_002506.1|NC_002506.1_363,49,7,49
GCF_000006745.1|NC_002506.1|NC_002506.1_364,58,16,58
GCF_009184745.1|NZ_CP045070.1|NZ_CP045070.1_1073,11,3,12
GCF_009184745.1|NZ_CP045070.1|NZ_CP045070.1_1086,1,1,1
GCF_009184745.1|NZ_CP045070.1|NZ_CP045070.1_1087,2,1,2
GCF_009184745.1|NZ_CP045070.1|NZ_CP045070.1_1088,1,1,1
GCF_009184745.1|NZ_CP045070.1|NZ_CP045070.1_1091,4,1,4
GCF_009184745.1|NZ_CP045070.1|NZ_CP045070.1_1095,1,1,1
GCF_009184745.1|NZ_CP045070.1|NZ_CP045070.1_1096,1,1,1
GCF_009184745.1|NZ_CP045070.1|NZ_CP045070.1_1097,1,1,1
GCF_009184745.1|NZ_CP045070.1|NZ_CP045070.1_1099,15,4,15
GCF_009184745.1|NZ_CP045070.1|NZ_CP045070.1_1105,19,4,19
GCF_009184745.1|NZ_CP045070.1|NZ_CP045070.1_1107,6,1,7
GCF_009184745.1|NZ_CP045070.1|NZ_CP045070.1_1111,4,3,4
GCF_009184745.1|NZ_CP045070.1|NZ_CP045070.1_1113,6,5,6
GCF_009184745.1|NZ_CP045070.1|NZ_CP045070.1_1126,1,1,1
GCF_009184745.1|NZ_CP045070.1|NZ_CP045070.1_1131,1,1,1
GCF_009184745.1|NZ_CP045070.1|NZ_CP045070.1_1132,1,1,1
GCF_009184745.1|NZ_CP045070.1|NZ_CP045070.1_1135,1,1,1
GCF_009184745.1|NZ_CP045070.1|NZ_CP045070.1_1144,1,1,1
GCF_009184745.1|NZ_CP045070.1|NZ_CP045070.1_1147,3,3,3
GCF_009184745.1|NZ_CP045070.1|NZ_CP045070.1_1152,1,1,1
GCF_009184745.1|NZ_CP045070.1|NZ_CP045070.1_1157,2,1,2
GCF_009184745.1|NZ_CP045070.1|NZ_CP045070.1_1160,10,3,10
GCF_009665195.1|NZ_CP035683.1|NZ_CP035683.1_212,3,3,3
GCF_009665195.1|NZ_CP035683.1|NZ_CP035683.1_223,1,1,1
GCF_009665195.1|NZ_CP035683.1|NZ_CP035683.1_225,1,1,1
GCF_009665195.1|NZ_CP035683.1|NZ_CP035683.1_226,1,1,1
GCF_009665195.1|NZ_CP035683.1|NZ_CP035683.1_228,1,1,1
GCF_009665195.1|NZ_CP035683.1|NZ_CP035683.1_229,8,3,8
GCF_009665195.1|NZ_CP035683.1|NZ_CP035683.1_233,2,2,2
GCF_009665195.1|NZ_CP035683.1|NZ_CP035683.1_238,1,1,1
GCF_009665215.1|NZ_CP035680.1|NZ_CP035680.1_1911,1,1,1
GCF_009665215.1|NZ_CP035680.1|NZ_CP035680.1_1912,4,2,4
GCF_009665215.1|NZ_CP035680.1|NZ_CP035680.1_1926,1,1,6
GCF_009665215.1|NZ_CP035680.1|NZ_CP035680.1_1938,1,1,1
GCF_009665215.1|NZ_CP035680.1|NZ_CP035680.1_1943,3,2,4
GCF_009665215.1|NZ_CP035680.1|NZ_CP035680.1_1947,10,8,35
GCF_009665215.1|NZ_CP035680.1|NZ_CP035680.1_1949,1,1,1
GCF_009665215.1|NZ_CP035680.1|NZ_CP035680.1_1952,1,1,1
GCF_009665215.1|NZ_CP035680.1|NZ_CP035680.1_1955,5,3,11
GCF_009665215.1|NZ_CP035680.1|NZ_CP035680.1_1956,1,1,2
GCF_009665215.1|NZ_CP035680.1|NZ_CP035680.1_1957,1,1,1
GCF_009665215.1|NZ_CP035680.1|NZ_CP035680.1_1960,1,1,1
GCF_009665215.1|NZ_CP035680.1|NZ_CP035680.1_1968,4,3,4
GCF_009665315.1|NZ_CP035693.1|NZ_CP035693.1_2365,1,1,1
GCF_009665315.1|NZ_CP035693.1|NZ_CP035693.1_2366,1,1,1
GCF_009665315.1|NZ_CP035693.1|NZ_CP035693.1_2379,1,1,1
GCF_009665315.1|NZ_CP035693.1|NZ_CP035693.1_2388,4,1,4
GCF_009665315.1|NZ_CP035693.1|NZ_CP035693.1_2390,2,2,2
GCF_009665315.1|NZ_CP035693.1|NZ_CP035693.1_2392,4,2,4
GCF_009665315.1|NZ_CP035693.1|NZ_CP035693.1_2393,1,1,1
GCF_009665315.1|NZ_CP035693.1|NZ_CP035693.1_2396,10,4,10
GCF_009665315.1|NZ_CP035693.1|NZ_CP035693.1_2400,3,2,3
GCF_009665315.1|NZ_CP035693.1|NZ_CP035693.1_2402,11,1,11
GCF_009665335.1|NZ_CP035694.1|NZ_CP035694.1_744,1,1,1
GCF_009665335.1|NZ_CP035694.1|NZ_CP035694.1_992,1,1,1
GCF_009665335.1|NZ_CP035694.1|NZ_CP035694.1_993,1,1,1
GCF_009665335.1|NZ_CP035694.1|NZ_CP035694.1_1351,1,1,1
GCF_009665395.1|NZ_CP035698.1|NZ_CP035698.1_346,4,2,4
GCF_009665395.1|NZ_CP035698.1|NZ_CP035698.1_386,2,1,3
GCF_009665395.1|NZ_CP035698.1|NZ_CP035698.1_514,3,2,3
GCF_009665395.1|NZ_CP035698.1|NZ_CP035698.1_515,3,2,3
GCF_009665395.1|NZ_CP035698.1|NZ_CP035698.1_521,6,4,7
GCF_009665415.1|NZ_CP035921.1|NZ_CP035921.1_169,1,1,1
GCF_009665415.1|NZ_CP035921.1|NZ_CP035921.1_185,1,1,1
GCF_009665415.1|NZ_CP035921.1|NZ_CP035921.1_192,10,5,12
GCF_009665415.1|NZ_CP035921.1|NZ_CP035921.1_193,1,1,1
GCF_009665415.1|NZ_CP035921.1|NZ_CP035921.1_199,1,1,1
GCF_009665415.1|NZ_CP035921.1|NZ_CP035921.1_201,16,6,16
GCF_009665415.1|NZ_CP035921.1|NZ_CP035921.1_202,3,3,3
GCF_009665415.1|NZ_CP035921.1|NZ_CP035921.1_207,9,8,9
GCF_009665415.1|NZ_CP035921.1|NZ_CP035921.1_214,1,1,1
GCF_009665415.1|NZ_CP035921.1|NZ_CP035921.1_219,3,3,3
GCF_009665415.1|NZ_CP035921.1|NZ_CP035921.1_223,7,5,8
GCF_009665415.1|NZ_CP035921.1|NZ_CP035921.1_229,1,1,1
GCF_009665415.1|NZ_CP035921.1|NZ_CP035921.1_232,2,2,3
GCF_009665475.1|NZ_CP035731.1|NZ_CP035731.1_375,5,4,5
GCF_009665475.1|NZ_CP035731.1|NZ_CP035731.1_385,1,1,1
GCF_009665475.1|NZ_CP035731.1|NZ_CP035731.1_386,1,1,1
GCF_009665475.1|NZ_CP035731.1|NZ_CP035731.1_395,3,2,3
GCF_009665475.1|NZ_CP035731.1|NZ_CP035731.1_396,1,1,1
GCF_009665475.1|NZ_CP035731.1|NZ_CP035731.1_408,1,1,1
GCF_009665475.1|NZ_CP035731.1|NZ_CP035731.1_411,1,1,1
GCF_009665475.1|NZ_CP035731.1|NZ_CP035731.1_412,19,11,20
GCF_009665475.1|NZ_CP035731.1|NZ_CP035731.1_425,2,1,2
GCF_009665475.1|NZ_CP035731.1|NZ_CP035731.1_429,1,1,1
GCF_009665495.1|NZ_CP035701.1|NZ_CP035701.1_1355,2,2,2
GCF_009665495.1|NZ_CP035701.1|NZ_CP035701.1_1358,2,1,2
GCF_009665495.1|NZ_CP035701.1|NZ_CP035701.1_1359,4,4,4
GCF_009734325.1|NZ_CP046411.1|NZ_CP046411.1_143,5,2,5
GCF_009734325.1|NZ_CP046411.1|NZ_CP046411.1_148,5,1,5
GCF_009734325.1|NZ_CP046411.1|NZ_CP046411.1_149,7,3,7
GCF_009734325.1|NZ_CP046411.1|NZ_CP046411.1_151,4,1,4
GCF_009734325.1|NZ_CP046411.1|NZ_CP046411.1_156,4,1,4
GCF_009734325.1|NZ_CP046411.1|NZ_CP046411.1_157,8,1,8
GCF_009734325.1|NZ_CP046411.1|NZ_CP046411.1_160,4,1,4
GCF_009734325.1|NZ_CP046411.1|NZ_CP046411.1_176,4,1,4
GCF_009734325.1|NZ_CP046411.1|NZ_CP046411.1_178,4,1,4
GCF_009734325.1|NZ_CP046411.1|NZ_CP046411.1_179,5,1,5
GCF_009734325.1|NZ_CP046411.1|NZ_CP046411.1_180,4,1,4
GCF_009762895.1|NZ_CP046735.1|NZ_CP046735.1_4,3,1,3
GCF_009762895.1|NZ_CP046735.1|NZ_CP046735.1_5,7,5,7
GCF_009762895.1|NZ_CP046735.1|NZ_CP046735.1_19,4,1,4
GCF_009762895.1|NZ_CP046735.1|NZ_CP046735.1_22,6,2,6
GCF_009762895.1|NZ_CP046735.1|NZ_CP046735.1_28,5,3,5
GCF_009762895.1|NZ_CP046735.1|NZ_CP046735.1_38,3,3,3
GCF_009762895.1|NZ_CP046735.1|NZ_CP046735.1_39,4,2,4
GCF_009762895.1|NZ_CP046735.1|NZ_CP046735.1_838,4,2,5
GCF_009762965.1|NZ_CP046741.1|NZ_CP046741.1_605,2,2,2
GCF_009762965.1|NZ_CP046741.1|NZ_CP046741.1_606,6,6,6
GCF_009763045.1|NZ_CP046748.1|NZ_CP046748.1_603,28,4,33
GCF_009763065.1|NZ_CP046750.1|NZ_CP046750.1_1,2,2,2
GCF_009763065.1|NZ_CP046750.1|NZ_CP046750.1_5,23,8,30
GCF_009763065.1|NZ_CP046750.1|NZ_CP046750.1_10,1,1,1
GCF_009763065.1|NZ_CP046750.1|NZ_CP046750.1_34,2,1,3
GCF_009763065.1|NZ_CP046750.1|NZ_CP046750.1_53,4,3,5
GCF_009763065.1|NZ_CP046750.1|NZ_CP046750.1_67,3,2,3
GCF_009763065.1|NZ_CP046750.1|NZ_CP046750.1_68,1,1,1
GCF_009763065.1|NZ_CP046750.1|NZ_CP046750.1_74,9,5,10
GCF_009763065.1|NZ_CP046750.1|NZ_CP046750.1_77,3,2,3
GCF_009763065.1|NZ_CP046750.1|NZ_CP046750.1_78,3,2,3
GCF_009763065.1|NZ_CP046750.1|NZ_CP046750.1_81,3,1,3
GCF_009763445.1|NZ_CP046763.1|NZ_CP046763.1_2831,3,1,3
GCF_009763445.1|NZ_CP046763.1|NZ_CP046763.1_2836,3,2,3
GCF_009763445.1|NZ_CP046763.1|NZ_CP046763.1_2852,2,1,2
GCF_009763445.1|NZ_CP046763.1|NZ_CP046763.1_2869,2,2,2
GCF_009763445.1|NZ_CP046763.1|NZ_CP046763.1_2872,3,3,3
GCF_009763445.1|NZ_CP046763.1|NZ_CP046763.1_2876,2,1,2
GCF_009763445.1|NZ_CP046763.1|NZ_CP046763.1_2885,2,1,2
GCF_009763445.1|NZ_CP046763.1|NZ_CP046763.1_2889,1,1,1
GCF_009763445.1|NZ_CP046763.1|NZ_CP046763.1_2890,1,1,1
GCF_009763445.1|NZ_CP046763.1|NZ_CP046763.1_2895,3,2,3
GCF_009763485.1|NZ_CP046816.1|NZ_CP046816.1_319,3,3,3
GCF_009763485.1|NZ_CP046816.1|NZ_CP046816.1_320,3,3,3
GCF_009763485.1|NZ_CP046816.1|NZ_CP046816.1_352,1,1,1
GCF_009763485.1|NZ_CP046816.1|NZ_CP046816.1_356,1,1,1
GCF_009763485.1|NZ_CP046816.1|NZ_CP046816.1_357,1,1,1
GCF_009763485.1|NZ_CP046816.1|NZ_CP046816.1_362,2,2,2
GCF_009763485.1|NZ_CP046816.1|NZ_CP046816.1_363,1,1,2
GCF_009763505.1|NZ_CP046778.1|NZ_CP046778.1_184,1,1,1
GCF_009763605.1|NZ_CP046785.1|NZ_CP046785.1_2235,1,1,1
GCF_009763605.1|NZ_CP046785.1|NZ_CP046785.1_2236,4,4,4
GCF_009763605.1|NZ_CP046785.1|NZ_CP046785.1_2238,1,1,1
GCF_009763605.1|NZ_CP046785.1|NZ_CP046785.1_2240,1,1,1
GCF_009763605.1|NZ_CP046785.1|NZ_CP046785.1_2241,1,1,1
GCF_009763605.1|NZ_CP046785.1|NZ_CP046785.1_2243,1,1,1
GCF_009763605.1|NZ_CP046785.1|NZ_CP046785.1_2245,2,1,2
GCF_009763605.1|NZ_CP046785.1|NZ_CP046785.1_2247,3,3,3
GCF_009763605.1|NZ_CP046785.1|NZ_CP046785.1_2251,1,1,1
GCF_009763625.1|NZ_CP046787.1|NZ_CP046787.1_2057,4,3,4
GCF_009763625.1|NZ_CP046787.1|NZ_CP046787.1_2064,1,1,1
GCF_009763625.1|NZ_CP046787.1|NZ_CP046787.1_2065,2,2,2
GCF_009763625.1|NZ_CP046787.1|NZ_CP046787.1_2068,5,3,5
GCF_009763625.1|NZ_CP046787.1|NZ_CP046787.1_2069,1,1,1
GCF_009763625.1|NZ_CP046787.1|NZ_CP046787.1_2070,117,24,117
GCF_009763625.1|NZ_CP046787.1|NZ_CP046787.1_2081,3,2,5
GCF_009763625.1|NZ_CP046787.1|NZ_CP046787.1_2082,1,1,1
GCF_009763625.1|NZ_CP046787.1|NZ_CP046787.1_2092,1,1,1
GCF_009763625.1|NZ_CP046787.1|NZ_CP046787.1_2099,1,1,1
GCF_009763625.1|NZ_CP046787.1|NZ_CP046787.1_2104,2,1,2
GCF_009763625.1|NZ_CP046787.1|NZ_CP046787.1_2108,1,1,1
GCF_009763625.1|NZ_CP046787.1|NZ_CP046787.1_2114,1,1,1
GCF_009763625.1|NZ_CP046787.1|NZ_CP046787.1_2116,10,6,10
GCF_009763625.1|NZ_CP046787.1|NZ_CP046787.1_2119,2,1,2
GCF_009763625.1|NZ_CP046787.1|NZ_CP046787.1_2121,1,1,1
GCF_009763745.1|NZ_CP046806.1|NZ_CP046806.1_818,4,1,4
GCF_009763745.1|NZ_CP046806.1|NZ_CP046806.1_829,2,1,3
GCF_009763745.1|NZ_CP046806.1|NZ_CP046806.1_838,4,2,4
GCF_009763745.1|NZ_CP046807.1|NZ_CP046807.1_65,1,1,1
GCF_009763765.1|NZ_CP046794.1|NZ_CP046794.1_114,17,8,19
GCF_009763765.1|NZ_CP046794.1|NZ_CP046794.1_118,1,1,1
GCF_009763765.1|NZ_CP046794.1|NZ_CP046794.1_119,1,1,1
GCF_009763765.1|NZ_CP046794.1|NZ_CP046794.1_120,4,4,4
GCF_009763765.1|NZ_CP046794.1|NZ_CP046794.1_133,1,1,1
GCF_009763765.1|NZ_CP046794.1|NZ_CP046794.1_143,1,1,2
GCF_009763765.1|NZ_CP046794.1|NZ_CP046794.1_144,1,1,2
GCF_009763765.1|NZ_CP046794.1|NZ_CP046794.1_150,6,1,8
GCF_009763765.1|NZ_CP046794.1|NZ_CP046794.1_155,1,1,1
GCF_009763845.1|NZ_CP046812.1|NZ_CP046812.1_115,3,2,3
GCF_009763845.1|NZ_CP046812.1|NZ_CP046812.1_116,9,3,9
GCF_009763845.1|NZ_CP046812.1|NZ_CP046812.1_118,4,3,6
GCF_009763845.1|NZ_CP046812.1|NZ_CP046812.1_119,1,1,1
GCF_009763845.1|NZ_CP046812.1|NZ_CP046812.1_121,1,1,1
GCF_009763845.1|NZ_CP046812.1|NZ_CP046812.1_124,2,2,2
GCF_009763865.1|NZ_CP046818.1|NZ_CP046818.1_945,1,1,1
GCF_009763865.1|NZ_CP046818.1|NZ_CP046818.1_951,2,2,2
GCF_009763865.1|NZ_CP046818.1|NZ_CP046818.1_952,1,1,1
GCF_009763865.1|NZ_CP046818.1|NZ_CP046818.1_953,1,1,1
GCF_009763865.1|NZ_CP046818.1|NZ_CP046818.1_954,1,1,1
GCF_009763865.1|NZ_CP046818.1|NZ_CP046818.1_959,2,2,2
GCF_009763865.1|NZ_CP046818.1|NZ_CP046818.1_967,5,3,5
GCF_009763865.1|NZ_CP046818.1|NZ_CP046818.1_969,2,2,2
GCF_009763865.1|NZ_CP046818.1|NZ_CP046818.1_970,2,2,2
GCF_009763865.1|NZ_CP046818.1|NZ_CP046818.1_976,1,1,1
GCF_009763865.1|NZ_CP046818.1|NZ_CP046818.1_978,4,3,4
GCF_009763865.1|NZ_CP046818.1|NZ_CP046818.1_982,2,1,2
GCF_009763865.1|NZ_CP046818.1|NZ_CP046818.1_987,2,2,2
GCF_009763865.1|NZ_CP046818.1|NZ_CP046818.1_994,1,1,1
GCF_009763865.1|NZ_CP046818.1|NZ_CP046818.1_995,1,1,1
GCF_009763865.1|NZ_CP046818.1|NZ_CP046818.1_1000,1,1,1
GCF_009763865.1|NZ_CP046818.1|NZ_CP046818.1_1007,1,1,1
GCF_009763865.1|NZ_CP046818.1|NZ_CP046818.1_1010,1,1,1
GCF_009763905.1|NZ_CP046819.1|NZ_CP046819.1_94,1,1,1
GCF_009763905.1|NZ_CP046819.1|NZ_CP046819.1_95,1,1,1
GCF_009763905.1|NZ_CP046819.1|NZ_CP046819.1_107,11,2,13
GCF_009763905.1|NZ_CP046819.1|NZ_CP046819.1_111,1,1,1
GCF_009763905.1|NZ_CP046819.1|NZ_CP046819.1_126,1,1,1
GCF_009763905.1|NZ_CP046819.1|NZ_CP046819.1_127,1,1,1
GCF_009763905.1|NZ_CP046819.1|NZ_CP046819.1_134,6,4,6
GCF_009763905.1|NZ_CP046819.1|NZ_CP046819.1_144,4,4,4
GCF_009763905.1|NZ_CP046819.1|NZ_CP046819.1_145,1,1,1
GCF_009763905.1|NZ_CP046819.1|NZ_CP046819.1_152,1,1,1
GCF_009763905.1|NZ_CP046819.1|NZ_CP046819.1_156,1,1,1
GCF_009763905.1|NZ_CP046819.1|NZ_CP046819.1_158,15,8,16
GCF_009763905.1|NZ_CP046819.1|NZ_CP046819.1_159,1,1,1
GCF_009763905.1|NZ_CP046819.1|NZ_CP046819.1_161,1,1,1
GCF_009763905.1|NZ_CP046819.1|NZ_CP046819.1_162,6,2,7
GCF_009763905.1|NZ_CP046819.1|NZ_CP046819.1_165,1,1,1
GCF_009763905.1|NZ_CP046819.1|NZ_CP046819.1_169,1,1,1
GCF_009764025.1|NZ_CP046847.1|NZ_CP046847.1_344,6,6,9
GCF_009764025.1|NZ_CP046847.1|NZ_CP046847.1_350,6,4,6
GCF_009764025.1|NZ_CP046847.1|NZ_CP046847.1_351,6,5,6
GCF_009764025.1|NZ_CP046847.1|NZ_CP046847.1_352,3,2,3
GCF_009764025.1|NZ_CP046847.1|NZ_CP046847.1_357,1,1,1
GCF_009764025.1|NZ_CP046847.1|NZ_CP046847.1_359,1,1,1
GCF_009764025.1|NZ_CP046847.1|NZ_CP046847.1_367,1,1,1
GCF_009764025.1|NZ_CP046847.1|NZ_CP046847.1_371,1,1,1
GCF_009764025.1|NZ_CP046847.1|NZ_CP046847.1_377,1,1,1
GCF_009764025.1|NZ_CP046847.1|NZ_CP046847.1_380,2,2,2
GCF_009764025.1|NZ_CP046847.1|NZ_CP046847.1_386,3,2,3
GCF_009764025.1|NZ_CP046847.1|NZ_CP046847.1_401,1,1,1
GCF_009764025.1|NZ_CP046847.1|NZ_CP046847.1_406,1,1,1
GCF_009764025.1|NZ_CP046847.1|NZ_CP046847.1_414,5,4,5
GCF_009764025.1|NZ_CP046847.1|NZ_CP046847.1_416,1,1,1
GCF_009764025.1|NZ_CP046847.1|NZ_CP046847.1_430,7,6,7
GCF_009764025.1|NZ_CP046847.1|NZ_CP046847.1_437,1,1,1
GCF_009764115.1|NZ_CP046835.1|NZ_CP046835.1_1030,3,2,4
GCF_009764115.1|NZ_CP046835.1|NZ_CP046835.1_1042,5,2,6
GCF_009764115.1|NZ_CP046835.1|NZ_CP046835.1_1043,4,3,6
GCF_009764115.1|NZ_CP046835.1|NZ_CP046835.1_1046,1,1,1
GCF_009764115.1|NZ_CP046835.1|NZ_CP046835.1_1058,1,1,1
GCF_009764115.1|NZ_CP046835.1|NZ_CP046835.1_1063,1,1,1
GCF_009764115.1|NZ_CP046835.1|NZ_CP046835.1_1069,19,7,19
GCF_009764115.1|NZ_CP046835.1|NZ_CP046835.1_1072,1,1,1
GCF_009764115.1|NZ_CP046835.1|NZ_CP046835.1_1092,1,1,1
GCF_009764115.1|NZ_CP046835.1|NZ_CP046835.1_1093,1,1,1
GCF_009764115.1|NZ_CP046835.1|NZ_CP046835.1_1094,1,1,1
GCF_009764115.1|NZ_CP046835.1|NZ_CP046835.1_1099,1,1,1
GCF_009764115.1|NZ_CP046835.1|NZ_CP046835.1_1114,1,1,1
GCF_009764115.1|NZ_CP046835.1|NZ_CP046835.1_1115,2,2,2
GCF_009764115.1|NZ_CP046835.1|NZ_CP046835.1_1122,1,1,1
GCF_009764115.1|NZ_CP046835.1|NZ_CP046835.1_1123,1,1,1
GCF_009883815.1|NZ_CP034285.1|NZ_CP034285.1_1146,6,2,6
GCF_009883815.1|NZ_CP034285.1|NZ_CP034285.1_1155,5,3,5
GCF_009883815.1|NZ_CP034285.1|NZ_CP034285.1_1157,4,2,4
GCF_009883815.1|NZ_CP034285.1|NZ_CP034285.1_1158,6,1,6
GCF_009883815.1|NZ_CP034285.1|NZ_CP034285.1_1167,4,2,4
GCF_009883815.1|NZ_CP034285.1|NZ_CP034285.1_1170,5,2,5
GCF_009883815.1|NZ_CP034285.1|NZ_CP034285.1_1171,4,1,4
GCF_009883895.1|NZ_CP034305.1|NZ_CP034305.1_1283,1,1,1
GCF_009938165.1|NZ_AP019650.1|NZ_AP019650.1_474,1,1,1
GCF_009938165.1|NZ_AP019650.1|NZ_AP019650.1_475,1,1,1
GCF_009938165.1|NZ_AP019650.1|NZ_AP019650.1_476,2,1,2
GCF_009938165.1|NZ_AP019650.1|NZ_AP019650.1_877,2,1,2
GCF_009938165.1|NZ_AP019650.1|NZ_AP019650.1_878,1,1,1
GCF_009938165.1|NZ_AP019650.1|NZ_AP019650.1_879,1,1,1
GCF_009938185.1|NZ_AP019652.1|NZ_AP019652.1_462,4,4,4
GCF_009938185.1|NZ_AP019652.1|NZ_AP019652.1_463,1,1,1
GCF_009938185.1|NZ_AP019652.1|NZ_AP019652.1_810,3,2,3
GCF_009938185.1|NZ_AP019652.1|NZ_AP019652.1_813,1,1,1
GCF_009938185.1|NZ_AP019652.1|NZ_AP019652.1_816,2,1,2
GCF_009938185.1|NZ_AP019652.1|NZ_AP019652.1_817,2,2,3
GCF_009938185.1|NZ_AP019652.1|NZ_AP019652.1_818,1,1,1
GCF_009938185.1|NZ_AP019652.1|NZ_AP019652.1_819,1,1,1
GCF_009938205.1|NZ_AP019654.1|NZ_AP019654.1_1286,1,1,1
GCF_009938205.1|NZ_AP019654.1|NZ_AP019654.1_1288,1,1,1
GCF_009938205.1|NZ_AP019654.1|NZ_AP019654.1_1290,1,1,1
GCF_009938205.1|NZ_AP019654.1|NZ_AP019654.1_1291,1,1,1
GCF_011801435.1|NZ_CP042449.1|NZ_CP042449.1_1431,1,1,1
GCF_011801435.1|NZ_CP042449.1|NZ_CP042449.1_1435,1,1,2
GCF_011801435.1|NZ_CP042449.1|NZ_CP042449.1_1436,16,8,19
GCF_011801455.1|NZ_CP042451.1|NZ_CP042451.1_1163,1,1,1
GCF_011801455.1|NZ_CP042451.1|NZ_CP042451.1_1186,32,6,34
GCF_011801455.1|NZ_CP042451.1|NZ_CP042451.1_1188,1,1,1
GCF_011801455.1|NZ_CP042451.1|NZ_CP042451.1_1190,5,5,5
GCF_011801455.1|NZ_CP042451.1|NZ_CP042451.1_1203,1,1,1
GCF_011801455.1|NZ_CP042451.1|NZ_CP042451.1_1207,3,3,3
GCF_011801455.1|NZ_CP042451.1|NZ_CP042451.1_1218,2,2,2
GCF_011801455.1|NZ_CP042451.1|NZ_CP042451.1_1226,1,1,1
GCF_011801455.1|NZ_CP042451.1|NZ_CP042451.1_1243,6,5,6
GCF_011801455.1|NZ_CP042451.1|NZ_CP042451.1_1245,2,2,2
GCF_013357625.1|NZ_CP053797.1|NZ_CP053797.1_395,2,1,2
GCF_013357625.1|NZ_CP053797.1|NZ_CP053797.1_400,2,1,3
GCF_013357645.1|NZ_CP053799.1|NZ_CP053799.1_265,2,1,2
GCF_013357645.1|NZ_CP053799.1|NZ_CP053799.1_282,3,2,3
GCF_013357645.1|NZ_CP053799.1|NZ_CP053799.1_297,2,2,2
GCF_013357645.1|NZ_CP053799.1|NZ_CP053799.1_337,1,1,1
GCF_013357645.1|NZ_CP053799.1|NZ_CP053799.1_373,1,1,1
GCF_013357645.1|NZ_CP053799.1|NZ_CP053799.1_375,1,1,1
GCF_013357645.1|NZ_CP053799.1|NZ_CP053799.1_379,2,1,2
GCF_013357665.1|NZ_CP053801.1|NZ_CP053801.1_413,2,1,2
GCF_013357685.1|NZ_CP053803.1|NZ_CP053803.1_273,7,4,7
GCF_013357685.1|NZ_CP053803.1|NZ_CP053803.1_281,4,1,5
GCF_013357685.1|NZ_CP053803.1|NZ_CP053803.1_284,1,1,1
GCF_013357685.1|NZ_CP053803.1|NZ_CP053803.1_289,1,1,1
GCF_013357685.1|NZ_CP053803.1|NZ_CP053803.1_290,1,1,1
GCF_013357685.1|NZ_CP053803.1|NZ_CP053803.1_291,1,1,1
GCF_013357685.1|NZ_CP053803.1|NZ_CP053803.1_296,2,1,2
GCF_013357685.1|NZ_CP053803.1|NZ_CP053803.1_303,1,1,1
GCF_013357685.1|NZ_CP053803.1|NZ_CP053803.1_312,1,1,1
GCF_013357685.1|NZ_CP053803.1|NZ_CP053803.1_316,1,1,2
GCF_013357685.1|NZ_CP053803.1|NZ_CP053803.1_325,1,1,1
GCF_013357685.1|NZ_CP053803.1|NZ_CP053803.1_332,3,3,3
GCF_013357725.1|NZ_CP053805.1|NZ_CP053805.1_532,1,1,1
GCF_013357725.1|NZ_CP053805.1|NZ_CP053805.1_535,10,1,10
GCF_013357725.1|NZ_CP053805.1|NZ_CP053805.1_559,2,2,2
GCF_013357725.1|NZ_CP053805.1|NZ_CP053805.1_562,1,1,1
GCF_013357725.1|NZ_CP053805.1|NZ_CP053805.1_565,7,2,10
GCF_013357725.1|NZ_CP053805.1|NZ_CP053805.1_572,2,2,2
GCF_013357725.1|NZ_CP053805.1|NZ_CP053805.1_573,2,2,2
GCF_013357725.1|NZ_CP053805.1|NZ_CP053805.1_577,1,1,1
GCF_013357725.1|NZ_CP053805.1|NZ_CP053805.1_578,1,1,1
GCF_013357725.1|NZ_CP053805.1|NZ_CP053805.1_585,1,1,1
GCF_013357745.1|NZ_CP053807.1|NZ_CP053807.1_266,1,1,1
GCF_013357745.1|NZ_CP053807.1|NZ_CP053807.1_267,1,1,1
GCF_013357745.1|NZ_CP053807.1|NZ_CP053807.1_275,6,1,6
GCF_013357745.1|NZ_CP053807.1|NZ_CP053807.1_276,6,1,6
GCF_013357745.1|NZ_CP053807.1|NZ_CP053807.1_277,1,1,1
GCF_013357745.1|NZ_CP053807.1|NZ_CP053807.1_278,1,1,1
GCF_013357745.1|NZ_CP053807.1|NZ_CP053807.1_283,5,2,7
GCF_013357745.1|NZ_CP053807.1|NZ_CP053807.1_286,1,1,1
GCF_013357745.1|NZ_CP053807.1|NZ_CP053807.1_288,1,1,1
GCF_013357745.1|NZ_CP053807.1|NZ_CP053807.1_412,1,1,1
GCF_013357745.1|NZ_CP053807.1|NZ_CP053807.1_418,1,1,1
GCF_013357745.1|NZ_CP053807.1|NZ_CP053807.1_426,158,22,392
GCF_013357745.1|NZ_CP053807.1|NZ_CP053807.1_427,5,4,5
GCF_013357745.1|NZ_CP053807.1|NZ_CP053807.1_431,1,1,1
GCF_013357745.1|NZ_CP053807.1|NZ_CP053807.1_438,2,1,2
GCF_013357745.1|NZ_CP053807.1|NZ_CP053807.1_439,2,1,2
GCF_013357745.1|NZ_CP053807.1|NZ_CP053807.1_456,3,3,3
GCF_013357745.1|NZ_CP053807.1|NZ_CP053807.1_681,1,1,2
GCF_013357745.1|NZ_CP053807.1|NZ_CP053807.1_682,1,1,1
GCF_013357745.1|NZ_CP053807.1|NZ_CP053807.1_688,8,3,8
GCF_013357745.1|NZ_CP053807.1|NZ_CP053807.1_694,1,1,1
GCF_013357825.1|NZ_CP053823.1|NZ_CP053823.1_417,5,3,5
GCF_013357825.1|NZ_CP053823.1|NZ_CP053823.1_424,11,3,13
GCF_013357825.1|NZ_CP053823.1|NZ_CP053823.1_425,4,2,4
GCF_013357825.1|NZ_CP053823.1|NZ_CP053823.1_437,4,2,4
GCF_013357825.1|NZ_CP053823.1|NZ_CP053823.1_438,4,2,4
GCF_013357825.1|NZ_CP053823.1|NZ_CP053823.1_441,4,2,4
GCF_013357825.1|NZ_CP053823.1|NZ_CP053823.1_451,3,1,3
GCF_013357825.1|NZ_CP053823.1|NZ_CP053823.1_452,3,1,3
GCF_013357825.1|NZ_CP053823.1|NZ_CP053823.1_453,3,1,3
GCF_013357825.1|NZ_CP053823.1|NZ_CP053823.1_464,5,2,5
GCF_013357825.1|NZ_CP053823.1|NZ_CP053823.1_473,3,1,3
GCF_013357825.1|NZ_CP053823.1|NZ_CP053823.1_480,7,2,7
GCF_013357825.1|NZ_CP053823.1|NZ_CP053823.1_486,3,1,3
GCF_013357825.1|NZ_CP053823.1|NZ_CP053823.1_491,5,2,6
GCF_013357825.1|NZ_CP053823.1|NZ_CP053823.1_497,12,4,12
GCF_013357825.1|NZ_CP053823.1|NZ_CP053823.1_503,3,1,3
GCF_013357825.1|NZ_CP053823.1|NZ_CP053823.1_504,3,1,3
GCF_013357825.1|NZ_CP053823.1|NZ_CP053823.1_508,5,3,5
GCF_013357885.1|NZ_CP053745.1|NZ_CP053745.1_414,1,1,1
GCF_013368735.1|NZ_CP054700.1|NZ_CP054700.1_1265,1,1,1
GCF_013368735.1|NZ_CP054700.1|NZ_CP054700.1_1269,1,1,1
GCF_013368735.1|NZ_CP054700.1|NZ_CP054700.1_1271,1,1,1
GCF_013368735.1|NZ_CP054700.1|NZ_CP054700.1_1276,1,1,1
GCF_013368735.1|NZ_CP054700.1|NZ_CP054700.1_1279,2,2,2
GCF_013368735.1|NZ_CP054700.1|NZ_CP054700.1_1284,3,2,3
GCF_013368735.1|NZ_CP054700.1|NZ_CP054700.1_1288,1,1,1
GCF_013368735.1|NZ_CP054700.1|NZ_CP054700.1_1315,1,1,1
GCF_013368735.1|NZ_CP054700.1|NZ_CP054700.1_1320,1,1,1
GCF_013368735.1|NZ_CP054700.1|NZ_CP054700.1_1329,1,1,1
GCF_013368735.1|NZ_CP054700.1|NZ_CP054700.1_1330,10,3,10
GCF_013393845.1|NZ_CP040100.1|NZ_CP040100.1_1805,1,1,1
GCF_013393845.1|NZ_CP040100.1|NZ_CP040100.1_1809,1,1,1
GCF_013393845.1|NZ_CP040100.1|NZ_CP040100.1_1810,1,1,1
GCF_013393845.1|NZ_CP040100.1|NZ_CP040100.1_1814,2,2,2
GCF_013393845.1|NZ_CP040100.1|NZ_CP040100.1_1817,1,1,1
GCF_013393845.1|NZ_CP040100.1|NZ_CP040100.1_1818,1,1,1
GCF_013393845.1|NZ_CP040100.1|NZ_CP040100.1_1825,7,3,7
GCF_013393845.1|NZ_CP040100.1|NZ_CP040100.1_1826,1,1,1
GCF_013393845.1|NZ_CP040100.1|NZ_CP040100.1_1827,3,3,3
GCF_013393845.1|NZ_CP040100.1|NZ_CP040100.1_1828,1,1,1
GCF_013393845.1|NZ_CP040100.1|NZ_CP040100.1_1835,2,2,2
GCF_013393845.1|NZ_CP040100.1|NZ_CP040100.1_1842,3,2,3
GCF_013393845.1|NZ_CP040100.1|NZ_CP040100.1_1848,1,1,2
GCF_013393865.1|NZ_CP040101.1|NZ_CP040101.1_1429,10,6,10
GCF_013393865.1|NZ_CP040101.1|NZ_CP040101.1_1432,3,1,4
GCF_013393865.1|NZ_CP040101.1|NZ_CP040101.1_1434,3,2,5
GCF_013393865.1|NZ_CP040101.1|NZ_CP040101.1_1435,6,5,6
GCF_013393865.1|NZ_CP040101.1|NZ_CP040101.1_1438,3,2,3
GCF_013393865.1|NZ_CP040101.1|NZ_CP040101.1_1444,1,1,1
GCF_013393865.1|NZ_CP040101.1|NZ_CP040101.1_1450,1,1,1
GCF_013393865.1|NZ_CP040101.1|NZ_CP040101.1_1455,1,1,1
GCF_013393865.1|NZ_CP040101.1|NZ_CP040101.1_1458,1,1,2
GCF_013393865.1|NZ_CP040101.1|NZ_CP040101.1_1464,1,1,1
GCF_013393865.1|NZ_CP040101.1|NZ_CP040101.1_1469,2,2,2
GCF_013393865.1|NZ_CP040101.1|NZ_CP040101.1_1473,1,1,1
GCF_013393865.1|NZ_CP040101.1|NZ_CP040101.1_1474,1,1,1
GCF_013462495.1|NZ_CP040173.1|NZ_CP040173.1_876,1,1,1
GCF_014107515.1|NZ_CP044206.1|NZ_CP044206.1_2093,2,2,2
GCF_014107515.1|NZ_CP044206.1|NZ_CP044206.1_2101,2,1,2
GCF_014107515.1|NZ_CP044206.1|NZ_CP044206.1_2104,49,12,55
GCF_014107515.1|NZ_CP044206.1|NZ_CP044206.1_2110,1,1,1
GCF_014107515.1|NZ_CP044206.1|NZ_CP044206.1_2122,1,1,1
GCF_014107515.1|NZ_CP044206.1|NZ_CP044206.1_2125,2,2,2
GCF_014107515.1|NZ_CP044206.1|NZ_CP044206.1_2146,1,1,1
GCF_014107515.1|NZ_CP044206.1|NZ_CP044206.1_2154,2,2,2
GCF_014107515.1|NZ_CP044206.1|NZ_CP044206.1_2168,1,1,1
GCF_014211935.1|NZ_CP060047.1|NZ_CP060047.1_362,1,1,1
GCF_014211935.1|NZ_CP060047.1|NZ_CP060047.1_363,1,1,1
GCF_014211935.1|NZ_CP060047.1|NZ_CP060047.1_374,1,1,1
GCF_014211935.1|NZ_CP060047.1|NZ_CP060047.1_380,1,1,1
GCF_014211935.1|NZ_CP060047.1|NZ_CP060047.1_382,1,1,1
GCF_014211935.1|NZ_CP060047.1|NZ_CP060047.1_384,4,4,4
GCF_014211935.1|NZ_CP060047.1|NZ_CP060047.1_386,1,1,1
GCF_014217295.1|NZ_CP060088.1|NZ_CP060088.1_1754,1,1,1
GCF_014217295.1|NZ_CP060088.1|NZ_CP060088.1_1759,10,2,10
GCF_014217295.1|NZ_CP060088.1|NZ_CP060088.1_1760,3,1,3
GCF_014217295.1|NZ_CP060088.1|NZ_CP060088.1_1763,1,1,1
GCF_014217295.1|NZ_CP060088.1|NZ_CP060088.1_1768,1,1,1
GCF_014217295.1|NZ_CP060088.1|NZ_CP060088.1_1780,4,2,4
GCF_014217295.1|NZ_CP060088.1|NZ_CP060088.1_1787,33,11,44
GCF_014217295.1|NZ_CP060088.1|NZ_CP060088.1_1791,9,8,11
GCF_014217295.1|NZ_CP060088.1|NZ_CP060088.1_1792,1,1,1
GCF_014217295.1|NZ_CP060088.1|NZ_CP060088.1_1793,1,1,1
GCF_014217295.1|NZ_CP060088.1|NZ_CP060088.1_1794,1,1,1
GCF_014217295.1|NZ_CP060088.1|NZ_CP060088.1_1798,2,2,2
GCF_014217295.1|NZ_CP060088.1|NZ_CP060088.1_1801,1,1,1
GCF_014217295.1|NZ_CP060088.1|NZ_CP060088.1_1802,8,6,8
GCF_014217295.1|NZ_CP060088.1|NZ_CP060088.1_1804,1,1,1
GCF_014217295.1|NZ_CP060088.1|NZ_CP060088.1_1807,1,1,1
GCF_015482825.1|NZ_CP064351.1|NZ_CP064351.1_382,2,1,2
GCF_015482825.1|NZ_CP064351.1|NZ_CP064351.1_383,2,1,2
GCF_015594925.2|NZ_CP087591.1|NZ_CP087591.1_933,1,1,1
GCF_015594925.2|NZ_CP087591.1|NZ_CP087591.1_934,1,1,1
GCF_015654285.1|NZ_CP064858.1|NZ_CP064858.1_1477,2,2,2
GCF_015654285.1|NZ_CP064858.1|NZ_CP064858.1_1478,3,2,3
GCF_015654285.1|NZ_CP064858.1|NZ_CP064858.1_1534,3,2,3
GCF_015654285.1|NZ_CP064858.1|NZ_CP064858.1_1538,2,1,2
GCF_015654285.1|NZ_CP064858.1|NZ_CP064858.1_1539,2,1,2
GCF_015654285.1|NZ_CP064858.1|NZ_CP064858.1_1540,2,1,2
GCF_015654285.1|NZ_CP064858.1|NZ_CP064858.1_1542,2,1,2
GCF_015654285.1|NZ_CP064858.1|NZ_CP064858.1_1545,3,2,3
GCF_015654285.1|NZ_CP064858.1|NZ_CP064858.1_1547,2,1,2
GCF_015654285.1|NZ_CP064858.1|NZ_CP064858.1_1549,2,1,2
GCF_015654285.1|NZ_CP064858.1|NZ_CP064858.1_1556,2,1,2
GCF_015654285.1|NZ_CP064858.1|NZ_CP064858.1_1557,2,1,2
GCF_015654285.1|NZ_CP064857.1|NZ_CP064857.1_1490,1,1,1
GCF_015654285.1|NZ_CP064857.1|NZ_CP064857.1_1492,2,1,2
GCF_015654285.1|NZ_CP064857.1|NZ_CP064857.1_1504,2,1,2
GCF_015654285.1|NZ_CP064857.1|NZ_CP064857.1_1506,2,1,2
GCF_015654285.1|NZ_CP064857.1|NZ_CP064857.1_1507,3,1,3
GCF_015654285.1|NZ_CP064857.1|NZ_CP064857.1_1508,1,1,1
GCF_015654285.1|NZ_CP064857.1|NZ_CP064857.1_1511,4,3,4
GCF_015654285.1|NZ_CP064859.1|NZ_CP064859.1_169,1,1,1
GCF_015654285.1|NZ_CP064859.1|NZ_CP064859.1_173,1,1,1
GCF_015654285.1|NZ_CP064859.1|NZ_CP064859.1_175,1,1,1
GCF_016812015.1|NZ_CP069195.1|NZ_CP069195.1_1140,3,3,3
GCF_016920955.1|NZ_CP060589.1|NZ_CP060589.1_99,1,1,1
GCF_016920955.1|NZ_CP060589.1|NZ_CP060589.1_105,1,1,1
GCF_016920955.1|NZ_CP060589.1|NZ_CP060589.1_107,1,1,1
GCF_016920955.1|NZ_CP060589.1|NZ_CP060589.1_108,6,3,6
GCF_016920955.1|NZ_CP060589.1|NZ_CP060589.1_110,1,1,1
GCF_017329545.1|NZ_CP071326.1|NZ_CP071326.1_1048,1,1,1
GCF_018135645.1|NZ_CP073068.1|NZ_CP073068.1_1161,1,1,1
GCF_018135645.1|NZ_CP073068.1|NZ_CP073068.1_1163,2,1,2
GCF_018135645.1|NZ_CP073068.1|NZ_CP073068.1_1168,1,1,1
GCF_018135645.1|NZ_CP073068.1|NZ_CP073068.1_1185,1,1,1
GCF_018135645.1|NZ_CP073068.1|NZ_CP073068.1_1186,1,1,1
GCF_018135645.1|NZ_CP073068.1|NZ_CP073068.1_1188,1,1,1
GCF_018140575.1|NZ_CP073274.1|NZ_CP073274.1_1225,1,1,1
GCF_018140575.1|NZ_CP073274.1|NZ_CP073274.1_1228,1,1,1
GCF_018140575.1|NZ_CP073274.1|NZ_CP073274.1_1229,2,2,2
GCF_018336415.1|NZ_CP047306.1|NZ_CP047306.1_279,10,7,10
GCF_018336415.1|NZ_CP047306.1|NZ_CP047306.1_313,94,14,94
GCF_019458465.1|NZ_CP080463.1|NZ_CP080463.1_133,2,2,2
GCF_019458465.1|NZ_CP080463.1|NZ_CP080463.1_138,2,1,2
GCF_019458465.1|NZ_CP080463.1|NZ_CP080463.1_139,1,1,1
GCF_019458465.1|NZ_CP080463.1|NZ_CP080463.1_145,1,1,1
GCF_019458465.1|NZ_CP080463.1|NZ_CP080463.1_146,1,1,1
GCF_019458465.1|NZ_CP080463.1|NZ_CP080463.1_148,1,1,1
GCF_019458465.1|NZ_CP080463.1|NZ_CP080463.1_154,2,1,2
GCF_019458465.1|NZ_CP080463.1|NZ_CP080463.1_155,1,1,1
GCF_019458465.1|NZ_CP080463.1|NZ_CP080463.1_158,2,2,2
GCF_019458465.1|NZ_CP080463.1|NZ_CP080463.1_169,1,1,1
GCF_019458465.1|NZ_CP080463.1|NZ_CP080463.1_181,2,2,2
GCF_019458465.1|NZ_CP080463.1|NZ_CP080463.1_191,5,5,5
GCF_019458465.1|NZ_CP080463.1|NZ_CP080463.1_199,1,1,1
GCF_019458465.1|NZ_CP080463.1|NZ_CP080463.1_200,1,1,1
GCF_019703835.1|NZ_AP023054.1|NZ_AP023054.1_1682,1,1,1
GCF_019703835.1|NZ_AP023054.1|NZ_AP023054.1_1683,1,1,1
GCF_019703835.1|NZ_AP023054.1|NZ_AP023054.1_1684,1,1,1
GCF_019704235.1|NZ_AP024554.1|NZ_AP024554.1_271,1,1,1
GCF_019704255.1|NZ_AP024556.1|NZ_AP024556.1_104,1,1,1
GCF_019704255.1|NZ_AP024556.1|NZ_AP024556.1_105,1,1,1
GCF_019704255.1|NZ_AP024556.1|NZ_AP024556.1_124,1,1,1
GCF_019977775.1|NZ_AP025148.1|NZ_AP025148.1_1402,1,1,1
GCF_019977835.1|NZ_AP025156.1|NZ_AP025156.1_1595,1,1,1
GCF_020041945.1|NZ_CP083361.1|NZ_CP083361.1_1960,2,1,2
GCF_020717785.1|NZ_CP085843.1|NZ_CP085843.1_1641,3,3,3
GCF_020717785.1|NZ_CP085843.1|NZ_CP085843.1_1642,1,1,1
GCF_020717785.1|NZ_CP085843.1|NZ_CP085843.1_1646,7,5,7
GCF_020806305.2|NZ_CP170176.1|NZ_CP170176.1_225,1,1,1
GCF_020806305.2|NZ_CP170176.1|NZ_CP170176.1_226,1,1,1
GCF_021397735.1|NZ_CP090179.1|NZ_CP090179.1_546,1,1,1
GCF_021397735.1|NZ_CP090179.1|NZ_CP090179.1_547,1,1,1
GCF_021397735.1|NZ_CP090179.1|NZ_CP090179.1_551,6,3,6
GCF_021397735.1|NZ_CP090179.1|NZ_CP090179.1_562,4,2,4
GCF_021397735.1|NZ_CP090179.1|NZ_CP090179.1_565,8,3,8
GCF_021397735.1|NZ_CP090179.1|NZ_CP090179.1_574,9,5,9
GCF_021397735.1|NZ_CP090179.1|NZ_CP090179.1_575,8,3,8
GCF_021397735.1|NZ_CP090179.1|NZ_CP090179.1_605,9,3,9
GCF_021397735.1|NZ_CP090179.1|NZ_CP090179.1_606,15,3,15
GCF_021397735.1|NZ_CP090179.1|NZ_CP090179.1_614,14,3,15
GCF_021729985.1|NZ_CP068627.1|NZ_CP068627.1_1105,1,1,1
GCF_021729985.1|NZ_CP068627.1|NZ_CP068627.1_1115,1,1,1
GCF_021729985.1|NZ_CP068627.1|NZ_CP068627.1_1125,3,3,3
GCF_021729985.1|NZ_CP068627.1|NZ_CP068627.1_1133,1,1,1
GCF_021729985.1|NZ_CP068627.1|NZ_CP068627.1_1141,1,1,1
GCF_021729985.1|NZ_CP068627.1|NZ_CP068627.1_1148,1,1,1
GCF_021729985.1|NZ_CP068627.1|NZ_CP068627.1_1150,5,3,5
GCF_021729985.1|NZ_CP068627.1|NZ_CP068627.1_1161,2,2,2
GCF_021729985.1|NZ_CP068627.1|NZ_CP068627.1_1164,2,2,2
GCF_021729985.1|NZ_CP068627.1|NZ_CP068627.1_1170,1,1,1
GCF_021729985.1|NZ_CP068627.1|NZ_CP068627.1_1171,1,1,1
GCF_021729985.1|NZ_CP068627.1|NZ_CP068627.1_1178,17,4,17
GCF_021729985.1|NZ_CP068627.1|NZ_CP068627.1_1180,1,1,1
GCF_021729985.1|NZ_CP068627.1|NZ_CP068627.1_1192,1,1,1
GCF_021729985.1|NZ_CP068627.1|NZ_CP068627.1_1193,1,1,1
GCF_021729985.1|NZ_CP068627.1|NZ_CP068627.1_1196,3,3,3
GCF_024971935.1|NZ_CP080098.1|NZ_CP080098.1_2759,1,1,1
GCF_024971935.1|NZ_CP080098.1|NZ_CP080098.1_2760,1,1,1
GCF_024971935.1|NZ_CP080098.1|NZ_CP080098.1_2767,4,1,4
GCF_024971935.1|NZ_CP080098.1|NZ_CP080098.1_2768,1,1,1
GCF_024971935.1|NZ_CP080098.1|NZ_CP080098.1_2769,1,1,1
GCF_024971935.1|NZ_CP080098.1|NZ_CP080098.1_2770,1,1,1
GCF_024971935.1|NZ_CP080098.1|NZ_CP080098.1_2772,1,1,1
GCF_024971935.1|NZ_CP080098.1|NZ_CP080098.1_2773,1,1,1
GCF_024971935.1|NZ_CP080098.1|NZ_CP080098.1_2778,53,15,58
GCF_024971935.1|NZ_CP080098.1|NZ_CP080098.1_2779,1,1,1
GCF_024971935.1|NZ_CP080098.1|NZ_CP080098.1_2780,1,1,1
GCF_024971935.1|NZ_CP080098.1|NZ_CP080098.1_2783,1,1,1
GCF_024971935.1|NZ_CP080098.1|NZ_CP080098.1_2784,1,1,1
GCF_025258925.1|NZ_CP104355.1|NZ_CP104355.1_488,5,1,7
GCF_025258925.1|NZ_CP104355.1|NZ_CP104355.1_496,4,2,4
GCF_025258925.1|NZ_CP104355.1|NZ_CP104355.1_510,4,2,4
GCF_025258925.1|NZ_CP104355.1|NZ_CP104355.1_512,3,1,3
GCF_025258925.1|NZ_CP104355.1|NZ_CP104355.1_525,5,3,5
GCF_025258925.1|NZ_CP104355.1|NZ_CP104355.1_528,3,2,3
GCF_025258925.1|NZ_CP104355.1|NZ_CP104355.1_534,4,3,4
GCF_025258925.1|NZ_CP104355.1|NZ_CP104355.1_535,4,3,4
GCF_025917725.1|NZ_CP097858.1|NZ_CP097858.1_1881,3,2,3
GCF_025917725.1|NZ_CP097858.1|NZ_CP097858.1_1896,3,2,3
GCF_025917725.1|NZ_CP097858.1|NZ_CP097858.1_1897,5,3,5
GCF_025917725.1|NZ_CP097858.1|NZ_CP097858.1_1907,3,2,3
GCF_025917725.1|NZ_CP097858.1|NZ_CP097858.1_1912,3,2,3
GCF_025917725.1|NZ_CP097858.1|NZ_CP097858.1_1917,4,3,4
GCF_025917725.1|NZ_CP097858.1|NZ_CP097858.1_1918,4,3,4
GCF_025917725.1|NZ_CP097858.1|NZ_CP097858.1_1920,5,4,5
GCF_025917745.1|NZ_CP097873.1|NZ_CP097873.1_1168,3,2,3
GCF_025917745.1|NZ_CP097873.1|NZ_CP097873.1_1170,1,1,1
GCF_025917745.1|NZ_CP097873.1|NZ_CP097873.1_1173,2,1,2
GCF_025920025.1|NZ_CP062150.1|NZ_CP062150.1_752,40,9,51
GCF_025920025.1|NZ_CP062150.1|NZ_CP062150.1_765,2,2,2
GCF_025920025.1|NZ_CP062150.1|NZ_CP062150.1_766,1,1,1
GCF_025920025.1|NZ_CP062150.1|NZ_CP062150.1_771,1,1,1
GCF_025920025.1|NZ_CP062150.1|NZ_CP062150.1_775,1,1,1
GCF_025920025.1|NZ_CP062150.1|NZ_CP062150.1_800,4,2,4
GCF_025920045.1|NZ_CP062153.1|NZ_CP062153.1_733,3,2,3
GCF_026000435.1|NZ_AP026763.1|NZ_AP026763.1_1354,1,1,1
GCF_026000435.1|NZ_AP026763.1|NZ_AP026763.1_1364,1,1,1
GCF_026000435.1|NZ_AP026763.1|NZ_AP026763.1_1366,1,1,1
GCF_026000435.1|NZ_AP026763.1|NZ_AP026763.1_1375,1,1,1
GCF_026000495.1|NZ_AP026765.1|NZ_AP026765.1_605,3,3,3
GCF_026000495.1|NZ_AP026765.1|NZ_AP026765.1_608,2,2,2
GCF_026000495.1|NZ_AP026765.1|NZ_AP026765.1_609,5,4,5
GCF_026000495.1|NZ_AP026765.1|NZ_AP026765.1_1228,5,2,5
GCF_026000495.1|NZ_AP026765.1|NZ_AP026765.1_1351,3,3,3
GCF_026000495.1|NZ_AP026765.1|NZ_AP026765.1_1352,1,1,1
GCF_026000495.1|NZ_AP026765.1|NZ_AP026765.1_1353,1,1,1
GCF_026000495.1|NZ_AP026765.1|NZ_AP026765.1_1355,4,2,4
GCF_026000495.1|NZ_AP026765.1|NZ_AP026765.1_1360,10,6,10
GCF_026000495.1|NZ_AP026765.1|NZ_AP026765.1_1367,2,2,2
GCF_026000495.1|NZ_AP026765.1|NZ_AP026765.1_1373,1,1,1
GCF_026000495.1|NZ_AP026765.1|NZ_AP026765.1_1376,4,3,4
GCF_026970915.1|NZ_CP114194.1|NZ_CP114194.1_1842,10,3,10
GCF_026970915.1|NZ_CP114194.1|NZ_CP114194.1_1845,8,1,8
GCF_026970915.1|NZ_CP114194.1|NZ_CP114194.1_1850,8,1,8
GCF_026970915.1|NZ_CP114194.1|NZ_CP114194.1_1852,10,3,10
GCF_026970915.1|NZ_CP114194.1|NZ_CP114194.1_1854,8,1,8
GCF_026970915.1|NZ_CP114194.1|NZ_CP114194.1_1856,8,1,8
GCF_026970915.1|NZ_CP114194.1|NZ_CP114194.1_1857,11,2,11
GCF_026970915.1|NZ_CP114194.1|NZ_CP114194.1_1874,11,2,11
GCF_026970915.1|NZ_CP114194.1|NZ_CP114194.1_1875,9,1,9
GCF_026970915.1|NZ_CP114194.1|NZ_CP114194.1_1876,8,1,8
GCF_026970915.1|NZ_CP114194.1|NZ_CP114194.1_1877,19,3,19
GCF_026970915.1|NZ_CP114194.1|NZ_CP114194.1_1888,9,1,9
GCF_026970915.1|NZ_CP114194.1|NZ_CP114194.1_1891,8,1,8
GCF_026970915.1|NZ_CP114194.1|NZ_CP114194.1_1895,8,1,8
GCF_026970915.1|NZ_CP114194.1|NZ_CP114194.1_1896,7,1,7
GCF_026970915.1|NZ_CP114194.1|NZ_CP114194.1_1899,8,1,8
GCF_026970915.1|NZ_CP114194.1|NZ_CP114194.1_1901,15,5,17
GCF_026970915.1|NZ_CP114194.1|NZ_CP114194.1_1902,8,1,8
GCF_026970915.1|NZ_CP114194.1|NZ_CP114194.1_1903,8,1,8
GCF_026970915.1|NZ_CP114194.1|NZ_CP114194.1_1908,10,2,10
GCF_026970915.1|NZ_CP114194.1|NZ_CP114194.1_1909,8,1,8
GCF_026970915.1|NZ_CP114194.1|NZ_CP114194.1_1913,9,2,9
GCF_026970915.1|NZ_CP114194.1|NZ_CP114194.1_1914,8,1,8
GCF_026970915.1|NZ_CP114194.1|NZ_CP114194.1_1917,8,1,8
GCF_026970915.1|NZ_CP114194.1|NZ_CP114194.1_1920,10,2,10
GCF_026970915.1|NZ_CP114194.1|NZ_CP114194.1_1926,8,1,8
GCF_026970915.1|NZ_CP114194.1|NZ_CP114194.1_1929,8,1,8
GCF_026970915.1|NZ_CP114194.1|NZ_CP114194.1_1931,8,1,8
GCF_026970915.1|NZ_CP114194.1|NZ_CP114194.1_1934,8,1,8
GCF_026970915.1|NZ_CP114194.1|NZ_CP114194.1_1939,13,3,13
GCF_026970915.1|NZ_CP114194.1|NZ_CP114194.1_1941,13,2,13
GCF_026970915.1|NZ_CP114194.1|NZ_CP114194.1_1942,17,7,19
GCF_026970915.1|NZ_CP114194.1|NZ_CP114194.1_1944,8,1,8
GCF_026970915.1|NZ_CP114194.1|NZ_CP114194.1_1945,9,2,9
GCF_026970915.1|NZ_CP114194.1|NZ_CP114194.1_1946,43,10,47
GCF_028609705.1|NZ_CP047995.1|NZ_CP047995.1_1724,1,1,1
GCF_028609705.1|NZ_CP047995.1|NZ_CP047995.1_1738,2,2,2
GCF_028621875.1|NZ_CP117517.1|NZ_CP117517.1_1482,1,1,1
GCF_028621875.1|NZ_CP117518.1|NZ_CP117518.1_857,2,2,2
GCF_028743655.1|NZ_CP117988.1|NZ_CP117988.1_1345,1,1,1
GCF_028743655.1|NZ_CP117988.1|NZ_CP117988.1_1346,1,1,1
GCF_028743655.1|NZ_CP117988.1|NZ_CP117988.1_1349,2,2,2
GCF_028743655.1|NZ_CP117988.1|NZ_CP117988.1_1354,1,1,1
GCF_028743655.1|NZ_CP117988.1|NZ_CP117988.1_1355,1,1,1
GCF_028743655.1|NZ_CP117988.1|NZ_CP117988.1_1368,1,1,1
GCF_028743655.1|NZ_CP117988.1|NZ_CP117988.1_1370,7,4,7
GCF_028885545.1|NZ_CP118531.1|NZ_CP118531.1_2014,10,2,12
GCF_028885545.1|NZ_CP118531.1|NZ_CP118531.1_2015,2,1,2
GCF_028885545.1|NZ_CP118531.1|NZ_CP118531.1_2016,5,2,5
GCF_028885545.1|NZ_CP118531.1|NZ_CP118531.1_2019,5,1,5
GCF_028885545.1|NZ_CP118531.1|NZ_CP118531.1_2021,4,1,4
GCF_028885545.1|NZ_CP118531.1|NZ_CP118531.1_2025,14,4,14
GCF_028885545.1|NZ_CP118531.1|NZ_CP118531.1_2027,9,4,9
GCF_028885585.1|NZ_CP118532.1|NZ_CP118532.1_1196,3,2,3
GCF_028885585.1|NZ_CP118532.1|NZ_CP118532.1_1501,2,1,2
GCF_028885585.1|NZ_CP118532.1|NZ_CP118532.1_1502,4,3,4
GCF_028885585.1|NZ_CP118532.1|NZ_CP118532.1_1508,3,2,3
GCF_028885585.1|NZ_CP118532.1|NZ_CP118532.1_1509,3,2,4
GCF_028885585.1|NZ_CP118532.1|NZ_CP118532.1_1512,2,1,2
GCF_028885585.1|NZ_CP118532.1|NZ_CP118532.1_1520,2,1,2
GCF_028885585.1|NZ_CP118532.1|NZ_CP118532.1_1532,2,1,2
GCF_028885585.1|NZ_CP118532.1|NZ_CP118532.1_1534,3,1,3
GCF_028885585.1|NZ_CP118532.1|NZ_CP118532.1_1542,2,1,2
GCF_028885585.1|NZ_CP118532.1|NZ_CP118532.1_1554,2,1,2
GCF_028885585.1|NZ_CP118532.1|NZ_CP118532.1_1555,2,1,2
GCF_028885585.1|NZ_CP118532.1|NZ_CP118532.1_1556,3,2,3
GCF_028885585.1|NZ_CP118532.1|NZ_CP118532.1_1567,2,1,2
GCF_028885585.1|NZ_CP118532.1|NZ_CP118532.1_1573,2,1,2
GCF_028898685.1|NZ_CP118580.1|NZ_CP118580.1_2464,4,1,4
GCF_028898705.1|NZ_CP118596.1|NZ_CP118596.1_1418,1,1,1
GCF_028898705.1|NZ_CP118596.1|NZ_CP118596.1_1425,1,1,1
GCF_028898705.1|NZ_CP118596.1|NZ_CP118596.1_1431,4,2,4
GCF_028898705.1|NZ_CP118596.1|NZ_CP118596.1_1436,22,12,23
GCF_028898705.1|NZ_CP118596.1|NZ_CP118596.1_1439,1,1,1
GCF_028898705.1|NZ_CP118596.1|NZ_CP118596.1_1443,2,1,2
GCF_028898705.1|NZ_CP118596.1|NZ_CP118596.1_1444,1,1,1
GCF_028898705.1|NZ_CP118596.1|NZ_CP118596.1_1446,1,1,1
GCF_028898705.1|NZ_CP118596.1|NZ_CP118596.1_1451,1,1,1
GCF_028898705.1|NZ_CP118596.1|NZ_CP118596.1_1457,19,8,20
GCF_028898705.1|NZ_CP118596.1|NZ_CP118596.1_1468,1,1,1
GCF_028898705.1|NZ_CP118596.1|NZ_CP118596.1_1469,3,3,3
GCF_028898705.1|NZ_CP118596.1|NZ_CP118596.1_1471,2,2,2
GCF_028898705.1|NZ_CP118596.1|NZ_CP118596.1_1474,1,1,1
GCF_028898705.1|NZ_CP118596.1|NZ_CP118596.1_1479,3,3,3
GCF_028898705.1|NZ_CP118596.1|NZ_CP118596.1_1480,2,2,2
GCF_028898705.1|NZ_CP118596.1|NZ_CP118596.1_1493,1,1,1
GCF_028898705.1|NZ_CP118596.1|NZ_CP118596.1_1495,2,1,2
GCF_029023705.1|NZ_CP118930.1|NZ_CP118930.1_1338,2,2,2
GCF_029023705.1|NZ_CP118930.1|NZ_CP118930.1_1341,4,3,4
GCF_029023705.1|NZ_CP118930.1|NZ_CP118930.1_1371,1,1,1
GCF_029023705.1|NZ_CP118930.1|NZ_CP118930.1_1372,3,3,3
GCF_029023705.1|NZ_CP118930.1|NZ_CP118930.1_1373,2,2,2
GCF_029023705.1|NZ_CP118930.1|NZ_CP118930.1_1378,3,1,3
GCF_029203225.1|NZ_CP119334.1|NZ_CP119334.1_1693,26,8,38
GCF_029958905.1|NZ_CP124613.1|NZ_CP124613.1_837,1,1,1
GCF_029958905.1|NZ_CP124613.1|NZ_CP124613.1_838,1,1,1
GCF_029958905.1|NZ_CP124613.1|NZ_CP124613.1_840,2,2,2
GCF_029958905.1|NZ_CP124613.1|NZ_CP124613.1_842,1,1,1
GCF_029958905.1|NZ_CP124613.1|NZ_CP124613.1_843,2,2,2
GCF_029958905.1|NZ_CP124613.1|NZ_CP124613.1_844,1,1,1
GCF_029958905.1|NZ_CP124613.1|NZ_CP124613.1_845,1,1,1
GCF_029958905.1|NZ_CP124613.1|NZ_CP124613.1_846,1,1,1
GCF_029958905.1|NZ_CP124613.1|NZ_CP124613.1_847,66,14,71
GCF_029958905.1|NZ_CP124613.1|NZ_CP124613.1_849,1,1,1
GCF_029958905.1|NZ_CP124613.1|NZ_CP124613.1_850,1,1,1
GCF_029958905.1|NZ_CP124613.1|NZ_CP124613.1_852,1,1,1
GCF_029958905.1|NZ_CP124613.1|NZ_CP124613.1_854,3,2,3
GCF_029958905.1|NZ_CP124613.1|NZ_CP124613.1_855,1,1,2
GCF_029958905.1|NZ_CP124613.1|NZ_CP124613.1_856,8,4,8
GCF_029958905.1|NZ_CP124613.1|NZ_CP124613.1_865,8,6,8
GCF_029958905.1|NZ_CP124613.1|NZ_CP124613.1_869,1,1,1
GCF_029958905.1|NZ_CP124613.1|NZ_CP124613.1_874,2,2,2
GCF_029958905.1|NZ_CP124613.1|NZ_CP124613.1_875,1,1,1
GCF_029958905.1|NZ_CP124613.1|NZ_CP124613.1_876,1,1,1
GCF_029990625.1|NZ_CP118438.1|NZ_CP118438.1_217,2,1,2
GCF_029990625.1|NZ_CP118438.1|NZ_CP118438.1_225,2,1,2
GCF_029990625.1|NZ_CP118438.1|NZ_CP118438.1_239,9,4,9
GCF_029990625.1|NZ_CP118438.1|NZ_CP118438.1_246,1,1,1
GCF_029990625.1|NZ_CP118438.1|NZ_CP118438.1_248,3,1,3
GCF_030064635.1|NZ_CP114186.1|NZ_CP114186.1_1330,1,1,1
GCF_030064635.1|NZ_CP114186.1|NZ_CP114186.1_1331,2,1,2
GCF_030064635.1|NZ_CP114186.1|NZ_CP114186.1_1338,1,1,1
GCF_030064635.1|NZ_CP114186.1|NZ_CP114186.1_1342,2,1,2
GCF_030064635.1|NZ_CP114186.1|NZ_CP114186.1_1345,2,1,2
GCF_030064635.1|NZ_CP114186.1|NZ_CP114186.1_1348,2,2,2
GCF_030064635.1|NZ_CP114186.1|NZ_CP114186.1_1349,1,1,1
GCF_030064635.1|NZ_CP114186.1|NZ_CP114186.1_1350,5,3,5
GCF_030064635.1|NZ_CP114186.1|NZ_CP114186.1_1357,3,3,3
GCF_030064635.1|NZ_CP114186.1|NZ_CP114186.1_1358,1,1,1
GCF_030064635.1|NZ_CP114186.1|NZ_CP114186.1_1365,2,1,3
GCF_030064635.1|NZ_CP114186.1|NZ_CP114186.1_1387,2,2,2
GCF_030064635.1|NZ_CP114186.1|NZ_CP114186.1_1393,1,1,1
GCF_030064635.1|NZ_CP114186.1|NZ_CP114186.1_1404,2,2,3
GCF_030064635.1|NZ_CP114186.1|NZ_CP114186.1_1409,1,1,1
GCF_030064635.1|NZ_CP114186.1|NZ_CP114186.1_1410,1,1,1
GCF_030064635.1|NZ_CP114186.1|NZ_CP114186.1_1411,1,1,1
GCF_030144385.1|NZ_CP126306.1|NZ_CP126306.1_147,2,1,2
GCF_030144385.1|NZ_CP126306.1|NZ_CP126306.1_148,2,1,2
GCF_030169025.1|NZ_CP077686.1|NZ_CP077686.1_1134,1,1,1
GCF_030238725.2|NZ_CP160382.1|NZ_CP160382.1_1782,1,1,1
GCF_030238725.2|NZ_CP160382.1|NZ_CP160382.1_1783,1,1,1
GCF_030238725.2|NZ_CP160382.1|NZ_CP160382.1_1784,2,2,2
GCF_030238725.2|NZ_CP160382.1|NZ_CP160382.1_1803,1,1,1
GCF_030238725.2|NZ_CP160382.1|NZ_CP160382.1_1804,7,2,7
GCF_030238725.2|NZ_CP160382.1|NZ_CP160382.1_1808,1,1,1
GCF_030238725.2|NZ_CP160382.1|NZ_CP160382.1_1809,1,1,1
GCF_030238725.2|NZ_CP160382.1|NZ_CP160382.1_1810,1,1,1
GCF_030238725.2|NZ_CP160382.1|NZ_CP160382.1_1813,1,1,1
GCF_030238725.2|NZ_CP160382.1|NZ_CP160382.1_1823,1,1,1
GCF_030238725.2|NZ_CP160382.1|NZ_CP160382.1_1825,1,1,1
GCF_030238725.2|NZ_CP160382.1|NZ_CP160382.1_1826,1,1,1
GCF_030238725.2|NZ_CP160382.1|NZ_CP160382.1_1833,5,3,5
GCF_030238725.2|NZ_CP160382.1|NZ_CP160382.1_1837,3,2,3
GCF_030238725.2|NZ_CP160382.1|NZ_CP160382.1_1838,1,1,1
GCF_030238725.2|NZ_CP160382.1|NZ_CP160382.1_1839,1,1,1
GCF_030238725.2|NZ_CP160382.1|NZ_CP160382.1_1846,2,1,3
GCF_030238725.2|NZ_CP160382.1|NZ_CP160382.1_1848,1,1,1
GCF_030238725.2|NZ_CP160382.1|NZ_CP160382.1_1850,1,1,1
GCF_030238725.2|NZ_CP160382.1|NZ_CP160382.1_1851,1,1,1
GCF_030238725.2|NZ_CP160382.1|NZ_CP160382.1_1852,1,1,1
GCF_030238765.2|NZ_CM129898.1|NZ_CM129898.1_1230,2,2,2
GCF_030238765.2|NZ_CM129898.1|NZ_CM129898.1_1236,2,2,2
GCF_030580635.1|NZ_CP129422.1|NZ_CP129422.1_320,5,5,5
GCF_030580635.1|NZ_CP129422.1|NZ_CP129422.1_322,5,5,5
GCF_030580635.1|NZ_CP129422.1|NZ_CP129422.1_325,1,1,1
GCF_030580635.1|NZ_CP129422.1|NZ_CP129422.1_337,2,2,2
GCF_030580635.1|NZ_CP129422.1|NZ_CP129422.1_349,1,1,1
GCF_030580635.1|NZ_CP129422.1|NZ_CP129422.1_350,1,1,1
GCF_030580635.1|NZ_CP129422.1|NZ_CP129422.1_357,1,1,1
GCF_030580635.1|NZ_CP129422.1|NZ_CP129422.1_374,4,2,4
GCF_030580635.1|NZ_CP129422.1|NZ_CP129422.1_377,1,1,1
GCF_030580635.1|NZ_CP129422.1|NZ_CP129422.1_381,1,1,1
GCF_030580635.1|NZ_CP129422.1|NZ_CP129422.1_394,1,1,1
GCF_030580635.1|NZ_CP129422.1|NZ_CP129422.1_395,1,1,1
GCF_030580635.1|NZ_CP129422.1|NZ_CP129422.1_405,7,3,7
GCF_030580635.1|NZ_CP129422.1|NZ_CP129422.1_410,3,3,3
GCF_030580635.1|NZ_CP129422.1|NZ_CP129422.1_415,1,1,1
GCF_030718785.1|NZ_CP132189.1|NZ_CP132189.1_277,1,1,1
GCF_030718785.1|NZ_CP132189.1|NZ_CP132189.1_280,3,2,4
GCF_030718785.1|NZ_CP132189.1|NZ_CP132189.1_399,1,1,2
GCF_030718785.1|NZ_CP132189.1|NZ_CP132189.1_401,90,27,104
GCF_030718785.1|NZ_CP132189.1|NZ_CP132189.1_414,2,1,2
GCF_030718785.1|NZ_CP132189.1|NZ_CP132189.1_421,1,1,1
GCF_030718785.1|NZ_CP132189.1|NZ_CP132189.1_441,1,1,1
GCF_030718785.1|NZ_CP132189.1|NZ_CP132189.1_442,1,1,1
GCF_030718785.1|NZ_CP132189.1|NZ_CP132189.1_448,1,1,1
GCF_030718785.1|NZ_CP132189.1|NZ_CP132189.1_452,4,3,4
GCF_030718785.1|NZ_CP132189.1|NZ_CP132189.1_476,1,1,1
GCF_030994165.1|NZ_CP099921.1|NZ_CP099921.1_1266,4,3,4
GCF_030994165.1|NZ_CP099921.1|NZ_CP099921.1_1274,3,2,3
GCF_030994165.1|NZ_CP099921.1|NZ_CP099921.1_1278,3,1,4
GCF_030994165.1|NZ_CP099921.1|NZ_CP099921.1_1731,2,1,3
GCF_030994165.1|NZ_CP099921.1|NZ_CP099921.1_1732,3,1,4
GCF_030994165.1|NZ_CP099921.1|NZ_CP099921.1_1735,2,1,3
GCF_030994225.1|NZ_CP099928.1|NZ_CP099928.1_1139,5,1,5
GCF_030994225.1|NZ_CP099928.1|NZ_CP099928.1_1141,2,1,4
GCF_030994225.1|NZ_CP099928.1|NZ_CP099928.1_1156,7,3,7
GCF_030994225.1|NZ_CP099928.1|NZ_CP099928.1_1157,1,1,1
GCF_030994225.1|NZ_CP099928.1|NZ_CP099928.1_1177,1,1,1
GCF_030995125.1|NZ_CP099958.1|NZ_CP099958.1_74,1,1,2
GCF_030995125.1|NZ_CP099958.1|NZ_CP099958.1_82,341,57,773
GCF_030995125.1|NZ_CP099958.1|NZ_CP099958.1_83,1,1,2
GCF_030995125.1|NZ_CP099958.1|NZ_CP099958.1_84,3,2,3
GCF_030995125.1|NZ_CP099958.1|NZ_CP099958.1_237,1,1,2
GCF_030995125.1|NZ_CP099958.1|NZ_CP099958.1_241,2,2,3
GCF_030998145.1|NZ_CP099955.1|NZ_CP099955.1_1275,1,1,1
GCF_030998145.1|NZ_CP099955.1|NZ_CP099955.1_1285,2,1,2
GCF_030998145.1|NZ_CP099955.1|NZ_CP099955.1_1287,7,5,7
GCF_036553415.2|NZ_CM170608.1|NZ_CM170608.1_610,1,1,1
GCF_036553415.2|NZ_CM170608.1|NZ_CM170608.1_611,1,1,1
GCF_036553415.2|NZ_CM170608.1|NZ_CM170608.1_614,2,2,2
GCF_036553415.2|NZ_CM170608.1|NZ_CM170608.1_620,2,2,2
GCF_036553415.2|NZ_CM170608.1|NZ_CM170608.1_628,1,1,1
GCF_036553415.2|NZ_CM170608.1|NZ_CM170608.1_633,2,2,2
GCF_036553415.2|NZ_CM170608.1|NZ_CM170608.1_634,3,3,3
GCF_036553415.2|NZ_CM170608.1|NZ_CM170608.1_635,1,1,1
GCF_036553415.2|NZ_CM170608.1|NZ_CM170608.1_636,2,2,2
GCF_036553415.2|NZ_CM170608.1|NZ_CM170608.1_637,2,2,2
GCF_036553415.2|NZ_CM170608.1|NZ_CM170608.1_642,1,1,2
GCF_036553415.2|NZ_CM170608.1|NZ_CM170608.1_643,1,1,2
GCF_036553415.2|NZ_CM170608.1|NZ_CM170608.1_644,2,2,2
GCF_036553415.2|NZ_CM170608.1|NZ_CM170608.1_647,1,1,1
GCF_036553415.2|NZ_CM170608.1|NZ_CM170608.1_650,4,3,4
GCF_036553415.2|NZ_CM170608.1|NZ_CM170608.1_656,2,2,2
GCF_036553415.2|NZ_CM170608.1|NZ_CM170608.1_658,1,1,1
GCF_036553415.2|NZ_CM170608.1|NZ_CM170608.1_659,7,6,7
GCF_036553415.2|NZ_CM170608.1|NZ_CM170608.1_669,1,1,1
GCF_036553415.2|NZ_CM170608.1|NZ_CM170608.1_670,1,1,1
GCF_036553415.2|NZ_CM170608.1|NZ_CM170608.1_673,1,1,1
GCF_036553415.2|NZ_CM170608.1|NZ_CM170608.1_678,1,1,1
GCF_036553415.2|NZ_CM170608.1|NZ_CM170608.1_682,1,1,1
GCF_036553415.2|NZ_CM170608.1|NZ_CM170608.1_693,2,2,2
GCF_036553415.2|NZ_CM170608.1|NZ_CM170608.1_695,4,3,4
GCF_036553415.2|NZ_CM170608.1|NZ_CM170608.1_698,1,1,1
GCF_036553415.2|NZ_CM170608.1|NZ_CM170608.1_700,1,1,2
GCF_037101305.1|NZ_AP028806.1|NZ_AP028806.1_382,2,1,2
GCF_037101305.1|NZ_AP028806.1|NZ_AP028806.1_393,1,1,1
GCF_037101305.1|NZ_AP028806.1|NZ_AP028806.1_422,1,1,1
GCF_037101305.1|NZ_AP028806.1|NZ_AP028806.1_423,1,1,1
GCF_037101305.1|NZ_AP028806.1|NZ_AP028806.1_435,1,1,1
GCF_037101305.1|NZ_AP028806.1|NZ_AP028806.1_439,2,2,2
GCF_037101305.1|NZ_AP028805.1|NZ_AP028805.1_215,3,2,3
GCF_038050815.1|NZ_CP150902.1|NZ_CP150902.1_1301,6,1,6
GCF_038253855.1|NZ_CP141287.1|NZ_CP141287.1_1905,3,1,3
GCF_039542195.1|NZ_CP154264.1|NZ_CP154264.1_1832,1,1,1
GCF_039542195.1|NZ_CP154264.1|NZ_CP154264.1_1841,4,4,4
GCF_039542195.1|NZ_CP154264.1|NZ_CP154264.1_1842,1,1,1
GCF_039542195.1|NZ_CP154264.1|NZ_CP154264.1_1846,1,1,1
GCF_039542195.1|NZ_CP154264.1|NZ_CP154264.1_1847,1,1,1
GCF_039542195.1|NZ_CP154264.1|NZ_CP154264.1_1856,2,1,2
GCF_039542195.1|NZ_CP154264.1|NZ_CP154264.1_1857,3,1,3
GCF_039542195.1|NZ_CP154264.1|NZ_CP154264.1_1860,1,1,2
GCF_039542195.1|NZ_CP154264.1|NZ_CP154264.1_1875,2,1,2
GCF_039542195.1|NZ_CP154264.1|NZ_CP154264.1_1877,2,2,2
GCF_039542195.1|NZ_CP154264.1|NZ_CP154264.1_1878,2,2,2
GCF_039542195.1|NZ_CP154264.1|NZ_CP154264.1_1879,1,1,1
GCF_039542195.1|NZ_CP154264.1|NZ_CP154264.1_1888,1,1,1
GCF_039542195.1|NZ_CP154264.1|NZ_CP154264.1_1892,6,3,7
GCF_039542195.1|NZ_CP154264.1|NZ_CP154264.1_1895,3,2,3
GCF_039602145.1|NZ_CP142015.1|NZ_CP142015.1_927,5,3,5
GCF_039602145.1|NZ_CP142015.1|NZ_CP142015.1_931,1,1,1
GCF_039602145.1|NZ_CP142015.1|NZ_CP142015.1_932,1,1,1
GCF_039602145.1|NZ_CP142015.1|NZ_CP142015.1_935,2,1,2
GCF_039602145.1|NZ_CP142015.1|NZ_CP142015.1_936,2,1,2
GCF_039602145.1|NZ_CP142015.1|NZ_CP142015.1_957,1,1,1
GCF_039602145.1|NZ_CP142015.1|NZ_CP142015.1_960,6,4,6
GCF_039602145.1|NZ_CP142015.1|NZ_CP142015.1_961,1,1,1
GCF_039602145.1|NZ_CP142015.1|NZ_CP142015.1_963,5,3,5
GCF_039658515.1|NZ_CP150864.1|NZ_CP150864.1_1233,3,3,3
GCF_039658515.1|NZ_CP150864.1|NZ_CP150864.1_1238,1,1,1
GCF_039658515.1|NZ_CP150864.1|NZ_CP150864.1_1240,1,1,1
GCF_039658515.1|NZ_CP150864.1|NZ_CP150864.1_1257,1,1,1
GCF_039658515.1|NZ_CP150864.1|NZ_CP150864.1_1261,1,1,1
GCF_039658515.1|NZ_CP150864.1|NZ_CP150864.1_1267,1,1,1
GCF_039658515.1|NZ_CP150864.1|NZ_CP150864.1_1274,3,3,3
GCF_039658515.1|NZ_CP150864.1|NZ_CP150864.1_1276,1,1,1
GCF_039658515.1|NZ_CP150864.1|NZ_CP150864.1_1279,2,2,2
GCF_039658515.1|NZ_CP150864.1|NZ_CP150864.1_1280,1,1,1
GCF_039658515.1|NZ_CP150864.1|NZ_CP150864.1_1281,1,1,1
GCF_039658545.1|NZ_CP150862.1|NZ_CP150862.1_1628,3,1,3
GCF_039658545.1|NZ_CP150862.1|NZ_CP150862.1_1635,2,1,2
GCF_039658545.1|NZ_CP150862.1|NZ_CP150862.1_1637,2,1,2
GCF_039658545.1|NZ_CP150862.1|NZ_CP150862.1_1638,2,1,2
GCF_039658545.1|NZ_CP150862.1|NZ_CP150862.1_1642,4,3,4
GCF_039658545.1|NZ_CP150862.1|NZ_CP150862.1_1654,2,1,2
GCF_039658545.1|NZ_CP150862.1|NZ_CP150862.1_1655,1,1,1
GCF_039658545.1|NZ_CP150862.1|NZ_CP150862.1_1656,1,1,1
GCF_039658545.1|NZ_CP150862.1|NZ_CP150862.1_1657,1,1,1
GCF_039658545.1|NZ_CP150862.1|NZ_CP150862.1_1658,2,1,2
GCF_039658545.1|NZ_CP150862.1|NZ_CP150862.1_1660,2,1,2
GCF_039658545.1|NZ_CP150862.1|NZ_CP150862.1_1661,2,1,2
GCF_039658545.1|NZ_CP150862.1|NZ_CP150862.1_1662,2,1,2
GCF_039658545.1|NZ_CP150862.1|NZ_CP150862.1_1671,2,1,2
GCF_039658545.1|NZ_CP150862.1|NZ_CP150862.1_1682,2,1,2
GCF_039658545.1|NZ_CP150862.1|NZ_CP150862.1_1685,1,1,1
GCF_039658545.1|NZ_CP150862.1|NZ_CP150862.1_1687,1,1,1
GCF_039658545.1|NZ_CP150862.1|NZ_CP150862.1_1693,2,2,2
GCF_040254425.1|NZ_CP158305.1|NZ_CP158305.1_1853,1,1,1
GCF_040254425.1|NZ_CP158305.1|NZ_CP158305.1_1855,1,1,1
GCF_040254425.1|NZ_CP158305.1|NZ_CP158305.1_1857,1,1,1
GCF_040254425.1|NZ_CP158305.1|NZ_CP158305.1_1858,1,1,1
GCF_040254425.1|NZ_CP158305.1|NZ_CP158305.1_1863,1,1,1
GCF_040254425.1|NZ_CP158305.1|NZ_CP158305.1_1867,1,1,2
GCF_040254425.1|NZ_CP158305.1|NZ_CP158305.1_1873,4,3,4
GCF_040254425.1|NZ_CP158305.1|NZ_CP158305.1_1884,22,4,22
GCF_040254425.1|NZ_CP158305.1|NZ_CP158305.1_1886,2,2,2
GCF_040254425.1|NZ_CP158305.1|NZ_CP158305.1_1888,1,1,1
GCF_040254425.1|NZ_CP158305.1|NZ_CP158305.1_1893,1,1,1
GCF_040254425.1|NZ_CP158305.1|NZ_CP158305.1_1894,3,2,3
GCF_040254425.1|NZ_CP158305.1|NZ_CP158305.1_1897,1,1,1
GCF_040254425.1|NZ_CP158305.1|NZ_CP158305.1_1898,1,1,1
GCF_040254425.1|NZ_CP158305.1|NZ_CP158305.1_1913,2,1,2
GCF_040254425.1|NZ_CP158305.1|NZ_CP158305.1_1924,2,1,2
GCF_040254425.1|NZ_CP158305.1|NZ_CP158305.1_1925,1,1,1
GCF_040315585.1|NZ_CP095311.1|NZ_CP095311.1_1049,1,1,1
GCF_040315585.1|NZ_CP095311.1|NZ_CP095311.1_1050,1,1,1
GCF_040315585.1|NZ_CP095311.1|NZ_CP095311.1_1051,17,11,17
GCF_040315585.1|NZ_CP095311.1|NZ_CP095311.1_1070,1,1,1
GCF_040315585.1|NZ_CP095312.1|NZ_CP095312.1_193,1,1,1
GCF_040315585.1|NZ_CP095312.1|NZ_CP095312.1_269,1,1,1
GCF_040315585.1|NZ_CP095312.1|NZ_CP095312.1_373,1,1,1
GCF_040315585.1|NZ_CP095312.1|NZ_CP095312.1_374,14,4,22
GCF_040315585.1|NZ_CP095312.1|NZ_CP095312.1_375,1,1,1
GCF_040315585.1|NZ_CP095312.1|NZ_CP095312.1_380,1,1,2
GCF_040315585.1|NZ_CP095312.1|NZ_CP095312.1_381,1,1,1
GCF_040315585.1|NZ_CP095312.1|NZ_CP095312.1_382,1,1,1
GCF_040315585.1|NZ_CP095312.1|NZ_CP095312.1_383,1,1,1
GCF_040315585.1|NZ_CP095312.1|NZ_CP095312.1_384,1,1,1
GCF_040315585.1|NZ_CP095312.1|NZ_CP095312.1_385,1,1,1
GCF_040315585.1|NZ_CP095312.1|NZ_CP095312.1_388,1,1,1
GCF_040315585.1|NZ_CP095312.1|NZ_CP095312.1_392,1,1,1
GCF_040315585.1|NZ_CP095312.1|NZ_CP095312.1_394,1,1,1
GCF_040315585.1|NZ_CP095313.1|NZ_CP095313.1_2,1,1,1
GCF_040315585.1|NZ_CP095313.1|NZ_CP095313.1_3,1,1,1
GCF_040315585.1|NZ_CP095313.1|NZ_CP095313.1_4,2,2,2
GCF_040315585.1|NZ_CP095313.1|NZ_CP095313.1_5,1,1,1
GCF_040315585.1|NZ_CP095313.1|NZ_CP095313.1_7,1,1,1
GCF_040315585.1|NZ_CP095313.1|NZ_CP095313.1_89,1,1,1
GCF_040412085.2|NZ_CP115920.1|NZ_CP115920.1_1836,2,2,2
GCF_040412085.2|NZ_CP115920.1|NZ_CP115920.1_1841,1,1,1
GCF_040412085.2|NZ_CP115920.1|NZ_CP115920.1_1843,1,1,1
GCF_040412085.2|NZ_CP115920.1|NZ_CP115920.1_1845,1,1,1
GCF_040412085.2|NZ_CP115920.1|NZ_CP115920.1_1846,1,1,1
GCF_040412085.2|NZ_CP115920.1|NZ_CP115920.1_1847,1,1,1
GCF_040412085.2|NZ_CP115920.1|NZ_CP115920.1_1849,1,1,1
GCF_040412085.2|NZ_CP115920.1|NZ_CP115920.1_1850,1,1,1
GCF_040412085.2|NZ_CP115920.1|NZ_CP115920.1_1855,2,2,2
GCF_040412085.2|NZ_CP115921.1|NZ_CP115921.1_695,1,1,1
GCF_040412085.2|NZ_CP115921.1|NZ_CP115921.1_697,1,1,1
GCF_040412085.2|NZ_CP115921.1|NZ_CP115921.1_698,1,1,1
GCF_040735825.1|NZ_CP147727.1|NZ_CP147727.1_441,12,3,12
GCF_040735825.1|NZ_CP147727.1|NZ_CP147727.1_451,6,4,6
GCF_040735825.1|NZ_CP147727.1|NZ_CP147727.1_452,7,5,7
GCF_040805305.1|NZ_CP161854.1|NZ_CP161854.1_2042,1,1,1
GCF_040805305.1|NZ_CP161854.1|NZ_CP161854.1_2045,3,1,3
GCF_040805305.1|NZ_CP161855.1|NZ_CP161855.1_448,1,1,1
GCF_040805305.1|NZ_CP161855.1|NZ_CP161855.1_461,6,6,6
GCF_040805305.1|NZ_CP161855.1|NZ_CP161855.1_472,4,4,4
GCF_040969975.1|NZ_CP162907.1|NZ_CP162907.1_625,9,9,11
GCF_040969975.1|NZ_CP162907.1|NZ_CP162907.1_631,1,1,1
GCF_040969975.1|NZ_CP162907.1|NZ_CP162907.1_643,2,2,2
GCF_040969975.1|NZ_CP162907.1|NZ_CP162907.1_647,1,1,1
GCF_041475595.1|NZ_CP167179.1|NZ_CP167179.1_1281,7,5,8
GCF_041475595.1|NZ_CP167179.1|NZ_CP167179.1_1293,1,1,1
GCF_041475595.1|NZ_CP167179.1|NZ_CP167179.1_1294,1,1,1
GCF_041475595.1|NZ_CP167179.1|NZ_CP167179.1_1296,1,1,1
GCF_041475595.1|NZ_CP167179.1|NZ_CP167179.1_1297,1,1,1
GCF_041475595.1|NZ_CP167179.1|NZ_CP167179.1_1308,2,2,2
GCF_041475595.1|NZ_CP167180.1|NZ_CP167180.1_113,1,1,1
GCF_041475595.1|NZ_CP167180.1|NZ_CP167180.1_114,1,1,1
GCF_033441455.1|NZ_CP133902.1|NZ_CP133902.1_48,1,1,1
GCF_033441455.1|NZ_CP133902.1|NZ_CP133902.1_57,21,4,22
GCF_033441455.1|NZ_CP133902.1|NZ_CP133902.1_65,1,1,2
GCF_033441455.1|NZ_CP133902.1|NZ_CP133902.1_66,1,1,2
GCF_033573735.1|NZ_CP119301.1|NZ_CP119301.1_1729,2,1,2
GCF_033573735.1|NZ_CP119301.1|NZ_CP119301.1_1739,2,1,2
GCF_033573735.1|NZ_CP119301.1|NZ_CP119301.1_1740,2,1,2
GCF_033573735.1|NZ_CP119301.1|NZ_CP119301.1_1741,2,1,2
GCF_033803245.2|NZ_CP184809.1|NZ_CP184809.1_57,2,1,2
GCF_033803245.2|NZ_CP184809.1|NZ_CP184809.1_60,2,1,3
GCF_033803245.2|NZ_CP184809.1|NZ_CP184809.1_62,2,1,2
GCF_033803245.2|NZ_CP184809.1|NZ_CP184809.1_100,6,5,6
GCF_033803245.2|NZ_CP184809.1|NZ_CP184809.1_101,1,1,1
GCF_033803245.2|NZ_CP184809.1|NZ_CP184809.1_106,5,1,5
GCF_033803245.2|NZ_CP184809.1|NZ_CP184809.1_108,5,1,5
GCF_033803245.2|NZ_CP184809.1|NZ_CP184809.1_112,1,1,1
GCF_033803245.2|NZ_CP184809.1|NZ_CP184809.1_113,1,1,1
GCF_033803245.2|NZ_CP184809.1|NZ_CP184809.1_115,4,3,4
GCF_033803245.2|NZ_CP184809.1|NZ_CP184809.1_133,4,2,6
GCF_033803245.2|NZ_CP184809.1|NZ_CP184809.1_137,2,1,3
GCF_033947405.2|NZ_CP098022.1|NZ_CP098022.1_57,1,1,1
GCF_033947405.2|NZ_CP098022.1|NZ_CP098022.1_1140,1,1,1
GCF_034428235.1|NZ_CP140102.1|NZ_CP140102.1_1067,1,1,1
GCF_034428235.1|NZ_CP140102.1|NZ_CP140102.1_1068,1,1,1
GCF_034428235.1|NZ_CP140102.1|NZ_CP140102.1_1070,2,2,2
GCF_034428235.1|NZ_CP140102.1|NZ_CP140102.1_1072,1,1,1
GCF_034428235.1|NZ_CP140102.1|NZ_CP140102.1_1073,2,2,2
GCF_034428235.1|NZ_CP140102.1|NZ_CP140102.1_1074,2,2,2
GCF_034428235.1|NZ_CP140102.1|NZ_CP140102.1_1077,1,1,1
GCF_034428235.1|NZ_CP140102.1|NZ_CP140102.1_1091,2,2,2
GCF_034428235.1|NZ_CP140102.1|NZ_CP140102.1_1102,8,4,8
GCF_034428235.1|NZ_CP140102.1|NZ_CP140102.1_1107,1,1,1
GCF_034428235.1|NZ_CP140102.1|NZ_CP140102.1_1116,1,1,1
GCF_034428235.1|NZ_CP140102.1|NZ_CP140102.1_1117,1,1,1
GCF_034428235.1|NZ_CP140102.1|NZ_CP140102.1_1121,3,3,3
GCF_034428235.1|NZ_CP140102.1|NZ_CP140102.1_1124,3,3,3
GCF_034428235.1|NZ_CP140102.1|NZ_CP140102.1_1125,1,1,1
GCF_034428235.1|NZ_CP140102.1|NZ_CP140102.1_1132,1,1,1
GCF_034428235.1|NZ_CP140102.1|NZ_CP140102.1_1134,3,2,3
GCF_034480135.1|NZ_CP129938.1|NZ_CP129938.1_1974,3,1,3
GCF_034480135.1|NZ_CP129938.1|NZ_CP129938.1_1975,2,1,2
GCF_034480135.1|NZ_CP129938.1|NZ_CP129938.1_1976,2,1,2
GCF_034480135.1|NZ_CP129938.1|NZ_CP129938.1_1991,3,2,3
GCF_034480135.1|NZ_CP129938.1|NZ_CP129938.1_1996,2,1,2
GCF_034480135.1|NZ_CP129938.1|NZ_CP129938.1_1997,2,1,2
GCF_034480135.1|NZ_CP129938.1|NZ_CP129938.1_2000,3,1,3
GCF_034480135.1|NZ_CP129938.1|NZ_CP129938.1_2005,3,2,3
GCF_034480135.1|NZ_CP129938.1|NZ_CP129938.1_2016,2,1,2
GCF_034480135.1|NZ_CP129938.1|NZ_CP129938.1_2017,2,1,2
GCF_034480175.1|NZ_CP129940.1|NZ_CP129940.1_1903,2,1,2
GCF_034480175.1|NZ_CP129940.1|NZ_CP129940.1_1904,2,1,2
GCF_034480305.1|NZ_CP130853.1|NZ_CP130853.1_1878,2,1,2
GCF_034480305.1|NZ_CP130853.1|NZ_CP130853.1_1900,2,1,2
GCF_034480305.1|NZ_CP130853.1|NZ_CP130853.1_1901,2,1,2
GCF_034480305.1|NZ_CP130853.1|NZ_CP130853.1_1902,3,1,3
GCF_034480305.1|NZ_CP130853.1|NZ_CP130853.1_1906,10,4,10
GCF_035758505.1|NZ_CP142108.1|NZ_CP142108.1_1078,1,1,1
GCF_035758505.1|NZ_CP142108.1|NZ_CP142108.1_1079,1,1,1
GCF_035758505.1|NZ_CP142108.1|NZ_CP142108.1_1080,1,1,1
GCF_035758505.1|NZ_CP142108.1|NZ_CP142108.1_1084,1,1,1
GCF_035758505.1|NZ_CP142108.1|NZ_CP142108.1_1085,1,1,1
GCF_035758505.1|NZ_CP142108.1|NZ_CP142108.1_1391,1,1,1
GCF_035758505.1|NZ_CP142108.1|NZ_CP142108.1_1394,1,1,1
GCF_035758505.1|NZ_CP142108.1|NZ_CP142108.1_1395,1,1,1
GCF_035758505.1|NZ_CP142109.1|NZ_CP142109.1_238,2,2,2
GCF_035758505.1|NZ_CP142109.1|NZ_CP142109.1_239,1,1,1
GCF_035758505.1|NZ_CP142109.1|NZ_CP142109.1_241,1,1,1
GCF_036351935.1|NZ_CP143559.1|NZ_CP143559.1_1225,1,1,1
GCF_036351935.1|NZ_CP143559.1|NZ_CP143559.1_1226,1,1,1
GCF_036351935.1|NZ_CP143559.1|NZ_CP143559.1_1227,4,2,4
GCF_036351935.1|NZ_CP143559.1|NZ_CP143559.1_1230,1,1,1
GCF_036351935.1|NZ_CP143559.1|NZ_CP143559.1_1234,1,1,1
GCF_036351935.1|NZ_CP143559.1|NZ_CP143559.1_1237,5,3,5
GCF_036351935.1|NZ_CP143559.1|NZ_CP143559.1_1245,1,1,1
GCF_036351935.1|NZ_CP143559.1|NZ_CP143559.1_1246,4,4,4
GCF_036351935.1|NZ_CP143559.1|NZ_CP143559.1_1250,1,1,1
GCF_036351935.1|NZ_CP143559.1|NZ_CP143559.1_1251,1,1,1
GCF_036351935.1|NZ_CP143559.1|NZ_CP143559.1_1261,1,1,1
GCF_036351935.1|NZ_CP143559.1|NZ_CP143559.1_1262,1,1,1
GCF_036351935.1|NZ_CP143559.1|NZ_CP143559.1_1263,1,1,1
GCF_036351935.1|NZ_CP143559.1|NZ_CP143559.1_1272,2,1,2
GCF_036351935.1|NZ_CP143559.1|NZ_CP143559.1_1274,1,1,1
GCF_036351935.1|NZ_CP143559.1|NZ_CP143559.1_1275,3,3,3
GCF_036351935.1|NZ_CP143559.1|NZ_CP143559.1_1276,1,1,1
GCF_036351935.1|NZ_CP143559.1|NZ_CP143559.1_1285,1,1,1
GCF_036351935.1|NZ_CP143559.1|NZ_CP143559.1_1286,1,1,1
GCF_036351935.1|NZ_CP143559.1|NZ_CP143559.1_1287,6,3,6
GCF_036351935.1|NZ_CP143559.1|NZ_CP143559.1_1292,1,1,1
GCF_036351935.1|NZ_CP143559.1|NZ_CP143559.1_1296,1,1,1
GCF_037101305.1|NZ_AP028806.1|NZ_AP028806.1_262,1,1,1
GCF_037101305.1|NZ_AP028806.1|NZ_AP028806.1_263,1,1,1
GCF_037101305.1|NZ_AP028806.1|NZ_AP028806.1_270,1,1,1
GCF_037101305.1|NZ_AP028806.1|NZ_AP028806.1_273,1,1,1
GCF_037101305.1|NZ_AP028806.1|NZ_AP028806.1_281,3,2,3
GCF_037101305.1|NZ_AP028806.1|NZ_AP028806.1_298,4,2,4
GCF_037101305.1|NZ_AP028806.1|NZ_AP028806.1_301,2,1,2
GCF_037101305.1|NZ_AP028806.1|NZ_AP028806.1_319,1,1,1
GCF_037101305.1|NZ_AP028806.1|NZ_AP028806.1_320,1,1,1
GCF_037101305.1|NZ_AP028806.1|NZ_AP028806.1_329,1,1,1
GCF_037101305.1|NZ_AP028806.1|NZ_AP028806.1_333,71,10,208
GCF_037101305.1|NZ_AP028806.1|NZ_AP028806.1_337,2,2,2
GCF_037101305.1|NZ_AP028806.1|NZ_AP028806.1_356,1,1,1
GCF_038253855.1|NZ_CP141287.1|NZ_CP141287.1_1840,3,1,3
GCF_039542195.1|NZ_CP154264.1|NZ_CP154264.1_1904,1,1,1
GCF_039542195.1|NZ_CP154264.1|NZ_CP154264.1_1907,1,1,1
GCF_039542195.1|NZ_CP154264.1|NZ_CP154264.1_1908,1,1,1
GCF_039542195.1|NZ_CP154264.1|NZ_CP154264.1_1910,2,2,2
GCF_039542195.1|NZ_CP154264.1|NZ_CP154264.1_1916,1,1,1
GCF_039542195.1|NZ_CP154264.1|NZ_CP154264.1_1917,1,1,1
GCF_039542195.1|NZ_CP154264.1|NZ_CP154264.1_1918,1,1,1
GCF_039542195.1|NZ_CP154264.1|NZ_CP154264.1_1924,1,1,1
GCF_039542195.1|NZ_CP154264.1|NZ_CP154264.1_1927,25,9,29
GCF_039542195.1|NZ_CP154264.1|NZ_CP154264.1_1932,1,1,1
GCF_039544385.1|NZ_CP154266.1|NZ_CP154266.1_1423,1,1,1
GCF_039544385.1|NZ_CP154266.1|NZ_CP154266.1_1428,1,1,1
GCF_039544385.1|NZ_CP154266.1|NZ_CP154266.1_1456,3,3,5
GCF_039658515.1|NZ_CP150864.1|NZ_CP150864.1_1401,1,1,1
GCF_039658515.1|NZ_CP150864.1|NZ_CP150864.1_1408,2,1,2
GCF_039658515.1|NZ_CP150864.1|NZ_CP150864.1_1409,1,1,1
GCF_039658515.1|NZ_CP150864.1|NZ_CP150864.1_1429,50,14,72
GCF_039658515.1|NZ_CP150864.1|NZ_CP150864.1_1430,3,2,4
GCF_039658515.1|NZ_CP150864.1|NZ_CP150864.1_1431,1,1,1
GCF_039658515.1|NZ_CP150864.1|NZ_CP150864.1_1447,2,2,2
GCF_039658515.1|NZ_CP150864.1|NZ_CP150864.1_1448,1,1,1
GCF_039658515.1|NZ_CP150867.1|NZ_CP150867.1_10,2,1,2
GCF_039658525.1|NZ_CP150857.1|NZ_CP150857.1_1234,1,1,1
GCF_039658525.1|NZ_CP150857.1|NZ_CP150857.1_1235,1,1,1
GCF_040235185.1|NZ_CP158117.1|NZ_CP158117.1_636,3,1,3
GCF_040235185.1|NZ_CP158117.1|NZ_CP158117.1_637,4,2,4
GCF_040235185.1|NZ_CP158117.1|NZ_CP158117.1_660,3,1,3
GCF_040235185.1|NZ_CP158117.1|NZ_CP158117.1_663,3,1,3
GCF_040254425.1|NZ_CP158305.1|NZ_CP158305.1_1252,1,1,1
GCF_040254425.1|NZ_CP158305.1|NZ_CP158305.1_1257,2,1,2
GCF_040254425.1|NZ_CP158305.1|NZ_CP158305.1_1265,1,1,1
GCF_040254425.1|NZ_CP158305.1|NZ_CP158305.1_1267,1,1,1
GCF_040254425.1|NZ_CP158305.1|NZ_CP158305.1_1272,1,1,1
GCF_040254425.1|NZ_CP158305.1|NZ_CP158305.1_1278,1,1,3
GCF_040254425.1|NZ_CP158305.1|NZ_CP158305.1_1280,5,3,5
GCF_040254425.1|NZ_CP158305.1|NZ_CP158305.1_1293,1,1,1
GCF_040254425.1|NZ_CP158305.1|NZ_CP158305.1_1294,1,1,1
GCF_040315585.1|NZ_CP095312.1|NZ_CP095312.1_280,2,2,2
GCF_040315585.1|NZ_CP095312.1|NZ_CP095312.1_297,1,1,1
GCF_040315585.1|NZ_CP095312.1|NZ_CP095312.1_304,1,1,1
GCF_040315585.1|NZ_CP095312.1|NZ_CP095312.1_306,1,1,1
GCF_040315585.1|NZ_CP095312.1|NZ_CP095312.1_307,1,1,1
GCF_040315585.1|NZ_CP095312.1|NZ_CP095312.1_309,1,1,1
GCF_040315585.1|NZ_CP095312.1|NZ_CP095312.1_321,1,1,1
GCF_040315585.1|NZ_CP095312.1|NZ_CP095312.1_331,18,9,40
GCF_040315585.1|NZ_CP095312.1|NZ_CP095312.1_332,1,1,1
GCF_040315585.1|NZ_CP095312.1|NZ_CP095312.1_341,1,1,1
GCF_040315585.1|NZ_CP095312.1|NZ_CP095312.1_343,1,1,1
GCF_040315585.1|NZ_CP095312.1|NZ_CP095312.1_355,1,1,1
GCF_040315585.1|NZ_CP095312.1|NZ_CP095312.1_358,1,1,1
GCF_040315585.1|NZ_CP095312.1|NZ_CP095312.1_359,1,1,1
GCF_040315585.1|NZ_CP095312.1|NZ_CP095312.1_360,2,1,2
GCF_040315585.1|NZ_CP095312.1|NZ_CP095312.1_367,84,19,105
GCF_040588515.1|NZ_CP095337.1|NZ_CP095337.1_261,1,1,1
GCF_040805305.1|NZ_CP161855.1|NZ_CP161855.1_509,3,3,3
GCF_040805305.1|NZ_CP161855.1|NZ_CP161855.1_515,1,1,1
GCF_040805305.1|NZ_CP161855.1|NZ_CP161855.1_529,2,1,2
GCF_040805305.1|NZ_CP161856.1|NZ_CP161856.1_7,5,3,6
GCF_040805305.1|NZ_CP161856.1|NZ_CP161856.1_8,1,1,1
GCF_040805305.1|NZ_CP161856.1|NZ_CP161856.1_9,1,1,1
GCF_040805305.1|NZ_CP161856.1|NZ_CP161856.1_10,1,1,1
GCF_040805305.1|NZ_CP161856.1|NZ_CP161856.1_11,1,1,1
GCF_040805305.1|NZ_CP161856.1|NZ_CP161856.1_12,1,1,1
GCF_040805305.1|NZ_CP161856.1|NZ_CP161856.1_13,1,1,1
GCF_040805305.1|NZ_CP161856.1|NZ_CP161856.1_14,1,1,1
GCF_040869025.1|NZ_CP134272.1|NZ_CP134272.1_808,1,1,1
GCF_040869025.1|NZ_CP134272.1|NZ_CP134272.1_813,2,1,2
GCF_040869025.1|NZ_CP134272.1|NZ_CP134272.1_820,2,1,2
GCF_040869025.1|NZ_CP134272.1|NZ_CP134272.1_822,6,3,6
GCF_040869025.1|NZ_CP134272.1|NZ_CP134272.1_824,2,1,2
GCF_040869025.1|NZ_CP134272.1|NZ_CP134272.1_831,2,1,2
GCF_040869025.1|NZ_CP134272.1|NZ_CP134272.1_840,2,1,2
GCF_040869035.2|NZ_CP162101.2|NZ_CP162101.2_354,1,1,1
GCF_040957575.1|NZ_CP162602.1|NZ_CP162602.1_469,2,2,2
GCF_040957575.1|NZ_CP162602.1|NZ_CP162602.1_470,1,1,1
GCF_040969975.1|NZ_CP162907.1|NZ_CP162907.1_605,1,1,1
GCF_040969975.1|NZ_CP162907.1|NZ_CP162907.1_607,2,2,2
GCF_040969975.1|NZ_CP162907.1|NZ_CP162907.1_610,1,1,1
GCF_041734175.1|NZ_CP168658.1|NZ_CP168658.1_884,3,3,3
GCF_041734175.1|NZ_CP168658.1|NZ_CP168658.1_886,2,2,2
GCF_041734175.1|NZ_CP168658.1|NZ_CP168658.1_887,1,1,1
GCF_041734175.1|NZ_CP168658.1|NZ_CP168658.1_900,3,3,3
GCF_041734175.1|NZ_CP168658.1|NZ_CP168658.1_902,1,1,1
GCF_041734175.1|NZ_CP168658.1|NZ_CP168658.1_904,5,5,9
GCF_041734175.1|NZ_CP168658.1|NZ_CP168658.1_905,1,1,1
GCF_041734175.1|NZ_CP168658.1|NZ_CP168658.1_910,5,4,5
GCF_041734175.1|NZ_CP168658.1|NZ_CP168658.1_913,9,2,9
GCF_041734175.1|NZ_CP168658.1|NZ_CP168658.1_918,4,1,6
GCF_041734175.1|NZ_CP168658.1|NZ_CP168658.1_919,2,2,2
GCF_041734175.1|NZ_CP168658.1|NZ_CP168658.1_924,1,1,1
GCF_041734175.1|NZ_CP168658.1|NZ_CP168658.1_931,2,2,2
GCF_041734175.1|NZ_CP168658.1|NZ_CP168658.1_941,2,2,2
GCF_041734175.1|NZ_CP168658.1|NZ_CP168658.1_950,1,1,1
GCF_041734175.1|NZ_CP168658.1|NZ_CP168658.1_954,18,5,207
GCF_041734175.1|NZ_CP168658.1|NZ_CP168658.1_961,11,5,11
GCF_041734175.1|NZ_CP168658.1|NZ_CP168658.1_968,1,1,1
GCF_041734175.1|NZ_CP168658.1|NZ_CP168658.1_971,3,2,3
GCF_042940635.1|NZ_CP134975.1|NZ_CP134975.1_1473,1,1,1
GCF_042940635.1|NZ_CP134975.1|NZ_CP134975.1_1478,1,1,1
GCF_042940635.1|NZ_CP134975.1|NZ_CP134975.1_1482,1,1,1
GCF_042940635.1|NZ_CP134976.1|NZ_CP134976.1_1,1,1,1
GCF_042940635.1|NZ_CP134976.1|NZ_CP134976.1_1150,1,1,1
GCF_042940635.1|NZ_CP134976.1|NZ_CP134976.1_1153,2,2,2
GCF_042940635.1|NZ_CP134976.1|NZ_CP134976.1_1155,1,1,1
GCF_042940635.1|NZ_CP134976.1|NZ_CP134976.1_1156,1,1,1
GCF_042940635.1|NZ_CP134976.1|NZ_CP134976.1_1161,8,8,11
GCF_042940635.1|NZ_CP134976.1|NZ_CP134976.1_1170,1,1,4
GCF_042940635.1|NZ_CP134976.1|NZ_CP134976.1_1177,1,1,1
GCF_042940635.1|NZ_CP134976.1|NZ_CP134976.1_1184,1,1,1
GCF_042940635.1|NZ_CP134976.1|NZ_CP134976.1_1186,3,3,3
GCF_042940635.1|NZ_CP134976.1|NZ_CP134976.1_1187,2,2,2
GCF_042940635.1|NZ_CP134976.1|NZ_CP134976.1_1201,1,1,1
GCF_042940635.1|NZ_CP134976.1|NZ_CP134976.1_1202,2,2,2
GCF_042940635.1|NZ_CP134976.1|NZ_CP134976.1_1203,2,2,2
GCF_042940635.1|NZ_CP134976.1|NZ_CP134976.1_1208,2,2,2
GCF_042940635.1|NZ_CP134976.1|NZ_CP134976.1_1214,1,1,1
GCF_042940635.1|NZ_CP134976.1|NZ_CP134976.1_1221,1,1,2
GCF_042940635.1|NZ_CP134976.1|NZ_CP134976.1_1222,1,1,1
GCF_042940635.1|NZ_CP134976.1|NZ_CP134976.1_1228,1,1,1
GCF_042940635.1|NZ_CP134976.1|NZ_CP134976.1_1233,1,1,1
GCF_044905045.1|NZ_CP173270.1|NZ_CP173270.1_138,1,1,1
GCF_044905045.1|NZ_CP173270.1|NZ_CP173270.1_139,1,1,1
GCF_044905045.1|NZ_CP173270.1|NZ_CP173270.1_142,1,1,1
GCF_045004285.1|NZ_CP173385.1|NZ_CP173385.1_372,2,1,2
GCF_045004285.1|NZ_CP173385.1|NZ_CP173385.1_375,2,1,2
GCF_045004285.1|NZ_CP173385.1|NZ_CP173385.1_396,8,7,8
GCF_045004285.1|NZ_CP173385.1|NZ_CP173385.1_403,2,1,2
GCF_045004285.1|NZ_CP173385.1|NZ_CP173385.1_411,2,1,2
GCF_045004285.1|NZ_CP173385.1|NZ_CP173385.1_417,2,1,2
GCF_045004285.1|NZ_CP173385.1|NZ_CP173385.1_426,2,1,2
GCF_045004285.1|NZ_CP173385.1|NZ_CP173385.1_428,2,1,2
GCF_045004285.1|NZ_CP173385.1|NZ_CP173385.1_437,2,1,2
GCF_045004295.1|NZ_CP173391.1|NZ_CP173391.1_2585,2,2,2
GCF_045004295.1|NZ_CP173391.1|NZ_CP173391.1_2591,1,1,1
GCF_045004315.1|NZ_CP173387.1|NZ_CP173387.1_2560,1,1,1
GCF_045004315.1|NZ_CP173387.1|NZ_CP173387.1_2561,1,1,1
GCF_045004315.1|NZ_CP173387.1|NZ_CP173387.1_2566,2,2,2
GCF_045004315.1|NZ_CP173387.1|NZ_CP173387.1_2569,2,2,2
GCF_045004315.1|NZ_CP173387.1|NZ_CP173387.1_2572,5,4,5
GCF_045004315.1|NZ_CP173387.1|NZ_CP173387.1_2574,2,2,2
GCF_045004315.1|NZ_CP173387.1|NZ_CP173387.1_2583,1,1,1
GCF_045004315.1|NZ_CP173387.1|NZ_CP173387.1_2585,1,1,1
GCF_045004315.1|NZ_CP173387.1|NZ_CP173387.1_2586,1,1,1
GCF_045004315.1|NZ_CP173387.1|NZ_CP173387.1_2587,2,2,2
GCF_045004315.1|NZ_CP173387.1|NZ_CP173387.1_2594,2,1,2
GCF_045004315.1|NZ_CP173387.1|NZ_CP173387.1_2595,2,2,2
GCF_045004315.1|NZ_CP173387.1|NZ_CP173387.1_2598,3,3,3
GCF_045278325.1|NZ_CP128803.1|NZ_CP128803.1_1183,2,1,2
GCF_045278325.1|NZ_CP128803.1|NZ_CP128803.1_1185,1,1,1
GCF_045278325.1|NZ_CP128803.1|NZ_CP128803.1_1186,1,1,1
GCF_045278325.1|NZ_CP128803.1|NZ_CP128803.1_1193,1,1,1
GCF_045278325.1|NZ_CP128803.1|NZ_CP128803.1_1202,2,1,2
GCF_045278325.1|NZ_CP128803.1|NZ_CP128803.1_1206,1,1,1
GCF_045278325.1|NZ_CP128803.1|NZ_CP128803.1_1210,3,2,3
GCF_045278325.1|NZ_CP128803.1|NZ_CP128803.1_1213,1,1,1
GCF_045278325.1|NZ_CP128803.1|NZ_CP128803.1_1214,1,1,1
GCF_045278325.1|NZ_CP128803.1|NZ_CP128803.1_1216,1,1,1
GCF_045278325.1|NZ_CP128803.1|NZ_CP128803.1_1218,1,1,1
GCF_045278325.1|NZ_CP128803.1|NZ_CP128803.1_1219,1,1,1
GCF_045278325.1|NZ_CP128803.1|NZ_CP128803.1_1222,1,1,1
GCF_045586155.1|NZ_CP169050.1|NZ_CP169050.1_1659,2,2,2
GCF_045586155.1|NZ_CP169050.1|NZ_CP169050.1_1661,3,2,5
GCF_045586155.1|NZ_CP169050.1|NZ_CP169050.1_1665,5,3,6
GCF_045586155.1|NZ_CP169050.1|NZ_CP169050.1_1668,1,1,1
GCF_045586155.1|NZ_CP169050.1|NZ_CP169050.1_1673,1,1,1
GCF_045586155.1|NZ_CP169050.1|NZ_CP169050.1_1675,1,1,1
GCF_045586155.1|NZ_CP169050.1|NZ_CP169050.1_1678,1,1,1
GCF_045586155.1|NZ_CP169050.1|NZ_CP169050.1_1691,2,2,2
GCF_045586155.1|NZ_CP169050.1|NZ_CP169050.1_1692,2,2,2
GCF_045586155.1|NZ_CP169050.1|NZ_CP169050.1_1694,2,2,2
GCF_045586155.1|NZ_CP169050.1|NZ_CP169050.1_1697,3,3,4
GCF_045586155.1|NZ_CP169050.1|NZ_CP169050.1_1700,1,1,1
GCF_045586155.1|NZ_CP169050.1|NZ_CP169050.1_1702,1,1,1
GCF_045586155.1|NZ_CP169050.1|NZ_CP169050.1_1705,1,1,1
GCF_045586155.1|NZ_CP169050.1|NZ_CP169050.1_1709,2,2,2
GCF_045586155.1|NZ_CP169050.1|NZ_CP169050.1_1710,1,1,1
GCF_045586155.1|NZ_CP169050.1|NZ_CP169050.1_1713,1,1,1
GCF_045586155.1|NZ_CP169050.1|NZ_CP169050.1_1714,1,1,1
GCF_045586155.1|NZ_CP169050.1|NZ_CP169050.1_1715,1,1,1
GCF_045586155.1|NZ_CP169050.1|NZ_CP169050.1_1716,1,1,1
GCF_045586155.1|NZ_CP169050.1|NZ_CP169050.1_1717,1,1,1
GCF_045586155.1|NZ_CP169050.1|NZ_CP169050.1_1724,2,2,2
GCF_045586155.1|NZ_CP169050.1|NZ_CP169050.1_1727,2,2,2
GCF_045586155.1|NZ_CP169050.1|NZ_CP169050.1_1730,1,1,1
GCF_045586155.1|NZ_CP169050.1|NZ_CP169050.1_1739,2,2,2
GCF_045586155.1|NZ_CP169050.1|NZ_CP169050.1_1752,1,1,1
GCF_045586155.1|NZ_CP169050.1|NZ_CP169050.1_1754,1,1,1
GCF_045689275.1|NZ_CP137092.1|NZ_CP137092.1_889,1,1,2
GCF_045689325.1|NZ_CP137136.1|NZ_CP137136.1_258,3,3,3
GCF_045689325.1|NZ_CP137136.1|NZ_CP137136.1_259,3,3,3
GCF_045689325.1|NZ_CP137136.1|NZ_CP137136.1_264,3,3,3
GCF_045689325.1|NZ_CP137136.1|NZ_CP137136.1_276,1,1,1
GCF_045689325.1|NZ_CP137136.1|NZ_CP137136.1_277,1,1,1
GCF_046097525.1|NZ_CP175807.1|NZ_CP175807.1_388,1,1,1
GCF_046097525.1|NZ_CP175807.1|NZ_CP175807.1_389,1,1,1
GCF_046097525.1|NZ_CP175807.1|NZ_CP175807.1_424,1,1,1
GCF_046097525.1|NZ_CP175807.1|NZ_CP175807.1_432,1,1,1
GCF_046118655.1|NZ_CP176031.1|NZ_CP176031.1_2074,3,2,3
GCF_046118655.1|NZ_CP176031.1|NZ_CP176031.1_2081,2,1,2
GCF_046118655.1|NZ_CP176031.1|NZ_CP176031.1_2082,3,2,3
GCF_046118655.1|NZ_CP176031.1|NZ_CP176031.1_2084,3,2,3
GCF_046118655.1|NZ_CP176031.1|NZ_CP176031.1_2095,5,2,5
GCF_046118655.1|NZ_CP176031.1|NZ_CP176031.1_2102,3,2,3
GCF_046118655.1|NZ_CP176031.1|NZ_CP176031.1_2106,2,1,2
GCF_046118655.1|NZ_CP176031.1|NZ_CP176031.1_2117,2,1,2
GCF_046118655.1|NZ_CP176031.1|NZ_CP176031.1_2118,2,1,2
GCF_046118655.1|NZ_CP176031.1|NZ_CP176031.1_2125,2,1,2
GCF_046118655.1|NZ_CP176031.1|NZ_CP176031.1_2132,3,2,3
GCF_046118655.1|NZ_CP176031.1|NZ_CP176031.1_2133,2,1,2
GCF_046118655.1|NZ_CP176031.1|NZ_CP176031.1_2139,2,1,2
GCF_046118655.1|NZ_CP176031.1|NZ_CP176031.1_2144,2,1,2
GCF_046118655.1|NZ_CP176031.1|NZ_CP176031.1_2158,4,3,4
GCF_046532685.1|NZ_CP155084.1|NZ_CP155084.1_1935,1,1,1
GCF_046532695.1|NZ_CP151938.1|NZ_CP151938.1_1061,2,1,2
GCF_046532695.1|NZ_CP151938.1|NZ_CP151938.1_1077,1,1,1
GCF_046532695.1|NZ_CP151938.1|NZ_CP151938.1_1086,2,2,2
GCF_046532695.1|NZ_CP151938.1|NZ_CP151938.1_1093,1,1,1
GCF_046532695.1|NZ_CP151938.1|NZ_CP151938.1_1096,1,1,1
GCF_046532695.1|NZ_CP151938.1|NZ_CP151938.1_1098,1,1,1
GCF_046532695.1|NZ_CP151938.1|NZ_CP151938.1_1099,1,1,1
GCF_046532695.1|NZ_CP151938.1|NZ_CP151938.1_1100,2,1,2
GCF_046532695.1|NZ_CP151938.1|NZ_CP151938.1_1101,2,1,2
GCF_046532695.1|NZ_CP151938.1|NZ_CP151938.1_1103,1,1,1
GCF_046532695.1|NZ_CP151938.1|NZ_CP151938.1_1112,2,1,2
GCF_046532695.1|NZ_CP151938.1|NZ_CP151938.1_1113,2,1,2
GCF_046532695.1|NZ_CP151938.1|NZ_CP151938.1_1114,2,1,2
GCF_046532695.1|NZ_CP151938.1|NZ_CP151938.1_1125,2,1,2
GCF_046532695.1|NZ_CP151938.1|NZ_CP151938.1_1132,2,1,2
GCF_046532695.1|NZ_CP151938.1|NZ_CP151938.1_1134,2,1,2
GCF_046850195.1|NZ_CP133986.1|NZ_CP133986.1_840,1,1,1
GCF_046850195.1|NZ_CP133986.1|NZ_CP133986.1_841,1,1,1
GCF_046850195.1|NZ_CP133986.1|NZ_CP133986.1_842,2,2,2
GCF_046850195.1|NZ_CP133986.1|NZ_CP133986.1_851,5,5,5
GCF_046850195.1|NZ_CP133986.1|NZ_CP133986.1_852,3,3,3
GCF_046850195.1|NZ_CP133986.1|NZ_CP133986.1_853,1,1,1
GCF_046850195.1|NZ_CP133986.1|NZ_CP133986.1_854,1,1,1
GCF_046850195.1|NZ_CP133986.1|NZ_CP133986.1_856,2,2,2
GCF_046850195.1|NZ_CP133986.1|NZ_CP133986.1_857,2,2,4
GCF_046850195.1|NZ_CP133986.1|NZ_CP133986.1_858,1,1,1
GCF_046850195.1|NZ_CP133986.1|NZ_CP133986.1_865,2,2,2
GCF_046850195.1|NZ_CP133986.1|NZ_CP133986.1_867,1,1,1
GCF_046850195.1|NZ_CP133986.1|NZ_CP133986.1_868,2,2,2
GCF_046850195.1|NZ_CP133986.1|NZ_CP133986.1_869,1,1,1
GCF_046850195.1|NZ_CP133986.1|NZ_CP133986.1_870,1,1,1
GCF_046850195.1|NZ_CP133986.1|NZ_CP133986.1_878,1,1,1
GCF_046850195.1|NZ_CP133986.1|NZ_CP133986.1_880,10,6,10
GCF_046850195.1|NZ_CP133986.1|NZ_CP133986.1_881,2,2,3
GCF_046850195.1|NZ_CP133986.1|NZ_CP133986.1_899,23,12,95
GCF_046850195.1|NZ_CP133986.1|NZ_CP133986.1_900,1,1,1
GCF_046850195.1|NZ_CP133986.1|NZ_CP133986.1_901,1,1,1
GCF_046850195.1|NZ_CP133986.1|NZ_CP133986.1_903,2,2,2
GCF_046850195.1|NZ_CP133986.1|NZ_CP133986.1_908,2,2,2
GCF_046850195.1|NZ_CP133986.1|NZ_CP133986.1_918,1,1,4
GCF_046850195.1|NZ_CP133986.1|NZ_CP133986.1_919,1,1,1
GCF_046850195.1|NZ_CP133986.1|NZ_CP133986.1_925,2,2,2
GCF_046850195.1|NZ_CP133986.1|NZ_CP133986.1_927,1,1,1
GCF_046850195.1|NZ_CP133986.1|NZ_CP133986.1_930,2,2,2
GCF_046850195.1|NZ_CP133986.1|NZ_CP133986.1_933,2,2,2
GCF_046850195.1|NZ_CP133986.1|NZ_CP133986.1_936,2,2,2
GCF_046850195.1|NZ_CP133986.1|NZ_CP133986.1_938,1,1,8
GCF_049315005.1|NZ_CP186026.1|NZ_CP186026.1_706,19,9,20
GCF_049315005.1|NZ_CP186026.1|NZ_CP186026.1_713,3,3,3
GCF_049315005.1|NZ_CP186026.1|NZ_CP186026.1_719,1,1,1
GCF_049315005.1|NZ_CP186026.1|NZ_CP186026.1_721,1,1,1
GCF_049315005.1|NZ_CP186026.1|NZ_CP186026.1_723,2,2,2
GCF_049315005.1|NZ_CP186026.1|NZ_CP186026.1_726,1,1,1
GCF_049315005.1|NZ_CP186026.1|NZ_CP186026.1_742,21,7,87
GCF_049315005.1|NZ_CP186026.1|NZ_CP186026.1_748,1,1,1
GCF_049315005.1|NZ_CP186026.1|NZ_CP186026.1_769,18,5,19
GCF_049315005.1|NZ_CP186026.1|NZ_CP186026.1_770,1,1,1
GCF_049315005.1|NZ_CP186026.1|NZ_CP186026.1_776,2,2,2
GCF_049315005.1|NZ_CP186026.1|NZ_CP186026.1_780,1,1,1
GCF_049315005.1|NZ_CP186026.1|NZ_CP186026.1_782,1,1,1
GCF_049315005.1|NZ_CP186026.1|NZ_CP186026.1_788,1,1,1
GCF_049315005.1|NZ_CP186026.1|NZ_CP186026.1_791,10,5,12
GCF_049315005.1|NZ_CP186026.1|NZ_CP186026.1_792,4,3,4
GCF_049315005.1|NZ_CP186026.1|NZ_CP186026.1_795,1,1,1
GCF_049315005.1|NZ_CP186026.1|NZ_CP186026.1_796,2,2,2
GCF_049315005.1|NZ_CP186026.1|NZ_CP186026.1_797,2,2,2
GCF_049315005.1|NZ_CP186026.1|NZ_CP186026.1_800,1,1,1
GCF_049315005.1|NZ_CP186026.1|NZ_CP186026.1_801,1,1,1
GCF_049315015.1|NZ_CP186019.1|NZ_CP186019.1_1322,1,1,1
GCF_049315015.1|NZ_CP186019.1|NZ_CP186019.1_1323,1,1,1
GCF_049816615.1|NZ_CP187442.1|NZ_CP187442.1_1913,1,1,1
GCF_049816615.1|NZ_CP187442.1|NZ_CP187442.1_1918,1,1,1
GCF_049816615.1|NZ_CP187442.1|NZ_CP187442.1_1919,1,1,1
GCF_049816615.1|NZ_CP187442.1|NZ_CP187442.1_1920,4,3,4
GCF_049816615.1|NZ_CP187442.1|NZ_CP187442.1_1922,1,1,1
GCF_049816615.1|NZ_CP187442.1|NZ_CP187442.1_1938,3,3,3
GCF_049816615.1|NZ_CP187442.1|NZ_CP187442.1_1943,10,6,10
GCF_049816615.1|NZ_CP187442.1|NZ_CP187442.1_1947,1,1,2
GCF_049816615.1|NZ_CP187442.1|NZ_CP187442.1_1961,1,1,1
GCF_049816615.1|NZ_CP187442.1|NZ_CP187442.1_1962,1,1,1
GCF_049817095.1|NZ_CP187446.1|NZ_CP187446.1_2113,2,1,2
GCF_049817095.1|NZ_CP187446.1|NZ_CP187446.1_2114,2,1,2
GCF_049817095.1|NZ_CP187446.1|NZ_CP187446.1_2115,2,1,2
GCF_049817095.1|NZ_CP187446.1|NZ_CP187446.1_2121,2,1,2
GCF_049817095.1|NZ_CP187446.1|NZ_CP187446.1_2127,2,1,2
GCF_049817095.1|NZ_CP187446.1|NZ_CP187446.1_2128,3,2,3
GCF_049817095.1|NZ_CP187446.1|NZ_CP187446.1_2137,2,1,2
GCF_049817095.1|NZ_CP187446.1|NZ_CP187446.1_2145,2,1,2
GCF_049817095.1|NZ_CP187446.1|NZ_CP187446.1_2154,2,1,2
GCF_050815385.1|NZ_CP104016.1|NZ_CP104016.1_1935,2,2,2
GCF_050815385.1|NZ_CP104016.1|NZ_CP104016.1_1947,4,3,4
GCF_050815385.1|NZ_CP104016.1|NZ_CP104016.1_1949,2,2,2
GCF_050815385.1|NZ_CP104016.1|NZ_CP104016.1_1961,16,3,17
GCF_050815385.1|NZ_CP104016.1|NZ_CP104016.1_1964,1,1,1
GCF_050815385.1|NZ_CP104016.1|NZ_CP104016.1_1967,1,1,1
GCF_050815385.1|NZ_CP104016.1|NZ_CP104016.1_1980,1,1,1
GCF_050815385.1|NZ_CP104016.1|NZ_CP104016.1_1982,1,1,1
GCF_050815385.1|NZ_CP104016.1|NZ_CP104016.1_1985,1,1,1
GCF_050815385.1|NZ_CP104016.1|NZ_CP104016.1_1987,2,2,2
GCF_050815385.1|NZ_CP104019.1|NZ_CP104019.1_2,1,1,1
GCF_050815385.1|NZ_CP104019.1|NZ_CP104019.1_67,1,1,1
GCF_050815385.1|NZ_CP104019.1|NZ_CP104019.1_70,1,1,1
GCF_050888945.2|NZ_CP180435.1|NZ_CP180435.1_1136,2,1,2
GCF_050888945.2|NZ_CP180435.1|NZ_CP180435.1_1143,2,1,2
GCF_050888945.2|NZ_CP180435.1|NZ_CP180435.1_1147,3,1,3
GCF_050920685.1|NZ_CP138328.1|NZ_CP138328.1_1299,2,1,2
GCF_051046905.1|NZ_CP095332.1|NZ_CP095332.1_716,1,1,1
GCF_051046905.1|NZ_CP095332.1|NZ_CP095332.1_737,19,6,20
GCF_051046905.1|NZ_CP095332.1|NZ_CP095332.1_741,2,1,3
GCF_051046905.1|NZ_CP095332.1|NZ_CP095332.1_751,2,1,2
GCF_051046905.1|NZ_CP095332.1|NZ_CP095332.1_752,2,1,2
GCF_051046905.1|NZ_CP095332.1|NZ_CP095332.1_765,1,1,1
GCF_051046905.1|NZ_CP095332.1|NZ_CP095332.1_777,1,1,1
GCF_051046905.1|NZ_CP095332.1|NZ_CP095332.1_783,1,1,1
GCF_051046905.1|NZ_CP095332.1|NZ_CP095332.1_787,16,11,17
GCF_051046905.1|NZ_CP095332.1|NZ_CP095332.1_788,2,2,2
GCF_051046905.1|NZ_CP095332.1|NZ_CP095332.1_789,2,2,2
GCF_051046905.1|NZ_CP095332.1|NZ_CP095332.1_790,1,1,1
GCF_051046905.1|NZ_CP095332.1|NZ_CP095332.1_795,1,1,1
GCF_051046905.1|NZ_CP095332.1|NZ_CP095332.1_802,1,1,1
GCF_051046905.1|NZ_CP095332.1|NZ_CP095332.1_807,4,1,4
GCF_051131115.1|NZ_CP150876.1|NZ_CP150876.1_1864,3,2,3
GCF_051131115.1|NZ_CP150876.1|NZ_CP150876.1_1865,1,1,1
GCF_051131115.1|NZ_CP150876.1|NZ_CP150876.1_1868,1,1,1
GCF_051131115.1|NZ_CP150876.1|NZ_CP150876.1_1876,1,1,1
GCF_051131115.1|NZ_CP150876.1|NZ_CP150876.1_1879,1,1,1
GCF_051131115.1|NZ_CP150876.1|NZ_CP150876.1_1884,2,2,2
GCF_051131115.1|NZ_CP150876.1|NZ_CP150876.1_1886,2,2,2
GCF_051131115.1|NZ_CP150876.1|NZ_CP150876.1_1887,2,2,2
GCF_051131115.1|NZ_CP150876.1|NZ_CP150876.1_1888,2,2,2
GCF_051131125.1|NZ_CP150869.1|NZ_CP150869.1_1106,2,2,3
GCF_051131125.1|NZ_CP150869.1|NZ_CP150869.1_1120,2,2,2
GCF_051131125.1|NZ_CP150869.1|NZ_CP150869.1_1121,1,1,2
GCF_051131125.1|NZ_CP150869.1|NZ_CP150869.1_1123,2,2,2
GCF_051131125.1|NZ_CP150869.1|NZ_CP150869.1_1128,3,2,3
GCF_051131125.1|NZ_CP150869.1|NZ_CP150869.1_1129,2,2,2
GCF_051131125.1|NZ_CP150869.1|NZ_CP150869.1_1135,1,1,1
GCF_051131125.1|NZ_CP150869.1|NZ_CP150869.1_1136,1,1,1
GCF_051131125.1|NZ_CP150869.1|NZ_CP150869.1_1137,3,1,3
GCF_051131125.1|NZ_CP150869.1|NZ_CP150869.1_1139,2,1,2
GCF_051131125.1|NZ_CP150869.1|NZ_CP150869.1_1162,1,1,1
GCF_051131125.1|NZ_CP150869.1|NZ_CP150869.1_1163,1,1,1
GCF_051131125.1|NZ_CP150869.1|NZ_CP150869.1_1167,1,1,1
GCF_051131125.1|NZ_CP150869.1|NZ_CP150869.1_1169,1,1,1
GCF_051132235.1|NZ_CP072677.1|NZ_CP072677.1_1816,2,2,2
GCF_051132235.1|NZ_CP072677.1|NZ_CP072677.1_1818,2,2,2
GCF_051132235.1|NZ_CP072677.1|NZ_CP072677.1_1819,2,2,2
GCF_051132235.1|NZ_CP072677.1|NZ_CP072677.1_1831,23,4,28
GCF_051132235.1|NZ_CP072677.1|NZ_CP072677.1_1835,1,1,1
GCF_051132235.1|NZ_CP072677.1|NZ_CP072677.1_1847,2,2,2
GCF_051132235.1|NZ_CP072677.1|NZ_CP072677.1_1851,1,1,1
GCF_051132235.1|NZ_CP072677.1|NZ_CP072677.1_1857,1,1,1
GCF_051132235.1|NZ_CP072677.1|NZ_CP072677.1_1861,2,2,2
GCF_051132235.1|NZ_CP072677.1|NZ_CP072677.1_1864,1,1,1
GCF_051132235.1|NZ_CP072677.1|NZ_CP072677.1_1870,4,2,5
GCF_051132235.1|NZ_CP072677.1|NZ_CP072677.1_1874,2,2,2
GCF_051132235.1|NZ_CP072677.1|NZ_CP072677.1_1875,2,2,2
GCF_051132235.1|NZ_CP072677.1|NZ_CP072677.1_1876,1,1,1
GCF_051132235.1|NZ_CP072677.1|NZ_CP072677.1_1877,6,5,6
GCF_051132235.1|NZ_CP072677.1|NZ_CP072677.1_1879,1,1,1
GCF_051132235.1|NZ_CP072677.1|NZ_CP072677.1_1880,1,1,1
GCF_051132235.1|NZ_CP072677.1|NZ_CP072677.1_1882,2,2,2
GCF_051132235.1|NZ_CP072677.1|NZ_CP072677.1_1887,2,2,2
GCF_051132235.1|NZ_CP072677.1|NZ_CP072677.1_1900,1,1,1
GCF_051132235.1|NZ_CP072677.1|NZ_CP072677.1_1902,1,1,1
GCF_051132395.1|NZ_CP125666.1|NZ_CP125666.1_1322,2,2,2
GCF_051132395.1|NZ_CP125666.1|NZ_CP125666.1_1323,1,1,1
GCF_051132395.1|NZ_CP125665.1|NZ_CP125665.1_301,1,1,1
GCF_051175305.1|NZ_CP195090.1|NZ_CP195090.1_612,8,8,8
GCF_051175305.1|NZ_CP195090.1|NZ_CP195090.1_619,2,2,2
GCF_051175305.1|NZ_CP195090.1|NZ_CP195090.1_621,1,1,1
GCF_051175305.1|NZ_CP195090.1|NZ_CP195090.1_622,1,1,1
GCF_051175305.1|NZ_CP195090.1|NZ_CP195090.1_625,2,2,2
GCF_051175305.1|NZ_CP195090.1|NZ_CP195090.1_627,1,1,1
GCF_051175305.1|NZ_CP195090.1|NZ_CP195090.1_653,2,2,2
GCF_051175305.1|NZ_CP195090.1|NZ_CP195090.1_654,1,1,1
GCF_051175305.1|NZ_CP195090.1|NZ_CP195090.1_657,1,1,1
GCF_051175305.1|NZ_CP195090.1|NZ_CP195090.1_659,1,1,1
GCF_051175305.1|NZ_CP195090.1|NZ_CP195090.1_663,1,1,2
GCF_051175305.1|NZ_CP195090.1|NZ_CP195090.1_665,1,1,1
GCF_051175305.1|NZ_CP195090.1|NZ_CP195090.1_667,2,2,2
GCF_051175305.1|NZ_CP195090.1|NZ_CP195090.1_668,2,2,2
GCF_051175305.1|NZ_CP195090.1|NZ_CP195090.1_672,1,1,1
GCF_051175305.1|NZ_CP195090.1|NZ_CP195090.1_674,1,1,1
GCF_051175305.1|NZ_CP195090.1|NZ_CP195090.1_677,2,1,2
GCF_051175305.1|NZ_CP195090.1|NZ_CP195090.1_680,12,8,13
GCF_051175305.1|NZ_CP195090.1|NZ_CP195090.1_682,1,1,1
GCF_051175305.1|NZ_CP195090.1|NZ_CP195090.1_683,1,1,1
GCF_051175305.1|NZ_CP195090.1|NZ_CP195090.1_690,1,1,1
GCF_051175305.1|NZ_CP195090.1|NZ_CP195090.1_691,1,1,1
GCF_051175305.1|NZ_CP195090.1|NZ_CP195090.1_693,1,1,1
GCF_051175305.1|NZ_CP195090.1|NZ_CP195090.1_695,1,1,1
GCF_051175305.1|NZ_CP195090.1|NZ_CP195090.1_699,1,1,1
GCF_051201655.1|NZ_CP179206.1|NZ_CP179206.1_2413,1,1,1
GCF_052076115.1|NZ_CP197263.1|NZ_CP197263.1_1815,2,1,2
GCF_052076115.1|NZ_CP197263.1|NZ_CP197263.1_1816,2,1,2
GCF_052076115.1|NZ_CP197263.1|NZ_CP197263.1_1823,2,1,2
GCF_052076115.1|NZ_CP197263.1|NZ_CP197263.1_1861,2,1,2
GCF_052076115.1|NZ_CP197263.1|NZ_CP197263.1_1862,3,2,3
GCF_052076115.1|NZ_CP197263.1|NZ_CP197263.1_1864,3,2,3
GCF_052076115.1|NZ_CP197263.1|NZ_CP197263.1_1893,5,3,5
GCF_052076115.1|NZ_CP197263.1|NZ_CP197263.1_1895,3,2,3
GCF_052076115.1|NZ_CP197263.1|NZ_CP197263.1_1898,2,1,2
GCF_052076115.1|NZ_CP197263.1|NZ_CP197263.1_1899,2,1,2
GCF_052076115.1|NZ_CP197263.1|NZ_CP197263.1_1901,2,1,2
GCF_052076115.1|NZ_CP197263.1|NZ_CP197263.1_1903,2,1,2
GCF_052076115.1|NZ_CP197263.1|NZ_CP197263.1_1908,2,1,2
GCF_052076115.1|NZ_CP197263.1|NZ_CP197263.1_1914,2,1,2
GCF_052545415.1|NZ_CM127143.1|NZ_CM127143.1_313,5,4,6
GCF_052545415.1|NZ_CM127143.1|NZ_CM127143.1_319,2,1,2
GCF_052545415.1|NZ_CM127143.1|NZ_CM127143.1_323,1,1,1
GCF_052545415.1|NZ_CM127143.1|NZ_CM127143.1_324,1,1,1
GCF_052545415.1|NZ_CM127143.1|NZ_CM127143.1_325,1,1,1
GCF_052545415.1|NZ_CM127143.1|NZ_CM127143.1_328,3,1,3
GCF_052545415.1|NZ_CM127143.1|NZ_CM127143.1_331,3,2,3
GCF_052545415.1|NZ_CM127143.1|NZ_CM127143.1_334,6,1,6
GCF_052545415.1|NZ_CM127143.1|NZ_CM127143.1_339,2,1,2
GCF_052545415.1|NZ_CM127143.1|NZ_CM127143.1_340,1,1,1
GCF_052591495.1|NZ_CM127328.1|NZ_CM127328.1_1164,1,1,1
GCF_052591495.1|NZ_CM127328.1|NZ_CM127328.1_1166,1,1,1
GCF_052591495.1|NZ_CM127328.1|NZ_CM127328.1_1169,1,1,1
GCF_052591495.1|NZ_CM127328.1|NZ_CM127328.1_1171,1,1,1
GCF_052591495.1|NZ_CM127328.1|NZ_CM127328.1_1175,1,1,1
GCF_052591495.1|NZ_CM127328.1|NZ_CM127328.1_1181,1,1,1
GCF_052591495.1|NZ_CM127328.1|NZ_CM127328.1_1182,1,1,1
GCF_052591495.1|NZ_CM127328.1|NZ_CM127328.1_1187,1,1,1
GCF_052591495.1|NZ_CM127328.1|NZ_CM127328.1_1196,5,2,5
GCF_052591495.1|NZ_CM127328.1|NZ_CM127328.1_1198,1,1,1
GCF_052591495.1|NZ_CM127328.1|NZ_CM127328.1_1201,1,1,1
GCF_052591495.1|NZ_CM127328.1|NZ_CM127328.1_1204,1,1,1
GCF_052591495.1|NZ_CM127328.1|NZ_CM127328.1_1205,3,1,3
GCF_052591495.1|NZ_CM127328.1|NZ_CM127328.1_1207,1,1,1
GCF_052591495.1|NZ_CM127328.1|NZ_CM127328.1_1208,1,1,1
GCF_052591495.1|NZ_CM127328.1|NZ_CM127328.1_1210,2,1,2
GCF_052591495.1|NZ_CM127328.1|NZ_CM127328.1_1211,1,1,1
GCF_052591495.1|NZ_CM127328.1|NZ_CM127328.1_1212,1,1,1
GCF_052805255.1|NZ_CM127835.1|NZ_CM127835.1_1378,1,1,1
GCF_052805255.1|NZ_CM127835.1|NZ_CM127835.1_1379,2,2,2
GCF_052805255.1|NZ_CM127835.1|NZ_CM127835.1_1389,2,2,2
GCF_052805255.1|NZ_CM127835.1|NZ_CM127835.1_1394,1,1,1
GCF_052805255.1|NZ_CM127835.1|NZ_CM127835.1_1401,1,1,1
GCF_052805255.1|NZ_CM127835.1|NZ_CM127835.1_1405,1,1,1
GCF_052805255.1|NZ_CM127835.1|NZ_CM127835.1_1412,1,1,1
GCF_052805255.1|NZ_CM127835.1|NZ_CM127835.1_1418,1,1,1
GCF_052805255.1|NZ_CM127835.1|NZ_CM127835.1_1425,1,1,1
GCF_052805255.1|NZ_CM127835.1|NZ_CM127835.1_1430,1,1,1
GCF_052805255.1|NZ_CM127835.1|NZ_CM127835.1_1434,2,2,2
GCF_052805275.1|NZ_CM127837.1|NZ_CM127837.1_2008,1,1,1
GCF_052805275.1|NZ_CM127837.1|NZ_CM127837.1_2012,12,4,12
GCF_052805275.1|NZ_CM127837.1|NZ_CM127837.1_2018,4,3,4
GCF_052805275.1|NZ_CM127837.1|NZ_CM127837.1_2021,1,1,1
GCF_052805275.1|NZ_CM127837.1|NZ_CM127837.1_2024,4,3,4
GCF_052805275.1|NZ_CM127837.1|NZ_CM127837.1_2029,1,1,1
GCF_052805275.1|NZ_CM127837.1|NZ_CM127837.1_2030,1,1,1
GCF_052805275.1|NZ_CM127837.1|NZ_CM127837.1_2032,1,1,1
GCF_052805275.1|NZ_CM127837.1|NZ_CM127837.1_2035,1,1,1
GCF_052806215.1|NZ_CM127845.1|NZ_CM127845.1_857,3,2,3
GCF_052806215.1|NZ_CM127845.1|NZ_CM127845.1_871,3,1,3
GCF_052806215.1|NZ_CM127845.1|NZ_CM127845.1_872,2,1,2
GCF_052806215.1|NZ_CM127845.1|NZ_CM127845.1_873,2,1,2
GCF_052806215.1|NZ_CM127845.1|NZ_CM127845.1_878,2,1,2
GCF_052806215.1|NZ_CM127845.1|NZ_CM127845.1_898,2,1,2
GCF_052806215.1|NZ_CM127845.1|NZ_CM127845.1_900,2,1,2
GCF_053154035.1|NZ_CP113098.1|NZ_CP113098.1_1982,4,3,4
GCF_053154035.1|NZ_CP113098.1|NZ_CP113098.1_1985,2,1,2
GCF_053154035.1|NZ_CP113098.1|NZ_CP113098.1_1990,3,1,3
GCF_053154035.1|NZ_CP113098.1|NZ_CP113098.1_2000,1,1,1
GCF_053154035.1|NZ_CP113098.1|NZ_CP113098.1_2004,1,1,1
GCF_053154035.1|NZ_CP113098.1|NZ_CP113098.1_2014,1,1,1
GCF_053154035.1|NZ_CP113098.1|NZ_CP113098.1_2026,2,1,2
GCF_053154035.1|NZ_CP113098.1|NZ_CP113098.1_2048,1,1,1
GCF_053154035.1|NZ_CP113098.1|NZ_CP113098.1_2049,1,1,1
GCF_053154035.1|NZ_CP113098.1|NZ_CP113098.1_2055,2,1,2
GCF_053154035.1|NZ_CP113098.1|NZ_CP113098.1_2058,1,1,1
GCF_053154035.1|NZ_CP113098.1|NZ_CP113098.1_2059,2,2,2
GCF_053154035.1|NZ_CP113098.1|NZ_CP113098.1_2064,1,1,1
GCF_053154035.1|NZ_CP113098.1|NZ_CP113098.1_2066,1,1,1
GCF_053154035.1|NZ_CP113098.1|NZ_CP113098.1_2070,1,1,1
GCF_053154035.1|NZ_CP113098.1|NZ_CP113098.1_2072,1,1,1
GCF_053154035.1|NZ_CP113098.1|NZ_CP113098.1_2075,1,1,1
GCF_053154035.1|NZ_CP113098.1|NZ_CP113098.1_2078,1,1,1
GCF_053154035.1|NZ_CP113098.1|NZ_CP113098.1_2079,2,2,2
GCF_053154035.1|NZ_CP113098.1|NZ_CP113098.1_2080,1,1,1
GCF_053202865.1|NZ_CM129926.1|NZ_CM129926.1_561,1,1,1
GCF_053202865.1|NZ_CM129926.1|NZ_CM129926.1_566,1,1,1
GCF_053202865.1|NZ_CM129926.1|NZ_CM129926.1_567,1,1,1
GCF_053202865.1|NZ_CM129926.1|NZ_CM129926.1_568,1,1,1
GCF_053202865.1|NZ_CM129926.1|NZ_CM129926.1_577,1,1,1
GCF_053220475.1|NZ_CM129938.1|NZ_CM129938.1_435,1,1,1
GCF_053220475.1|NZ_CM129938.1|NZ_CM129938.1_442,1,1,1
GCF_053220535.1|NZ_CM129944.1|NZ_CM129944.1_971,1,1,1
GCF_053220535.1|NZ_CM129944.1|NZ_CM129944.1_975,3,2,3
GCF_053220535.1|NZ_CM129944.1|NZ_CM129944.1_976,2,2,2
GCF_053220535.1|NZ_CM129944.1|NZ_CM129944.1_981,10,4,25
GCF_053220535.1|NZ_CM129944.1|NZ_CM129944.1_984,1,1,1
GCF_053220535.1|NZ_CM129944.1|NZ_CM129944.1_985,3,2,3
GCF_053220535.1|NZ_CM129944.1|NZ_CM129944.1_991,1,1,1
GCF_053220535.1|NZ_CM129944.1|NZ_CM129944.1_995,2,1,2
GCF_053220535.1|NZ_CM129944.1|NZ_CM129944.1_996,2,1,2
GCF_053220535.1|NZ_CM129944.1|NZ_CM129944.1_1002,2,2,2
GCF_053220535.1|NZ_CM129944.1|NZ_CM129944.1_1006,1,1,1
GCF_053220535.1|NZ_CM129944.1|NZ_CM129944.1_1007,1,1,1
GCF_053220535.1|NZ_CM129944.1|NZ_CM129944.1_1016,1,1,1
GCF_053220535.1|NZ_CM129944.1|NZ_CM129944.1_1021,2,1,2
GCF_053220535.1|NZ_CM129944.1|NZ_CM129944.1_1022,1,1,1
GCF_053220535.1|NZ_CM129944.1|NZ_CM129944.1_1024,1,1,1
GCF_053220535.1|NZ_CM129944.1|NZ_CM129944.1_1035,2,1,2
GCF_053220535.1|NZ_CM129944.1|NZ_CM129944.1_1037,4,4,4
GCF_053220535.1|NZ_CM129944.1|NZ_CM129944.1_1046,1,1,1
GCF_053220535.1|NZ_CM129944.1|NZ_CM129944.1_1047,1,1,1
GCF_053220535.1|NZ_CM129944.1|NZ_CM129944.1_1049,1,1,1
GCF_053220535.1|NZ_CM129944.1|NZ_CM129944.1_1050,1,1,1
GCF_053220615.1|NZ_CM129952.1|NZ_CM129952.1_1005,1,1,1
GCF_053220635.1|NZ_CM129953.1|NZ_CM129953.1_629,2,1,2
GCF_053220655.1|NZ_CM129956.1|NZ_CM129956.1_578,2,2,2
GCF_053220655.1|NZ_CM129956.1|NZ_CM129956.1_579,4,3,6
GCF_053220675.1|NZ_CM129957.1|NZ_CM129957.1_2089,2,1,2
GCF_053220675.1|NZ_CM129957.1|NZ_CM129957.1_2090,2,1,2
GCF_053220675.1|NZ_CM129957.1|NZ_CM129957.1_2091,2,1,2
GCF_053220675.1|NZ_CM129958.1|NZ_CM129958.1_405,2,1,2
GCF_053903115.1|NZ_CP096429.1|NZ_CP096429.1_1215,1,1,1
GCF_053903115.1|NZ_CP096429.1|NZ_CP096429.1_1221,2,2,2
GCF_054053365.1|NZ_CM133228.1|NZ_CM133228.1_2259,1,1,1
GCF_054053365.1|NZ_CM133228.1|NZ_CM133228.1_2262,1,1,1
GCF_054053365.1|NZ_CM133228.1|NZ_CM133228.1_2263,1,1,1
GCF_054053365.1|NZ_CM133228.1|NZ_CM133228.1_2271,1,1,1
GCF_054053365.1|NZ_CM133228.1|NZ_CM133228.1_2276,2,2,2
GCF_054053365.1|NZ_CM133228.1|NZ_CM133228.1_2277,1,1,1
GCF_054053365.1|NZ_CM133228.1|NZ_CM133228.1_2278,1,1,1
GCF_054053365.1|NZ_CM133228.1|NZ_CM133228.1_2279,1,1,1
GCF_054053365.1|NZ_CM133228.1|NZ_CM133228.1_2282,2,2,2
GCF_054053365.1|NZ_CM133228.1|NZ_CM133228.1_2284,7,5,8
GCF_054053365.1|NZ_CM133228.1|NZ_CM133228.1_2289,2,2,2
GCF_054053365.1|NZ_CM133228.1|NZ_CM133228.1_2293,99,32,153
GCF_054053365.1|NZ_CM133228.1|NZ_CM133228.1_2295,7,5,8
GCF_054053395.1|NZ_CM133231.1|NZ_CM133231.1_375,1,1,1
GCF_054053395.1|NZ_CM133231.1|NZ_CM133231.1_465,1,1,1
GCF_054053395.1|NZ_CM133231.1|NZ_CM133231.1_466,1,1,1
GCF_054053395.1|NZ_CM133231.1|NZ_CM133231.1_467,1,1,1
GCF_054053395.1|NZ_CM133231.1|NZ_CM133231.1_468,1,1,1
GCF_054053395.1|NZ_CM133231.1|NZ_CM133231.1_471,2,2,2
GCF_054053395.1|NZ_CM133231.1|NZ_CM133231.1_472,2,2,2
GCF_054053395.1|NZ_CM133231.1|NZ_CM133231.1_473,2,2,2
GCF_054053395.1|NZ_CM133231.1|NZ_CM133231.1_630,1,1,1
GCF_054053395.1|NZ_CM133231.1|NZ_CM133231.1_631,1,1,1
GCF_054053395.1|NZ_CM133231.1|NZ_CM133231.1_632,2,2,2
GCF_054053395.1|NZ_CM133231.1|NZ_CM133231.1_633,1,1,1
GCF_054512795.1|NZ_CM137253.1|NZ_CM137253.1_1352,1,1,1
GCF_054512795.1|NZ_CM137254.1|NZ_CM137254.1_1374,1,1,1
GCF_054512795.1|NZ_CM137254.1|NZ_CM137254.1_1377,1,1,1
GCF_054512795.1|NZ_CM137254.1|NZ_CM137254.1_1378,2,2,2
GCF_054512795.1|NZ_CM137254.1|NZ_CM137254.1_1387,2,2,2
GCF_054512795.1|NZ_CM137254.1|NZ_CM137254.1_1388,1,1,1
GCF_054512795.1|NZ_JBTNLO010000004.1|NZ_JBTNLO010000004.1_45,2,1,2
GCF_054568155.3|NZ_CM137648.3|NZ_CM137648.3_1840,4,1,5
GCF_054906185.1|NZ_CP166973.1|NZ_CP166973.1_179,1,1,1
GCF_054906185.1|NZ_CP166973.1|NZ_CP166973.1_182,1,1,1
GCF_054906185.1|NZ_CP166973.1|NZ_CP166973.1_190,1,1,1
GCF_054906185.1|NZ_CP166973.1|NZ_CP166973.1_194,1,1,1
GCF_054906185.1|NZ_CP166973.1|NZ_CP166973.1_195,7,6,8
GCF_054906185.1|NZ_CP166973.1|NZ_CP166973.1_206,1,1,1
GCF_054906185.1|NZ_CP166973.1|NZ_CP166973.1_214,3,3,3
GCF_054906185.1|NZ_CP166973.1|NZ_CP166973.1_221,1,1,1
GCF_054906185.1|NZ_CP166973.1|NZ_CP166973.1_240,2,1,2
GCF_054906185.1|NZ_CP166973.1|NZ_CP166973.1_249,1,1,1
GCF_055389885.1|NZ_AP040272.1|NZ_AP040272.1_2768,3,2,3
GCF_055389885.1|NZ_AP040272.1|NZ_AP040272.1_2798,2,1,2
GCF_055389885.1|NZ_AP040272.1|NZ_AP040272.1_2799,2,1,2
GCF_055389885.1|NZ_AP040272.1|NZ_AP040272.1_2800,2,1,2
GCF_055389885.1|NZ_AP040272.1|NZ_AP040272.1_2803,3,2,3
GCF_055391395.1|NZ_AP029600.1|NZ_AP029600.1_13,2,1,2
GCF_055391395.1|NZ_AP029600.1|NZ_AP029600.1_19,2,1,2
GCF_055391395.1|NZ_AP029600.1|NZ_AP029600.1_20,2,1,2
GCF_055393305.1|NZ_AP043879.1|NZ_AP043879.1_1583,1,1,1
GCF_055393305.1|NZ_AP043879.1|NZ_AP043879.1_1598,2,2,2
GCF_056135565.1|NZ_CM148681.1|NZ_CM148681.1_1212,1,1,1
GCF_056135565.1|NZ_CM148681.1|NZ_CM148681.1_1214,2,2,3
GCF_056135565.1|NZ_CM148681.1|NZ_CM148681.1_1220,4,3,4
GCF_056135565.1|NZ_CM148681.1|NZ_CM148681.1_1223,1,1,1
GCF_056135565.1|NZ_CM148681.1|NZ_CM148681.1_1227,1,1,1
GCF_056135565.1|NZ_CM148681.1|NZ_CM148681.1_1229,2,1,2
GCF_056135565.1|NZ_CM148681.1|NZ_CM148681.1_1234,1,1,1
GCF_056135565.1|NZ_CM148681.1|NZ_CM148681.1_1239,2,1,2
GCF_056135565.1|NZ_CM148681.1|NZ_CM148681.1_1242,1,1,1
GCF_056135565.1|NZ_CM148681.1|NZ_CM148681.1_1254,102,15,135
GCF_056135565.1|NZ_CM148681.1|NZ_CM148681.1_1261,2,2,2
GCF_056135565.1|NZ_CM148681.1|NZ_CM148681.1_1265,2,2,2
GCF_056135565.1|NZ_CM148681.1|NZ_CM148681.1_1269,1,1,1
GCF_056135565.1|NZ_CM148681.1|NZ_CM148681.1_1275,2,2,2
GCF_056135565.1|NZ_CM148681.1|NZ_CM148681.1_1281,1,1,1
GCF_056135565.1|NZ_CM148681.1|NZ_CM148681.1_1282,1,1,1
GCF_056135565.1|NZ_CM148681.1|NZ_CM148681.1_1291,1,1,1
GCF_056135565.1|NZ_CM148681.1|NZ_CM148681.1_1296,1,1,1
GCF_056135565.1|NZ_CM148681.1|NZ_CM148681.1_1307,1,1,1
GCF_056674835.1|NZ_CM155225.1|NZ_CM155225.1_1204,3,3,3
GCF_056674835.1|NZ_CM155225.1|NZ_CM155225.1_1206,1,1,1
GCF_056674835.1|NZ_CM155225.1|NZ_CM155225.1_1207,1,1,1
GCF_056674835.1|NZ_CM155225.1|NZ_CM155225.1_1218,2,1,2
GCF_056674835.1|NZ_CM155225.1|NZ_CM155225.1_1220,3,3,3
GCF_056674835.1|NZ_CM155225.1|NZ_CM155225.1_1222,5,4,5
GCF_056674835.1|NZ_CM155225.1|NZ_CM155225.1_1223,1,1,1
GCF_056674835.1|NZ_CM155225.1|NZ_CM155225.1_1236,53,14,56
GCF_056824445.1|NZ_CP103956.1|NZ_CP103956.1_1832,2,2,2
GCF_056824445.1|NZ_CP103956.1|NZ_CP103956.1_1833,1,1,1
GCF_056824445.1|NZ_CP103956.1|NZ_CP103956.1_1834,1,1,1
GCF_056824445.1|NZ_CP103956.1|NZ_CP103956.1_1837,1,1,1
GCF_056824445.1|NZ_CP103956.1|NZ_CP103956.1_1838,4,2,4
GCF_056824445.1|NZ_CP103956.1|NZ_CP103956.1_1845,1,1,1
GCF_056824445.1|NZ_CP103956.1|NZ_CP103956.1_1848,1,1,1
GCF_056824445.1|NZ_CP103956.1|NZ_CP103956.1_1859,1,1,1
GCF_056824445.1|NZ_CP103956.1|NZ_CP103956.1_1862,2,2,2
GCF_056824445.1|NZ_CP103957.1|NZ_CP103957.1_1440,1,1,1
GCF_056824445.1|NZ_CP103957.1|NZ_CP103957.1_1664,1,1,1
GCF_056824445.1|NZ_CP103957.1|NZ_CP103957.1_1666,1,1,1
GCF_056824445.1|NZ_CP103957.1|NZ_CP103957.1_1667,3,2,3
GCF_056824445.1|NZ_CP103957.1|NZ_CP103957.1_1669,1,1,1
GCF_056824445.1|NZ_CP103957.1|NZ_CP103957.1_1670,1,1,1
GCF_056824445.1|NZ_CP103957.1|NZ_CP103957.1_1671,2,2,2
GCF_056836685.1|NZ_JBXEKZ010000003.1|NZ_JBXEKZ010000003.1_63,2,2,2
GCF_056836685.1|NZ_JBXEKZ010000003.1|NZ_JBXEKZ010000003.1_64,2,2,2
GCF_056836685.1|NZ_JBXEKZ010000003.1|NZ_JBXEKZ010000003.1_65,3,3,3
GCF_056892265.1|NZ_CP092731.1|NZ_CP092731.1_1209,2,2,2
GCF_056892265.1|NZ_CP092731.1|NZ_CP092731.1_1211,2,2,2
GCF_056892265.1|NZ_CP092731.1|NZ_CP092731.1_1212,2,2,2
GCF_056892265.1|NZ_CP092731.1|NZ_CP092731.1_1214,4,2,4
GCF_056892265.1|NZ_CP092731.1|NZ_CP092731.1_1221,1,1,1
GCF_056892265.1|NZ_CP092731.1|NZ_CP092731.1_1226,4,3,4
GCF_056892265.1|NZ_CP092731.1|NZ_CP092731.1_1232,2,1,2
GCF_056934295.1|NZ_CM167798.1|NZ_CM167798.1_2983,1,1,1
GCF_056934295.1|NZ_CM167798.1|NZ_CM167798.1_3048,1,1,1
GCF_056934295.1|NZ_CM167798.1|NZ_CM167798.1_3051,1,1,1
GCF_056934295.1|NZ_CM167798.1|NZ_CM167798.1_3069,2,1,2
GCF_057368435.1|NZ_CM170639.1|NZ_CM170639.1_1078,1,1,1
GCF_057368435.1|NZ_CM170639.1|NZ_CM170639.1_1082,1,1,1
GCF_057368435.1|NZ_CM170639.1|NZ_CM170639.1_1083,5,4,5
GCF_057368435.1|NZ_CM170639.1|NZ_CM170639.1_1084,1,1,1
GCF_057368435.1|NZ_CM170639.1|NZ_CM170639.1_1087,1,1,1
GCF_057368435.1|NZ_CM170639.1|NZ_CM170639.1_1088,1,1,1
GCF_057368435.1|NZ_CM170639.1|NZ_CM170639.1_1090,1,1,1
GCF_057368435.1|NZ_CM170639.1|NZ_CM170639.1_1091,1,1,1
GCF_057368435.1|NZ_CM170639.1|NZ_CM170639.1_1095,23,13,32
GCF_057368435.1|NZ_CM170639.1|NZ_CM170639.1_1096,5,1,5
GCF_057368435.1|NZ_CM170639.1|NZ_CM170639.1_1097,1,1,1
GCF_057368435.1|NZ_CM170639.1|NZ_CM170639.1_1099,1,1,1
GCF_057368435.1|NZ_CM170639.1|NZ_CM170639.1_1102,1,1,1
GCF_057368435.1|NZ_CM170639.1|NZ_CM170639.1_1105,2,2,2
GCF_057368435.1|NZ_CM170639.1|NZ_CM170639.1_1113,1,1,1
GCF_057368435.1|NZ_CM170639.1|NZ_CM170639.1_1117,1,1,1
GCF_057368435.1|NZ_CM170639.1|NZ_CM170639.1_1118,1,1,1
GCF_057368435.1|NZ_CM170639.1|NZ_CM170639.1_1120,1,1,1
GCF_057368435.1|NZ_CM170639.1|NZ_CM170639.1_1127,1,1,1
GCF_057368435.1|NZ_CM170639.1|NZ_CM170639.1_1128,1,1,1
GCF_057368435.1|NZ_CM170639.1|NZ_CM170639.1_1130,2,2,3
GCF_057368435.1|NZ_CM170639.1|NZ_CM170639.1_1132,1,1,2
GCF_057368435.1|NZ_CM170639.1|NZ_CM170639.1_1133,1,1,2
GCF_057368435.1|NZ_CM170639.1|NZ_CM170639.1_1134,1,1,1
GCF_057368435.1|NZ_CM170639.1|NZ_CM170639.1_1135,1,1,1
GCF_057368435.1|NZ_CM170639.1|NZ_CM170639.1_1136,2,2,2
GCF_057368435.1|NZ_CM170639.1|NZ_CM170639.1_1137,1,1,1
GCF_057368455.1|NZ_CM170640.1|NZ_CM170640.1_1412,1,1,1
GCF_057368455.1|NZ_CM170640.1|NZ_CM170640.1_1413,1,1,1
GCF_057368455.1|NZ_CM170640.1|NZ_CM170640.1_1415,1,1,1
GCF_057368455.1|NZ_CM170641.1|NZ_CM170641.1_935,3,1,3
GCF_057368455.1|NZ_CM170641.1|NZ_CM170641.1_940,2,2,3
GCF_057368455.1|NZ_CM170641.1|NZ_CM170641.1_942,4,2,4
GCF_057368455.1|NZ_CM170641.1|NZ_CM170641.1_943,1,1,1
GCF_057368455.1|NZ_CM170641.1|NZ_CM170641.1_944,1,1,1
GCF_057368455.1|NZ_CM170641.1|NZ_CM170641.1_945,1,1,1
GCF_057368455.1|NZ_CM170641.1|NZ_CM170641.1_947,5,3,6
GCF_057368455.1|NZ_CM170641.1|NZ_CM170641.1_948,1,1,1
GCF_057368455.1|NZ_CM170641.1|NZ_CM170641.1_950,2,2,2
GCF_057368455.1|NZ_CM170641.1|NZ_CM170641.1_955,1,1,1
GCF_057368455.1|NZ_CM170641.1|NZ_CM170641.1_956,1,1,1
GCF_057368455.1|NZ_CM170641.1|NZ_CM170641.1_957,1,1,1
GCF_057368455.1|NZ_CM170641.1|NZ_CM170641.1_963,1,1,1
GCF_057368455.1|NZ_CM170641.1|NZ_CM170641.1_964,1,1,1
GCF_057368525.1|NZ_CM170647.1|NZ_CM170647.1_101,1,1,1
GCF_057368525.1|NZ_CM170647.1|NZ_CM170647.1_108,1,1,1
GCF_057368525.1|NZ_CM170647.1|NZ_CM170647.1_109,1,1,1
GCF_057368525.1|NZ_CM170647.1|NZ_CM170647.1_114,1,1,1
GCF_057368525.1|NZ_CM170647.1|NZ_CM170647.1_117,1,1,1
GCF_057368525.1|NZ_CM170647.1|NZ_CM170647.1_118,1,1,1
GCF_057368525.1|NZ_CM170647.1|NZ_CM170647.1_121,1,1,2
GCF_057368525.1|NZ_CM170647.1|NZ_CM170647.1_123,1,1,1
GCF_057368525.1|NZ_CM170647.1|NZ_CM170647.1_128,2,2,2
GCF_057368525.1|NZ_CM170647.1|NZ_CM170647.1_135,1,1,2
GCF_057368555.1|NZ_CM170650.1|NZ_CM170650.1_1402,1,1,1
GCF_057368555.1|NZ_CM170650.1|NZ_CM170650.1_1404,1,1,1
GCF_057368555.1|NZ_CM170650.1|NZ_CM170650.1_1405,9,6,17
GCF_057368555.1|NZ_CM170650.1|NZ_CM170650.1_1406,3,3,3
GCF_057368555.1|NZ_CM170651.1|NZ_CM170651.1_54,1,1,1
GCF_057368555.1|NZ_CM170651.1|NZ_CM170651.1_58,1,1,1
GCF_057368555.1|NZ_CM170651.1|NZ_CM170651.1_60,1,1,1
GCF_057368555.1|NZ_CM170651.1|NZ_CM170651.1_64,1,1,1
GCF_057368555.1|NZ_CM170651.1|NZ_CM170651.1_67,1,1,1
GCF_057368555.1|NZ_CM170651.1|NZ_CM170651.1_69,1,1,1
GCF_057368555.1|NZ_CM170651.1|NZ_CM170651.1_75,5,5,5
GCF_057368555.1|NZ_CM170651.1|NZ_CM170651.1_78,1,1,1
GCF_057368555.1|NZ_CM170651.1|NZ_CM170651.1_88,1,1,1
GCF_057368555.1|NZ_CM170651.1|NZ_CM170651.1_89,1,1,1
GCF_057368555.1|NZ_CM170651.1|NZ_CM170651.1_90,1,1,1
GCF_057368555.1|NZ_CM170651.1|NZ_CM170651.1_92,1,1,1
GCF_057368555.1|NZ_CM170651.1|NZ_CM170651.1_93,1,1,1
GCF_057368555.1|NZ_CM170651.1|NZ_CM170651.1_95,1,1,1
GCF_057368555.1|NZ_CM170651.1|NZ_CM170651.1_96,1,1,1
GCF_057368555.1|NZ_CM170651.1|NZ_CM170651.1_97,1,1,1
GCF_057368555.1|NZ_CM170651.1|NZ_CM170651.1_98,1,1,1
GCF_057368555.1|NZ_CM170651.1|NZ_CM170651.1_106,2,2,2
GCF_057368555.1|NZ_CM170651.1|NZ_CM170651.1_107,10,4,10
GCF_057368555.1|NZ_CM170651.1|NZ_CM170651.1_108,1,1,1
GCF_057368585.1|NZ_CM170655.1|NZ_CM170655.1_976,2,1,2
GCF_057368585.1|NZ_CM170655.1|NZ_CM170655.1_978,2,1,2
GCF_057368585.1|NZ_CM170655.1|NZ_CM170655.1_980,2,1,2
GCF_057368585.1|NZ_CM170655.1|NZ_CM170655.1_981,2,1,2
GCF_057368585.1|NZ_CM170655.1|NZ_CM170655.1_983,8,6,8
GCF_057368585.1|NZ_CM170655.1|NZ_CM170655.1_984,2,1,2
GCF_057368585.1|NZ_CM170655.1|NZ_CM170655.1_985,2,1,2
GCF_057368585.1|NZ_CM170655.1|NZ_CM170655.1_991,2,1,2
GCF_057368585.1|NZ_CM170655.1|NZ_CM170655.1_992,2,1,2
GCF_057368585.1|NZ_CM170655.1|NZ_CM170655.1_994,2,1,2
GCF_057368585.1|NZ_CM170655.1|NZ_CM170655.1_995,2,1,2
GCF_057368585.1|NZ_CM170655.1|NZ_CM170655.1_997,2,1,2
GCF_057368585.1|NZ_CM170655.1|NZ_CM170655.1_999,2,1,2
GCF_057368585.1|NZ_CM170655.1|NZ_CM170655.1_1002,2,1,2
GCF_057368585.1|NZ_CM170655.1|NZ_CM170655.1_1004,8,3,8
GCF_057368585.1|NZ_CM170655.1|NZ_CM170655.1_1005,2,1,2
GCF_057368585.1|NZ_CM170655.1|NZ_CM170655.1_1016,2,1,2
GCF_057368585.1|NZ_CM170655.1|NZ_CM170655.1_1021,3,2,3
GCF_057368585.1|NZ_CM170655.1|NZ_CM170655.1_1037,4,3,4
GCF_057368585.1|NZ_CM170655.1|NZ_CM170655.1_1041,2,1,2
GCF_057368585.1|NZ_CM170655.1|NZ_CM170655.1_1042,2,1,2
GCF_057368585.1|NZ_CM170655.1|NZ_CM170655.1_1044,2,1,2
GCF_057368585.1|NZ_CM170655.1|NZ_CM170655.1_1045,2,1,2
GCF_057368585.1|NZ_CM170655.1|NZ_CM170655.1_1049,2,1,2
GCF_057368585.1|NZ_CM170655.1|NZ_CM170655.1_1053,2,1,2
GCF_057368585.1|NZ_CM170655.1|NZ_CM170655.1_1056,2,1,2
GCF_057368585.1|NZ_CM170655.1|NZ_CM170655.1_1059,3,2,3
GCF_057368585.1|NZ_CM170655.1|NZ_CM170655.1_1060,2,1,2
GCF_057368585.1|NZ_CM170655.1|NZ_CM170655.1_1061,2,1,2
GCF_057368585.1|NZ_CM170655.1|NZ_CM170655.1_1064,2,1,2
GCF_057368585.1|NZ_CM170655.1|NZ_CM170655.1_1065,3,2,3
GCF_057368585.1|NZ_CM170655.1|NZ_CM170655.1_1069,2,1,2
GCF_057368585.1|NZ_CM170655.1|NZ_CM170655.1_1070,2,1,2
GCF_057418855.1|NZ_CP166930.1|NZ_CP166930.1_1130,2,1,2
GCF_057418865.1|NZ_CP166932.1|NZ_CP166932.1_1485,1,1,1
GCF_057418865.1|NZ_CP166932.1|NZ_CP166932.1_1486,1,1,1
GCF_057418865.1|NZ_CP166932.1|NZ_CP166932.1_1487,2,1,2
GCF_057418875.1|NZ_CP166935.1|NZ_CP166935.1_572,1,1,1
GCF_057418875.1|NZ_CP166935.1|NZ_CP166935.1_575,2,2,2
GCF_057418875.1|NZ_CP166935.1|NZ_CP166935.1_577,1,1,1
GCF_057418875.1|NZ_CP166935.1|NZ_CP166935.1_578,1,1,1
GCF_057418885.1|NZ_CP166937.1|NZ_CP166937.1_559,1,1,1
GCF_057418885.1|NZ_CP166937.1|NZ_CP166937.1_560,1,1,1
GCF_057418885.1|NZ_CP166937.1|NZ_CP166937.1_562,1,1,1
GCF_057418885.1|NZ_CP166937.1|NZ_CP166937.1_563,1,1,1
GCF_057418905.1|NZ_CP166944.1|NZ_CP166944.1_1634,1,1,1
GCF_057418905.1|NZ_CP166944.1|NZ_CP166944.1_1938,1,1,1
GCF_057418905.1|NZ_CP166944.1|NZ_CP166944.1_1943,5,5,5
GCF_057418915.1|NZ_CP166946.1|NZ_CP166946.1_1567,1,1,1
GCF_057418915.1|NZ_CP166946.1|NZ_CP166946.1_1568,2,2,2
GCF_057418915.1|NZ_CP166946.1|NZ_CP166946.1_1569,2,2,2
GCF_057418915.1|NZ_CP166946.1|NZ_CP166946.1_1571,2,1,2
GCF_057418915.1|NZ_CP166946.1|NZ_CP166946.1_1575,1,1,1
GCF_057418915.1|NZ_CP166946.1|NZ_CP166946.1_1873,1,1,1
GCF_057418915.1|NZ_CP166946.1|NZ_CP166946.1_1874,1,1,1
GCF_057439675.1|NZ_CM171982.1|NZ_CM171982.1_1315,1,1,1
GCF_057439675.1|NZ_CM171982.1|NZ_CM171982.1_1323,2,2,2
GCF_057439675.1|NZ_CM171982.1|NZ_CM171982.1_1427,21,8,22
GCF_057439675.1|NZ_CM171982.1|NZ_CM171982.1_1435,1,1,1
GCF_057439795.1|NZ_CM171997.1|NZ_CM171997.1_1995,3,2,3
GCF_057439805.1|NZ_CM171994.1|NZ_CM171994.1_1765,4,3,4
GCF_057439805.1|NZ_CM171994.1|NZ_CM171994.1_1767,2,1,2
GCF_057439805.1|NZ_CM171994.1|NZ_CM171994.1_1768,3,2,3
GCF_057439805.1|NZ_CM171994.1|NZ_CM171994.1_1770,3,2,3
GCF_057439805.1|NZ_CM171994.1|NZ_CM171994.1_1771,2,1,2
GCF_057439805.1|NZ_CM171994.1|NZ_CM171994.1_1772,3,1,3
GCF_057439805.1|NZ_CM171994.1|NZ_CM171994.1_1773,3,2,3
GCF_057439805.1|NZ_CM171994.1|NZ_CM171994.1_1776,2,1,2
GCF_057439805.1|NZ_CM171994.1|NZ_CM171994.1_1777,1,1,1
GCF_057439805.1|NZ_CM171994.1|NZ_CM171994.1_1780,2,1,2
GCF_057439805.1|NZ_CM171994.1|NZ_CM171994.1_1781,2,1,2
GCF_057439805.1|NZ_CM171995.1|NZ_CM171995.1_847,2,1,2
GCF_057439805.1|NZ_CM171995.1|NZ_CM171995.1_848,2,1,2
GCF_057439825.1|NZ_CM171998.1|NZ_CM171998.1_1225,2,1,2
GCF_057439825.1|NZ_CM171998.1|NZ_CM171998.1_1240,3,2,3
GCF_057439825.1|NZ_CM171998.1|NZ_CM171998.1_1244,2,1,2
GCF_057439825.1|NZ_CM171998.1|NZ_CM171998.1_1245,2,1,2
GCF_057439825.1|NZ_CM171998.1|NZ_CM171998.1_1260,3,2,3
GCF_057625995.1|NZ_CM172613.1|NZ_CM172613.1_1229,1,1,1
GCF_057625995.1|NZ_CM172613.1|NZ_CM172613.1_1234,1,1,1
GCF_057625995.1|NZ_CM172613.1|NZ_CM172613.1_1241,1,1,1
GCF_057625995.1|NZ_CM172613.1|NZ_CM172613.1_1242,1,1,1
GCF_057625995.1|NZ_CM172613.1|NZ_CM172613.1_1244,1,1,1
GCF_057625995.1|NZ_CM172613.1|NZ_CM172613.1_1245,4,4,4
GCF_057625995.1|NZ_CM172613.1|NZ_CM172613.1_1246,3,2,3
GCF_057625995.1|NZ_CM172613.1|NZ_CM172613.1_1247,2,2,2
GCF_057625995.1|NZ_CM172613.1|NZ_CM172613.1_1251,1,1,1
GCF_057625995.1|NZ_CM172613.1|NZ_CM172613.1_1264,2,2,2
GCF_057625995.1|NZ_CM172613.1|NZ_CM172613.1_1274,2,2,2
GCF_057625995.1|NZ_CM172613.1|NZ_CM172613.1_1284,2,1,3
GCF_057625995.1|NZ_CM172613.1|NZ_CM172613.1_1287,1,1,1
GCF_057625995.1|NZ_CM172613.1|NZ_CM172613.1_1293,2,2,2
GCF_057625995.1|NZ_CM172613.1|NZ_CM172613.1_1294,2,2,2
GCF_057625995.1|NZ_CM172613.1|NZ_CM172613.1_1301,1,1,1
GCF_057625995.1|NZ_CM172613.1|NZ_CM172613.1_1302,3,3,3
GCF_057625995.1|NZ_CM172613.1|NZ_CM172613.1_1305,1,1,1
GCF_057625995.1|NZ_CM172613.1|NZ_CM172613.1_1309,1,1,1
GCF_057730755.1|NZ_CM173193.1|NZ_CM173193.1_910,4,2,4
GCF_057730755.1|NZ_CM173193.1|NZ_CM173193.1_913,4,2,4
GCF_057730815.1|NZ_CM173199.1|NZ_CM173199.1_846,1,1,1
GCF_057730815.1|NZ_CM173199.1|NZ_CM173199.1_847,1,1,1
GCF_057730815.1|NZ_CM173199.1|NZ_CM173199.1_848,1,1,1
GCF_057730815.1|NZ_CM173199.1|NZ_CM173199.1_850,3,3,3
GCF_057730815.1|NZ_CM173199.1|NZ_CM173199.1_851,1,1,1
GCF_057730815.1|NZ_CM173199.1|NZ_CM173199.1_858,3,3,3
GCF_057730815.1|NZ_CM173199.1|NZ_CM173199.1_860,1,1,1
GCF_057730815.1|NZ_CM173199.1|NZ_CM173199.1_861,8,7,8
GCF_057730815.1|NZ_CM173199.1|NZ_CM173199.1_863,1,1,1
GCF_057730815.1|NZ_CM173199.1|NZ_CM173199.1_864,1,1,1
GCF_057730815.1|NZ_CM173199.1|NZ_CM173199.1_867,4,4,4
GCF_057730815.1|NZ_CM173199.1|NZ_CM173199.1_868,2,2,2
GCF_057730815.1|NZ_CM173199.1|NZ_CM173199.1_869,2,2,2
GCF_057730815.1|NZ_CM173199.1|NZ_CM173199.1_874,1,1,1
GCF_057730815.1|NZ_CM173199.1|NZ_CM173199.1_875,97,16,97
GCF_057730815.1|NZ_CM173199.1|NZ_CM173199.1_877,2,2,3
GCF_057730815.1|NZ_CM173199.1|NZ_CM173199.1_880,1,1,1
GCF_057730815.1|NZ_CM173199.1|NZ_CM173199.1_884,1,1,1
GCF_057730815.1|NZ_CM173199.1|NZ_CM173199.1_885,1,1,1
GCF_057730815.1|NZ_CM173199.1|NZ_CM173199.1_886,1,1,1
GCF_057730815.1|NZ_CM173199.1|NZ_CM173199.1_887,1,1,1
GCF_057730815.1|NZ_CM173199.1|NZ_CM173199.1_888,1,1,1
GCF_057730815.1|NZ_CM173199.1|NZ_CM173199.1_892,2,2,2
GCF_057730815.1|NZ_CM173199.1|NZ_CM173199.1_896,1,1,1
GCF_057730815.1|NZ_CM173199.1|NZ_CM173199.1_897,6,5,6
GCF_057730815.1|NZ_CM173199.1|NZ_CM173199.1_898,1,1,1
GCF_057730815.1|NZ_CM173199.1|NZ_CM173199.1_899,1,1,1
GCF_057730815.1|NZ_CM173199.1|NZ_CM173199.1_900,1,1,1
GCF_057730815.1|NZ_CM173199.1|NZ_CM173199.1_906,6,3,8
GCF_057730815.1|NZ_CM173199.1|NZ_CM173199.1_913,1,1,1
GCF_057730815.1|NZ_CM173199.1|NZ_CM173199.1_915,6,4,6
GCF_057730815.1|NZ_CM173199.1|NZ_CM173199.1_916,1,1,1
GCF_057730815.1|NZ_CM173199.1|NZ_CM173199.1_917,2,2,3
GCF_057730815.1|NZ_CM173199.1|NZ_CM173199.1_921,1,1,1
GCF_057730815.1|NZ_CM173199.1|NZ_CM173199.1_923,1,1,2
GCF_057730815.1|NZ_CM173199.1|NZ_CM173199.1_931,2,2,2
GCF_057730815.1|NZ_CM173199.1|NZ_CM173199.1_933,19,8,20
GCF_058119545.1|NZ_CP099448.1|NZ_CP099448.1_1176,1,1,1
GCF_058119545.1|NZ_CP099448.1|NZ_CP099448.1_1177,1,1,1
GCF_058119545.1|NZ_CP099448.1|NZ_CP099448.1_1179,1,1,1
GCF_058119545.1|NZ_CP099448.1|NZ_CP099448.1_1201,1,1,1
GCF_058119545.1|NZ_CP099448.1|NZ_CP099448.1_1216,3,2,3
GCF_058119545.1|NZ_CP099448.1|NZ_CP099448.1_1217,2,2,2
GCF_058119545.1|NZ_CP099448.1|NZ_CP099448.1_1222,2,2,2
GCF_058119545.1|NZ_CP099448.1|NZ_CP099448.1_1223,1,1,2
GCF_058119545.1|NZ_CP099448.1|NZ_CP099448.1_1224,1,1,2
GCF_058119545.1|NZ_CP099448.1|NZ_CP099448.1_1225,1,1,1
GCF_058119545.1|NZ_CP099448.1|NZ_CP099448.1_1231,1,1,1
GCF_058119545.1|NZ_CP099448.1|NZ_CP099448.1_1242,2,2,2
GCF_058119545.1|NZ_CP099448.1|NZ_CP099448.1_1261,2,2,2
GCF_058119545.1|NZ_CP099448.1|NZ_CP099448.1_1262,170,34,225
GCF_058215515.1|NZ_CM177085.1|NZ_CM177085.1_985,5,3,5
GCF_058215515.1|NZ_CM177085.1|NZ_CM177085.1_986,1,1,1
GCF_058267735.1|NZ_CM177832.1|NZ_CM177832.1_1219,1,1,1
GCF_058267735.1|NZ_CM177832.1|NZ_CM177832.1_1225,1,1,1
GCF_058267735.1|NZ_CM177832.1|NZ_CM177832.1_1235,2,2,2
GCF_058267735.1|NZ_CM177832.1|NZ_CM177832.1_1236,1,1,1
GCF_058267735.1|NZ_CM177832.1|NZ_CM177832.1_1240,1,1,1
GCF_058267735.1|NZ_CM177832.1|NZ_CM177832.1_1254,1,1,1
GCF_058267735.1|NZ_CM177832.1|NZ_CM177832.1_1256,1,1,1
GCF_058267735.1|NZ_CM177832.1|NZ_CM177832.1_1264,1,1,1
GCF_058267735.1|NZ_CM177832.1|NZ_CM177832.1_1269,2,1,2
GCF_058267735.1|NZ_CM177832.1|NZ_CM177832.1_1274,2,2,2
GCF_058267735.1|NZ_CM177832.1|NZ_CM177832.1_1285,2,2,2
GCF_058267735.1|NZ_CM177832.1|NZ_CM177832.1_1286,1,1,1
GCF_058267735.1|NZ_CM177832.1|NZ_CM177832.1_1287,2,2,2
GCF_058267735.1|NZ_CM177832.1|NZ_CM177832.1_1293,2,2,2
GCF_058267735.1|NZ_CM177832.1|NZ_CM177832.1_1298,1,1,1
GCF_058315275.1|NZ_CM177759.1|NZ_CM177759.1_1683,1,1,1
GCF_058315275.1|NZ_CM177759.1|NZ_CM177759.1_1686,1,1,1
GCF_058315275.1|NZ_CM177759.1|NZ_CM177759.1_1689,2,2,2
GCF_058315275.1|NZ_CM177759.1|NZ_CM177759.1_1690,2,2,2
GCF_058315275.1|NZ_CM177759.1|NZ_CM177759.1_1692,3,2,3
GCF_058315275.1|NZ_CM177759.1|NZ_CM177759.1_1693,1,1,1
GCF_024346995.1|NZ_AP024888.1|NZ_AP024888.1_813,1,1,1
GCF_024346995.1|NZ_AP024888.1|NZ_AP024888.1_814,51,17,73
GCF_024346995.1|NZ_AP024888.1|NZ_AP024888.1_815,1,1,1
GCF_024346995.1|NZ_AP024888.1|NZ_AP024888.1_817,1,1,1
GCF_024347015.1|NZ_AP024891.1|NZ_AP024891.1_49,1,1,1
GCF_024347015.1|NZ_AP024891.1|NZ_AP024891.1_50,2,2,2
GCF_024347015.1|NZ_AP024891.1|NZ_AP024891.1_51,1,1,1
GCF_024347395.1|NZ_AP025472.1|NZ_AP025472.1_1071,1,1,1
GCF_024347395.1|NZ_AP025472.1|NZ_AP025472.1_1072,2,2,2
GCF_024347395.1|NZ_AP025472.1|NZ_AP025472.1_1075,1,1,1
GCF_024347395.1|NZ_AP025472.1|NZ_AP025472.1_1080,1,1,1
GCF_024347395.1|NZ_AP025472.1|NZ_AP025472.1_1089,2,2,2
GCF_024347395.1|NZ_AP025472.1|NZ_AP025472.1_1092,6,4,8
GCF_024347395.1|NZ_AP025472.1|NZ_AP025472.1_1100,18,14,19
GCF_024347395.1|NZ_AP025472.1|NZ_AP025472.1_1107,1,1,1
GCF_024347395.1|NZ_AP025472.1|NZ_AP025472.1_1111,1,1,1
GCF_024347395.1|NZ_AP025472.1|NZ_AP025472.1_1113,2,2,2
GCF_024347395.1|NZ_AP025472.1|NZ_AP025472.1_1114,1,1,1
GCF_024347395.1|NZ_AP025472.1|NZ_AP025472.1_1115,1,1,1
GCF_024347395.1|NZ_AP025472.1|NZ_AP025472.1_1116,1,1,1
GCF_024347395.1|NZ_AP025472.1|NZ_AP025472.1_1117,1,1,1
GCF_024347395.1|NZ_AP025472.1|NZ_AP025472.1_1118,2,2,2
GCF_024347395.1|NZ_AP025472.1|NZ_AP025472.1_1119,1,1,1
GCF_024347395.1|NZ_AP025472.1|NZ_AP025472.1_1121,1,1,2
GCF_024347395.1|NZ_AP025472.1|NZ_AP025472.1_1125,1,1,1
GCF_024347395.1|NZ_AP025472.1|NZ_AP025472.1_1126,1,1,2
GCF_024347395.1|NZ_AP025472.1|NZ_AP025472.1_1129,1,1,1
GCF_024347395.1|NZ_AP025472.1|NZ_AP025472.1_1130,1,1,1
GCF_024347395.1|NZ_AP025472.1|NZ_AP025472.1_1131,1,1,1
GCF_024347395.1|NZ_AP025472.1|NZ_AP025472.1_1132,2,2,2
GCF_024347395.1|NZ_AP025472.1|NZ_AP025472.1_1134,1,1,1
GCF_024347395.1|NZ_AP025472.1|NZ_AP025472.1_1137,1,1,1
GCF_024347395.1|NZ_AP025472.1|NZ_AP025472.1_1145,1,1,1
GCF_024347395.1|NZ_AP025472.1|NZ_AP025472.1_1146,216,46,303
GCF_024347395.1|NZ_AP025472.1|NZ_AP025472.1_1149,1,1,1
GCF_024347395.1|NZ_AP025472.1|NZ_AP025472.1_1152,1,1,1
GCF_024347395.1|NZ_AP025472.1|NZ_AP025472.1_1156,1,1,1
GCF_024347395.1|NZ_AP025472.1|NZ_AP025472.1_1160,2,2,2
GCF_024347395.1|NZ_AP025472.1|NZ_AP025472.1_1164,1,1,1
GCF_024347395.1|NZ_AP025472.1|NZ_AP025472.1_1165,1,1,1
GCF_024347535.1|NZ_AP025497.1|NZ_AP025497.1_1341,4,4,4
GCF_024347535.1|NZ_AP025497.1|NZ_AP025497.1_1349,1,1,1
GCF_024347535.1|NZ_AP025497.1|NZ_AP025497.1_1353,1,1,1
GCF_024347535.1|NZ_AP025497.1|NZ_AP025497.1_1365,1,1,1
GCF_024347535.1|NZ_AP025497.1|NZ_AP025497.1_1366,1,1,1
GCF_024347535.1|NZ_AP025498.1|NZ_AP025498.1_1037,1,1,1
GCF_024347535.1|NZ_AP025498.1|NZ_AP025498.1_1044,1,1,1
GCF_024347535.1|NZ_AP025498.1|NZ_AP025498.1_1049,1,1,1
GCF_024347535.1|NZ_AP025498.1|NZ_AP025498.1_1051,1,1,1
GCF_024347535.1|NZ_AP025498.1|NZ_AP025498.1_1123,2,1,2
GCF_024347535.1|NZ_AP025498.1|NZ_AP025498.1_1124,2,1,2
GCF_024347535.1|NZ_AP025498.1|NZ_AP025498.1_1125,2,1,2
GCF_024347535.1|NZ_AP025498.1|NZ_AP025498.1_1126,2,1,2
GCF_024347535.1|NZ_AP025498.1|NZ_AP025498.1_1127,2,1,2
GCF_024347535.1|NZ_AP025498.1|NZ_AP025498.1_1128,2,1,2
GCF_024347535.1|NZ_AP025498.1|NZ_AP025498.1_1129,2,1,2
GCF_024347535.1|NZ_AP025498.1|NZ_AP025498.1_1130,3,2,3
GCF_024347535.1|NZ_AP025498.1|NZ_AP025498.1_1131,2,1,2
GCF_024347535.1|NZ_AP025498.1|NZ_AP025498.1_1141,1,1,1
GCF_024347535.1|NZ_AP025498.1|NZ_AP025498.1_1146,3,1,3
GCF_024347535.1|NZ_AP025498.1|NZ_AP025498.1_1149,2,2,2
GCF_024347535.1|NZ_AP025498.1|NZ_AP025498.1_1151,6,2,6
GCF_024347535.1|NZ_AP025498.1|NZ_AP025498.1_1153,1,1,1
GCF_024347535.1|NZ_AP025498.1|NZ_AP025498.1_1154,1,1,1
GCF_024347535.1|NZ_AP025498.1|NZ_AP025498.1_1156,1,1,1
GCF_024347535.1|NZ_AP025498.1|NZ_AP025498.1_1158,2,2,2
GCF_024347535.1|NZ_AP025498.1|NZ_AP025498.1_1167,2,2,2
GCF_024347535.1|NZ_AP025498.1|NZ_AP025498.1_1168,1,1,1
GCF_024347575.1|NZ_AP025503.1|NZ_AP025503.1_1595,2,2,2
GCF_024347575.1|NZ_AP025503.1|NZ_AP025503.1_1596,1,1,1
GCF_024347655.1|NZ_AP025515.1|NZ_AP025515.1_300,2,2,2
GCF_024347655.1|NZ_AP025515.1|NZ_AP025515.1_302,1,1,1
GCF_024347655.1|NZ_AP025515.1|NZ_AP025515.1_304,2,2,2
GCF_024347655.1|NZ_AP025515.1|NZ_AP025515.1_305,1,1,1
GCF_024347655.1|NZ_AP025515.1|NZ_AP025515.1_307,1,1,1
GCF_024347655.1|NZ_AP025515.1|NZ_AP025515.1_308,4,3,4
GCF_024347655.1|NZ_AP025515.1|NZ_AP025515.1_309,4,2,4
GCF_024347655.1|NZ_AP025515.1|NZ_AP025515.1_316,7,3,7
GCF_024347655.1|NZ_AP025515.1|NZ_AP025515.1_318,2,2,2
GCF_024347655.1|NZ_AP025515.1|NZ_AP025515.1_321,1,1,1
GCF_024442155.1|NZ_CP050463.1|NZ_CP050463.1_1308,2,1,3
GCF_024442155.1|NZ_CP050463.1|NZ_CP050463.1_1309,2,1,3
GCF_024442155.1|NZ_CP050463.1|NZ_CP050463.1_1312,11,3,11
GCF_024442155.1|NZ_CP050463.1|NZ_CP050463.1_1319,3,1,3
GCF_024442155.1|NZ_CP050463.1|NZ_CP050463.1_1529,7,1,10
GCF_024442155.1|NZ_CP050463.1|NZ_CP050463.1_1543,3,2,3
GCF_024442155.1|NZ_CP050463.1|NZ_CP050463.1_1711,5,3,5
GCF_024442155.1|NZ_CP050463.1|NZ_CP050463.1_1712,4,2,4
GCF_024442155.1|NZ_CP050463.1|NZ_CP050463.1_1725,3,2,3
GCF_024442155.1|NZ_CP050463.1|NZ_CP050463.1_1746,3,2,3
GCF_024442155.1|NZ_CP050463.1|NZ_CP050463.1_1748,6,4,6
GCF_024442155.1|NZ_CP050465.1|NZ_CP050465.1_253,1,1,1
GCF_024442155.1|NZ_CP050465.1|NZ_CP050465.1_256,6,4,6
GCF_024442155.1|NZ_CP050465.1|NZ_CP050465.1_274,9,2,9
GCF_024442155.1|NZ_CP050465.1|NZ_CP050465.1_278,2,1,2
GCF_024442155.1|NZ_CP050465.1|NZ_CP050465.1_287,7,4,9
GCF_024442155.1|NZ_CP050465.1|NZ_CP050465.1_294,1,1,1
GCF_024442155.1|NZ_CP050465.1|NZ_CP050465.1_298,5,3,5
GCF_024442155.1|NZ_CP050465.1|NZ_CP050465.1_299,3,1,3
GCF_024442155.1|NZ_CP050465.1|NZ_CP050465.1_994,4,2,4
GCF_024442155.1|NZ_CP050465.1|NZ_CP050465.1_997,1,1,1
GCF_024442155.1|NZ_CP050465.1|NZ_CP050465.1_998,1,1,1
GCF_024442155.1|NZ_CP050465.1|NZ_CP050465.1_999,1,1,1
GCF_024442155.1|NZ_CP050465.1|NZ_CP050465.1_1138,1,1,1
GCF_024442155.1|NZ_CP050465.1|NZ_CP050465.1_1140,6,3,6
GCF_024442155.1|NZ_CP050465.1|NZ_CP050465.1_1585,3,2,4
GCF_024442155.1|NZ_CP050465.1|NZ_CP050465.1_1601,1,1,1
GCF_024442155.1|NZ_CP050465.1|NZ_CP050465.1_1603,1,1,1
GCF_024442155.1|NZ_CP050465.1|NZ_CP050465.1_1609,1,1,1
GCF_024442155.1|NZ_CP050465.1|NZ_CP050465.1_1615,24,9,33
GCF_024442155.1|NZ_CP050465.1|NZ_CP050465.1_1624,5,3,5
GCF_024442155.1|NZ_CP050465.1|NZ_CP050465.1_1629,1,1,1
GCF_024442155.1|NZ_CP050466.1|NZ_CP050466.1_40,4,2,5
GCF_024442175.1|NZ_CP050467.1|NZ_CP050467.1_2664,3,3,3
GCF_024442175.1|NZ_CP050467.1|NZ_CP050467.1_2669,1,1,1
GCF_024442175.1|NZ_CP050467.1|NZ_CP050467.1_2670,1,1,1
GCF_024442175.1|NZ_CP050467.1|NZ_CP050467.1_2672,2,2,2
GCF_024442175.1|NZ_CP050467.1|NZ_CP050467.1_2673,2,2,2
GCF_024442175.1|NZ_CP050467.1|NZ_CP050467.1_2674,107,22,130
GCF_024442175.1|NZ_CP050467.1|NZ_CP050467.1_2677,1,1,1
GCF_024442175.1|NZ_CP050467.1|NZ_CP050467.1_2693,17,8,19
GCF_024442175.1|NZ_CP050467.1|NZ_CP050467.1_2695,2,2,2
GCF_024442195.1|NZ_CP050471.1|NZ_CP050471.1_1680,3,2,3
GCF_024442195.1|NZ_CP050474.1|NZ_CP050474.1_67,3,2,3
GCF_024442215.1|NZ_CP050475.1|NZ_CP050475.1_2473,1,1,1
GCF_024442215.1|NZ_CP050475.1|NZ_CP050475.1_2474,1,1,1
GCF_024442215.1|NZ_CP050475.1|NZ_CP050475.1_2513,4,3,4
GCF_024442215.1|NZ_CP050475.1|NZ_CP050475.1_2518,2,1,2
GCF_024442215.1|NZ_CP050475.1|NZ_CP050475.1_2592,3,1,3
GCF_024442215.1|NZ_CP050475.1|NZ_CP050475.1_2669,9,4,9
GCF_024442215.1|NZ_CP050476.1|NZ_CP050476.1_518,2,2,2
GCF_024442215.1|NZ_CP050476.1|NZ_CP050476.1_527,1,1,1
GCF_024442215.1|NZ_CP050476.1|NZ_CP050476.1_528,1,1,1
GCF_024442215.1|NZ_CP050476.1|NZ_CP050476.1_1776,7,3,7
GCF_024442215.1|NZ_CP050476.1|NZ_CP050476.1_1777,1,1,1
GCF_024494545.1|NZ_CP101694.1|NZ_CP101694.1_1513,1,1,1
GCF_024494545.1|NZ_CP101694.1|NZ_CP101694.1_1515,1,1,1
GCF_024494545.1|NZ_CP101694.1|NZ_CP101694.1_1518,1,1,1
GCF_024494545.1|NZ_CP101694.1|NZ_CP101694.1_1519,3,3,10
GCF_024529955.1|NZ_AP024855.1|NZ_AP024855.1_44,1,1,1
GCF_024529955.1|NZ_AP024855.1|NZ_AP024855.1_46,251,54,381
GCF_024582835.1|NZ_CP102097.1|NZ_CP102097.1_913,2,2,2
GCF_024582835.1|NZ_CP102097.1|NZ_CP102097.1_914,1,1,1
GCF_024582835.1|NZ_CP102097.1|NZ_CP102097.1_915,1,1,1
GCF_024582835.1|NZ_CP102097.1|NZ_CP102097.1_916,1,1,1
GCF_024582835.1|NZ_CP102097.1|NZ_CP102097.1_925,3,3,3
GCF_024582835.1|NZ_CP102097.1|NZ_CP102097.1_930,1,1,1
GCF_024582835.1|NZ_CP102097.1|NZ_CP102097.1_936,3,3,3
GCF_024582835.1|NZ_CP102097.1|NZ_CP102097.1_944,4,4,4
GCF_024582835.1|NZ_CP102097.1|NZ_CP102097.1_946,1,1,1
GCF_024582835.1|NZ_CP102097.1|NZ_CP102097.1_948,3,2,4
GCF_024582835.1|NZ_CP102097.1|NZ_CP102097.1_950,1,1,2
GCF_024582835.1|NZ_CP102097.1|NZ_CP102097.1_956,1,1,1
GCF_024582835.1|NZ_CP102097.1|NZ_CP102097.1_960,1,1,1
GCF_024582835.1|NZ_CP102097.1|NZ_CP102097.1_968,1,1,1
GCF_025397955.1|NZ_CP104555.1|NZ_CP104555.1_826,2,2,2
GCF_025397955.1|NZ_CP104555.1|NZ_CP104555.1_832,2,2,2
GCF_025397955.1|NZ_CP104555.1|NZ_CP104555.1_840,71,29,236
GCF_025917705.1|NZ_CP097355.1|NZ_CP097355.1_1606,2,1,2
GCF_025917705.1|NZ_CP097355.1|NZ_CP097355.1_1636,1,1,1
GCF_025917705.1|NZ_CP097355.1|NZ_CP097355.1_1637,1,1,1
GCF_025917705.1|NZ_CP097355.1|NZ_CP097355.1_1651,1,1,1
GCF_025917705.1|NZ_CP097355.1|NZ_CP097355.1_1657,2,2,2
GCF_025917705.1|NZ_CP097355.1|NZ_CP097355.1_1662,1,1,1
GCF_025917705.1|NZ_CP097355.1|NZ_CP097355.1_1663,1,1,1
GCF_025917705.1|NZ_CP097355.1|NZ_CP097355.1_1668,5,2,5
GCF_025917705.1|NZ_CP097355.1|NZ_CP097355.1_1670,1,1,1
GCF_025917705.1|NZ_CP097355.1|NZ_CP097355.1_1671,1,1,1
GCF_025917705.1|NZ_CP097355.1|NZ_CP097355.1_1678,1,1,1
GCF_025917705.1|NZ_CP097355.1|NZ_CP097355.1_1689,1,1,1
GCF_025917705.1|NZ_CP097355.1|NZ_CP097355.1_1694,1,1,1
GCF_025994915.1|NZ_AP026552.1|NZ_AP026552.1_1306,1,1,1
GCF_025994915.1|NZ_AP026552.1|NZ_AP026552.1_1309,2,1,2
GCF_025994915.1|NZ_AP026552.1|NZ_AP026552.1_1311,1,1,1
GCF_025994915.1|NZ_AP026552.1|NZ_AP026552.1_1319,1,1,1
GCF_025994915.1|NZ_AP026552.1|NZ_AP026552.1_1322,1,1,1
GCF_025994915.1|NZ_AP026552.1|NZ_AP026552.1_1323,1,1,1
GCF_025994915.1|NZ_AP026552.1|NZ_AP026552.1_1328,12,7,17
GCF_025994915.1|NZ_AP026552.1|NZ_AP026552.1_1333,12,7,17
GCF_025994915.1|NZ_AP026552.1|NZ_AP026552.1_1334,4,2,4
GCF_025994915.1|NZ_AP026552.1|NZ_AP026552.1_1337,1,1,1
GCF_026000435.1|NZ_AP026763.1|NZ_AP026763.1_1168,2,2,2
GCF_026000435.1|NZ_AP026763.1|NZ_AP026763.1_1171,1,1,1
GCF_026000435.1|NZ_AP026763.1|NZ_AP026763.1_1175,11,7,11
GCF_026000435.1|NZ_AP026763.1|NZ_AP026763.1_1177,1,1,1
GCF_026000435.1|NZ_AP026763.1|NZ_AP026763.1_1178,2,2,2
GCF_026000435.1|NZ_AP026763.1|NZ_AP026763.1_1185,2,2,2
GCF_026000435.1|NZ_AP026763.1|NZ_AP026763.1_1190,1,1,1
GCF_026000435.1|NZ_AP026763.1|NZ_AP026763.1_1191,1,1,1
GCF_026000435.1|NZ_AP026763.1|NZ_AP026763.1_1202,3,3,3
GCF_026000435.1|NZ_AP026763.1|NZ_AP026763.1_1203,3,3,3
GCF_026000435.1|NZ_AP026763.1|NZ_AP026763.1_1208,2,2,2
GCF_026650865.1|NZ_CP085857.1|NZ_CP085857.1_1720,5,2,7
GCF_026650865.1|NZ_CP085857.1|NZ_CP085857.1_1723,4,2,4
GCF_026650865.1|NZ_CP085857.1|NZ_CP085857.1_1727,5,4,5
GCF_026650865.1|NZ_CP085857.1|NZ_CP085857.1_1730,2,1,4
GCF_026650865.1|NZ_CP085857.1|NZ_CP085857.1_1736,15,7,15
GCF_026650865.1|NZ_CP085857.1|NZ_CP085857.1_1749,2,1,6
GCF_026650865.1|NZ_CP085857.1|NZ_CP085857.1_1759,3,2,3
GCF_026650865.1|NZ_CP085857.1|NZ_CP085857.1_1763,2,1,2
GCF_026650865.1|NZ_CP085857.1|NZ_CP085857.1_1764,5,1,5
GCF_026650865.1|NZ_CP085857.1|NZ_CP085857.1_1768,1,1,1
GCF_026650865.1|NZ_CP085857.1|NZ_CP085857.1_1769,1,1,1
GCF_026650865.1|NZ_CP085857.1|NZ_CP085857.1_1786,1,1,1
GCF_026650865.1|NZ_CP085857.1|NZ_CP085857.1_1787,1,1,1
GCF_026650865.1|NZ_CP085857.1|NZ_CP085857.1_1813,5,4,5
GCF_027924725.1|NZ_AP027045.1|NZ_AP027045.1_1880,2,1,2
GCF_027924725.1|NZ_AP027045.1|NZ_AP027045.1_1883,2,1,2
GCF_027924725.1|NZ_AP027045.1|NZ_AP027045.1_1884,2,1,2
GCF_027924785.1|NZ_AP027049.1|NZ_AP027049.1_218,1,1,1
GCF_027924785.1|NZ_AP027049.1|NZ_AP027049.1_1822,1,1,1
GCF_027924785.1|NZ_AP027049.1|NZ_AP027049.1_1825,6,3,6
GCF_027924845.1|NZ_AP027052.1|NZ_AP027052.1_211,2,1,2
GCF_027924845.1|NZ_AP027052.1|NZ_AP027052.1_212,2,1,2
GCF_027924845.1|NZ_AP027052.1|NZ_AP027052.1_214,2,1,2
GCF_027924845.1|NZ_AP027052.1|NZ_AP027052.1_215,2,1,2
GCF_027924845.1|NZ_AP027052.1|NZ_AP027052.1_217,3,2,3
GCF_027924845.1|NZ_AP027052.1|NZ_AP027052.1_218,1,1,1
GCF_027924845.1|NZ_AP027052.1|NZ_AP027052.1_1865,2,1,2
GCF_027924845.1|NZ_AP027052.1|NZ_AP027052.1_1867,2,1,2
GCF_027924845.1|NZ_AP027052.1|NZ_AP027052.1_1868,2,1,2
GCF_027924845.1|NZ_AP027052.1|NZ_AP027052.1_1869,1,1,1
GCF_027924845.1|NZ_AP027052.1|NZ_AP027052.1_1870,1,1,1
GCF_027924845.1|NZ_AP027052.1|NZ_AP027052.1_1871,2,1,2
GCF_027924845.1|NZ_AP027052.1|NZ_AP027052.1_1872,3,2,3
GCF_027924845.1|NZ_AP027052.1|NZ_AP027052.1_1874,2,1,2
GCF_027924845.1|NZ_AP027053.1|NZ_AP027053.1_677,2,1,2
GCF_027924845.1|NZ_AP027053.1|NZ_AP027053.1_678,3,2,3
GCF_027924845.1|NZ_AP027053.1|NZ_AP027053.1_679,2,1,2
GCF_028551315.1|NZ_CP117054.1|NZ_CP117054.1_641,9,3,9
GCF_028551315.1|NZ_CP117054.1|NZ_CP117054.1_651,1,1,1
GCF_028551315.1|NZ_CP117054.1|NZ_CP117054.1_655,1,1,1
GCF_028551315.1|NZ_CP117054.1|NZ_CP117054.1_657,4,2,4
GCF_028551315.1|NZ_CP117054.1|NZ_CP117054.1_677,5,3,5
GCF_028551315.1|NZ_CP117054.1|NZ_CP117054.1_678,1,1,1
GCF_028551315.1|NZ_CP117054.1|NZ_CP117054.1_682,1,1,1
GCF_028551315.1|NZ_CP117054.1|NZ_CP117054.1_686,1,1,1
GCF_028551315.1|NZ_CP117054.1|NZ_CP117054.1_687,1,1,1
GCF_028551315.1|NZ_CP117054.1|NZ_CP117054.1_696,1,1,1
GCF_028551315.1|NZ_CP117054.1|NZ_CP117054.1_698,1,1,1
GCF_028551315.1|NZ_CP117054.1|NZ_CP117054.1_701,1,1,1
GCF_028551315.1|NZ_CP117054.1|NZ_CP117054.1_711,5,2,5
GCF_028551315.1|NZ_CP117054.1|NZ_CP117054.1_714,1,1,1
GCF_028551315.1|NZ_CP117054.1|NZ_CP117054.1_716,2,2,2
GCF_028551315.1|NZ_CP117054.1|NZ_CP117054.1_730,2,2,2
GCF_028551315.1|NZ_CP117054.1|NZ_CP117054.1_732,1,1,1
GCF_028551315.1|NZ_CP117054.1|NZ_CP117054.1_735,1,1,1
GCF_028551315.1|NZ_CP117054.1|NZ_CP117054.1_736,1,1,1
GCF_028551315.1|NZ_CP117054.1|NZ_CP117054.1_742,1,1,1
GCF_028551315.1|NZ_CP117054.1|NZ_CP117054.1_745,1,1,1
GCF_028551315.1|NZ_CP117054.1|NZ_CP117054.1_751,4,4,4
GCF_028551315.1|NZ_CP117054.1|NZ_CP117054.1_752,1,1,1
GCF_028551315.1|NZ_CP117054.1|NZ_CP117054.1_753,1,1,1
GCF_028551315.1|NZ_CP117054.1|NZ_CP117054.1_757,1,1,1
GCF_028609665.1|NZ_CP047985.1|NZ_CP047985.1_1412,5,4,5
GCF_028609665.1|NZ_CP047985.1|NZ_CP047985.1_1413,6,5,6
GCF_028609665.1|NZ_CP047985.1|NZ_CP047985.1_1414,1,1,1
GCF_028609665.1|NZ_CP047985.1|NZ_CP047985.1_1416,1,1,1
GCF_028898645.1|NZ_CP118582.1|NZ_CP118582.1_2310,1,1,1
GCF_028898645.1|NZ_CP118582.1|NZ_CP118582.1_2318,2,2,2
GCF_028898645.1|NZ_CP118582.1|NZ_CP118582.1_2323,1,1,1
GCF_028898645.1|NZ_CP118582.1|NZ_CP118582.1_2336,1,1,1
GCF_028898645.1|NZ_CP118582.1|NZ_CP118582.1_2337,1,1,1
GCF_028898645.1|NZ_CP118582.1|NZ_CP118582.1_2338,1,1,1
GCF_028898645.1|NZ_CP118582.1|NZ_CP118582.1_2345,1,1,1
GCF_028898645.1|NZ_CP118582.1|NZ_CP118582.1_2346,1,1,1
GCF_028898645.1|NZ_CP118582.1|NZ_CP118582.1_2347,1,1,1
GCF_028898645.1|NZ_CP118582.1|NZ_CP118582.1_2349,1,1,1
GCF_028898645.1|NZ_CP118582.1|NZ_CP118582.1_2350,1,1,1
GCF_028898645.1|NZ_CP118582.1|NZ_CP118582.1_2352,1,1,1
GCF_028898645.1|NZ_CP118582.1|NZ_CP118582.1_2355,5,3,6
GCF_028898645.1|NZ_CP118582.1|NZ_CP118582.1_2364,3,2,3
GCF_028898645.1|NZ_CP118582.1|NZ_CP118582.1_2376,1,1,1
GCF_028898665.1|NZ_CP118578.1|NZ_CP118578.1_1672,2,1,2
GCF_028898665.1|NZ_CP118579.1|NZ_CP118579.1_325,6,1,6
GCF_028898665.1|NZ_CP118579.1|NZ_CP118579.1_331,1,1,1
GCF_028898665.1|NZ_CP118579.1|NZ_CP118579.1_333,13,7,13
GCF_028898665.1|NZ_CP118579.1|NZ_CP118579.1_334,1,1,1
GCF_028898665.1|NZ_CP118579.1|NZ_CP118579.1_336,1,1,1
GCF_028898685.1|NZ_CP118580.1|NZ_CP118580.1_2409,4,1,4
GCF_028898685.1|NZ_CP118580.1|NZ_CP118580.1_2410,4,1,4
GCF_028898685.1|NZ_CP118580.1|NZ_CP118580.1_2415,6,2,6
GCF_028898685.1|NZ_CP118580.1|NZ_CP118580.1_2428,6,3,6
GCF_028898685.1|NZ_CP118580.1|NZ_CP118580.1_2431,4,1,4
GCF_028898685.1|NZ_CP118580.1|NZ_CP118580.1_2433,4,1,4
GCF_028898685.1|NZ_CP118580.1|NZ_CP118580.1_2435,5,1,5
GCF_028898685.1|NZ_CP118580.1|NZ_CP118580.1_2437,4,1,4
GCF_028898685.1|NZ_CP118580.1|NZ_CP118580.1_2445,3,1,3
GCF_028898685.1|NZ_CP118580.1|NZ_CP118580.1_2446,7,3,7
GCF_028898685.1|NZ_CP118580.1|NZ_CP118580.1_2449,3,1,3
GCF_028898685.1|NZ_CP118580.1|NZ_CP118580.1_2459,4,1,4
GCF_028898825.1|NZ_CP118584.1|NZ_CP118584.1_1392,3,1,3
GCF_028898825.1|NZ_CP118584.1|NZ_CP118584.1_1398,1,1,1
GCF_028898825.1|NZ_CP118584.1|NZ_CP118584.1_1399,2,2,2
GCF_028898825.1|NZ_CP118584.1|NZ_CP118584.1_1400,1,1,1
GCF_028898825.1|NZ_CP118584.1|NZ_CP118584.1_1402,2,2,2
GCF_028898825.1|NZ_CP118584.1|NZ_CP118584.1_1412,1,1,1
GCF_028898825.1|NZ_CP118584.1|NZ_CP118584.1_1421,1,1,1
GCF_028898825.1|NZ_CP118584.1|NZ_CP118584.1_1428,2,2,2
GCF_028898825.1|NZ_CP118584.1|NZ_CP118584.1_1433,1,1,1
GCF_028898825.1|NZ_CP118584.1|NZ_CP118584.1_1436,1,1,1
GCF_028898825.1|NZ_CP118584.1|NZ_CP118584.1_1437,4,3,4
GCF_028898925.1|NZ_CP118599.1|NZ_CP118599.1_1858,1,1,1
GCF_028898925.1|NZ_CP118599.1|NZ_CP118599.1_1861,2,2,2
GCF_028898925.1|NZ_CP118599.1|NZ_CP118599.1_2482,4,2,4
GCF_028898925.1|NZ_CP118600.1|NZ_CP118600.1_555,1,1,1
GCF_029023705.1|NZ_CP118930.1|NZ_CP118930.1_1155,4,3,4
GCF_029023705.1|NZ_CP118930.1|NZ_CP118930.1_1156,2,1,3
GCF_029023705.1|NZ_CP118930.1|NZ_CP118930.1_1157,2,1,3
GCF_029023705.1|NZ_CP118930.1|NZ_CP118930.1_1161,1,1,1
GCF_029203225.1|NZ_CP119334.1|NZ_CP119334.1_1703,1,1,1
GCF_029203225.1|NZ_CP119334.1|NZ_CP119334.1_1715,1,1,1
GCF_029203225.1|NZ_CP119334.1|NZ_CP119334.1_1722,8,4,10
GCF_029203225.1|NZ_CP119334.1|NZ_CP119334.1_1736,2,2,2
GCF_029203225.1|NZ_CP119334.1|NZ_CP119334.1_1738,3,2,3
GCF_029203225.1|NZ_CP119334.1|NZ_CP119334.1_1742,1,1,1
GCF_029223585.1|NZ_CP119423.1|NZ_CP119423.1_1584,1,1,1
GCF_029223585.1|NZ_CP119423.1|NZ_CP119423.1_1586,1,1,1
GCF_029223585.1|NZ_CP119423.1|NZ_CP119423.1_1589,1,1,1
GCF_029223585.1|NZ_CP119423.1|NZ_CP119423.1_1591,1,1,1
GCF_029223585.1|NZ_CP119423.1|NZ_CP119423.1_1592,1,1,1
GCF_029223585.1|NZ_CP119423.1|NZ_CP119423.1_1594,1,1,1
GCF_029223585.1|NZ_CP119423.1|NZ_CP119423.1_1702,1,1,1
GCF_029223585.1|NZ_CP119423.1|NZ_CP119423.1_1703,5,4,6
GCF_029223585.1|NZ_CP119423.1|NZ_CP119423.1_1704,1,1,1
GCF_029224045.1|NZ_CP119522.1|NZ_CP119522.1_98,1,1,1
GCF_029224045.1|NZ_CP119522.1|NZ_CP119522.1_99,1,1,1
GCF_029224045.1|NZ_CP119522.1|NZ_CP119522.1_102,2,2,2
GCF_029224045.1|NZ_CP119522.1|NZ_CP119522.1_103,1,1,1
GCF_029224045.1|NZ_CP119522.1|NZ_CP119522.1_106,1,1,1
GCF_029224045.1|NZ_CP119522.1|NZ_CP119522.1_107,1,1,1
GCF_029224045.1|NZ_CP119522.1|NZ_CP119522.1_108,1,1,1
GCF_029224045.1|NZ_CP119522.1|NZ_CP119522.1_110,2,2,2
GCF_029224045.1|NZ_CP119522.1|NZ_CP119522.1_119,1,1,1
GCF_029224045.1|NZ_CP119522.1|NZ_CP119522.1_126,1,1,1
GCF_029224045.1|NZ_CP119522.1|NZ_CP119522.1_132,3,2,3
GCF_029224045.1|NZ_CP119522.1|NZ_CP119522.1_133,1,1,1
GCF_029990625.1|NZ_CP118438.1|NZ_CP118438.1_358,1,1,1
GCF_029990625.1|NZ_CP118438.1|NZ_CP118438.1_359,1,1,1
GCF_030059845.1|NZ_CP125856.1|NZ_CP125856.1_977,1,1,1
GCF_030060435.1|NZ_CP125875.1|NZ_CP125875.1_839,29,15,33
GCF_030060435.1|NZ_CP125875.1|NZ_CP125875.1_844,4,3,4
GCF_030060435.1|NZ_CP125875.1|NZ_CP125875.1_845,3,3,3
GCF_030060435.1|NZ_CP125875.1|NZ_CP125875.1_848,8,4,8
GCF_030060435.1|NZ_CP125875.1|NZ_CP125875.1_851,2,2,2
GCF_030060435.1|NZ_CP125875.1|NZ_CP125875.1_856,3,2,3
GCF_030060435.1|NZ_CP125875.1|NZ_CP125875.1_872,1,1,1
GCF_030060435.1|NZ_CP125875.1|NZ_CP125875.1_873,1,1,1
GCF_030060435.1|NZ_CP125875.1|NZ_CP125875.1_874,3,2,3
GCF_030060435.1|NZ_CP125875.1|NZ_CP125875.1_875,1,1,1
GCF_030060435.1|NZ_CP125875.1|NZ_CP125875.1_883,1,1,1
GCF_030060435.1|NZ_CP125875.1|NZ_CP125875.1_886,1,1,1
GCF_030060435.1|NZ_CP125875.1|NZ_CP125875.1_888,3,2,4
GCF_030060435.1|NZ_CP125875.1|NZ_CP125875.1_896,1,1,1
GCF_030060435.1|NZ_CP125875.1|NZ_CP125875.1_903,3,2,3
GCF_030060435.1|NZ_CP125875.1|NZ_CP125875.1_904,3,2,3
GCF_030060435.1|NZ_CP125875.1|NZ_CP125875.1_905,1,1,1
GCF_030060435.1|NZ_CP125875.1|NZ_CP125875.1_906,1,1,1
GCF_030060435.1|NZ_CP125875.1|NZ_CP125875.1_907,1,1,1
GCF_030060435.1|NZ_CP125875.1|NZ_CP125875.1_909,3,3,3
GCF_030060435.1|NZ_CP125875.1|NZ_CP125875.1_910,1,1,1
GCF_030060435.1|NZ_CP125875.1|NZ_CP125875.1_914,1,1,1
GCF_030060435.1|NZ_CP125875.1|NZ_CP125875.1_915,1,1,1
GCF_030238765.2|NZ_CM129898.1|NZ_CM129898.1_1251,1,1,1
GCF_030238765.2|NZ_CM129898.1|NZ_CM129898.1_1253,4,2,4
GCF_030238765.2|NZ_CM129898.1|NZ_CM129898.1_1257,1,1,1
GCF_030238765.2|NZ_CM129898.1|NZ_CM129898.1_1259,4,2,4
GCF_030238765.2|NZ_CM129898.1|NZ_CM129898.1_1262,7,3,7
GCF_030238765.2|NZ_CM129898.1|NZ_CM129898.1_1272,1,1,1
GCF_030238765.2|NZ_CM129898.1|NZ_CM129898.1_1274,1,1,1
GCF_030238765.2|NZ_CM129898.1|NZ_CM129898.1_1285,1,1,1
GCF_030238765.2|NZ_CM129898.1|NZ_CM129898.1_1287,1,1,1
GCF_030238765.2|NZ_CM129898.1|NZ_CM129898.1_1319,2,1,2
GCF_030238765.2|NZ_CM129898.1|NZ_CM129898.1_1329,1,1,1
GCF_030238765.2|NZ_CM129898.1|NZ_CM129898.1_1334,1,1,1
GCF_030238765.2|NZ_CM129898.1|NZ_CM129898.1_1339,1,1,1
GCF_030563405.1|NZ_CP130749.1|NZ_CP130749.1_66,1,1,1
GCF_030563405.1|NZ_CP130749.1|NZ_CP130749.1_67,1,1,1
GCF_030563405.1|NZ_CP130749.1|NZ_CP130749.1_69,1,1,1
GCF_030563405.1|NZ_CP130749.1|NZ_CP130749.1_1138,1,1,1
GCF_030563405.1|NZ_CP130749.1|NZ_CP130749.1_1139,1,1,1
GCF_030580635.1|NZ_CP129422.1|NZ_CP129422.1_313,157,20,175
GCF_030580635.1|NZ_CP129422.1|NZ_CP129422.1_314,1,1,1
GCF_030580635.1|NZ_CP129422.1|NZ_CP129422.1_317,1,1,1
GCF_030704285.1|NZ_CP131931.1|NZ_CP131931.1_1439,1,1,1
GCF_030704285.1|NZ_CP131931.1|NZ_CP131931.1_1440,1,1,1
GCF_030704285.1|NZ_CP131931.1|NZ_CP131931.1_1444,1,1,1
GCF_030704285.1|NZ_CP131931.1|NZ_CP131931.1_1485,1,1,1
GCF_030704285.1|NZ_CP131931.1|NZ_CP131931.1_1487,1,1,1
GCF_030704285.1|NZ_CP131931.1|NZ_CP131931.1_1488,2,2,2
GCF_030704285.1|NZ_CP131931.1|NZ_CP131931.1_1496,1,1,1
GCF_030704285.1|NZ_CP131931.1|NZ_CP131931.1_1506,2,2,2
GCF_030704285.1|NZ_CP131931.1|NZ_CP131931.1_1507,3,3,3
GCF_030704285.1|NZ_CP131931.1|NZ_CP131931.1_1519,1,1,1
GCF_030704285.1|NZ_CP131931.1|NZ_CP131931.1_1527,2,2,2
GCF_030704285.1|NZ_CP131931.1|NZ_CP131931.1_1583,7,4,8
GCF_030704285.1|NZ_CP131931.1|NZ_CP131931.1_1584,1,1,2
GCF_030704285.1|NZ_CP131931.1|NZ_CP131931.1_1585,1,1,2
GCF_030704285.1|NZ_CP131931.1|NZ_CP131931.1_1587,3,3,4
GCF_030704285.1|NZ_CP131931.1|NZ_CP131931.1_1589,1,1,1
GCF_030704285.1|NZ_CP131931.1|NZ_CP131931.1_1597,267,43,385
GCF_030704285.1|NZ_CP131931.1|NZ_CP131931.1_1603,2,1,2
GCF_030704285.1|NZ_CP131931.1|NZ_CP131931.1_1604,5,4,6
GCF_030994145.1|NZ_CP099919.1|NZ_CP099919.1_1235,9,2,9
GCF_030994145.1|NZ_CP099919.1|NZ_CP099919.1_1236,4,1,4
GCF_030994145.1|NZ_CP099919.1|NZ_CP099919.1_1237,4,1,4
GCF_030994145.1|NZ_CP099919.1|NZ_CP099919.1_1243,4,1,4
GCF_030994145.1|NZ_CP099919.1|NZ_CP099919.1_1245,4,1,4
GCF_030994145.1|NZ_CP099919.1|NZ_CP099919.1_1246,4,1,4
GCF_030994145.1|NZ_CP099919.1|NZ_CP099919.1_1253,4,1,4
GCF_030994145.1|NZ_CP099919.1|NZ_CP099919.1_1257,4,1,8
GCF_030994145.1|NZ_CP099919.1|NZ_CP099919.1_1261,7,1,11
GCF_030994145.1|NZ_CP099919.1|NZ_CP099919.1_1265,4,1,4
GCF_030994145.1|NZ_CP099919.1|NZ_CP099919.1_1267,5,2,5
GCF_030994145.1|NZ_CP099919.1|NZ_CP099919.1_1268,6,4,6
GCF_030994145.1|NZ_CP099919.1|NZ_CP099919.1_1273,4,1,4
GCF_030994145.1|NZ_CP099919.1|NZ_CP099919.1_1278,4,1,4
GCF_030994145.1|NZ_CP099919.1|NZ_CP099919.1_1282,4,1,4
GCF_030994145.1|NZ_CP099919.1|NZ_CP099919.1_1283,4,1,4
GCF_030994145.1|NZ_CP099919.1|NZ_CP099919.1_1284,4,1,4
GCF_030994145.1|NZ_CP099919.1|NZ_CP099919.1_1285,4,1,4
GCF_030994145.1|NZ_CP099919.1|NZ_CP099919.1_1291,4,1,4
GCF_030994145.1|NZ_CP099919.1|NZ_CP099919.1_1300,5,2,5
GCF_030994145.1|NZ_CP099919.1|NZ_CP099919.1_1305,4,1,4
GCF_030994145.1|NZ_CP099919.1|NZ_CP099919.1_1307,4,1,4
GCF_030994145.1|NZ_CP099919.1|NZ_CP099919.1_1311,4,1,4
GCF_030994145.1|NZ_CP099919.1|NZ_CP099919.1_1312,4,1,4
GCF_030994145.1|NZ_CP099919.1|NZ_CP099919.1_1318,4,1,4
GCF_030994145.1|NZ_CP099919.1|NZ_CP099919.1_1324,4,1,4
GCF_030994145.1|NZ_CP099919.1|NZ_CP099919.1_1332,6,1,6
GCF_030995125.1|NZ_CP099956.1|NZ_CP099956.1_1801,3,2,3
GCF_030995125.1|NZ_CP099956.1|NZ_CP099956.1_1813,4,3,4
GCF_030995125.1|NZ_CP099956.1|NZ_CP099956.1_1825,8,5,8
GCF_030995125.1|NZ_CP099956.1|NZ_CP099956.1_1830,4,2,4
GCF_030995125.1|NZ_CP099958.1|NZ_CP099958.1_1,1,1,1
GCF_030995125.1|NZ_CP099958.1|NZ_CP099958.1_2,1,1,1
GCF_030995125.1|NZ_CP099958.1|NZ_CP099958.1_3,1,1,1
GCF_030995125.1|NZ_CP099958.1|NZ_CP099958.1_4,1,1,1
GCF_030995125.1|NZ_CP099958.1|NZ_CP099958.1_5,1,1,6
GCF_030995125.1|NZ_CP099958.1|NZ_CP099958.1_6,4,2,11
GCF_030995125.1|NZ_CP099958.1|NZ_CP099958.1_17,3,2,4
GCF_030995125.1|NZ_CP099958.1|NZ_CP099958.1_26,3,2,4
GCF_030995125.1|NZ_CP099958.1|NZ_CP099958.1_35,3,2,4
GCF_030995125.1|NZ_CP099958.1|NZ_CP099958.1_40,3,2,4
GCF_030995125.1|NZ_CP099958.1|NZ_CP099958.1_276,2,1,3
GCF_030995125.1|NZ_CP099958.1|NZ_CP099958.1_277,3,2,4
GCF_030995125.1|NZ_CP099958.1|NZ_CP099958.1_280,2,1,3
GCF_030995125.1|NZ_CP099958.1|NZ_CP099958.1_285,1,1,1
GCF_030995125.1|NZ_CP099958.1|NZ_CP099958.1_287,1,1,1
GCF_030995125.1|NZ_CP099958.1|NZ_CP099958.1_288,1,1,1
GCF_032027525.2|NZ_CP184804.1|NZ_CP184804.1_187,1,1,1
GCF_032027525.2|NZ_CP184804.1|NZ_CP184804.1_188,1,1,1
GCF_032027525.2|NZ_CP184804.1|NZ_CP184804.1_189,1,1,1
GCF_032027525.2|NZ_CP184804.1|NZ_CP184804.1_192,31,10,31
GCF_032027525.2|NZ_CP184804.1|NZ_CP184804.1_197,2,1,2
GCF_032027525.2|NZ_CP184804.1|NZ_CP184804.1_214,1,1,1
GCF_032027525.2|NZ_CP184804.1|NZ_CP184804.1_215,1,1,1
GCF_032027525.2|NZ_CP184804.1|NZ_CP184804.1_216,2,2,2
GCF_032027525.2|NZ_CP184804.1|NZ_CP184804.1_218,2,2,2
GCF_032027525.2|NZ_CP184804.1|NZ_CP184804.1_223,1,1,1
GCF_032027525.2|NZ_CP184804.1|NZ_CP184804.1_251,1,1,1
GCF_032027525.2|NZ_CP184804.1|NZ_CP184804.1_267,3,3,3
GCF_032027525.2|NZ_CP184804.1|NZ_CP184804.1_269,4,2,4
GCF_032027525.2|NZ_CP184804.1|NZ_CP184804.1_275,2,2,2
GCF_032027525.2|NZ_CP184804.1|NZ_CP184804.1_277,2,2,2
GCF_032027525.2|NZ_CP184804.1|NZ_CP184804.1_278,2,1,2
GCF_032027525.2|NZ_CP184804.1|NZ_CP184804.1_279,1,1,1
GCF_032841475.3|NZ_CP184806.1|NZ_CP184806.1_389,7,2,7
GCF_032841475.3|NZ_CP184806.1|NZ_CP184806.1_417,1,1,1
GCF_032841475.3|NZ_CP184806.1|NZ_CP184806.1_465,1,1,1
GCF_033100075.1|NZ_CP136903.1|NZ_CP136903.1_1697,2,2,2
GCF_033100075.1|NZ_CP136903.1|NZ_CP136903.1_1699,1,1,1
GCF_033100075.1|NZ_CP136903.1|NZ_CP136903.1_1700,1,1,1
GCF_033100075.1|NZ_CP136903.1|NZ_CP136903.1_1701,1,1,1
GCF_033100075.1|NZ_CP136903.1|NZ_CP136903.1_1704,1,1,1
GCF_033100075.1|NZ_CP136903.1|NZ_CP136903.1_1784,1,1,1
GCF_033100075.1|NZ_CP136903.1|NZ_CP136903.1_1785,1,1,1
GCF_033100075.1|NZ_CP136903.1|NZ_CP136903.1_1786,7,4,7
GCF_033100075.1|NZ_CP136903.1|NZ_CP136903.1_1793,1,1,1
GCF_033100075.1|NZ_CP136903.1|NZ_CP136903.1_1798,1,1,1
GCF_033100075.1|NZ_CP136903.1|NZ_CP136903.1_1806,1,1,1
GCF_033100075.1|NZ_CP136903.1|NZ_CP136903.1_1807,15,7,16
GCF_033100075.1|NZ_CP136903.1|NZ_CP136903.1_1811,2,2,2
GCF_033100075.1|NZ_CP136903.1|NZ_CP136903.1_1812,1,1,1
GCF_033441435.1|NZ_CP133891.1|NZ_CP133891.1_1207,4,3,4
GCF_033441435.1|NZ_CP133891.1|NZ_CP133891.1_1210,5,2,7
GCF_033441435.1|NZ_CP133891.1|NZ_CP133891.1_1224,4,2,4
GCF_033441435.1|NZ_CP133891.1|NZ_CP133891.1_1257,4,2,4
GCF_033441435.1|NZ_CP133891.1|NZ_CP133891.1_1269,32,10,35
GCF_033441435.1|NZ_CP133891.1|NZ_CP133891.1_1274,5,1,5
GCF_033441455.1|NZ_CP133900.1|NZ_CP133900.1_1778,2,1,2
GCF_033441455.1|NZ_CP133900.1|NZ_CP133900.1_1784,2,2,2
GCF_033441455.1|NZ_CP133900.1|NZ_CP133900.1_1815,2,2,3
GCF_033441455.1|NZ_CP133900.1|NZ_CP133900.1_1833,4,4,5
GCF_033441455.1|NZ_CP133900.1|NZ_CP133900.1_1851,2,1,2
GCF_033441455.1|NZ_CP133900.1|NZ_CP133900.1_1865,2,2,2
GCF_033441455.1|NZ_CP133900.1|NZ_CP133900.1_1869,2,1,2
GCF_033441455.1|NZ_CP133900.1|NZ_CP133900.1_1870,4,3,4
GCF_033441455.1|NZ_CP133900.1|NZ_CP133900.1_1872,1,1,1
GCF_033441455.1|NZ_CP133900.1|NZ_CP133900.1_1873,1,1,1
GCF_033441455.1|NZ_CP133900.1|NZ_CP133900.1_1875,1,1,1
GCF_033441455.1|NZ_CP133900.1|NZ_CP133900.1_1877,2,1,2
GCF_033441455.1|NZ_CP133900.1|NZ_CP133900.1_1881,1,1,1
GCF_033441455.1|NZ_CP133900.1|NZ_CP133900.1_1883,1,1,1
GCF_033441455.1|NZ_CP133900.1|NZ_CP133900.1_1887,1,1,1
GCF_033441455.1|NZ_CP133900.1|NZ_CP133900.1_1888,1,1,1
GCF_033441455.1|NZ_CP133900.1|NZ_CP133900.1_1891,1,1,1
GCF_033441455.1|NZ_CP133900.1|NZ_CP133900.1_1897,1,1,1
GCF_033441455.1|NZ_CP133900.1|NZ_CP133900.1_1901,2,2,2
GCF_033441455.1|NZ_CP133900.1|NZ_CP133900.1_1904,2,2,2
GCF_033441455.1|NZ_CP133900.1|NZ_CP133900.1_1905,1,1,1
GCF_033441455.1|NZ_CP133900.1|NZ_CP133900.1_1906,3,3,3
GCF_033441455.1|NZ_CP133900.1|NZ_CP133900.1_1913,2,1,3
GCF_033441455.1|NZ_CP133900.1|NZ_CP133900.1_1916,1,1,1
GCF_033573735.1|NZ_CP119301.1|NZ_CP119301.1_1744,3,2,3
GCF_033573735.1|NZ_CP119301.1|NZ_CP119301.1_1745,3,2,3
GCF_033573735.1|NZ_CP119301.1|NZ_CP119301.1_1751,2,1,2
GCF_033573735.1|NZ_CP119301.1|NZ_CP119301.1_1763,3,2,3
GCF_033573735.1|NZ_CP119301.1|NZ_CP119301.1_1764,3,2,3
GCF_033573735.1|NZ_CP119301.1|NZ_CP119301.1_1765,140,19,177
GCF_033573735.1|NZ_CP119301.1|NZ_CP119301.1_1766,13,3,13
GCF_033573735.1|NZ_CP119301.1|NZ_CP119301.1_1769,2,1,2
GCF_033573735.1|NZ_CP119301.1|NZ_CP119301.1_1776,2,1,2
GCF_033573735.1|NZ_CP119301.1|NZ_CP119301.1_1797,2,1,2
GCF_033573735.1|NZ_CP119301.1|NZ_CP119301.1_1805,3,1,3
GCF_033573735.1|NZ_CP119301.1|NZ_CP119301.1_1807,2,1,2
GCF_033573735.1|NZ_CP119301.1|NZ_CP119301.1_1808,2,1,2
GCF_033573735.1|NZ_CP119301.1|NZ_CP119301.1_1812,2,1,2
GCF_033573735.1|NZ_CP119301.1|NZ_CP119301.1_1813,2,1,2
GCF_033573735.1|NZ_CP119301.1|NZ_CP119301.1_1814,2,1,2
GCF_033573735.1|NZ_CP119301.1|NZ_CP119301.1_1815,2,1,2
GCF_033803245.2|NZ_CP184809.1|NZ_CP184809.1_15,2,1,2
GCF_033803245.2|NZ_CP184809.1|NZ_CP184809.1_23,1,1,1
GCF_033803245.2|NZ_CP184809.1|NZ_CP184809.1_26,1,1,1
GCF_033803245.2|NZ_CP184809.1|NZ_CP184809.1_27,1,1,1
GCF_034480135.1|NZ_CP129938.1|NZ_CP129938.1_1905,2,1,2
GCF_034480135.1|NZ_CP129938.1|NZ_CP129938.1_1912,3,2,3
GCF_034480135.1|NZ_CP129938.1|NZ_CP129938.1_1913,2,1,2
GCF_034480135.1|NZ_CP129938.1|NZ_CP129938.1_1917,2,1,2
GCF_034480135.1|NZ_CP129938.1|NZ_CP129938.1_1920,2,1,2
GCF_034480135.1|NZ_CP129938.1|NZ_CP129938.1_1931,2,1,2
GCF_034480135.1|NZ_CP129938.1|NZ_CP129938.1_1943,2,1,2
GCF_034480135.1|NZ_CP129938.1|NZ_CP129938.1_1944,2,1,2
GCF_034480135.1|NZ_CP129938.1|NZ_CP129938.1_1945,2,1,2
GCF_034480135.1|NZ_CP129938.1|NZ_CP129938.1_1946,2,1,2
GCF_034480135.1|NZ_CP129938.1|NZ_CP129938.1_1951,2,1,2
GCF_034480135.1|NZ_CP129938.1|NZ_CP129938.1_1954,6,5,6
GCF_034480135.1|NZ_CP129938.1|NZ_CP129938.1_1961,2,1,2
GCF_034480135.1|NZ_CP129938.1|NZ_CP129938.1_1965,2,1,2
GCF_034480135.1|NZ_CP129938.1|NZ_CP129938.1_1970,4,2,4
GCF_034480135.1|NZ_CP129938.1|NZ_CP129938.1_1971,4,3,4
GCF_034480385.1|NZ_CP129945.1|NZ_CP129945.1_500,2,1,2
GCF_034480385.1|NZ_CP129945.1|NZ_CP129945.1_502,2,1,2
GCF_034480385.1|NZ_CP129945.1|NZ_CP129945.1_1005,2,1,2
GCF_034480485.1|NZ_CP129930.1|NZ_CP129930.1_1387,3,2,3
GCF_034480485.1|NZ_CP129930.1|NZ_CP129930.1_1396,2,1,2
GCF_034480485.1|NZ_CP129930.1|NZ_CP129930.1_1400,4,2,4
GCF_034480485.1|NZ_CP129930.1|NZ_CP129930.1_1403,2,1,2
GCF_034480485.1|NZ_CP129930.1|NZ_CP129930.1_1408,8,4,8
GCF_034480485.1|NZ_CP129930.1|NZ_CP129930.1_1423,2,1,2
GCF_034480485.1|NZ_CP129930.1|NZ_CP129930.1_1425,5,3,5
GCF_034480485.1|NZ_CP129930.1|NZ_CP129930.1_1432,2,1,2
GCF_034480485.1|NZ_CP129930.1|NZ_CP129930.1_1445,2,1,2
GCF_034480485.1|NZ_CP129930.1|NZ_CP129930.1_1447,2,1,2
GCF_034480485.1|NZ_CP129930.1|NZ_CP129930.1_1450,2,1,2
GCF_034480485.1|NZ_CP129930.1|NZ_CP129930.1_1451,3,2,3
GCF_036351935.1|NZ_CP143559.1|NZ_CP143559.1_1300,2,2,2
GCF_036351935.1|NZ_CP143559.1|NZ_CP143559.1_1306,20,4,21
GCF_036351935.1|NZ_CP143559.1|NZ_CP143559.1_1314,2,2,2
GCF_036351935.1|NZ_CP143559.1|NZ_CP143559.1_1316,2,1,2
GCF_036351935.1|NZ_CP143559.1|NZ_CP143559.1_1324,4,1,4
GCF_036553415.2|NZ_CM170608.1|NZ_CM170608.1_529,2,1,2
GCF_036553415.2|NZ_CM170608.1|NZ_CM170608.1_531,2,2,2
GCF_036553415.2|NZ_CM170608.1|NZ_CM170608.1_533,2,2,2
GCF_036553415.2|NZ_CM170608.1|NZ_CM170608.1_537,1,1,1
GCF_036553415.2|NZ_CM170608.1|NZ_CM170608.1_538,1,1,1
GCF_036553415.2|NZ_CM170608.1|NZ_CM170608.1_541,1,1,1
GCF_036553415.2|NZ_CM170608.1|NZ_CM170608.1_542,1,1,1
GCF_036553415.2|NZ_CM170608.1|NZ_CM170608.1_549,2,2,2
GCF_036553415.2|NZ_CM170608.1|NZ_CM170608.1_554,1,1,1
GCF_036553415.2|NZ_CM170608.1|NZ_CM170608.1_568,3,3,3
GCF_036553415.2|NZ_CM170608.1|NZ_CM170608.1_572,4,3,5
GCF_036553415.2|NZ_CM170608.1|NZ_CM170608.1_582,2,1,2
GCF_036553415.2|NZ_CM170608.1|NZ_CM170608.1_584,1,1,1
GCF_036553415.2|NZ_CM170608.1|NZ_CM170608.1_585,1,1,1
GCF_036553415.2|NZ_CM170608.1|NZ_CM170608.1_702,1,1,1
GCF_036553415.2|NZ_CM170608.1|NZ_CM170608.1_704,1,1,2
GCF_036553415.2|NZ_CM170608.1|NZ_CM170608.1_711,2,1,3
GCF_036553415.2|NZ_CM170608.1|NZ_CM170608.1_713,3,2,3
GCF_036553415.2|NZ_CM170608.1|NZ_CM170608.1_714,1,1,2
GCF_036553415.2|NZ_CM170608.1|NZ_CM170608.1_715,1,1,1
GCF_036553415.2|NZ_CM170608.1|NZ_CM170608.1_717,9,2,9
GCF_036553415.2|NZ_CM170608.1|NZ_CM170608.1_727,1,1,1
GCF_036553415.2|NZ_CM170608.1|NZ_CM170608.1_728,1,1,1
GCF_036553415.2|NZ_CM170608.1|NZ_CM170608.1_739,1,1,1
GCF_036553415.2|NZ_CM170608.1|NZ_CM170608.1_746,1,1,2
GCF_036553415.2|NZ_CM170608.1|NZ_CM170608.1_749,1,1,2
GCF_036553415.2|NZ_CM170608.1|NZ_CM170608.1_750,3,1,3
GCF_036553415.2|NZ_CM170608.1|NZ_CM170608.1_753,3,2,3
GCF_036553415.2|NZ_CM170608.1|NZ_CM170608.1_754,2,2,2
GCF_036553415.2|NZ_CM170608.1|NZ_CM170608.1_755,1,1,1
GCF_036553415.2|NZ_CM170608.1|NZ_CM170608.1_756,1,1,1
GCF_036553415.2|NZ_CM170608.1|NZ_CM170608.1_760,1,1,1
GCF_036825535.1|NZ_CP098813.1|NZ_CP098813.1_101,2,2,2
GCF_036825535.1|NZ_CP098813.1|NZ_CP098813.1_102,1,1,1
GCF_036825535.1|NZ_CP098813.1|NZ_CP098813.1_241,2,2,2
GCF_036825535.1|NZ_CP098813.1|NZ_CP098813.1_242,1,1,1
GCF_037101305.1|NZ_AP028806.1|NZ_AP028806.1_243,1,1,1
GCF_037101305.1|NZ_AP028806.1|NZ_AP028806.1_249,2,1,2
GCF_037101305.1|NZ_AP028806.1|NZ_AP028806.1_254,2,1,2
GCF_037997145.1|NZ_CP150472.1|NZ_CP150472.1_49,1,1,2
GCF_038452265.1|NZ_CP151842.1|NZ_CP151842.1_1570,1,1,1
GCF_038452265.1|NZ_CP151842.1|NZ_CP151842.1_1571,1,1,1
GCF_038452265.1|NZ_CP151842.1|NZ_CP151842.1_1572,1,1,1
GCF_038452265.1|NZ_CP151842.1|NZ_CP151842.1_1574,76,17,91
GCF_038452265.1|NZ_CP151842.1|NZ_CP151842.1_1575,1,1,1
GCF_038452265.1|NZ_CP151842.1|NZ_CP151842.1_1579,6,5,6
GCF_038452265.1|NZ_CP151842.1|NZ_CP151842.1_1580,1,1,1
GCF_038695265.1|NZ_CP152307.1|NZ_CP152307.1_1799,1,1,1
GCF_038695265.1|NZ_CP152307.1|NZ_CP152307.1_1800,1,1,2
GCF_038695265.1|NZ_CP152307.1|NZ_CP152307.1_1803,1,1,1
GCF_038695265.1|NZ_CP152307.1|NZ_CP152307.1_1805,1,1,1
GCF_038695265.1|NZ_CP152307.1|NZ_CP152307.1_1810,1,1,1
GCF_038695265.1|NZ_CP152308.1|NZ_CP152308.1_503,1,1,2
GCF_038695265.1|NZ_CP152308.1|NZ_CP152308.1_504,3,2,3
GCF_038695265.1|NZ_CP152308.1|NZ_CP152308.1_505,4,3,4
GCF_038695265.1|NZ_CP152308.1|NZ_CP152308.1_506,1,1,1
GCF_038695265.1|NZ_CP152308.1|NZ_CP152308.1_695,1,1,1
GCF_039602145.1|NZ_CP142015.1|NZ_CP142015.1_827,2,1,2
GCF_039602145.1|NZ_CP142015.1|NZ_CP142015.1_828,1,1,1
GCF_039602145.1|NZ_CP142015.1|NZ_CP142015.1_854,1,1,1
GCF_039602145.1|NZ_CP142015.1|NZ_CP142015.1_865,1,1,1
GCF_039602145.1|NZ_CP142015.1|NZ_CP142015.1_870,1,1,1
GCF_039602145.1|NZ_CP142015.1|NZ_CP142015.1_881,2,2,3
GCF_039602145.1|NZ_CP142015.1|NZ_CP142015.1_907,1,1,1
GCF_039602145.1|NZ_CP142015.1|NZ_CP142015.1_921,1,1,1
GCF_040126105.1|NZ_CP151155.1|NZ_CP151155.1_1246,1,1,1
GCF_040126105.1|NZ_CP151155.1|NZ_CP151155.1_1248,1,1,1
GCF_040254425.1|NZ_CP158305.1|NZ_CP158305.1_1302,1,1,1
GCF_040254425.1|NZ_CP158305.1|NZ_CP158305.1_1305,1,1,1
GCF_040254425.1|NZ_CP158305.1|NZ_CP158305.1_1306,1,1,1
GCF_040254425.1|NZ_CP158305.1|NZ_CP158305.1_1308,3,2,3
GCF_040254425.1|NZ_CP158305.1|NZ_CP158305.1_1310,1,1,1
GCF_040254425.1|NZ_CP158305.1|NZ_CP158305.1_1311,1,1,1
GCF_040254425.1|NZ_CP158305.1|NZ_CP158305.1_1313,1,1,1
GCF_040254425.1|NZ_CP158305.1|NZ_CP158305.1_1315,1,1,1
GCF_040254425.1|NZ_CP158305.1|NZ_CP158305.1_1316,1,1,1
GCF_040254425.1|NZ_CP158305.1|NZ_CP158305.1_1317,14,4,14
GCF_040254425.1|NZ_CP158305.1|NZ_CP158305.1_1318,1,1,1
GCF_040254425.1|NZ_CP158305.1|NZ_CP158305.1_1681,1,1,1
GCF_040254425.1|NZ_CP158305.1|NZ_CP158305.1_1710,4,3,4
GCF_040254425.1|NZ_CP158305.1|NZ_CP158305.1_1720,3,3,3
GCF_040254425.1|NZ_CP158305.1|NZ_CP158305.1_1725,1,1,1
GCF_040254425.1|NZ_CP158305.1|NZ_CP158305.1_1732,3,2,4
GCF_040254425.1|NZ_CP158305.1|NZ_CP158305.1_1733,1,1,1
GCF_040254425.1|NZ_CP158305.1|NZ_CP158305.1_1737,1,1,1
GCF_040254425.1|NZ_CP158305.1|NZ_CP158305.1_1740,1,1,1
GCF_040254425.1|NZ_CP158305.1|NZ_CP158305.1_1741,1,1,1
GCF_040254425.1|NZ_CP158305.1|NZ_CP158305.1_1744,3,2,3
GCF_040412195.1|NZ_CP152070.1|NZ_CP152070.1_948,1,1,1
GCF_040412195.1|NZ_CP152070.1|NZ_CP152070.1_969,1,1,1
GCF_040556435.1|NZ_CP159791.1|NZ_CP159791.1_278,2,1,2
GCF_040735825.1|NZ_CP147727.1|NZ_CP147727.1_353,1,1,1
GCF_040735825.1|NZ_CP147727.1|NZ_CP147727.1_357,1,1,2
GCF_040735825.1|NZ_CP147727.1|NZ_CP147727.1_367,1,1,1
GCF_040735825.1|NZ_CP147727.1|NZ_CP147727.1_384,1,1,1
GCF_040735825.1|NZ_CP147727.1|NZ_CP147727.1_385,1,1,1
GCF_040735825.1|NZ_CP147727.1|NZ_CP147727.1_387,8,3,10
GCF_040735825.1|NZ_CP147727.1|NZ_CP147727.1_388,1,1,1
GCF_040735825.1|NZ_CP147727.1|NZ_CP147727.1_393,2,2,2
GCF_040735825.1|NZ_CP147727.1|NZ_CP147727.1_399,4,4,4
GCF_040735825.1|NZ_CP147727.1|NZ_CP147727.1_401,6,3,6
GCF_040735825.1|NZ_CP147727.1|NZ_CP147727.1_415,1,1,1
GCF_040735825.1|NZ_CP147727.1|NZ_CP147727.1_416,1,1,1
GCF_040869035.2|NZ_CP162101.2|NZ_CP162101.2_241,1,1,1
GCF_040869035.2|NZ_CP162101.2|NZ_CP162101.2_245,5,5,5
GCF_040869035.2|NZ_CP162101.2|NZ_CP162101.2_249,1,1,2
GCF_040869035.2|NZ_CP162101.2|NZ_CP162101.2_251,1,1,1
GCF_040869035.2|NZ_CP162101.2|NZ_CP162101.2_252,3,2,3
GCF_040869035.2|NZ_CP162101.2|NZ_CP162101.2_255,1,1,1
GCF_040869035.2|NZ_CP162101.2|NZ_CP162101.2_256,1,1,1
GCF_040869035.2|NZ_CP162101.2|NZ_CP162101.2_258,1,1,1
GCF_040869035.2|NZ_CP162101.2|NZ_CP162101.2_260,1,1,2
GCF_040869035.2|NZ_CP162101.2|NZ_CP162101.2_264,1,1,1
GCF_040869035.2|NZ_CP162101.2|NZ_CP162101.2_266,4,4,5
GCF_040869035.2|NZ_CP162101.2|NZ_CP162101.2_267,2,2,2
GCF_040869035.2|NZ_CP162101.2|NZ_CP162101.2_269,2,2,3
GCF_040869035.2|NZ_CP162101.2|NZ_CP162101.2_271,1,1,1
GCF_040869035.2|NZ_CP162101.2|NZ_CP162101.2_273,1,1,1
GCF_040869035.2|NZ_CP162101.2|NZ_CP162101.2_274,1,1,1
GCF_040869035.2|NZ_CP162101.2|NZ_CP162101.2_275,1,1,1
GCF_040869035.2|NZ_CP162101.2|NZ_CP162101.2_276,1,1,1
GCF_040869035.2|NZ_CP162101.2|NZ_CP162101.2_278,1,1,1
GCF_040869035.2|NZ_CP162101.2|NZ_CP162101.2_281,2,2,3
GCF_040869035.2|NZ_CP162101.2|NZ_CP162101.2_299,1,1,1
GCF_040869035.2|NZ_CP162101.2|NZ_CP162101.2_300,1,1,1
GCF_040869035.2|NZ_CP162101.2|NZ_CP162101.2_301,2,2,2
GCF_040869035.2|NZ_CP162101.2|NZ_CP162101.2_306,1,1,1
GCF_040869035.2|NZ_CP162101.2|NZ_CP162101.2_317,1,1,1
GCF_040869035.2|NZ_CP162101.2|NZ_CP162101.2_321,1,1,1
GCF_040869035.2|NZ_CP162101.2|NZ_CP162101.2_324,4,4,4
GCF_040869035.2|NZ_CP162101.2|NZ_CP162101.2_326,1,1,1
GCF_040869035.2|NZ_CP162101.2|NZ_CP162101.2_328,1,1,2
GCF_040869035.2|NZ_CP162101.2|NZ_CP162101.2_329,1,1,1
GCF_040869035.2|NZ_CP162101.2|NZ_CP162101.2_330,1,1,1
GCF_040869035.2|NZ_CP162101.2|NZ_CP162101.2_331,1,1,1
GCF_040869035.2|NZ_CP162101.2|NZ_CP162101.2_332,1,1,1
GCF_040869035.2|NZ_CP162101.2|NZ_CP162101.2_333,1,1,1
GCF_040869035.2|NZ_CP162101.2|NZ_CP162101.2_336,1,1,1
GCF_040869035.2|NZ_CP162101.2|NZ_CP162101.2_341,1,1,1
GCF_040869035.2|NZ_CP162101.2|NZ_CP162101.2_342,2,2,2
GCF_040869035.2|NZ_CP162101.2|NZ_CP162101.2_345,1,1,1
GCF_040869035.2|NZ_CP162101.2|NZ_CP162101.2_347,1,1,1
GCF_040869035.2|NZ_CP162101.2|NZ_CP162101.2_351,3,2,3
GCF_040869035.2|NZ_CP162101.2|NZ_CP162101.2_353,1,1,1
GCF_041879385.1|NZ_CP090846.1|NZ_CP090846.1_1222,2,1,2
GCF_041879385.1|NZ_CP090846.1|NZ_CP090846.1_1306,2,1,2
GCF_041879385.1|NZ_CP090846.1|NZ_CP090846.1_1317,2,1,2
GCF_041879385.1|NZ_CP090846.1|NZ_CP090846.1_1319,2,1,2
GCF_041879395.1|NZ_CP090847.1|NZ_CP090847.1_1431,7,7,7
GCF_041879395.1|NZ_CP090847.1|NZ_CP090847.1_1435,1,1,1
GCF_041879395.1|NZ_CP090847.1|NZ_CP090847.1_1737,2,1,2
GCF_041879395.1|NZ_CP090847.1|NZ_CP090847.1_1739,3,2,3
GCF_041879395.1|NZ_CP090847.1|NZ_CP090847.1_1744,1,1,1
GCF_041879395.1|NZ_CP090847.1|NZ_CP090847.1_1745,3,2,3
GCF_041879395.1|NZ_CP090848.1|NZ_CP090848.1_860,2,2,2
GCF_041879395.1|NZ_CP090848.1|NZ_CP090848.1_867,1,1,1
GCF_041879395.1|NZ_CP090848.1|NZ_CP090848.1_868,40,13,64
GCF_041879425.1|NZ_CP090854.1|NZ_CP090854.1_1179,1,1,1
GCF_041879425.1|NZ_CP090854.1|NZ_CP090854.1_1180,1,1,1
GCF_041879425.1|NZ_CP090854.1|NZ_CP090854.1_1181,2,2,2
GCF_041879425.1|NZ_CP090854.1|NZ_CP090854.1_1182,2,2,2
GCF_041879425.1|NZ_CP090854.1|NZ_CP090854.1_1184,1,1,1
GCF_041879425.1|NZ_CP090854.1|NZ_CP090854.1_1186,5,5,6
GCF_041879425.1|NZ_CP090854.1|NZ_CP090854.1_1188,5,5,5
GCF_041950465.1|NZ_CP169539.1|NZ_CP169539.1_1099,6,4,6
GCF_041950465.1|NZ_CP169539.1|NZ_CP169539.1_1114,1,1,1
GCF_041950465.1|NZ_CP169539.1|NZ_CP169539.1_1115,1,1,1
GCF_043757505.1|NZ_CP171665.1|NZ_CP171665.1_667,2,1,2
GCF_044784405.1|NZ_CP173027.1|NZ_CP173027.1_179,2,2,2
GCF_044784405.1|NZ_CP173027.1|NZ_CP173027.1_196,1,1,1
GCF_044784405.1|NZ_CP173027.1|NZ_CP173027.1_204,5,4,5
GCF_044784405.1|NZ_CP173027.1|NZ_CP173027.1_210,1,1,1
GCF_044784405.1|NZ_CP173027.1|NZ_CP173027.1_213,1,1,1
GCF_044784405.1|NZ_CP173027.1|NZ_CP173027.1_221,4,4,5
GCF_044784405.1|NZ_CP173027.1|NZ_CP173027.1_222,2,2,2
GCF_045004305.1|NZ_CP173389.1|NZ_CP173389.1_2039,1,1,1
GCF_045004305.1|NZ_CP173389.1|NZ_CP173389.1_2042,1,1,1
GCF_045004305.1|NZ_CP173389.1|NZ_CP173389.1_2043,1,1,1
GCF_045004305.1|NZ_CP173389.1|NZ_CP173389.1_2044,2,2,2
GCF_045004305.1|NZ_CP173389.1|NZ_CP173389.1_2047,4,2,4
GCF_045004305.1|NZ_CP173389.1|NZ_CP173389.1_2069,3,3,3
GCF_045004315.1|NZ_CP173387.1|NZ_CP173387.1_2519,1,1,1
GCF_045004315.1|NZ_CP173387.1|NZ_CP173387.1_2521,2,2,3
GCF_045004315.1|NZ_CP173387.1|NZ_CP173387.1_2522,1,1,1
GCF_045004315.1|NZ_CP173387.1|NZ_CP173387.1_2533,1,1,1
GCF_045004315.1|NZ_CP173387.1|NZ_CP173387.1_2535,1,1,1
GCF_045004315.1|NZ_CP173387.1|NZ_CP173387.1_2545,3,2,3
GCF_045004315.1|NZ_CP173387.1|NZ_CP173387.1_2546,1,1,1
GCF_045291255.1|NZ_CP134278.1|NZ_CP134278.1_1135,1,1,1
GCF_045291255.1|NZ_CP134278.1|NZ_CP134278.1_1136,6,5,6
GCF_045291255.1|NZ_CP134278.1|NZ_CP134278.1_1140,4,3,4
GCF_045291255.1|NZ_CP134278.1|NZ_CP134278.1_1142,1,1,1
GCF_045291255.1|NZ_CP134278.1|NZ_CP134278.1_1146,3,3,3
GCF_045348105.1|NZ_CP150831.1|NZ_CP150831.1_1052,2,2,2
GCF_045348105.1|NZ_CP150831.1|NZ_CP150831.1_1068,2,2,2
GCF_045348105.1|NZ_CP150831.1|NZ_CP150831.1_1070,2,2,2
GCF_045586155.1|NZ_CP169050.1|NZ_CP169050.1_1599,1,1,1
GCF_045586155.1|NZ_CP169050.1|NZ_CP169050.1_1603,1,1,1
GCF_045586155.1|NZ_CP169050.1|NZ_CP169050.1_1606,4,2,4
GCF_045586155.1|NZ_CP169050.1|NZ_CP169050.1_1612,2,1,2
GCF_045586155.1|NZ_CP169050.1|NZ_CP169050.1_1619,3,3,3
GCF_045586155.1|NZ_CP169050.1|NZ_CP169050.1_1626,1,1,1
GCF_045586155.1|NZ_CP169050.1|NZ_CP169050.1_1627,1,1,1
GCF_045586155.1|NZ_CP169050.1|NZ_CP169050.1_1629,2,2,2
GCF_045586155.1|NZ_CP169050.1|NZ_CP169050.1_1630,4,4,5
GCF_045586155.1|NZ_CP169050.1|NZ_CP169050.1_1631,2,2,2
GCF_045586155.1|NZ_CP169050.1|NZ_CP169050.1_1632,1,1,1
GCF_045586155.1|NZ_CP169050.1|NZ_CP169050.1_1633,1,1,1
GCF_045586155.1|NZ_CP169050.1|NZ_CP169050.1_1635,1,1,1
GCF_045586155.1|NZ_CP169050.1|NZ_CP169050.1_1653,4,3,4
GCF_045586155.1|NZ_CP169050.1|NZ_CP169050.1_1657,9,6,9
GCF_045689275.1|NZ_CP137092.1|NZ_CP137092.1_790,2,1,2
GCF_045689275.1|NZ_CP137092.1|NZ_CP137092.1_794,1,1,1
GCF_045689275.1|NZ_CP137092.1|NZ_CP137092.1_799,1,1,1
GCF_045689275.1|NZ_CP137092.1|NZ_CP137092.1_800,4,3,4
GCF_045689275.1|NZ_CP137092.1|NZ_CP137092.1_823,1,1,1
GCF_045689275.1|NZ_CP137092.1|NZ_CP137092.1_825,2,1,2
GCF_045689275.1|NZ_CP137092.1|NZ_CP137092.1_826,2,1,2
GCF_045689275.1|NZ_CP137092.1|NZ_CP137092.1_829,2,1,2
GCF_045689275.1|NZ_CP137092.1|NZ_CP137092.1_838,1,1,1
GCF_045689275.1|NZ_CP137092.1|NZ_CP137092.1_844,1,1,1
GCF_045689275.1|NZ_CP137092.1|NZ_CP137092.1_848,1,1,1
GCF_045689275.1|NZ_CP137092.1|NZ_CP137092.1_851,1,1,1
GCF_045689275.1|NZ_CP137092.1|NZ_CP137092.1_854,2,2,2
GCF_045689275.1|NZ_CP137092.1|NZ_CP137092.1_855,1,1,1
GCF_045689275.1|NZ_CP137092.1|NZ_CP137092.1_856,2,2,2
GCF_045689275.1|NZ_CP137092.1|NZ_CP137092.1_885,2,2,3
GCF_045820715.1|NZ_CP174456.1|NZ_CP174456.1_1573,1,1,1
GCF_045820715.1|NZ_CP174456.1|NZ_CP174456.1_1575,2,2,2
GCF_045820715.1|NZ_CP174456.1|NZ_CP174456.1_1580,1,1,1
GCF_045820715.1|NZ_CP174456.1|NZ_CP174456.1_1586,1,1,1
GCF_045820715.1|NZ_CP174456.1|NZ_CP174456.1_1588,1,1,1
GCF_045820715.1|NZ_CP174456.1|NZ_CP174456.1_1589,1,1,1
GCF_045820715.1|NZ_CP174456.1|NZ_CP174456.1_1590,1,1,1
GCF_045820715.1|NZ_CP174456.1|NZ_CP174456.1_1593,1,1,1
GCF_045820715.1|NZ_CP174456.1|NZ_CP174456.1_1599,1,1,1
GCF_045820715.1|NZ_CP174456.1|NZ_CP174456.1_1601,2,2,2
GCF_045820715.1|NZ_CP174456.1|NZ_CP174456.1_1602,1,1,1
GCF_045820715.1|NZ_CP174456.1|NZ_CP174456.1_1610,2,2,2
GCF_045820715.1|NZ_CP174456.1|NZ_CP174456.1_1620,3,2,3
GCF_045820715.1|NZ_CP174456.1|NZ_CP174456.1_1622,1,1,1
GCF_045820715.1|NZ_CP174456.1|NZ_CP174456.1_1623,2,2,2
GCF_045820715.1|NZ_CP174456.1|NZ_CP174456.1_1624,4,3,4
GCF_045820715.1|NZ_CP174456.1|NZ_CP174456.1_1626,1,1,1
GCF_045820715.1|NZ_CP174456.1|NZ_CP174456.1_1630,1,1,1
GCF_046097525.1|NZ_CP175807.1|NZ_CP175807.1_345,1,1,1
GCF_046097525.1|NZ_CP175807.1|NZ_CP175807.1_353,3,2,3
GCF_046532655.1|NZ_CP151937.1|NZ_CP151937.1_1369,1,1,1
GCF_046532655.1|NZ_CP151937.1|NZ_CP151937.1_1370,2,1,2
GCF_046532655.1|NZ_CP151937.1|NZ_CP151937.1_1382,1,1,1
GCF_046532655.1|NZ_CP151937.1|NZ_CP151937.1_1386,1,1,1
GCF_046532655.1|NZ_CP151937.1|NZ_CP151937.1_1388,1,1,1
GCF_046532655.1|NZ_CP151937.1|NZ_CP151937.1_1390,1,1,1
GCF_046532655.1|NZ_CP151937.1|NZ_CP151937.1_1391,2,2,2
GCF_046532655.1|NZ_CP151937.1|NZ_CP151937.1_1412,2,2,2
GCF_046532705.1|NZ_CP151941.1|NZ_CP151941.1_2851,1,1,1
GCF_046581405.1|NZ_CP041683.1|NZ_CP041683.1_3161,2,1,2
GCF_046581405.1|NZ_CP041683.1|NZ_CP041683.1_3176,1,1,1
GCF_046581405.1|NZ_CP041683.1|NZ_CP041683.1_3177,1,1,1
GCF_046581405.1|NZ_CP041683.1|NZ_CP041683.1_3179,1,1,1
GCF_046581405.1|NZ_CP041683.1|NZ_CP041683.1_3186,2,2,2
GCF_046581405.1|NZ_CP041683.1|NZ_CP041683.1_3211,1,1,1
GCF_046581405.1|NZ_CP041683.1|NZ_CP041683.1_3213,1,1,1
GCF_046581405.1|NZ_CP041683.1|NZ_CP041683.1_3220,3,3,3
GCF_046581405.1|NZ_CP041683.1|NZ_CP041683.1_3221,2,2,2
GCF_046581405.1|NZ_CP041683.1|NZ_CP041683.1_3228,2,2,2
GCF_046850195.1|NZ_CP133986.1|NZ_CP133986.1_945,150,22,256
GCF_046850195.1|NZ_CP133986.1|NZ_CP133986.1_957,2,2,2
GCF_046850195.1|NZ_CP133986.1|NZ_CP133986.1_958,1,1,1
GCF_046850195.1|NZ_CP133986.1|NZ_CP133986.1_962,1,1,2
GCF_046850195.1|NZ_CP133986.1|NZ_CP133986.1_965,2,2,2
GCF_046850195.1|NZ_CP133986.1|NZ_CP133986.1_969,1,1,1
GCF_046850195.1|NZ_CP133986.1|NZ_CP133986.1_974,2,2,2
GCF_046850195.1|NZ_CP133986.1|NZ_CP133986.1_978,3,3,3
GCF_046850195.1|NZ_CP133986.1|NZ_CP133986.1_979,1,1,1
GCF_046850195.1|NZ_CP133986.1|NZ_CP133986.1_987,1,1,1
GCF_046850195.1|NZ_CP133986.1|NZ_CP133986.1_992,1,1,1
GCF_046850195.1|NZ_CP133986.1|NZ_CP133986.1_995,1,1,1
GCF_046850195.1|NZ_CP133986.1|NZ_CP133986.1_1000,1,1,1
GCF_046850195.1|NZ_CP133986.1|NZ_CP133986.1_1001,1,1,1
GCF_046850195.1|NZ_CP133986.1|NZ_CP133986.1_1002,1,1,1
GCF_046850195.1|NZ_CP133986.1|NZ_CP133986.1_1014,1,1,1
GCF_046850195.1|NZ_CP133986.1|NZ_CP133986.1_1020,1,1,1
GCF_046850195.1|NZ_CP133986.1|NZ_CP133986.1_1027,2,2,2
GCF_046850195.1|NZ_CP133986.1|NZ_CP133986.1_1029,1,1,1
GCF_046850195.1|NZ_CP133986.1|NZ_CP133986.1_1031,1,1,1
GCF_046850195.1|NZ_CP133986.1|NZ_CP133986.1_1033,1,1,1
GCF_046850195.1|NZ_CP133986.1|NZ_CP133986.1_1037,1,1,1
GCF_046850195.1|NZ_CP133986.1|NZ_CP133986.1_1038,1,1,1
GCF_049315005.1|NZ_CP186026.1|NZ_CP186026.1_586,1,1,1
GCF_049315005.1|NZ_CP186026.1|NZ_CP186026.1_604,1,1,1
GCF_049384865.1|NZ_JAIWIW010000002.1|NZ_JAIWIW010000002.1_2147,2,1,2
GCF_049563345.1|NZ_CP110481.1|NZ_CP110481.1_315,1,1,1
GCF_049563345.1|NZ_CP110481.1|NZ_CP110481.1_316,1,1,1
GCF_049563345.1|NZ_CP110481.1|NZ_CP110481.1_317,2,2,2
GCF_049563345.1|NZ_CP110481.1|NZ_CP110481.1_320,1,1,1
GCF_049810405.1|NZ_CP187389.1|NZ_CP187389.1_1269,2,1,2
GCF_049810405.1|NZ_CP187389.1|NZ_CP187389.1_1287,2,1,2
GCF_049810405.1|NZ_CP187389.1|NZ_CP187389.1_1289,1,1,1
GCF_049816165.1|NZ_CP187429.1|NZ_CP187429.1_1188,1,1,1
GCF_049816605.1|NZ_CP187437.1|NZ_CP187437.1_1746,2,2,2
GCF_049816605.1|NZ_CP187437.1|NZ_CP187437.1_1749,2,1,2
GCF_049816605.1|NZ_CP187437.1|NZ_CP187437.1_1758,1,1,1
GCF_049816605.1|NZ_CP187437.1|NZ_CP187437.1_1790,4,2,4
GCF_049816615.1|NZ_CP187442.1|NZ_CP187442.1_1868,2,2,2
GCF_049816615.1|NZ_CP187442.1|NZ_CP187442.1_1874,1,1,1
GCF_049816615.1|NZ_CP187442.1|NZ_CP187442.1_1879,1,1,1
GCF_049816615.1|NZ_CP187442.1|NZ_CP187442.1_1880,2,2,2
GCF_049816615.1|NZ_CP187442.1|NZ_CP187442.1_1895,1,1,1
GCF_049816615.1|NZ_CP187442.1|NZ_CP187442.1_1896,1,1,1
GCF_049816615.1|NZ_CP187442.1|NZ_CP187442.1_1898,2,2,2
GCF_049816615.1|NZ_CP187442.1|NZ_CP187442.1_1899,2,2,2
GCF_049816615.1|NZ_CP187442.1|NZ_CP187442.1_1901,2,2,3
GCF_049818045.1|NZ_CP187480.1|NZ_CP187480.1_1789,3,2,3
GCF_049818045.1|NZ_CP187480.1|NZ_CP187480.1_1805,2,1,2
GCF_049821485.1|NZ_CP187513.1|NZ_CP187513.1_1528,1,1,1
GCF_049821485.1|NZ_CP187513.1|NZ_CP187513.1_1529,1,1,1
GCF_049821485.1|NZ_CP187513.1|NZ_CP187513.1_1536,4,4,4
GCF_049821485.1|NZ_CP187513.1|NZ_CP187513.1_1538,3,3,3
GCF_049821485.1|NZ_CP187514.1|NZ_CP187514.1_954,1,1,1
GCF_049821485.1|NZ_CP187514.1|NZ_CP187514.1_955,1,1,1
GCF_049821485.1|NZ_CP187514.1|NZ_CP187514.1_956,1,1,1
GCF_049821485.1|NZ_CP187514.1|NZ_CP187514.1_958,1,1,1
GCF_049821485.1|NZ_CP187514.1|NZ_CP187514.1_963,1,1,1
GCF_049821485.1|NZ_CP187514.1|NZ_CP187514.1_964,2,2,2
GCF_049821485.1|NZ_CP187514.1|NZ_CP187514.1_965,4,4,4
GCF_049821485.1|NZ_CP187514.1|NZ_CP187514.1_968,4,3,4
GCF_049821485.1|NZ_CP187514.1|NZ_CP187514.1_1152,1,1,1
GCF_049821485.1|NZ_CP187514.1|NZ_CP187514.1_1153,1,1,1
GCF_049821485.1|NZ_CP187515.1|NZ_CP187515.1_217,2,2,2
GCF_049821485.1|NZ_CP187515.1|NZ_CP187515.1_220,2,1,2
GCF_049821485.1|NZ_CP187515.1|NZ_CP187515.1_223,1,1,1
GCF_049821485.1|NZ_CP187515.1|NZ_CP187515.1_224,1,1,1
GCF_050888945.2|NZ_CP180435.1|NZ_CP180435.1_1154,4,2,4
GCF_050888945.2|NZ_CP180435.1|NZ_CP180435.1_1166,2,1,2
GCF_050888945.2|NZ_CP180435.1|NZ_CP180435.1_1173,2,1,2
GCF_050888945.2|NZ_CP180435.1|NZ_CP180435.1_1175,2,1,2
GCF_050888945.2|NZ_CP180435.1|NZ_CP180435.1_1176,2,1,2
GCF_050888945.2|NZ_CP180435.1|NZ_CP180435.1_1181,3,2,3
GCF_050888945.2|NZ_CP180435.1|NZ_CP180435.1_1194,3,2,3
GCF_050888945.2|NZ_CP180435.1|NZ_CP180435.1_1199,3,2,3
GCF_050888945.2|NZ_CP180435.1|NZ_CP180435.1_1207,3,1,3
GCF_050888945.2|NZ_CP180435.1|NZ_CP180435.1_1211,3,2,3
GCF_050920685.1|NZ_CP138328.1|NZ_CP138328.1_1191,4,3,4
GCF_050920685.1|NZ_CP138328.1|NZ_CP138328.1_1193,1,1,1
GCF_050920685.1|NZ_CP138328.1|NZ_CP138328.1_1195,1,1,1
GCF_050920685.1|NZ_CP138328.1|NZ_CP138328.1_1201,1,1,1
GCF_050920685.1|NZ_CP138328.1|NZ_CP138328.1_1203,2,2,2
GCF_050920685.1|NZ_CP138328.1|NZ_CP138328.1_1206,1,1,1
GCF_050920685.1|NZ_CP138328.1|NZ_CP138328.1_1207,1,1,1
GCF_050920685.1|NZ_CP138328.1|NZ_CP138328.1_1208,1,1,1
GCF_050920685.1|NZ_CP138328.1|NZ_CP138328.1_1229,2,1,2
GCF_050920685.1|NZ_CP138328.1|NZ_CP138328.1_1236,1,1,1
GCF_050920685.1|NZ_CP138328.1|NZ_CP138328.1_1245,3,2,3
GCF_050920685.1|NZ_CP138328.1|NZ_CP138328.1_1250,2,1,2
GCF_050920685.1|NZ_CP138328.1|NZ_CP138328.1_1258,2,2,2
GCF_050920685.1|NZ_CP138328.1|NZ_CP138328.1_1259,1,1,1
GCF_050920685.1|NZ_CP138328.1|NZ_CP138328.1_1260,1,1,1
GCF_050920685.1|NZ_CP138328.1|NZ_CP138328.1_1261,3,2,4
GCF_050920685.1|NZ_CP138328.1|NZ_CP138328.1_1271,112,28,152
GCF_050920685.1|NZ_CP138328.1|NZ_CP138328.1_1273,2,1,2
GCF_050920685.1|NZ_CP138328.1|NZ_CP138328.1_1274,2,1,2
GCF_050920685.1|NZ_CP138328.1|NZ_CP138328.1_1277,2,1,2
GCF_050920685.1|NZ_CP138328.1|NZ_CP138328.1_1284,2,1,2
GCF_050920685.1|NZ_CP138328.1|NZ_CP138328.1_1286,1,1,1
GCF_050920685.1|NZ_CP138328.1|NZ_CP138328.1_1287,1,1,1
GCF_051046905.1|NZ_CP095332.1|NZ_CP095332.1_628,4,3,6
GCF_051046905.1|NZ_CP095332.1|NZ_CP095332.1_638,2,2,2
GCF_051046905.1|NZ_CP095332.1|NZ_CP095332.1_662,1,1,1
GCF_051046905.1|NZ_CP095332.1|NZ_CP095332.1_665,1,1,1
GCF_051046905.1|NZ_CP095332.1|NZ_CP095332.1_666,2,2,2
GCF_051046905.1|NZ_CP095332.1|NZ_CP095332.1_667,1,1,1
GCF_051046905.1|NZ_CP095332.1|NZ_CP095332.1_673,6,2,6
GCF_051046905.1|NZ_CP095332.1|NZ_CP095332.1_686,1,1,1
GCF_051046905.1|NZ_CP095332.1|NZ_CP095332.1_692,2,2,2
GCF_051046905.1|NZ_CP095332.1|NZ_CP095332.1_702,1,1,1
GCF_051046905.1|NZ_CP095332.1|NZ_CP095332.1_705,2,2,2
GCF_051046905.1|NZ_CP095332.1|NZ_CP095332.1_706,1,1,1
GCF_051046905.1|NZ_CP095332.1|NZ_CP095332.1_710,1,1,1
GCF_051046905.1|NZ_CP095332.1|NZ_CP095332.1_816,1,1,1
GCF_051046905.1|NZ_CP095332.1|NZ_CP095332.1_819,2,1,2
GCF_051046905.1|NZ_CP095332.1|NZ_CP095332.1_823,1,1,1
GCF_051046905.1|NZ_CP095332.1|NZ_CP095332.1_839,1,1,1
GCF_051046905.1|NZ_CP095332.1|NZ_CP095332.1_840,1,1,1
GCF_051046905.1|NZ_CP095332.1|NZ_CP095332.1_845,1,1,1
GCF_051046905.1|NZ_CP095332.1|NZ_CP095332.1_852,3,2,3
GCF_051122595.1|NZ_CP178577.1|NZ_CP178577.1_983,1,1,1
GCF_051122595.1|NZ_CP178577.1|NZ_CP178577.1_985,1,1,1
GCF_051122595.1|NZ_CP178577.1|NZ_CP178577.1_986,4,2,7
GCF_051122595.1|NZ_CP178577.1|NZ_CP178577.1_1011,2,2,2
GCF_051122595.1|NZ_CP178577.1|NZ_CP178577.1_1017,1,1,1
GCF_051122595.1|NZ_CP178577.1|NZ_CP178577.1_1029,1,1,1
GCF_051122595.1|NZ_CP178577.1|NZ_CP178577.1_1036,1,1,1
GCF_051122595.1|NZ_CP178577.1|NZ_CP178577.1_1037,3,3,3
GCF_051131115.1|NZ_CP150876.1|NZ_CP150876.1_1778,2,1,2
GCF_051131115.1|NZ_CP150876.1|NZ_CP150876.1_1782,4,3,4
GCF_051131115.1|NZ_CP150876.1|NZ_CP150876.1_1787,2,1,2
GCF_051131115.1|NZ_CP150876.1|NZ_CP150876.1_1793,2,1,2
GCF_051131115.1|NZ_CP150876.1|NZ_CP150876.1_1808,3,2,3
GCF_051131115.1|NZ_CP150876.1|NZ_CP150876.1_1813,1,1,1
GCF_051131115.1|NZ_CP150876.1|NZ_CP150876.1_1817,2,1,2
GCF_051131115.1|NZ_CP150876.1|NZ_CP150876.1_1825,4,3,4
GCF_051131115.1|NZ_CP150876.1|NZ_CP150876.1_1840,2,1,2
GCF_051131115.1|NZ_CP150876.1|NZ_CP150876.1_1842,1,1,1
GCF_051131115.1|NZ_CP150876.1|NZ_CP150876.1_1845,1,1,1
GCF_051131115.1|NZ_CP150876.1|NZ_CP150876.1_1848,2,1,2
GCF_051131115.1|NZ_CP150876.1|NZ_CP150876.1_1852,1,1,1
GCF_051131115.1|NZ_CP150876.1|NZ_CP150876.1_1861,9,6,9
GCF_051131125.1|NZ_CP150869.1|NZ_CP150869.1_1170,1,1,1
GCF_051131125.1|NZ_CP150869.1|NZ_CP150869.1_1171,1,1,1
GCF_051131125.1|NZ_CP150869.1|NZ_CP150869.1_1173,1,1,1
GCF_051131125.1|NZ_CP150869.1|NZ_CP150869.1_1180,1,1,1
GCF_051131125.1|NZ_CP150869.1|NZ_CP150869.1_1181,3,3,3
GCF_051131125.1|NZ_CP150869.1|NZ_CP150869.1_1184,2,2,2
GCF_051131125.1|NZ_CP150869.1|NZ_CP150869.1_1187,1,1,1
GCF_051131125.1|NZ_CP150869.1|NZ_CP150869.1_1188,2,2,2
GCF_051131125.1|NZ_CP150869.1|NZ_CP150869.1_1190,1,1,1
GCF_051131125.1|NZ_CP150869.1|NZ_CP150869.1_1192,1,1,1
GCF_051131125.1|NZ_CP150869.1|NZ_CP150869.1_1193,2,1,2
GCF_051131125.1|NZ_CP150869.1|NZ_CP150869.1_1194,2,1,2
GCF_051131125.1|NZ_CP150869.1|NZ_CP150869.1_1195,1,1,1
GCF_051131125.1|NZ_CP150869.1|NZ_CP150869.1_1214,1,1,1
GCF_051131125.1|NZ_CP150869.1|NZ_CP150869.1_1216,2,2,2
GCF_051131125.1|NZ_CP150869.1|NZ_CP150869.1_1217,2,1,2
GCF_051131125.1|NZ_CP150869.1|NZ_CP150869.1_1218,1,1,1
GCF_051131125.1|NZ_CP150869.1|NZ_CP150869.1_1220,1,1,1
GCF_051131125.1|NZ_CP150869.1|NZ_CP150869.1_1228,1,1,2
GCF_051131125.1|NZ_CP150869.1|NZ_CP150869.1_1230,2,1,3
GCF_051131125.1|NZ_CP150869.1|NZ_CP150869.1_1232,3,3,3
GCF_058315275.1|NZ_CM177759.1|NZ_CM177759.1_1701,1,1,1
GCF_058315275.1|NZ_CM177759.1|NZ_CM177759.1_1705,1,1,1
GCF_058315275.1|NZ_CM177759.1|NZ_CM177759.1_1707,1,1,1
GCF_058315275.1|NZ_CM177759.1|NZ_CM177759.1_1711,1,1,1
GCF_058315275.1|NZ_CM177759.1|NZ_CM177759.1_1714,1,1,1
GCF_058315275.1|NZ_CM177759.1|NZ_CM177759.1_1723,2,2,2
GCF_058315275.1|NZ_CM177759.1|NZ_CM177759.1_1727,1,1,1
GCF_058315275.1|NZ_CM177759.1|NZ_CM177759.1_1729,3,3,3
GCF_058315275.1|NZ_CM177759.1|NZ_CM177759.1_1730,1,1,2
GCF_058315275.1|NZ_CM177759.1|NZ_CM177759.1_1734,1,1,1
GCF_058315275.1|NZ_CM177759.1|NZ_CM177759.1_1749,3,3,3
GCF_058315275.1|NZ_CM177759.1|NZ_CM177759.1_1752,2,2,2
GCF_058315275.1|NZ_CM177759.1|NZ_CM177759.1_1754,2,2,2
GCF_058315275.1|NZ_CM177759.1|NZ_CM177759.1_1756,2,2,2
GCF_058315275.1|NZ_CM177759.1|NZ_CM177759.1_1762,2,2,2
GCF_059552575.1|NZ_CM183915.1|NZ_CM183915.1_1888,2,2,2
GCF_059552575.1|NZ_CM183915.1|NZ_CM183915.1_1892,1,1,1
GCF_059552575.1|NZ_CM183915.1|NZ_CM183915.1_1895,1,1,1
GCF_059552575.1|NZ_CM183915.1|NZ_CM183915.1_1896,1,1,1
GCF_059552575.1|NZ_CM183915.1|NZ_CM183915.1_1898,1,1,1
GCF_059552575.1|NZ_CM183915.1|NZ_CM183915.1_1899,1,1,1
GCF_059552575.1|NZ_CM183915.1|NZ_CM183915.1_1900,1,1,1
GCF_059552575.1|NZ_CM183915.1|NZ_CM183915.1_1903,1,1,1
GCF_059552575.1|NZ_CM183915.1|NZ_CM183915.1_1907,1,1,1
GCF_059552575.1|NZ_CM183915.1|NZ_CM183915.1_1908,1,1,2
GCF_059552575.1|NZ_CM183915.1|NZ_CM183915.1_1910,1,1,1
GCF_059552575.1|NZ_CM183915.1|NZ_CM183915.1_1917,10,4,10
GCF_059552575.1|NZ_JCANWL010000003.1|NZ_JCANWL010000003.1_141,1,1,1
GCF_059552575.1|NZ_JCANWL010000003.1|NZ_JCANWL010000003.1_142,1,1,1
GCF_059552575.1|NZ_JCANWL010000003.1|NZ_JCANWL010000003.1_144,15,13,19
GCF_059552575.1|NZ_JCANWL010000003.1|NZ_JCANWL010000003.1_145,1,1,1
GCF_059552575.1|NZ_JCANWL010000003.1|NZ_JCANWL010000003.1_146,1,1,1
GCF_059552575.1|NZ_JCANWL010000003.1|NZ_JCANWL010000003.1_149,1,1,1
GCF_059552575.1|NZ_JCANWL010000003.1|NZ_JCANWL010000003.1_151,2,2,2
GCF_059552575.1|NZ_JCANWL010000003.1|NZ_JCANWL010000003.1_152,3,3,3
GCF_059552575.1|NZ_JCANWL010000003.1|NZ_JCANWL010000003.1_153,1,1,1
GCF_059552575.1|NZ_JCANWL010000003.1|NZ_JCANWL010000003.1_154,1,1,1
GCF_059552575.1|NZ_JCANWL010000003.1|NZ_JCANWL010000003.1_156,16,7,23
GCF_059552575.1|NZ_JCANWL010000003.1|NZ_JCANWL010000003.1_157,1,1,1
GCF_059552575.1|NZ_JCANWL010000003.1|NZ_JCANWL010000003.1_158,2,2,2
GCF_059552575.1|NZ_JCANWL010000003.1|NZ_JCANWL010000003.1_161,1,1,1
GCF_059641075.1|NZ_CM184931.1|NZ_CM184931.1_2217,1,1,1
GCF_059641075.1|NZ_CM184931.1|NZ_CM184931.1_2219,2,1,2
GCF_059641075.1|NZ_CM184931.1|NZ_CM184931.1_2223,1,1,1
GCF_059641075.1|NZ_CM184931.1|NZ_CM184931.1_2224,2,2,2
GCF_059641075.1|NZ_CM184931.1|NZ_CM184931.1_2226,1,1,1
GCF_059641075.1|NZ_CM184931.1|NZ_CM184931.1_2229,2,2,2
GCF_059641075.1|NZ_CM184931.1|NZ_CM184931.1_2230,2,2,2
GCF_059641075.1|NZ_CM184931.1|NZ_CM184931.1_2232,8,4,8
GCF_059641075.1|NZ_CM184931.1|NZ_CM184931.1_2233,1,1,1
GCF_059641075.1|NZ_CM184931.1|NZ_CM184931.1_2234,1,1,1
GCF_059641075.1|NZ_CM184931.1|NZ_CM184931.1_2235,2,2,2
GCF_059641075.1|NZ_CM184931.1|NZ_CM184931.1_2237,1,1,1
GCF_059641075.1|NZ_CM184931.1|NZ_CM184931.1_2239,1,1,1
GCF_059641075.1|NZ_CM184931.1|NZ_CM184931.1_2240,2,2,2
GCF_059641075.1|NZ_CM184931.1|NZ_CM184931.1_2244,1,1,1
GCF_059641075.1|NZ_CM184931.1|NZ_CM184931.1_2246,1,1,1
GCF_059641075.1|NZ_CM184931.1|NZ_CM184931.1_2247,1,1,1
GCF_059641075.1|NZ_CM184931.1|NZ_CM184931.1_2248,1,1,1
GCF_059641075.1|NZ_CM184931.1|NZ_CM184931.1_2249,1,1,1
GCF_059641075.1|NZ_JCARNR010000001.1|NZ_JCARNR010000001.1_111,2,1,2
GCF_059772125.1|NZ_CM186276.1|NZ_CM186276.1_903,13,7,17
GCF_059772125.1|NZ_CM186276.1|NZ_CM186276.1_905,318,70,387
GCF_059772125.1|NZ_CM186276.1|NZ_CM186276.1_906,1,1,1
GCF_059772125.1|NZ_CM186276.1|NZ_CM186276.1_908,2,2,2
GCF_059772125.1|NZ_CM186276.1|NZ_CM186276.1_909,1,1,1
GCF_059772125.1|NZ_CM186276.1|NZ_CM186276.1_912,1,1,1
GCF_059772125.1|NZ_CM186276.1|NZ_CM186276.1_919,3,3,3
GCF_059772125.1|NZ_CM186276.1|NZ_CM186276.1_920,2,2,2
GCF_059772125.1|NZ_CM186276.1|NZ_CM186276.1_925,1,1,1
GCF_059772125.1|NZ_CM186276.1|NZ_CM186276.1_927,1,1,1
GCF_059772125.1|NZ_CM186276.1|NZ_CM186276.1_930,3,3,3
GCF_059772125.1|NZ_CM186276.1|NZ_CM186276.1_934,1,1,1
GCF_059772125.1|NZ_CM186276.1|NZ_CM186276.1_935,1,1,1
GCF_059772125.1|NZ_CM186276.1|NZ_CM186276.1_936,2,2,2
GCF_059772125.1|NZ_CM186276.1|NZ_CM186276.1_939,4,3,4
GCF_059772125.1|NZ_CM186276.1|NZ_CM186276.1_940,1,1,1
GCF_059772125.1|NZ_CM186276.1|NZ_CM186276.1_943,1,1,1
GCF_059772125.1|NZ_CM186276.1|NZ_CM186276.1_948,1,1,1
GCF_059772125.1|NZ_CM186276.1|NZ_CM186276.1_953,2,2,2
GCF_059772125.1|NZ_CM186276.1|NZ_CM186276.1_960,1,1,1
GCF_059772125.1|NZ_CM186276.1|NZ_CM186276.1_965,1,1,1
GCF_059772125.1|NZ_CM186276.1|NZ_CM186276.1_966,22,10,27
GCF_059772125.1|NZ_CM186276.1|NZ_CM186276.1_968,2,2,2
GCF_059772125.1|NZ_CM186276.1|NZ_CM186276.1_969,1,1,1
GCF_059772125.1|NZ_CM186276.1|NZ_CM186276.1_970,2,2,2
GCF_059772125.1|NZ_CM186276.1|NZ_CM186276.1_973,198,36,257
GCF_059772125.1|NZ_CM186276.1|NZ_CM186276.1_981,2,2,2
GCF_059772125.1|NZ_CM186276.1|NZ_CM186276.1_983,1,1,1
GCF_059772125.1|NZ_CM186276.1|NZ_CM186276.1_984,2,2,2
GCF_059772125.1|NZ_CM186276.1|NZ_CM186276.1_985,2,2,2
GCF_059772125.1|NZ_CM186276.1|NZ_CM186276.1_986,2,2,2
GCF_059772125.1|NZ_CM186276.1|NZ_CM186276.1_990,1,1,1
GCF_059772125.1|NZ_CM186276.1|NZ_CM186276.1_999,2,2,2
GCF_060301545.1|NZ_CM190977.1|NZ_CM190977.1_1226,1,1,1
GCF_060301545.1|NZ_CM190977.1|NZ_CM190977.1_1227,1,1,1
GCF_060301545.1|NZ_CM190977.1|NZ_CM190977.1_1231,2,2,2
GCF_060301545.1|NZ_CM190977.1|NZ_CM190977.1_1243,1,1,1
GCF_060301545.1|NZ_CM190977.1|NZ_CM190977.1_1248,1,1,1
GCF_060301545.1|NZ_CM190977.1|NZ_CM190977.1_1250,5,3,5
GCF_060301545.1|NZ_CM190977.1|NZ_CM190977.1_1263,1,1,1
GCF_060301545.1|NZ_CM190977.1|NZ_CM190977.1_1264,2,2,2
GCF_060301545.1|NZ_CM190977.1|NZ_CM190977.1_1267,2,2,2
GCF_060301545.1|NZ_CM190977.1|NZ_CM190977.1_1268,2,2,2
GCF_060301545.1|NZ_CM190977.1|NZ_CM190977.1_1269,2,1,2
GCF_060301545.1|NZ_CM190977.1|NZ_CM190977.1_1270,5,2,5
GCF_060301545.1|NZ_CM190977.1|NZ_CM190977.1_1272,2,2,2
GCF_060301545.1|NZ_CM190977.1|NZ_CM190977.1_1274,2,1,2
GCF_060301545.1|NZ_CM190977.1|NZ_CM190977.1_1284,1,1,1
GCF_060301545.1|NZ_CM190977.1|NZ_CM190977.1_1296,5,3,5
GCF_060301545.1|NZ_CM190977.1|NZ_CM190977.1_1297,3,2,3
GCF_060301545.1|NZ_CM190977.1|NZ_CM190977.1_1299,2,2,2
GCF_060301545.1|NZ_CM190977.1|NZ_CM190977.1_1302,2,2,2
GCF_060301545.1|NZ_CM190977.1|NZ_CM190977.1_1312,1,1,1
GCF_060301545.1|NZ_CM190977.1|NZ_CM190977.1_1315,1,1,1
GCF_900233005.1|NZ_LT960612.1|NZ_LT960612.1_554,1,1,2
GCF_900233005.1|NZ_LT960612.1|NZ_LT960612.1_556,5,5,5
GCF_905175335.1|NZ_HG992751.1|NZ_HG992751.1_1488,1,1,1
GCF_905175335.1|NZ_HG992751.1|NZ_HG992751.1_1490,7,7,8
GCF_905175335.1|NZ_HG992751.1|NZ_HG992751.1_1495,2,2,2
GCF_905175335.1|NZ_HG992751.1|NZ_HG992751.1_1496,2,2,2
GCF_905175335.1|NZ_HG992751.1|NZ_HG992751.1_1504,2,2,2
GCF_905175335.1|NZ_HG992751.1|NZ_HG992751.1_1505,1,1,1
GCF_905175335.1|NZ_HG992751.1|NZ_HG992751.1_1508,1,1,1
GCF_905175335.1|NZ_HG992751.1|NZ_HG992751.1_1509,4,3,4
GCF_905175335.1|NZ_HG992751.1|NZ_HG992751.1_1515,2,2,2
GCF_905175335.1|NZ_HG992751.1|NZ_HG992751.1_1517,1,1,1
GCF_905175335.1|NZ_HG992751.1|NZ_HG992751.1_1524,1,1,1
GCF_905175335.1|NZ_HG992751.1|NZ_HG992751.1_1528,1,1,1
GCF_905175335.1|NZ_HG992751.1|NZ_HG992751.1_1535,2,2,2
GCF_905175335.1|NZ_HG992751.1|NZ_HG992751.1_1536,1,1,1
GCF_905175335.1|NZ_HG992751.1|NZ_HG992751.1_1537,1,1,1
GCF_905175335.1|NZ_HG992751.1|NZ_HG992751.1_1540,1,1,1
GCF_905175335.1|NZ_HG992751.1|NZ_HG992751.1_1543,4,4,4
GCF_905175335.1|NZ_HG992751.1|NZ_HG992751.1_1544,1,1,1
GCF_905175335.1|NZ_HG992751.1|NZ_HG992751.1_1545,1,1,1
GCF_905175335.1|NZ_HG992751.1|NZ_HG992751.1_1547,1,1,1
GCF_905175335.1|NZ_HG992751.1|NZ_HG992751.1_1550,1,1,1
GCF_905175335.1|NZ_HG992751.1|NZ_HG992751.1_1553,1,1,1
GCF_905175335.1|NZ_HG992751.1|NZ_HG992751.1_1554,1,1,1
GCF_905175335.1|NZ_HG992751.1|NZ_HG992751.1_1572,3,3,3
GCF_905175355.1|NZ_HG992742.1|NZ_HG992742.1_1415,1,1,1
GCF_905175355.1|NZ_HG992742.1|NZ_HG992742.1_1416,2,2,2
GCF_905175355.1|NZ_HG992742.1|NZ_HG992742.1_1420,7,4,7
GCF_905175355.1|NZ_HG992742.1|NZ_HG992742.1_1421,1,1,1
GCF_948151475.1|NZ_OX411212.1|NZ_OX411212.1_1263,1,1,1
GCF_948151475.1|NZ_OX411212.1|NZ_OX411212.1_1265,3,3,3
GCF_948151475.1|NZ_OX411212.1|NZ_OX411212.1_1269,2,2,2
GCF_948151475.1|NZ_OX411212.1|NZ_OX411212.1_1280,1,1,1
GCF_948151475.1|NZ_OX411212.1|NZ_OX411212.1_1296,3,2,3
GCF_948151475.1|NZ_OX411212.1|NZ_OX411212.1_1299,3,3,3
GCF_948151475.1|NZ_OX411212.1|NZ_OX411212.1_1302,2,2,2
GCF_948151475.1|NZ_OX411212.1|NZ_OX411212.1_1305,2,1,2
GCF_948151475.1|NZ_OX411212.1|NZ_OX411212.1_1306,1,1,1
GCF_948151475.1|NZ_OX411212.1|NZ_OX411212.1_1310,2,2,3
GCF_948151475.1|NZ_OX411212.1|NZ_OX411212.1_1315,1,1,1
GCF_948151475.1|NZ_OX411212.1|NZ_OX411212.1_1317,1,1,1
GCF_948151475.1|NZ_OX411212.1|NZ_OX411212.1_1318,2,2,2
GCF_948151475.1|NZ_OX411212.1|NZ_OX411212.1_1325,1,1,1
GCF_948151475.1|NZ_OX411212.1|NZ_OX411212.1_1328,1,1,1
GCF_948151475.1|NZ_OX411212.1|NZ_OX411212.1_1339,1,1,1
GCF_948151475.1|NZ_OX411212.1|NZ_OX411212.1_1341,1,1,1
GCF_948151475.1|NZ_OX411212.1|NZ_OX411212.1_1342,1,1,1
GCF_948151475.1|NZ_OX411212.1|NZ_OX411212.1_1343,31,8,34
GCF_948151475.1|NZ_OX411212.1|NZ_OX411212.1_1345,2,2,2
GCF_964264695.1|NZ_OZ183474.1|NZ_OZ183474.1_356,1,1,1
GCF_964264695.1|NZ_OZ183474.1|NZ_OZ183474.1_361,1,1,1
GCF_964264695.1|NZ_OZ183474.1|NZ_OZ183474.1_374,1,1,1
GCF_964264695.1|NZ_OZ183474.1|NZ_OZ183474.1_376,1,1,1
GCF_964264695.1|NZ_OZ183474.1|NZ_OZ183474.1_377,99,25,117
GCF_964264695.1|NZ_OZ183474.1|NZ_OZ183474.1_384,1,1,1
GCF_964264695.1|NZ_OZ183474.1|NZ_OZ183474.1_386,1,1,1
GCF_964264695.1|NZ_OZ183474.1|NZ_OZ183474.1_387,2,2,2
GCF_964264695.1|NZ_OZ183474.1|NZ_OZ183474.1_388,1,1,1
GCF_964264695.1|NZ_OZ183474.1|NZ_OZ183474.1_390,1,1,1
GCF_964264695.1|NZ_OZ183474.1|NZ_OZ183474.1_392,1,1,1
GCF_964264695.1|NZ_OZ183474.1|NZ_OZ183474.1_395,1,1,1
GCF_964264695.1|NZ_OZ183474.1|NZ_OZ183474.1_397,1,1,1
GCF_964264695.1|NZ_OZ183474.1|NZ_OZ183474.1_403,1,1,1
GCF_964264695.1|NZ_OZ183474.1|NZ_OZ183474.1_409,2,2,2
GCF_964264695.1|NZ_OZ183474.1|NZ_OZ183474.1_410,1,1,1
GCF_964264695.1|NZ_OZ183474.1|NZ_OZ183474.1_413,2,2,2
GCF_964264695.1|NZ_OZ183474.1|NZ_OZ183474.1_416,2,2,2
GCF_964264695.1|NZ_OZ183474.1|NZ_OZ183474.1_418,2,2,2
GCF_964264695.1|NZ_OZ183474.1|NZ_OZ183474.1_419,2,2,3
GCF_964264695.1|NZ_OZ183474.1|NZ_OZ183474.1_421,1,1,1
GCF_964264695.1|NZ_OZ183474.1|NZ_OZ183474.1_425,1,1,1
GCF_964264695.1|NZ_OZ183474.1|NZ_OZ183474.1_426,2,2,2
GCF_964264695.1|NZ_OZ183474.1|NZ_OZ183474.1_429,6,4,6
GCF_964264695.1|NZ_OZ183474.1|NZ_OZ183474.1_430,1,1,1
GCF_964264695.1|NZ_OZ183474.1|NZ_OZ183474.1_436,1,1,1
GCF_964264695.1|NZ_OZ183474.1|NZ_OZ183474.1_437,5,4,5
GCF_964264695.1|NZ_OZ183474.1|NZ_OZ183474.1_439,1,1,1
GCF_964264695.1|NZ_OZ183474.1|NZ_OZ183474.1_442,1,1,1
GCF_964264695.1|NZ_OZ183474.1|NZ_OZ183474.1_443,2,2,2
GCF_964264695.1|NZ_OZ183474.1|NZ_OZ183474.1_448,1,1,1
GCF_964264695.1|NZ_OZ183474.1|NZ_OZ183474.1_449,1,1,1
GCF_964264695.1|NZ_OZ183474.1|NZ_OZ183474.1_451,2,2,2
GCF_041475595.1|NZ_CP167180.1|NZ_CP167180.1_115,2,1,2
GCF_041714635.1|NZ_CP168212.1|NZ_CP168212.1_2072,2,2,2
GCF_041714635.1|NZ_CP168212.1|NZ_CP168212.1_2076,2,2,2
GCF_041714635.1|NZ_CP168213.1|NZ_CP168213.1_770,3,3,3
GCF_041714635.1|NZ_CP168213.1|NZ_CP168213.1_773,2,2,2
GCF_041734175.1|NZ_CP168658.1|NZ_CP168658.1_992,1,1,1
GCF_041879375.1|NZ_CP090844.1|NZ_CP090844.1_921,4,3,4
GCF_041950465.1|NZ_CP169539.1|NZ_CP169539.1_1117,1,1,1
GCF_041950465.1|NZ_CP169540.1|NZ_CP169540.1_1051,1,1,1
GCF_041950465.1|NZ_CP169540.1|NZ_CP169540.1_1054,1,1,1
GCF_041950465.1|NZ_CP169541.1|NZ_CP169541.1_80,1,1,1
GCF_041950465.1|NZ_CP169541.1|NZ_CP169541.1_82,2,2,2
GCF_041950465.1|NZ_CP169541.1|NZ_CP169541.1_87,3,3,3
GCF_042245395.1|NZ_CP145310.1|NZ_CP145310.1_742,1,1,1
GCF_042245395.1|NZ_CP145310.1|NZ_CP145310.1_746,1,1,1
GCF_042245395.1|NZ_CP145310.1|NZ_CP145310.1_747,1,1,1
GCF_042245395.1|NZ_CP145310.1|NZ_CP145310.1_748,1,1,1
GCF_042245395.1|NZ_CP145310.1|NZ_CP145310.1_1495,1,1,1
GCF_042245395.1|NZ_CP145310.1|NZ_CP145310.1_1498,1,1,1
GCF_042245395.1|NZ_CP145310.1|NZ_CP145310.1_1499,1,1,1
GCF_042245395.1|NZ_CP145310.1|NZ_CP145310.1_1500,1,1,1
GCF_042245395.1|NZ_CP145310.1|NZ_CP145310.1_1501,1,1,1
GCF_042691635.1|NZ_CP170491.1|NZ_CP170491.1_1826,1,1,1
GCF_042691635.1|NZ_CP170491.1|NZ_CP170491.1_1834,2,2,2
GCF_042691635.1|NZ_CP170491.1|NZ_CP170491.1_1835,1,1,1
GCF_042691635.1|NZ_CP170491.1|NZ_CP170491.1_1840,1,1,1
GCF_042691635.1|NZ_CP170491.1|NZ_CP170491.1_1842,5,3,5
GCF_042691635.1|NZ_CP170491.1|NZ_CP170491.1_1843,1,1,1
GCF_042691635.1|NZ_CP170491.1|NZ_CP170491.1_1846,1,1,1
GCF_042691635.1|NZ_CP170491.1|NZ_CP170491.1_1847,4,3,4
GCF_042691635.1|NZ_CP170491.1|NZ_CP170491.1_1849,1,1,1
GCF_042691635.1|NZ_CP170491.1|NZ_CP170491.1_1860,2,2,2
GCF_042848055.1|NZ_AP031614.1|NZ_AP031614.1_1165,2,2,2
GCF_042848055.1|NZ_AP031614.1|NZ_AP031614.1_1173,1,1,1
GCF_042848055.1|NZ_AP031614.1|NZ_AP031614.1_1180,3,2,3
GCF_042848055.1|NZ_AP031614.1|NZ_AP031614.1_1181,1,1,1
GCF_042848055.1|NZ_AP031614.1|NZ_AP031614.1_1182,1,1,1
GCF_042848055.1|NZ_AP031614.1|NZ_AP031614.1_1191,1,1,1
GCF_042848055.1|NZ_AP031614.1|NZ_AP031614.1_1205,2,2,2
GCF_042848055.1|NZ_AP031614.1|NZ_AP031614.1_1208,3,3,3
GCF_042940635.1|NZ_CP134976.1|NZ_CP134976.1_1236,10,2,11
GCF_042940635.1|NZ_CP134976.1|NZ_CP134976.1_1243,1,1,1
GCF_042940635.1|NZ_CP134976.1|NZ_CP134976.1_1244,2,2,2
GCF_042940635.1|NZ_CP134976.1|NZ_CP134976.1_1245,1,1,1
GCF_042940635.1|NZ_CP134976.1|NZ_CP134976.1_1247,1,1,1
GCF_042940635.1|NZ_CP134976.1|NZ_CP134976.1_1249,1,1,1
GCF_042940635.1|NZ_CP134976.1|NZ_CP134976.1_1254,1,1,1
GCF_042940635.1|NZ_CP134976.1|NZ_CP134976.1_1255,1,1,1
GCF_042940635.1|NZ_CP134976.1|NZ_CP134976.1_1257,1,1,1
GCF_042940635.1|NZ_CP134976.1|NZ_CP134976.1_1261,1,1,1
GCF_042940635.1|NZ_CP134976.1|NZ_CP134976.1_1270,1,1,1
GCF_042940635.1|NZ_CP134976.1|NZ_CP134976.1_1277,1,1,1
GCF_042940635.1|NZ_CP134976.1|NZ_CP134976.1_1284,1,1,1
GCF_042940635.1|NZ_CP134976.1|NZ_CP134976.1_1285,4,3,4
GCF_042940635.1|NZ_CP134976.1|NZ_CP134976.1_1287,1,1,1
GCF_042940635.1|NZ_CP134976.1|NZ_CP134976.1_1291,2,2,2
GCF_042940635.1|NZ_CP134976.1|NZ_CP134976.1_1295,1,1,1
GCF_042940635.1|NZ_CP134976.1|NZ_CP134976.1_1296,1,1,1
GCF_042940635.1|NZ_CP134976.1|NZ_CP134976.1_1299,1,1,1
GCF_042940635.1|NZ_CP134976.1|NZ_CP134976.1_1302,1,1,1
GCF_042940635.1|NZ_CP134976.1|NZ_CP134976.1_1306,1,1,1
GCF_042940635.1|NZ_CP134976.1|NZ_CP134976.1_1309,2,2,2
GCF_042940635.1|NZ_CP134976.1|NZ_CP134976.1_1310,1,1,1
GCF_042940635.1|NZ_CP134976.1|NZ_CP134976.1_1314,2,2,2
GCF_042940635.1|NZ_CP134976.1|NZ_CP134976.1_1315,2,2,2
GCF_042940635.1|NZ_CP134976.1|NZ_CP134976.1_1316,2,2,2
GCF_043995865.1|NZ_CP171887.1|NZ_CP171887.1_1641,1,1,1
GCF_043995865.1|NZ_CP171887.1|NZ_CP171887.1_1645,1,1,1
GCF_043995865.1|NZ_CP171887.1|NZ_CP171887.1_1648,1,1,1
GCF_043995865.1|NZ_CP171887.1|NZ_CP171887.1_1657,2,2,2
GCF_043995865.1|NZ_CP171887.1|NZ_CP171887.1_1667,1,1,1
GCF_043995865.1|NZ_CP171887.1|NZ_CP171887.1_1672,1,1,1
GCF_043995865.1|NZ_CP171887.1|NZ_CP171887.1_1675,1,1,1
GCF_043995865.1|NZ_CP171887.1|NZ_CP171887.1_1685,1,1,1
GCF_043995865.1|NZ_CP171887.1|NZ_CP171887.1_1690,2,2,2
GCF_043995865.1|NZ_CP171887.1|NZ_CP171887.1_1695,1,1,1
GCF_043995865.1|NZ_CP171887.1|NZ_CP171887.1_1699,2,2,2
GCF_043995865.1|NZ_CP171887.1|NZ_CP171887.1_1702,1,1,1
GCF_044496695.1|NZ_CP172405.1|NZ_CP172405.1_771,1,1,1
GCF_044496695.1|NZ_CP172405.1|NZ_CP172405.1_774,1,1,1
GCF_044496695.1|NZ_CP172405.1|NZ_CP172405.1_778,1,1,1
GCF_044496695.1|NZ_CP172405.1|NZ_CP172405.1_790,1,1,1
GCF_044496695.1|NZ_CP172405.1|NZ_CP172405.1_796,1,1,1
GCF_044496695.1|NZ_CP172405.1|NZ_CP172405.1_810,1,1,1
GCF_044496695.1|NZ_CP172405.1|NZ_CP172405.1_811,1,1,1
GCF_044496695.1|NZ_CP172405.1|NZ_CP172405.1_816,1,1,1
GCF_044496695.1|NZ_CP172405.1|NZ_CP172405.1_826,1,1,1
GCF_044496695.1|NZ_CP172405.1|NZ_CP172405.1_840,1,1,1
GCF_044496695.1|NZ_CP172405.1|NZ_CP172405.1_841,1,1,1
GCF_044496695.1|NZ_CP172405.1|NZ_CP172405.1_843,2,2,2
GCF_044496695.1|NZ_CP172405.1|NZ_CP172405.1_844,2,2,2
GCF_044496695.1|NZ_CP172405.1|NZ_CP172405.1_845,1,1,1
GCF_044496695.1|NZ_CP172405.1|NZ_CP172405.1_848,2,2,2
GCF_044496695.1|NZ_CP172406.1|NZ_CP172406.1_778,2,2,2
GCF_044496695.1|NZ_CP172406.1|NZ_CP172406.1_779,6,6,6
GCF_044496695.1|NZ_CP172406.1|NZ_CP172406.1_780,7,3,7
GCF_045004265.1|NZ_CP173383.1|NZ_CP173383.1_1449,8,6,8
GCF_045004265.1|NZ_CP173383.1|NZ_CP173383.1_1460,7,4,8
GCF_045004265.1|NZ_CP173383.1|NZ_CP173383.1_1491,3,2,3
GCF_045004285.1|NZ_CP173385.1|NZ_CP173385.1_365,3,2,3
GCF_045004305.1|NZ_CP173389.1|NZ_CP173389.1_1972,3,2,3
GCF_045004305.1|NZ_CP173389.1|NZ_CP173389.1_1979,6,6,6
GCF_045004305.1|NZ_CP173389.1|NZ_CP173389.1_1991,2,1,2
GCF_045004305.1|NZ_CP173389.1|NZ_CP173389.1_1994,2,1,2
GCF_045004305.1|NZ_CP173389.1|NZ_CP173389.1_1997,2,1,2
GCF_045004305.1|NZ_CP173389.1|NZ_CP173389.1_2002,2,2,2
GCF_045004305.1|NZ_CP173389.1|NZ_CP173389.1_2011,1,1,1
GCF_045004305.1|NZ_CP173389.1|NZ_CP173389.1_2012,1,1,1
GCF_045004305.1|NZ_CP173389.1|NZ_CP173389.1_2013,1,1,1
GCF_045004305.1|NZ_CP173389.1|NZ_CP173389.1_2014,1,1,1
GCF_045004305.1|NZ_CP173389.1|NZ_CP173389.1_2020,2,2,4
GCF_045004305.1|NZ_CP173389.1|NZ_CP173389.1_2022,1,1,1
GCF_045004305.1|NZ_CP173389.1|NZ_CP173389.1_2023,8,2,8
GCF_045004305.1|NZ_CP173389.1|NZ_CP173389.1_2026,60,16,83
GCF_045348105.1|NZ_CP150831.1|NZ_CP150831.1_950,1,1,1
GCF_045348105.1|NZ_CP150831.1|NZ_CP150831.1_954,1,1,1
GCF_045348105.1|NZ_CP150831.1|NZ_CP150831.1_956,1,1,1
GCF_045348105.1|NZ_CP150831.1|NZ_CP150831.1_959,1,1,2
GCF_045348105.1|NZ_CP150831.1|NZ_CP150831.1_964,1,1,1
GCF_045348105.1|NZ_CP150831.1|NZ_CP150831.1_975,1,1,1
GCF_045348105.1|NZ_CP150831.1|NZ_CP150831.1_978,2,2,2
GCF_045348105.1|NZ_CP150831.1|NZ_CP150831.1_992,1,1,1
GCF_045348105.1|NZ_CP150831.1|NZ_CP150831.1_1004,2,1,2
GCF_045348105.1|NZ_CP150831.1|NZ_CP150831.1_1006,1,1,1
GCF_045348105.1|NZ_CP150831.1|NZ_CP150831.1_1015,2,2,2
GCF_045348105.1|NZ_CP150831.1|NZ_CP150831.1_1025,2,2,2
GCF_045348105.1|NZ_CP150831.1|NZ_CP150831.1_1026,3,1,3
GCF_045348105.1|NZ_CP150831.1|NZ_CP150831.1_1029,1,1,2
GCF_045348105.1|NZ_CP150831.1|NZ_CP150831.1_1031,1,1,1
GCF_045586155.1|NZ_CP169050.1|NZ_CP169050.1_1761,1,1,1
GCF_045679545.1|NZ_CP166194.1|NZ_CP166194.1_1208,1,1,1
GCF_045679545.1|NZ_CP166194.1|NZ_CP166194.1_1210,1,1,1
GCF_045679545.1|NZ_CP166194.1|NZ_CP166194.1_1212,33,13,74
GCF_045679545.1|NZ_CP166194.1|NZ_CP166194.1_1213,1,1,1
GCF_045679545.1|NZ_CP166194.1|NZ_CP166194.1_1214,1,1,1
GCF_045679545.1|NZ_CP166194.1|NZ_CP166194.1_1216,1,1,3
GCF_045679545.1|NZ_CP166194.1|NZ_CP166194.1_1217,1,1,1
GCF_045679545.1|NZ_CP166194.1|NZ_CP166194.1_1221,8,3,8
GCF_045689275.1|NZ_CP137092.1|NZ_CP137092.1_620,2,2,2
GCF_045689275.1|NZ_CP137092.1|NZ_CP137092.1_634,1,1,1
GCF_045689275.1|NZ_CP137092.1|NZ_CP137092.1_635,1,1,1
GCF_045689275.1|NZ_CP137092.1|NZ_CP137092.1_640,1,1,1
GCF_045689275.1|NZ_CP137092.1|NZ_CP137092.1_644,1,1,1
GCF_045689275.1|NZ_CP137092.1|NZ_CP137092.1_655,7,4,7
GCF_045689275.1|NZ_CP137092.1|NZ_CP137092.1_669,1,1,1
GCF_045689275.1|NZ_CP137092.1|NZ_CP137092.1_670,1,1,1
GCF_046118645.1|NZ_CP176035.1|NZ_CP176035.1_2474,2,1,4
GCF_046118645.1|NZ_CP176035.1|NZ_CP176035.1_2475,6,3,6
GCF_046118645.1|NZ_CP176035.1|NZ_CP176035.1_2477,3,2,6
GCF_046118645.1|NZ_CP176035.1|NZ_CP176035.1_2481,3,2,3
GCF_046118645.1|NZ_CP176035.1|NZ_CP176035.1_2542,3,2,3
GCF_046271895.1|NZ_CP176646.1|NZ_CP176646.1_1617,2,2,2
GCF_046271895.1|NZ_CP176646.1|NZ_CP176646.1_1625,1,1,1
GCF_046271895.1|NZ_CP176646.1|NZ_CP176646.1_1643,3,1,3
GCF_046271895.1|NZ_CP176646.1|NZ_CP176646.1_1650,1,1,1
GCF_046271895.1|NZ_CP176646.1|NZ_CP176646.1_1651,1,1,1
GCF_046271895.1|NZ_CP176646.1|NZ_CP176646.1_1655,1,1,1
GCF_046271895.1|NZ_CP176646.1|NZ_CP176646.1_1663,1,1,1
GCF_046271895.1|NZ_CP176646.1|NZ_CP176646.1_1665,3,3,4
GCF_046271895.1|NZ_CP176646.1|NZ_CP176646.1_1675,1,1,1
GCF_046271895.1|NZ_CP176646.1|NZ_CP176646.1_1679,2,2,2
GCF_046271895.1|NZ_CP176646.1|NZ_CP176646.1_1684,1,1,1
GCF_046271895.1|NZ_CP176646.1|NZ_CP176646.1_1690,1,1,2
GCF_046532655.1|NZ_CP151937.1|NZ_CP151937.1_1525,1,1,1
GCF_046532655.1|NZ_CP151937.1|NZ_CP151937.1_1529,1,1,1
GCF_046532655.1|NZ_CP151937.1|NZ_CP151937.1_1531,1,1,1
GCF_046532655.1|NZ_CP151937.1|NZ_CP151937.1_1532,4,2,5
GCF_046532655.1|NZ_CP151937.1|NZ_CP151937.1_1533,1,1,1
GCF_046532655.1|NZ_CP151937.1|NZ_CP151937.1_1536,3,3,3
GCF_046532655.1|NZ_CP151937.1|NZ_CP151937.1_1550,1,1,1
GCF_046532655.1|NZ_CP151937.1|NZ_CP151937.1_1562,2,1,2
GCF_046532655.1|NZ_CP151937.1|NZ_CP151937.1_1563,2,1,2
GCF_046532655.1|NZ_CP151936.1|NZ_CP151936.1_1132,1,1,1
GCF_046532655.1|NZ_CP151936.1|NZ_CP151936.1_1133,2,2,2
GCF_046532685.1|NZ_CP155084.1|NZ_CP155084.1_1512,3,3,3
GCF_046532685.1|NZ_CP155084.1|NZ_CP155084.1_1900,3,3,3
GCF_046532685.1|NZ_CP155084.1|NZ_CP155084.1_1907,2,1,2
GCF_046532685.1|NZ_CP155084.1|NZ_CP155084.1_1923,6,3,7
GCF_046532685.1|NZ_CP155084.1|NZ_CP155084.1_1930,1,1,1
GCF_046850195.1|NZ_CP133986.1|NZ_CP133986.1_107,1,1,1
GCF_046850195.1|NZ_CP133986.1|NZ_CP133986.1_113,2,2,2
GCF_046850195.1|NZ_CP133986.1|NZ_CP133986.1_119,1,1,1
GCF_046850195.1|NZ_CP133986.1|NZ_CP133986.1_826,1,1,1
GCF_046850195.1|NZ_CP133986.1|NZ_CP133986.1_829,1,1,1
GCF_046850195.1|NZ_CP133986.1|NZ_CP133986.1_830,3,3,6
GCF_046850195.1|NZ_CP133986.1|NZ_CP133986.1_833,5,5,5
GCF_046850195.1|NZ_CP133986.1|NZ_CP133986.1_835,1,1,1
GCF_046850195.1|NZ_CP133986.1|NZ_CP133986.1_838,1,1,1
GCF_046850195.1|NZ_CP133986.1|NZ_CP133986.1_1039,1,1,1
GCF_046850195.1|NZ_CP133986.1|NZ_CP133986.1_1046,1,1,1
GCF_047221425.1|NZ_CP178388.1|NZ_CP178388.1_559,3,2,3
GCF_047221425.1|NZ_CP178388.1|NZ_CP178388.1_563,1,1,1
GCF_047221425.1|NZ_CP178388.1|NZ_CP178388.1_566,1,1,1
GCF_047221425.1|NZ_CP178388.1|NZ_CP178388.1_577,1,1,1
GCF_047221425.1|NZ_CP178388.1|NZ_CP178388.1_578,2,1,2
GCF_047497145.1|NZ_CP076287.1|NZ_CP076287.1_1249,2,1,2
GCF_047497145.1|NZ_CP076287.1|NZ_CP076287.1_1253,2,1,2
GCF_047549585.1|NZ_CP180206.1|NZ_CP180206.1_810,1,1,1
GCF_047549585.1|NZ_CP180206.1|NZ_CP180206.1_811,1,1,1
GCF_047549585.1|NZ_CP180206.1|NZ_CP180206.1_812,8,4,8
GCF_047549585.1|NZ_CP180206.1|NZ_CP180206.1_817,1,1,1
GCF_047549585.1|NZ_CP180206.1|NZ_CP180206.1_818,1,1,1
GCF_048284855.2|NZ_CP192285.1|NZ_CP192285.1_1797,1,1,1
GCF_048284855.2|NZ_CP192285.1|NZ_CP192285.1_1836,1,1,1
GCF_048284855.2|NZ_CP192285.1|NZ_CP192285.1_1837,1,1,1
GCF_048284855.2|NZ_CP192285.1|NZ_CP192285.1_1838,1,1,1
GCF_048284855.2|NZ_CP192285.1|NZ_CP192285.1_1842,1,1,2
GCF_048284855.2|NZ_CP192285.1|NZ_CP192285.1_1854,1,1,1
GCF_048284855.2|NZ_CP192285.1|NZ_CP192285.1_1856,1,1,1
GCF_048284855.2|NZ_CP192285.1|NZ_CP192285.1_1859,2,2,2
GCF_048284855.2|NZ_CP192285.1|NZ_CP192285.1_1860,3,3,3
GCF_048284855.2|NZ_CP192285.1|NZ_CP192285.1_1861,1,1,1
GCF_048284855.2|NZ_CP192285.1|NZ_CP192285.1_1865,2,2,2
GCF_048284855.2|NZ_CP192285.1|NZ_CP192285.1_1883,2,2,2
GCF_048284855.2|NZ_CP192285.1|NZ_CP192285.1_1888,2,2,3
GCF_048284885.2|NZ_CP192147.1|NZ_CP192147.1_1193,2,1,2
GCF_048284885.2|NZ_CP192147.1|NZ_CP192147.1_1198,1,1,1
GCF_048284885.2|NZ_CP192147.1|NZ_CP192147.1_1209,1,1,1
GCF_048284885.2|NZ_CP192147.1|NZ_CP192147.1_1210,2,2,2
GCF_048284885.2|NZ_CP192147.1|NZ_CP192147.1_1222,2,2,2
GCF_048284885.2|NZ_CP192147.1|NZ_CP192147.1_1228,1,1,1
GCF_048284885.2|NZ_CP192147.1|NZ_CP192147.1_1237,6,4,6
GCF_048284885.2|NZ_CP192147.1|NZ_CP192147.1_1242,2,1,2
GCF_048284885.2|NZ_CP192147.1|NZ_CP192147.1_1249,1,1,1
GCF_049315005.1|NZ_CP186026.1|NZ_CP186026.1_615,2,1,2
GCF_049315005.1|NZ_CP186026.1|NZ_CP186026.1_616,1,1,1
GCF_049315005.1|NZ_CP186026.1|NZ_CP186026.1_629,1,1,1
GCF_049315005.1|NZ_CP186026.1|NZ_CP186026.1_647,2,2,2
GCF_049315005.1|NZ_CP186026.1|NZ_CP186026.1_652,1,1,1
GCF_049315005.1|NZ_CP186026.1|NZ_CP186026.1_653,1,1,1
GCF_049315005.1|NZ_CP186026.1|NZ_CP186026.1_670,1,1,1
GCF_049315005.1|NZ_CP186026.1|NZ_CP186026.1_671,3,2,3
GCF_049315005.1|NZ_CP186026.1|NZ_CP186026.1_674,1,1,1
GCF_049315005.1|NZ_CP186026.1|NZ_CP186026.1_675,1,1,1
GCF_049315005.1|NZ_CP186026.1|NZ_CP186026.1_676,2,2,2
GCF_049315005.1|NZ_CP186026.1|NZ_CP186026.1_678,2,1,2
GCF_049315005.1|NZ_CP186026.1|NZ_CP186026.1_679,1,1,1
GCF_049315005.1|NZ_CP186026.1|NZ_CP186026.1_683,1,1,1
GCF_049315005.1|NZ_CP186026.1|NZ_CP186026.1_685,1,1,1
GCF_049315005.1|NZ_CP186026.1|NZ_CP186026.1_698,1,1,1
GCF_049315005.1|NZ_CP186026.1|NZ_CP186026.1_699,1,1,2
GCF_049315005.1|NZ_CP186026.1|NZ_CP186026.1_705,2,2,2
GCF_049816165.1|NZ_CP187429.1|NZ_CP187429.1_1195,4,1,4
GCF_049816165.1|NZ_CP187429.1|NZ_CP187429.1_1213,2,1,2
GCF_049816165.1|NZ_CP187429.1|NZ_CP187429.1_1301,2,1,2
GCF_049816175.1|NZ_CP187434.1|NZ_CP187434.1_1210,2,2,2
GCF_049816175.1|NZ_CP187434.1|NZ_CP187434.1_1232,1,1,1
GCF_049816175.1|NZ_CP187434.1|NZ_CP187434.1_1235,1,1,1
GCF_049816175.1|NZ_CP187434.1|NZ_CP187434.1_1240,38,6,43
GCF_049816175.1|NZ_CP187434.1|NZ_CP187434.1_1244,1,1,1
GCF_049816175.1|NZ_CP187434.1|NZ_CP187434.1_1253,1,1,1
GCF_049816175.1|NZ_CP187434.1|NZ_CP187434.1_1264,2,2,2
GCF_049816175.1|NZ_CP187434.1|NZ_CP187434.1_1267,1,1,1
GCF_049816175.1|NZ_CP187434.1|NZ_CP187434.1_1270,1,1,1
GCF_049816175.1|NZ_CP187434.1|NZ_CP187434.1_1276,1,1,1
GCF_049817095.1|NZ_CP187446.1|NZ_CP187446.1_2172,2,1,2
GCF_049817095.1|NZ_CP187446.1|NZ_CP187446.1_2178,2,1,2
GCF_049817095.1|NZ_CP187446.1|NZ_CP187446.1_2179,3,2,3
GCF_049817095.1|NZ_CP187446.1|NZ_CP187446.1_2193,2,1,2
GCF_049817095.1|NZ_CP187446.1|NZ_CP187446.1_2195,2,1,2
GCF_049818045.1|NZ_CP187480.1|NZ_CP187480.1_1737,2,1,2
GCF_049818045.1|NZ_CP187480.1|NZ_CP187480.1_1739,2,1,2
GCF_049818045.1|NZ_CP187480.1|NZ_CP187480.1_1743,3,2,3
GCF_049818045.1|NZ_CP187480.1|NZ_CP187480.1_1749,2,1,2
GCF_050710195.2|NZ_CM139086.1|NZ_CM139086.1_2024,427,73,626
GCF_050710195.2|NZ_CM139086.1|NZ_CM139086.1_2026,1,1,1
GCF_050710195.2|NZ_CM139086.1|NZ_CM139086.1_2047,1,1,1
GCF_050710195.2|NZ_CM139086.1|NZ_CM139086.1_2050,2,2,2
GCF_050710195.2|NZ_CM139086.1|NZ_CM139086.1_2063,1,1,1
GCF_050710195.2|NZ_CM139086.1|NZ_CM139086.1_2071,190,22,214
GCF_050710195.2|NZ_CM139086.1|NZ_CM139086.1_2080,1,1,1
GCF_050710195.2|NZ_CM139086.1|NZ_CM139086.1_2081,1,1,1
GCF_050710195.2|NZ_CM139086.1|NZ_CM139086.1_2086,1,1,1
GCF_050710195.2|NZ_CM139086.1|NZ_CM139086.1_2087,1,1,1
GCF_050710195.2|NZ_JBICRK020000005.1|NZ_JBICRK020000005.1_60,1,1,1
GCF_050710195.2|NZ_JBICRK020000005.1|NZ_JBICRK020000005.1_61,1,1,1
GCF_050815385.1|NZ_CP104016.1|NZ_CP104016.1_1920,1,1,1
GCF_050815385.1|NZ_CP104016.1|NZ_CP104016.1_1921,1,1,1
GCF_050815385.1|NZ_CP104016.1|NZ_CP104016.1_1928,1,1,1
GCF_051352415.1|NZ_CP195598.1|NZ_CP195598.1_1353,1,1,1
GCF_051352415.1|NZ_CP195598.1|NZ_CP195598.1_1356,1,1,1
GCF_051352415.1|NZ_CP195598.1|NZ_CP195598.1_1357,1,1,1
GCF_051352415.1|NZ_CP195598.1|NZ_CP195598.1_1358,2,2,2
GCF_052076115.1|NZ_CP197263.1|NZ_CP197263.1_1776,2,1,2
GCF_052076115.1|NZ_CP197263.1|NZ_CP197263.1_1777,3,2,3
GCF_052076115.1|NZ_CP197263.1|NZ_CP197263.1_1784,2,1,2
GCF_052076115.1|NZ_CP197263.1|NZ_CP197263.1_1798,2,1,2
GCF_052076115.1|NZ_CP197263.1|NZ_CP197263.1_1805,2,1,2
GCF_052076115.1|NZ_CP197263.1|NZ_CP197263.1_1807,2,1,2
GCF_052076115.1|NZ_CP197263.1|NZ_CP197263.1_1812,2,1,2
GCF_052375575.1|NZ_CM126336.1|NZ_CM126336.1_1453,2,2,2
GCF_052375575.1|NZ_CM126336.1|NZ_CM126336.1_1457,2,2,2
GCF_052375575.1|NZ_CM126336.1|NZ_CM126336.1_1462,1,1,1
GCF_052375575.1|NZ_CM126336.1|NZ_CM126336.1_1464,3,1,3
GCF_052375575.1|NZ_CM126336.1|NZ_CM126336.1_1466,1,1,1
GCF_052375575.1|NZ_CM126336.1|NZ_CM126336.1_1467,2,2,2
GCF_052375575.1|NZ_CM126336.1|NZ_CM126336.1_1468,1,1,1
GCF_052375575.1|NZ_CM126336.1|NZ_CM126336.1_1469,1,1,1
GCF_052375575.1|NZ_CM126336.1|NZ_CM126336.1_1470,1,1,1
GCF_052375575.1|NZ_CM126336.1|NZ_CM126336.1_1474,1,1,1
GCF_052375575.1|NZ_CM126336.1|NZ_CM126336.1_1475,1,1,1
GCF_052375575.1|NZ_CM126336.1|NZ_CM126336.1_1476,1,1,1
GCF_052375575.1|NZ_CM126336.1|NZ_CM126336.1_1482,1,1,1
GCF_052375575.1|NZ_CM126336.1|NZ_CM126336.1_1484,1,1,1
GCF_052545415.1|NZ_CM127143.1|NZ_CM127143.1_200,29,8,29
GCF_052545415.1|NZ_CM127143.1|NZ_CM127143.1_209,1,1,1
GCF_052545415.1|NZ_CM127143.1|NZ_CM127143.1_233,2,2,2
GCF_052545415.1|NZ_CM127143.1|NZ_CM127143.1_258,17,7,19
GCF_052545415.1|NZ_CM127143.1|NZ_CM127143.1_259,15,7,18
GCF_052545415.1|NZ_CM127143.1|NZ_CM127143.1_262,1,1,1
GCF_052545415.1|NZ_CM127143.1|NZ_CM127143.1_263,1,1,1
GCF_052545415.1|NZ_CM127143.1|NZ_CM127143.1_267,2,2,2
GCF_052545415.1|NZ_CM127143.1|NZ_CM127143.1_268,1,1,1
GCF_052545415.1|NZ_CM127143.1|NZ_CM127143.1_273,1,1,1
GCF_052545415.1|NZ_CM127143.1|NZ_CM127143.1_283,1,1,1
GCF_052545415.1|NZ_CM127143.1|NZ_CM127143.1_286,1,1,1
GCF_052772185.1|NZ_CM127801.1|NZ_CM127801.1_1292,1,1,1
GCF_052772185.1|NZ_CM127801.1|NZ_CM127801.1_1294,1,1,1
GCF_052772185.1|NZ_CM127801.1|NZ_CM127801.1_1296,1,1,2
GCF_052772185.1|NZ_CM127801.1|NZ_CM127801.1_1303,1,1,1
GCF_052772185.1|NZ_CM127801.1|NZ_CM127801.1_1314,1,1,1
GCF_052772185.1|NZ_CM127801.1|NZ_CM127801.1_1315,2,2,2
GCF_052772185.1|NZ_CM127801.1|NZ_CM127801.1_1317,3,3,3
GCF_052772185.1|NZ_CM127801.1|NZ_CM127801.1_1328,1,1,1
GCF_052772185.1|NZ_CM127801.1|NZ_CM127801.1_1329,1,1,1
GCF_052772185.1|NZ_CM127801.1|NZ_CM127801.1_1332,2,1,2
GCF_052772185.1|NZ_CM127801.1|NZ_CM127801.1_1344,1,1,1
GCF_052805255.1|NZ_CM127835.1|NZ_CM127835.1_1348,2,2,2
GCF_052805255.1|NZ_CM127835.1|NZ_CM127835.1_1353,1,1,1
GCF_052805255.1|NZ_CM127835.1|NZ_CM127835.1_1358,2,1,2
GCF_052805255.1|NZ_CM127835.1|NZ_CM127835.1_1360,1,1,1
GCF_052805255.1|NZ_CM127835.1|NZ_CM127835.1_1363,2,2,2
GCF_052805255.1|NZ_CM127835.1|NZ_CM127835.1_1376,2,1,2
GCF_052805275.1|NZ_CM127837.1|NZ_CM127837.1_2041,1,1,1
GCF_052805275.1|NZ_CM127837.1|NZ_CM127837.1_2044,1,1,1
GCF_052805275.1|NZ_CM127837.1|NZ_CM127837.1_2049,1,1,1
GCF_052805275.1|NZ_CM127837.1|NZ_CM127837.1_2055,2,2,2
GCF_052805275.1|NZ_CM127837.1|NZ_CM127837.1_2056,1,1,1
GCF_052805275.1|NZ_CM127837.1|NZ_CM127837.1_2058,1,1,1
GCF_052805275.1|NZ_CM127837.1|NZ_CM127837.1_2059,1,1,1
GCF_052805275.1|NZ_CM127837.1|NZ_CM127837.1_2062,2,2,2
GCF_052805275.1|NZ_CM127837.1|NZ_CM127837.1_2065,1,1,1
GCF_052805275.1|NZ_CM127837.1|NZ_CM127837.1_2067,2,2,3
GCF_052805275.1|NZ_CM127837.1|NZ_CM127837.1_2073,2,2,2
GCF_052805275.1|NZ_CM127837.1|NZ_CM127837.1_2074,2,2,2
GCF_052805275.1|NZ_CM127837.1|NZ_CM127837.1_2075,2,2,2
GCF_052805275.1|NZ_CM127837.1|NZ_CM127837.1_2076,2,2,2
GCF_052805275.1|NZ_CM127837.1|NZ_CM127837.1_2079,1,1,1
GCF_052805275.1|NZ_CM127837.1|NZ_CM127837.1_2082,1,1,1
GCF_052805275.1|NZ_CM127837.1|NZ_CM127837.1_2087,1,1,1
GCF_052805275.1|NZ_CM127837.1|NZ_CM127837.1_2090,4,2,5
GCF_052805275.1|NZ_CM127837.1|NZ_CM127837.1_2093,1,1,1
GCF_052805275.1|NZ_CM127837.1|NZ_CM127837.1_2103,1,1,1
GCF_052805275.1|NZ_CM127837.1|NZ_CM127837.1_2109,1,1,1
GCF_052805275.1|NZ_CM127837.1|NZ_CM127837.1_2111,1,1,1
GCF_052805275.1|NZ_CM127837.1|NZ_CM127837.1_2115,2,2,2
GCF_052805275.1|NZ_CM127837.1|NZ_CM127837.1_2117,12,6,12
GCF_052805275.1|NZ_CM127837.1|NZ_CM127837.1_2120,1,1,1
GCF_052805275.1|NZ_CM127837.1|NZ_CM127837.1_2121,1,1,1
GCF_052805275.1|NZ_CM127837.1|NZ_CM127837.1_2122,2,2,2
GCF_052805275.1|NZ_CM127837.1|NZ_CM127837.1_2129,1,1,1
GCF_052805275.1|NZ_CM127837.1|NZ_CM127837.1_2130,1,1,1
GCF_052805275.1|NZ_CM127837.1|NZ_CM127837.1_2134,12,3,12
GCF_052956585.1|NZ_CP133105.1|NZ_CP133105.1_697,1,1,1
GCF_052956585.1|NZ_CP133105.1|NZ_CP133105.1_698,1,1,1
GCF_053154035.1|NZ_CP113098.1|NZ_CP113098.1_2083,1,1,1
GCF_053154035.1|NZ_CP113098.1|NZ_CP113098.1_2084,1,1,1
GCF_053154035.1|NZ_CP113098.1|NZ_CP113098.1_2088,1,1,1
GCF_053154035.1|NZ_CP113098.1|NZ_CP113098.1_2089,1,1,1
GCF_053154035.1|NZ_CP113098.1|NZ_CP113098.1_2091,1,1,1
GCF_053154035.1|NZ_CP113099.1|NZ_CP113099.1_289,2,2,2
GCF_053154035.1|NZ_CP113099.1|NZ_CP113099.1_290,3,2,3
GCF_053154035.1|NZ_CP113099.1|NZ_CP113099.1_291,1,1,1
GCF_053154035.1|NZ_CP113099.1|NZ_CP113099.1_292,1,1,1
GCF_053154035.1|NZ_CP113099.1|NZ_CP113099.1_296,1,1,1
GCF_053154035.1|NZ_CP113099.1|NZ_CP113099.1_301,1,1,1
GCF_053154035.1|NZ_CP113099.1|NZ_CP113099.1_302,1,1,1
GCF_053154035.1|NZ_CP113099.1|NZ_CP113099.1_305,2,2,2
GCF_053154035.1|NZ_CP113099.1|NZ_CP113099.1_306,1,1,1
GCF_053154035.1|NZ_CP113099.1|NZ_CP113099.1_308,1,1,1
GCF_053154035.1|NZ_CP113099.1|NZ_CP113099.1_309,1,1,1
GCF_053154035.1|NZ_CP113099.1|NZ_CP113099.1_310,1,1,1
GCF_053202865.1|NZ_CM129925.1|NZ_CM129925.1_2520,1,1,1
GCF_053202865.1|NZ_CM129926.1|NZ_CM129926.1_403,13,3,13
GCF_053202865.1|NZ_CM129926.1|NZ_CM129926.1_453,2,2,2
GCF_053220495.1|NZ_CM129940.1|NZ_CM129940.1_638,4,2,4
GCF_053220495.1|NZ_CM129940.1|NZ_CM129940.1_671,2,1,2
GCF_053220495.1|NZ_CM129940.1|NZ_CM129940.1_712,1,1,1
GCF_053220495.1|NZ_CM129940.1|NZ_CM129940.1_713,2,2,2
GCF_053220495.1|NZ_CM129940.1|NZ_CM129940.1_718,2,2,2
GCF_053220495.1|NZ_CM129940.1|NZ_CM129940.1_719,3,3,3
GCF_053220515.1|NZ_CM129942.1|NZ_CM129942.1_580,5,3,5
GCF_053220515.1|NZ_CM129942.1|NZ_CM129942.1_586,4,2,4
GCF_053220515.1|NZ_CM129942.1|NZ_CM129942.1_616,14,6,15
GCF_053220535.1|NZ_CM129944.1|NZ_CM129944.1_907,1,1,1
GCF_053220535.1|NZ_CM129944.1|NZ_CM129944.1_912,4,3,4
GCF_053220535.1|NZ_CM129944.1|NZ_CM129944.1_914,1,1,1
GCF_053220535.1|NZ_CM129944.1|NZ_CM129944.1_923,1,1,1
GCF_053220535.1|NZ_CM129944.1|NZ_CM129944.1_924,1,1,1
GCF_053220535.1|NZ_CM129944.1|NZ_CM129944.1_928,1,1,1
GCF_053220535.1|NZ_CM129944.1|NZ_CM129944.1_931,1,1,1
GCF_053220535.1|NZ_CM129944.1|NZ_CM129944.1_935,3,3,3
GCF_053220535.1|NZ_CM129944.1|NZ_CM129944.1_941,1,1,1
GCF_053220555.1|NZ_CM129946.1|NZ_CM129946.1_794,4,3,4
GCF_053220575.1|NZ_CM129948.1|NZ_CM129948.1_602,2,1,2
GCF_053220575.1|NZ_CM129948.1|NZ_CM129948.1_623,2,1,2
GCF_053220575.1|NZ_CM129948.1|NZ_CM129948.1_630,2,1,2
GCF_053220575.1|NZ_CM129948.1|NZ_CM129948.1_637,35,6,41
GCF_053220585.1|NZ_CM129950.1|NZ_CM129950.1_822,2,1,2
GCF_053220635.1|NZ_CM129954.1|NZ_CM129954.1_899,25,2,25
GCF_053220695.1|NZ_CM129960.1|NZ_CM129960.1_1039,2,1,2
GCF_053220715.1|NZ_CM129962.1|NZ_CM129962.1_761,2,1,2
GCF_053294815.1|NZ_CM129991.1|NZ_CM129991.1_1955,1,1,1
GCF_053294815.1|NZ_CM129991.1|NZ_CM129991.1_1998,2,1,2
GCF_053294815.1|NZ_CM129991.1|NZ_CM129991.1_2032,1,1,1
GCF_053643215.1|NZ_CM132188.1|NZ_CM132188.1_1024,1,1,1
GCF_053643215.1|NZ_CM132188.1|NZ_CM132188.1_1028,2,2,2
GCF_053643215.1|NZ_CM132188.1|NZ_CM132188.1_1030,1,1,1
GCF_053643215.1|NZ_CM132188.1|NZ_CM132188.1_1047,3,2,3
GCF_053643215.1|NZ_CM132188.1|NZ_CM132188.1_1049,2,2,2
GCF_053643215.1|NZ_CM132188.1|NZ_CM132188.1_1052,2,2,2
GCF_053890595.1|NZ_CM132682.1|NZ_CM132682.1_1140,2,2,2
GCF_053890595.1|NZ_CM132682.1|NZ_CM132682.1_1141,1,1,1
GCF_053890595.1|NZ_CM132682.1|NZ_CM132682.1_1146,1,1,1
GCF_053890595.1|NZ_CM132682.1|NZ_CM132682.1_1149,10,2,11
GCF_053890595.1|NZ_CM132682.1|NZ_CM132682.1_1151,2,2,2
GCF_053890595.1|NZ_CM132682.1|NZ_CM132682.1_1152,2,2,2
GCF_053890595.1|NZ_CM132682.1|NZ_CM132682.1_1156,1,1,1
GCF_053890595.1|NZ_CM132682.1|NZ_CM132682.1_1157,1,1,1
GCF_053890595.1|NZ_CM132682.1|NZ_CM132682.1_1162,2,2,2
GCF_053890595.1|NZ_CM132682.1|NZ_CM132682.1_1169,1,1,1
GCF_053890595.1|NZ_CM132682.1|NZ_CM132682.1_1175,1,1,1
GCF_053890595.1|NZ_CM132682.1|NZ_CM132682.1_1176,2,2,2
GCF_053890595.1|NZ_CM132682.1|NZ_CM132682.1_1180,1,1,1
GCF_053890595.1|NZ_CM132682.1|NZ_CM132682.1_1189,1,1,1
GCF_053890595.1|NZ_CM132682.1|NZ_CM132682.1_1194,1,1,1
GCF_053890595.1|NZ_CM132682.1|NZ_CM132682.1_1196,1,1,1
GCF_053890595.1|NZ_CM132683.1|NZ_CM132683.1_697,2,2,2
GCF_053890595.1|NZ_CM132683.1|NZ_CM132683.1_698,1,1,1
GCF_053890595.1|NZ_CM132683.1|NZ_CM132683.1_699,1,1,1
GCF_053890595.1|NZ_CM132683.1|NZ_CM132683.1_700,1,1,1
GCF_054112565.1|NZ_CM134204.1|NZ_CM134204.1_661,2,1,2
GCF_054112565.1|NZ_CM134204.1|NZ_CM134204.1_669,1,1,1
GCF_054112565.1|NZ_CM134204.1|NZ_CM134204.1_685,3,2,3
GCF_054112565.1|NZ_CM134204.1|NZ_CM134204.1_714,1,1,1
GCF_054112565.1|NZ_CM134204.1|NZ_CM134204.1_722,2,1,2
GCF_054112565.1|NZ_CM134204.1|NZ_CM134204.1_723,2,1,2
GCF_054112565.1|NZ_CM134204.1|NZ_CM134204.1_740,1,1,1
GCF_054112565.1|NZ_CM134204.1|NZ_CM134204.1_742,1,1,1
GCF_054112565.1|NZ_CM134204.1|NZ_CM134204.1_750,83,17,122
GCF_054512795.1|NZ_CM137253.1|NZ_CM137253.1_1270,1,1,1
GCF_054512795.1|NZ_CM137253.1|NZ_CM137253.1_1271,1,1,1
GCF_054512795.1|NZ_CM137253.1|NZ_CM137253.1_1276,4,4,4
GCF_054512795.1|NZ_CM137253.1|NZ_CM137253.1_1279,1,1,1
GCF_054512795.1|NZ_CM137253.1|NZ_CM137253.1_1280,2,2,2
GCF_054512795.1|NZ_CM137253.1|NZ_CM137253.1_1281,2,2,2
GCF_054512795.1|NZ_CM137253.1|NZ_CM137253.1_1302,1,1,1
GCF_054512795.1|NZ_CM137253.1|NZ_CM137253.1_1308,1,1,1
GCF_054512795.1|NZ_CM137253.1|NZ_CM137253.1_1309,1,1,1
GCF_054512795.1|NZ_CM137253.1|NZ_CM137253.1_1314,7,3,7
GCF_054512795.1|NZ_CM137253.1|NZ_CM137253.1_1329,2,2,2
GCF_054512795.1|NZ_CM137253.1|NZ_CM137253.1_1334,2,2,2
GCF_054512795.1|NZ_CM137253.1|NZ_CM137253.1_1335,2,2,2
GCF_054512795.1|NZ_CM137253.1|NZ_CM137253.1_1340,1,1,1
GCF_054512795.1|NZ_CM137253.1|NZ_CM137253.1_1343,1,1,1
GCF_054906185.1|NZ_CP166973.1|NZ_CP166973.1_381,2,1,2
GCF_054906185.1|NZ_CP166973.1|NZ_CP166973.1_388,2,2,2
GCF_055393305.1|NZ_AP043879.1|NZ_AP043879.1_1607,1,1,1
GCF_055393305.1|NZ_AP043879.1|NZ_AP043879.1_1612,2,2,2
GCF_055393305.1|NZ_AP043879.1|NZ_AP043879.1_1613,1,1,1
GCF_055393305.1|NZ_AP043879.1|NZ_AP043879.1_1628,2,2,2
GCF_055393305.1|NZ_AP043879.1|NZ_AP043879.1_1632,3,2,3
GCF_055393305.1|NZ_AP043879.1|NZ_AP043879.1_1633,1,1,1
GCF_055393305.1|NZ_AP043880.1|NZ_AP043880.1_1322,1,1,2
GCF_055393305.1|NZ_AP043880.1|NZ_AP043880.1_1324,1,1,1
GCF_055393305.1|NZ_AP043880.1|NZ_AP043880.1_1325,1,1,1
GCF_055393305.1|NZ_AP043880.1|NZ_AP043880.1_1338,1,1,1
GCF_055393305.1|NZ_AP043880.1|NZ_AP043880.1_1341,2,2,2
GCF_055393305.1|NZ_AP043880.1|NZ_AP043880.1_1351,2,2,2
GCF_055393305.1|NZ_AP043880.1|NZ_AP043880.1_1360,1,1,1
GCF_055393305.1|NZ_AP043880.1|NZ_AP043880.1_1365,2,2,2
GCF_055393305.1|NZ_AP043880.1|NZ_AP043880.1_1367,2,2,2
GCF_055808835.1|NZ_CM147884.1|NZ_CM147884.1_2445,1,1,1
GCF_055808835.1|NZ_CM147884.1|NZ_CM147884.1_2447,40,13,45
GCF_055808835.1|NZ_CM147884.1|NZ_CM147884.1_2450,1,1,1
GCF_055808835.1|NZ_CM147884.1|NZ_CM147884.1_2451,1,1,1
GCF_055808835.1|NZ_CM147884.1|NZ_CM147884.1_2452,1,1,1
GCF_055808835.1|NZ_CM147884.1|NZ_CM147884.1_2456,1,1,1
GCF_055808835.1|NZ_CM147885.1|NZ_CM147885.1_1140,1,1,1
GCF_055808835.1|NZ_CM147885.1|NZ_CM147885.1_1141,2,2,2
GCF_055808835.1|NZ_CM147885.1|NZ_CM147885.1_1148,2,2,2
GCF_055808835.1|NZ_CM147885.1|NZ_CM147885.1_1158,8,8,8
GCF_055808835.1|NZ_CM147885.1|NZ_CM147885.1_1159,1,1,1
GCF_055808835.1|NZ_CM147885.1|NZ_CM147885.1_1160,12,8,12
GCF_055808855.1|NZ_CM147886.1|NZ_CM147886.1_1699,1,1,1
GCF_055808855.1|NZ_CM147886.1|NZ_CM147886.1_1700,4,3,4
GCF_055808855.1|NZ_CM147886.1|NZ_CM147886.1_1701,1,1,1
GCF_055808855.1|NZ_CM147886.1|NZ_CM147886.1_1702,1,1,1
GCF_055808855.1|NZ_CM147886.1|NZ_CM147886.1_1704,1,1,1
GCF_055808855.1|NZ_CM147886.1|NZ_CM147886.1_1705,4,3,4
GCF_055808915.1|NZ_CM147889.1|NZ_CM147889.1_1692,1,1,1
GCF_055808915.1|NZ_CM147889.1|NZ_CM147889.1_1693,1,1,1
GCF_055808915.1|NZ_CM147889.1|NZ_CM147889.1_1694,4,3,4
GCF_055808915.1|NZ_CM147890.1|NZ_CM147890.1_1271,1,1,1
GCF_055808915.1|NZ_CM147890.1|NZ_CM147890.1_1272,1,1,1
GCF_055808915.1|NZ_CM147890.1|NZ_CM147890.1_1273,2,2,2
GCF_055808915.1|NZ_CM147890.1|NZ_CM147890.1_1274,1,1,2
GCF_055808915.1|NZ_CM147890.1|NZ_CM147890.1_1275,1,1,1
GCF_056097205.1|NZ_CP184760.1|NZ_CP184760.1_1476,1,1,1
GCF_056097205.1|NZ_CP184760.1|NZ_CP184760.1_1477,5,5,5
GCF_056097205.1|NZ_CP184761.1|NZ_CP184761.1_1031,1,1,1
GCF_056097205.1|NZ_CP184761.1|NZ_CP184761.1_1035,2,2,2
GCF_056135565.1|NZ_CM148681.1|NZ_CM148681.1_1194,1,1,1
GCF_056135565.1|NZ_CM148681.1|NZ_CM148681.1_1206,1,1,1
GCF_056820805.1|NZ_CM165957.1|NZ_CM165957.1_1236,1,1,1
GCF_056820805.1|NZ_CM165957.1|NZ_CM165957.1_1239,1,1,1
GCF_056820805.1|NZ_CM165957.1|NZ_CM165957.1_1240,1,1,1
GCF_056820805.1|NZ_CM165957.1|NZ_CM165957.1_1241,1,1,1
GCF_056820805.1|NZ_CM165957.1|NZ_CM165957.1_1242,1,1,1
GCF_056820805.1|NZ_CM165957.1|NZ_CM165957.1_1249,1,1,1
GCF_056820805.1|NZ_CM165957.1|NZ_CM165957.1_1250,1,1,1
GCF_056820805.1|NZ_CM165957.1|NZ_CM165957.1_1254,1,1,1
GCF_056892265.1|NZ_CP092731.1|NZ_CP092731.1_1253,1,1,1
GCF_056892265.1|NZ_CP092731.1|NZ_CP092731.1_1262,1,1,1
GCF_056892265.1|NZ_CP092731.1|NZ_CP092731.1_1276,1,1,1
GCF_056892265.1|NZ_CP092731.1|NZ_CP092731.1_1277,1,1,1
GCF_056892265.1|NZ_CP092731.1|NZ_CP092731.1_1287,1,1,1
GCF_056892265.1|NZ_CP092731.1|NZ_CP092731.1_1304,4,3,4
GCF_056892265.1|NZ_CP092731.1|NZ_CP092731.1_1305,2,1,2
GCF_056892265.1|NZ_CP092731.1|NZ_CP092731.1_1315,2,1,2
GCF_056892265.1|NZ_CP092731.1|NZ_CP092731.1_1318,84,12,108
GCF_056892265.1|NZ_CP092731.1|NZ_CP092731.1_1325,2,1,2
GCF_056892265.1|NZ_CP092731.1|NZ_CP092731.1_1329,2,1,2
GCF_057368455.1|NZ_CM170641.1|NZ_CM170641.1_968,1,1,1
GCF_057368455.1|NZ_CM170641.1|NZ_CM170641.1_969,1,1,1
GCF_057368455.1|NZ_CM170641.1|NZ_CM170641.1_971,1,1,1
GCF_057368455.1|NZ_CM170641.1|NZ_CM170641.1_973,2,2,2
GCF_057368455.1|NZ_CM170641.1|NZ_CM170641.1_975,1,1,1
GCF_057368455.1|NZ_CM170641.1|NZ_CM170641.1_979,2,2,2
GCF_057368455.1|NZ_CM170641.1|NZ_CM170641.1_981,1,1,1
GCF_057368455.1|NZ_CM170641.1|NZ_CM170641.1_984,1,1,1
GCF_057368455.1|NZ_CM170641.1|NZ_CM170641.1_989,1,1,1
GCF_057368455.1|NZ_CM170641.1|NZ_CM170641.1_995,1,1,2
GCF_057368455.1|NZ_CM170641.1|NZ_CM170641.1_996,12,8,12
GCF_057368455.1|NZ_CM170641.1|NZ_CM170641.1_997,7,6,8
GCF_057368455.1|NZ_CM170641.1|NZ_CM170641.1_998,4,4,5
GCF_057368455.1|NZ_CM170641.1|NZ_CM170641.1_1004,2,2,2
GCF_057368455.1|NZ_CM170641.1|NZ_CM170641.1_1005,4,2,4
GCF_057368455.1|NZ_CM170641.1|NZ_CM170641.1_1006,4,2,4
GCF_057368455.1|NZ_CM170641.1|NZ_CM170641.1_1010,1,1,1
GCF_057368455.1|NZ_CM170641.1|NZ_CM170641.1_1012,1,1,1
GCF_057368455.1|NZ_CM170641.1|NZ_CM170641.1_1013,8,6,9
GCF_057368455.1|NZ_CM170641.1|NZ_CM170641.1_1014,1,1,1
GCF_057368455.1|NZ_CM170641.1|NZ_CM170641.1_1017,137,40,335
GCF_057368455.1|NZ_CM170641.1|NZ_CM170641.1_1019,1,1,1
GCF_057368455.1|NZ_CM170641.1|NZ_CM170641.1_1020,1,1,1
GCF_057368455.1|NZ_CM170641.1|NZ_CM170641.1_1021,26,11,26
GCF_057368455.1|NZ_CM170641.1|NZ_CM170641.1_1022,3,2,6
GCF_057368455.1|NZ_CM170641.1|NZ_CM170641.1_1026,1,1,1
GCF_057368455.1|NZ_CM170641.1|NZ_CM170641.1_1029,5,3,17
GCF_057368455.1|NZ_CM170641.1|NZ_CM170641.1_1030,2,2,2
GCF_057368455.1|NZ_CM170641.1|NZ_CM170641.1_1031,2,2,2
GCF_057368455.1|NZ_CM170641.1|NZ_CM170641.1_1034,1,1,1
GCF_057368455.1|NZ_CM170641.1|NZ_CM170641.1_1036,6,6,8
GCF_057368455.1|NZ_CM170641.1|NZ_CM170641.1_1037,1,1,1
GCF_057368455.1|NZ_CM170641.1|NZ_CM170641.1_1040,1,1,1
GCF_057368455.1|NZ_CM170641.1|NZ_CM170641.1_1041,1,1,1
GCF_057368455.1|NZ_CM170641.1|NZ_CM170641.1_1044,1,1,1
GCF_057368455.1|NZ_CM170641.1|NZ_CM170641.1_1047,1,1,1
GCF_057368455.1|NZ_CM170641.1|NZ_CM170641.1_1048,1,1,1
GCF_057368455.1|NZ_CM170641.1|NZ_CM170641.1_1050,2,2,3
GCF_057368455.1|NZ_CM170641.1|NZ_CM170641.1_1051,1,1,1
GCF_057368455.1|NZ_CM170641.1|NZ_CM170641.1_1052,1,1,1
GCF_057368455.1|NZ_CM170641.1|NZ_CM170641.1_1053,1,1,1
GCF_057368455.1|NZ_CM170641.1|NZ_CM170641.1_1054,3,3,3
GCF_057368455.1|NZ_CM170641.1|NZ_CM170641.1_1055,1,1,1
GCF_057368455.1|NZ_CM170641.1|NZ_CM170641.1_1056,2,2,2
GCF_057368455.1|NZ_CM170641.1|NZ_CM170641.1_1057,1,1,1
GCF_057368455.1|NZ_CM170641.1|NZ_CM170641.1_1058,1,1,1
GCF_057368455.1|NZ_CM170641.1|NZ_CM170641.1_1061,2,2,2
GCF_057396045.1|NZ_CM171552.1|NZ_CM171552.1_1185,1,1,1
GCF_057396045.1|NZ_CM171552.1|NZ_CM171552.1_1186,1,1,1
GCF_057396045.1|NZ_CM171552.1|NZ_CM171552.1_1189,1,1,1
GCF_057396045.1|NZ_CM171552.1|NZ_CM171552.1_1199,2,1,2
GCF_057396045.1|NZ_CM171552.1|NZ_CM171552.1_1200,2,1,2
GCF_057396045.1|NZ_CM171552.1|NZ_CM171552.1_1201,3,2,3
GCF_057396045.1|NZ_CM171552.1|NZ_CM171552.1_1215,3,2,3
GCF_057396045.1|NZ_CM171552.1|NZ_CM171552.1_1227,2,1,2
GCF_057396045.1|NZ_CM171552.1|NZ_CM171552.1_1230,2,1,2
GCF_057396045.1|NZ_CM171552.1|NZ_CM171552.1_1231,2,1,2
GCF_057396045.1|NZ_CM171552.1|NZ_CM171552.1_1232,2,1,2
GCF_057396045.1|NZ_CM171552.1|NZ_CM171552.1_1234,2,1,2
GCF_057396045.1|NZ_CM171552.1|NZ_CM171552.1_1236,2,1,2
GCF_057396045.1|NZ_CM171552.1|NZ_CM171552.1_1246,2,1,2
GCF_057396045.1|NZ_CM171552.1|NZ_CM171552.1_1247,2,1,2
GCF_057396045.1|NZ_CM171552.1|NZ_CM171552.1_1251,4,3,4
GCF_057396045.1|NZ_CM171552.1|NZ_CM171552.1_1257,2,1,2
GCF_057396045.1|NZ_CM171552.1|NZ_CM171552.1_1258,2,1,2
GCF_057396045.1|NZ_CM171552.1|NZ_CM171552.1_1259,15,5,15
GCF_057396045.1|NZ_CM171552.1|NZ_CM171552.1_1262,3,1,3
GCF_057396045.1|NZ_CM171552.1|NZ_CM171552.1_1268,3,1,3
GCF_057396045.1|NZ_CM171552.1|NZ_CM171552.1_1273,2,1,2
GCF_057396045.1|NZ_CM171552.1|NZ_CM171552.1_1281,3,2,3
GCF_057396045.1|NZ_CM171552.1|NZ_CM171552.1_1282,2,1,2
GCF_057396045.1|NZ_CM171552.1|NZ_CM171552.1_1283,2,1,2
GCF_057396045.1|NZ_CM171552.1|NZ_CM171552.1_1287,2,1,2
GCF_057396045.1|NZ_CM171552.1|NZ_CM171552.1_1289,74,15,89
GCF_057396045.1|NZ_CM171552.1|NZ_CM171552.1_3067,1,1,1
GCF_057396045.1|NZ_CM171552.1|NZ_CM171552.1_3070,2,1,2
GCF_057396045.1|NZ_CM171552.1|NZ_CM171552.1_3071,2,1,2
GCF_057418845.1|NZ_CP166928.1|NZ_CP166928.1_697,3,1,3
GCF_057418845.1|NZ_CP166928.1|NZ_CP166928.1_699,4,2,4
GCF_057418845.1|NZ_CP166928.1|NZ_CP166928.1_703,9,7,24
GCF_057418845.1|NZ_CP166928.1|NZ_CP166928.1_704,3,2,3
GCF_057418845.1|NZ_CP166928.1|NZ_CP166928.1_713,3,2,3
GCF_057418845.1|NZ_CP166928.1|NZ_CP166928.1_715,2,1,2
GCF_057418845.1|NZ_CP166928.1|NZ_CP166928.1_717,7,2,7
GCF_057418845.1|NZ_CP166928.1|NZ_CP166928.1_718,3,1,3
GCF_057418845.1|NZ_CP166928.1|NZ_CP166928.1_829,3,1,3
GCF_057418845.1|NZ_CP166928.1|NZ_CP166928.1_1131,4,1,4
GCF_057418845.1|NZ_CP166928.1|NZ_CP166928.1_1132,4,1,4
GCF_057418845.1|NZ_CP166928.1|NZ_CP166928.1_1133,4,1,4
GCF_057418845.1|NZ_CP166928.1|NZ_CP166928.1_1134,3,1,3
GCF_057418855.1|NZ_CP166930.1|NZ_CP166930.1_685,2,1,2
GCF_057418855.1|NZ_CP166930.1|NZ_CP166930.1_1004,1,1,1
GCF_057418855.1|NZ_CP166930.1|NZ_CP166930.1_1006,2,1,2
GCF_057418855.1|NZ_CP166930.1|NZ_CP166930.1_1119,2,1,2
GCF_057418855.1|NZ_CP166930.1|NZ_CP166930.1_1121,5,4,5
GCF_057418855.1|NZ_CP166930.1|NZ_CP166930.1_1123,2,1,2
GCF_057439855.1|NZ_CM172000.1|NZ_CM172000.1_1657,33,12,36
GCF_057439855.1|NZ_CM172000.1|NZ_CM172000.1_1658,1,1,1
GCF_057439855.1|NZ_CM172000.1|NZ_CM172000.1_1663,2,2,2
GCF_057439855.1|NZ_CM172000.1|NZ_CM172000.1_1664,2,2,2
GCF_057439855.1|NZ_CM172000.1|NZ_CM172000.1_1668,7,4,7
GCF_057439855.1|NZ_CM172000.1|NZ_CM172000.1_1669,1,1,1
GCF_057439855.1|NZ_CM172000.1|NZ_CM172000.1_1902,3,2,4
GCF_057439855.1|NZ_CM172000.1|NZ_CM172000.1_1903,1,1,1
GCF_057439855.1|NZ_CM172001.1|NZ_CM172001.1_870,1,1,1
GCF_057439855.1|NZ_JBYASW010000003.1|NZ_JBYASW010000003.1_56,2,2,2
GCF_057439855.1|NZ_JBYASW010000003.1|NZ_JBYASW010000003.1_57,3,3,3
GCF_057439875.1|NZ_CM172002.1|NZ_CM172002.1_1362,3,3,3
GCF_057439875.1|NZ_CM172002.1|NZ_CM172002.1_1364,1,1,1
GCF_057439875.1|NZ_CM172002.1|NZ_CM172002.1_1365,1,1,1
GCF_057439875.1|NZ_CM172002.1|NZ_CM172002.1_1366,2,2,2
GCF_057439875.1|NZ_CM172002.1|NZ_CM172002.1_1367,2,2,2
GCF_057439875.1|NZ_CM172002.1|NZ_CM172002.1_1370,2,2,2
GCF_057439875.1|NZ_CM172002.1|NZ_CM172002.1_1371,1,1,1
GCF_057439875.1|NZ_CM172002.1|NZ_CM172002.1_1372,1,1,1
GCF_057439875.1|NZ_CM172002.1|NZ_CM172002.1_1380,36,18,43
GCF_057439875.1|NZ_CM172002.1|NZ_CM172002.1_1607,1,1,1
GCF_057439875.1|NZ_CM172002.1|NZ_CM172002.1_1608,1,1,1
GCF_057439875.1|NZ_CM172002.1|NZ_CM172002.1_1609,1,1,1
GCF_057439875.1|NZ_CM172002.1|NZ_CM172002.1_1611,1,1,1
GCF_057439875.1|NZ_CM172002.1|NZ_CM172002.1_1612,16,10,23
GCF_057439875.1|NZ_JBYASX010000003.1|NZ_JBYASX010000003.1_245,1,1,1
GCF_057476815.1|NZ_CM172056.1|NZ_CM172056.1_1129,2,1,2
GCF_057476815.1|NZ_CM172056.1|NZ_CM172056.1_1133,3,2,3
GCF_057730835.1|NZ_CM173201.1|NZ_CM173201.1_75,8,3,8
GCF_057730835.1|NZ_CM173201.1|NZ_CM173201.1_90,4,3,4
GCF_057784735.1|NZ_CM173495.1|NZ_CM173495.1_668,1,1,1
GCF_057784735.1|NZ_CM173495.1|NZ_CM173495.1_671,1,1,1
GCF_057784735.1|NZ_CM173495.1|NZ_CM173495.1_672,1,1,1
GCF_057784735.1|NZ_CM173495.1|NZ_CM173495.1_677,1,1,1
GCF_057784735.1|NZ_CM173495.1|NZ_CM173495.1_683,1,1,1
GCF_057784735.1|NZ_CM173495.1|NZ_CM173495.1_685,3,3,3
GCF_057784735.1|NZ_CM173495.1|NZ_CM173495.1_686,1,1,1
GCF_057784735.1|NZ_CM173495.1|NZ_CM173495.1_687,2,2,2
GCF_057784735.1|NZ_CM173495.1|NZ_CM173495.1_688,2,2,2
GCF_057784735.1|NZ_CM173495.1|NZ_CM173495.1_689,1,1,1
GCF_057784735.1|NZ_CM173495.1|NZ_CM173495.1_690,4,4,4
GCF_057784735.1|NZ_CM173495.1|NZ_CM173495.1_691,2,2,2
GCF_057784735.1|NZ_CM173495.1|NZ_CM173495.1_692,14,8,15
GCF_057785915.1|NZ_CM173507.1|NZ_CM173507.1_1126,2,2,2
GCF_057785915.1|NZ_CM173507.1|NZ_CM173507.1_1132,1,1,1
GCF_057785915.1|NZ_CM173508.1|NZ_CM173508.1_10,2,2,2
GCF_057785915.1|NZ_CM173508.1|NZ_CM173508.1_16,2,2,2
GCF_057785915.1|NZ_CM173508.1|NZ_CM173508.1_17,1,1,1
GCF_057785935.1|NZ_CM173509.1|NZ_CM173509.1_835,3,3,3
GCF_057785955.1|NZ_CM173511.1|NZ_CM173511.1_1509,1,1,1
GCF_057785955.1|NZ_CM173511.1|NZ_CM173511.1_1514,1,1,1
GCF_057785955.1|NZ_CM173511.1|NZ_CM173511.1_1515,6,3,6
GCF_057785955.1|NZ_CM173512.1|NZ_CM173512.1_9,14,13,31
GCF_057785955.1|NZ_CM173512.1|NZ_CM173512.1_11,1,1,1
GCF_057785955.1|NZ_CM173512.1|NZ_CM173512.1_12,2,2,2
GCF_057785955.1|NZ_CM173512.1|NZ_CM173512.1_13,2,2,2
GCF_057785975.1|NZ_CM173513.1|NZ_CM173513.1_1108,2,2,2
GCF_057785975.1|NZ_CM173513.1|NZ_CM173513.1_1112,1,1,1
GCF_057785975.1|NZ_CM173513.1|NZ_CM173513.1_1115,1,1,1
GCF_057785975.1|NZ_CM173513.1|NZ_CM173513.1_1117,1,1,1
GCF_057785975.1|NZ_CM173513.1|NZ_CM173513.1_1118,2,2,2
GCF_057785975.1|NZ_CM173513.1|NZ_CM173513.1_1515,1,1,1
GCF_057785975.1|NZ_CM173513.1|NZ_CM173513.1_1516,1,1,1
GCF_057785975.1|NZ_CM173513.1|NZ_CM173513.1_1517,1,1,1
GCF_057785975.1|NZ_CM173513.1|NZ_CM173513.1_1521,1,1,1
GCF_057785975.1|NZ_CM173513.1|NZ_CM173513.1_1734,3,3,3
GCF_057785975.1|NZ_CM173513.1|NZ_CM173513.1_1735,1,1,1
GCF_057785975.1|NZ_CM173513.1|NZ_CM173513.1_1736,1,1,1
GCF_057785975.1|NZ_CM173514.1|NZ_CM173514.1_982,1,1,1
GCF_057785995.1|NZ_CM173517.1|NZ_CM173517.1_1644,3,3,3
GCF_057785995.1|NZ_CM173517.1|NZ_CM173517.1_1645,1,1,1
GCF_057785995.1|NZ_CM173517.1|NZ_CM173517.1_1647,3,3,3
GCF_057785995.1|NZ_CM173517.1|NZ_CM173517.1_1649,1,1,1
GCF_057785995.1|NZ_CM173517.1|NZ_CM173517.1_1650,1,1,1
GCF_057785995.1|NZ_CM173518.1|NZ_CM173518.1_756,1,1,1
GCF_057785995.1|NZ_CM173518.1|NZ_CM173518.1_758,1,1,1
GCF_057786005.1|NZ_CM173516.1|NZ_CM173516.1_435,1,1,1
GCF_057786005.1|NZ_CM173516.1|NZ_CM173516.1_436,2,2,2
GCF_057786005.1|NZ_CM173516.1|NZ_CM173516.1_437,2,2,2
GCF_057786005.1|NZ_CM173516.1|NZ_CM173516.1_1426,1,1,1
GCF_057786005.1|NZ_CM173516.1|NZ_CM173516.1_1427,2,2,2
GCF_057786035.1|NZ_CM173519.1|NZ_CM173519.1_1330,2,2,2
GCF_057786035.1|NZ_CM173519.1|NZ_CM173519.1_1331,2,2,2
GCF_059427945.1|NZ_CM182084.1|NZ_CM182084.1_1842,2,1,2
GCF_059427945.1|NZ_CM182084.1|NZ_CM182084.1_1845,2,1,2
GCF_059427945.1|NZ_CM182084.1|NZ_CM182084.1_1867,1,1,1
GCF_059427945.1|NZ_CM182085.1|NZ_CM182085.1_1212,2,2,2
GCF_059427945.1|NZ_CM182085.1|NZ_CM182085.1_1226,1,1,1
GCF_059427945.1|NZ_CM182085.1|NZ_CM182085.1_1227,1,1,1
GCF_059427945.1|NZ_CM182085.1|NZ_CM182085.1_1229,1,1,1
GCF_059552575.1|NZ_CM183914.1|NZ_CM183914.1_820,1,1,1
GCF_059552575.1|NZ_CM183914.1|NZ_CM183914.1_821,1,1,1
GCF_059552575.1|NZ_CM183914.1|NZ_CM183914.1_1906,1,1,1
GCF_059552575.1|NZ_CM183914.1|NZ_CM183914.1_1907,1,1,1
GCF_059552575.1|NZ_CM183914.1|NZ_CM183914.1_1908,1,1,1
GCF_059552575.1|NZ_CM183914.1|NZ_CM183914.1_1909,1,1,1
GCF_059552575.1|NZ_CM183914.1|NZ_CM183914.1_1910,1,1,1
GCF_059552575.1|NZ_CM183915.1|NZ_CM183915.1_1848,4,3,4
GCF_059552575.1|NZ_CM183915.1|NZ_CM183915.1_1849,1,1,1
GCF_059552575.1|NZ_CM183915.1|NZ_CM183915.1_1850,1,1,8
GCF_059552575.1|NZ_CM183915.1|NZ_CM183915.1_1851,1,1,1
GCF_059552575.1|NZ_CM183915.1|NZ_CM183915.1_1852,1,1,1
GCF_059552575.1|NZ_CM183915.1|NZ_CM183915.1_1854,1,1,1
GCF_059552575.1|NZ_CM183915.1|NZ_CM183915.1_1861,2,2,2
GCF_059552575.1|NZ_CM183915.1|NZ_CM183915.1_1864,1,1,1
GCF_059552575.1|NZ_CM183915.1|NZ_CM183915.1_1865,1,1,1
GCF_059552575.1|NZ_CM183915.1|NZ_CM183915.1_1866,1,1,1
GCF_059552575.1|NZ_CM183915.1|NZ_CM183915.1_1867,1,1,1
GCF_059552575.1|NZ_CM183915.1|NZ_CM183915.1_1868,1,1,1
GCF_059552575.1|NZ_CM183915.1|NZ_CM183915.1_1870,1,1,1
GCF_059552575.1|NZ_CM183915.1|NZ_CM183915.1_1871,1,1,1
GCF_059552575.1|NZ_CM183915.1|NZ_CM183915.1_1873,1,1,1
GCF_059552575.1|NZ_CM183915.1|NZ_CM183915.1_1875,1,1,1
GCF_059552575.1|NZ_CM183915.1|NZ_CM183915.1_1879,1,1,2
GCF_059552575.1|NZ_CM183915.1|NZ_CM183915.1_1880,1,1,2
GCF_059552575.1|NZ_CM183915.1|NZ_CM183915.1_1882,1,1,1
GCF_059552575.1|NZ_CM183915.1|NZ_CM183915.1_1883,1,1,1
GCF_059552575.1|NZ_CM183915.1|NZ_CM183915.1_1885,5,5,5
GCF_059552575.1|NZ_CM183915.1|NZ_CM183915.1_1886,5,4,5
GCF_059552575.1|NZ_CM183915.1|NZ_CM183915.1_1887,1,1,1
GCF_059692275.1|NZ_CM185156.1|NZ_CM185156.1_1832,1,1,1
GCF_059692275.1|NZ_CM185156.1|NZ_CM185156.1_1833,1,1,1
GCF_059692275.1|NZ_CM185156.1|NZ_CM185156.1_1836,2,2,2
GCF_059692275.1|NZ_CM185156.1|NZ_CM185156.1_1837,2,2,2
GCF_059692275.1|NZ_CM185156.1|NZ_CM185156.1_1841,1,1,1
GCF_059692275.1|NZ_CM185156.1|NZ_CM185156.1_1850,2,2,2
GCF_059692275.1|NZ_CM185156.1|NZ_CM185156.1_1858,3,3,3
GCF_059692275.1|NZ_CM185156.1|NZ_CM185156.1_1859,3,3,4
GCF_059692275.1|NZ_CM185156.1|NZ_CM185156.1_1864,1,1,2
GCF_059692275.1|NZ_CM185156.1|NZ_CM185156.1_1868,2,1,3
GCF_059692275.1|NZ_CM185156.1|NZ_CM185156.1_1870,1,1,1
GCF_059692275.1|NZ_CM185156.1|NZ_CM185156.1_1873,1,1,1
GCF_059692275.1|NZ_CM185156.1|NZ_CM185156.1_1882,2,1,2
GCF_059692275.1|NZ_CM185156.1|NZ_CM185156.1_1883,2,2,2
GCF_059692275.1|NZ_CM185156.1|NZ_CM185156.1_1886,3,3,3
GCF_059725495.1|NZ_AP045841.1|NZ_AP045841.1_1397,1,1,1
GCF_059725495.1|NZ_AP045843.1|NZ_AP045843.1_59,1,1,1
GCF_059725495.1|NZ_AP045843.1|NZ_AP045843.1_60,6,3,6
GCF_059725505.1|NZ_AP045837.1|NZ_AP045837.1_1772,1,1,1
GCF_059725505.1|NZ_AP045837.1|NZ_AP045837.1_1773,2,2,2
GCF_059725505.1|NZ_AP045838.1|NZ_AP045838.1_115,1,1,1
GCF_059725505.1|NZ_AP045838.1|NZ_AP045838.1_116,2,2,2
GCF_059725505.1|NZ_AP045838.1|NZ_AP045838.1_117,1,1,1
GCF_059739265.1|NZ_AP024909.1|NZ_AP024909.1_1427,1,1,1
GCF_059739265.1|NZ_AP024909.1|NZ_AP024909.1_1428,1,1,1
GCF_059740845.1|NZ_JCAWNO010000005.1|NZ_JCAWNO010000005.1_167,1,1,1
GCF_059740845.1|NZ_JCAWNO010000005.1|NZ_JCAWNO010000005.1_168,1,1,1
GCF_059740845.1|NZ_JCAWNO010000005.1|NZ_JCAWNO010000005.1_169,1,1,1
GCF_059740845.1|NZ_JCAWNO010000005.1|NZ_JCAWNO010000005.1_170,1,1,1
GCF_059740845.1|NZ_JCAWNO010000005.1|NZ_JCAWNO010000005.1_171,1,1,1
GCF_059740845.1|NZ_JCAWNO010000005.1|NZ_JCAWNO010000005.1_172,1,1,1
GCF_059740845.1|NZ_JCAWNO010000005.1|NZ_JCAWNO010000005.1_173,1,1,1
GCF_059740915.1|NZ_CM185569.1|NZ_CM185569.1_1046,1,1,1
GCF_059740915.1|NZ_CM185569.1|NZ_CM185569.1_1047,9,6,9
GCF_059740915.1|NZ_CM185569.1|NZ_CM185569.1_1049,1,1,1
GCF_059740915.1|NZ_CM185569.1|NZ_CM185569.1_1050,1,1,1
GCF_059740915.1|NZ_CM185569.1|NZ_CM185569.1_1051,1,1,1
GCF_059740915.1|NZ_CM185569.1|NZ_CM185569.1_1053,1,1,1
GCF_059740915.1|NZ_JCAWNP010000008.1|NZ_JCAWNP010000008.1_11,1,1,1
GCF_059772105.1|NZ_CM186273.1|NZ_CM186273.1_1040,1,1,1
GCF_059772105.1|NZ_CM186273.1|NZ_CM186273.1_1041,1,1,1
GCF_059772105.1|NZ_CM186273.1|NZ_CM186273.1_1044,1,1,1
GCF_059772105.1|NZ_CM186273.1|NZ_CM186273.1_1053,1,1,1
GCF_059772105.1|NZ_CM186273.1|NZ_CM186273.1_1060,1,1,1
GCF_059772105.1|NZ_CM186273.1|NZ_CM186273.1_1061,1,1,1
GCF_059772105.1|NZ_CM186273.1|NZ_CM186273.1_1062,1,1,1
GCF_059772105.1|NZ_CM186273.1|NZ_CM186273.1_1073,2,2,2
GCF_059772105.1|NZ_CM186273.1|NZ_CM186273.1_1076,2,2,2
GCF_059772105.1|NZ_CM186273.1|NZ_CM186273.1_1077,1,1,1
GCF_059772105.1|NZ_CM186273.1|NZ_CM186273.1_1078,1,1,1
GCF_059772105.1|NZ_CM186273.1|NZ_CM186273.1_1079,2,2,2
GCF_059772105.1|NZ_CM186273.1|NZ_CM186273.1_1085,1,1,2
GCF_059910985.1|NZ_CM187677.1|NZ_CM187677.1_560,3,3,3
GCF_059910985.1|NZ_CM187677.1|NZ_CM187677.1_561,1,1,1
GCF_059910985.1|NZ_CM187677.1|NZ_CM187677.1_562,1,1,1
GCF_059910985.1|NZ_CM187677.1|NZ_CM187677.1_564,1,1,1
GCF_059910985.1|NZ_CM187677.1|NZ_CM187677.1_566,10,5,10
GCF_059910985.1|NZ_CM187677.1|NZ_CM187677.1_1204,1,1,1
GCF_059920555.1|NZ_CP197192.1|NZ_CP197192.1_2091,1,1,1
GCF_059920555.1|NZ_CP197192.1|NZ_CP197192.1_2095,1,1,1
GCF_059920555.1|NZ_CP197192.1|NZ_CP197192.1_2097,1,1,1
GCF_059920555.1|NZ_CP197192.1|NZ_CP197192.1_2100,1,1,1
GCF_059920555.1|NZ_CP197192.1|NZ_CP197192.1_2103,1,1,1
GCF_059920555.1|NZ_CP197192.1|NZ_CP197192.1_2104,1,1,1
GCF_059920555.1|NZ_CP197192.1|NZ_CP197192.1_2105,1,1,3
GCF_059920555.1|NZ_CP197192.1|NZ_CP197192.1_2107,1,1,1
GCF_059920555.1|NZ_CP197192.1|NZ_CP197192.1_2108,1,1,3
GCF_059920555.1|NZ_CP197192.1|NZ_CP197192.1_2109,1,1,1
GCF_059920555.1|NZ_CP197192.1|NZ_CP197192.1_2111,1,1,1
GCF_059941605.1|NZ_CM188127.1|NZ_CM188127.1_2175,2,2,2
GCF_059941605.1|NZ_CM188127.1|NZ_CM188127.1_2181,3,2,3
GCF_059941605.1|NZ_CM188127.1|NZ_CM188127.1_2183,2,2,2
GCF_059941605.1|NZ_CM188127.1|NZ_CM188127.1_2184,1,1,1
GCF_059941605.1|NZ_CM188127.1|NZ_CM188127.1_2188,1,1,1
GCF_059941605.1|NZ_CM188127.1|NZ_CM188127.1_2190,2,2,2
GCF_059941605.1|NZ_CM188127.1|NZ_CM188127.1_2193,1,1,1
GCF_059941605.1|NZ_CM188127.1|NZ_CM188127.1_2194,2,2,2
GCF_059941805.1|NZ_CM188133.1|NZ_CM188133.1_1181,1,1,1
GCF_059941805.1|NZ_CM188133.1|NZ_CM188133.1_1182,4,4,4
GCF_059941805.1|NZ_CM188133.1|NZ_CM188133.1_1188,1,1,1
GCF_059941805.1|NZ_CM188133.1|NZ_CM188133.1_1190,2,2,2
GCF_059941805.1|NZ_CM188133.1|NZ_CM188133.1_1191,1,1,2
GCF_059941805.1|NZ_CM188133.1|NZ_CM188133.1_1196,2,1,2
GCF_059941805.1|NZ_CM188133.1|NZ_CM188133.1_1197,1,1,1
GCF_059941805.1|NZ_CM188133.1|NZ_CM188133.1_1198,1,1,1
GCF_059941805.1|NZ_CM188133.1|NZ_CM188133.1_1199,1,1,1
GCF_059941805.1|NZ_CM188133.1|NZ_CM188133.1_1202,1,1,1
GCF_059941805.1|NZ_CM188133.1|NZ_CM188133.1_1204,2,1,2
GCF_059941805.1|NZ_CM188133.1|NZ_CM188133.1_1209,1,1,1
GCF_059941805.1|NZ_CM188133.1|NZ_CM188133.1_1211,1,1,1
GCF_059941805.1|NZ_CM188133.1|NZ_CM188133.1_1212,6,3,6
GCF_059941805.1|NZ_CM188133.1|NZ_CM188133.1_1229,1,1,1
GCF_059941805.1|NZ_CM188133.1|NZ_CM188133.1_1230,1,1,1
GCF_059941805.1|NZ_CM188133.1|NZ_CM188133.1_1234,1,1,1
GCF_059941805.1|NZ_CM188133.1|NZ_CM188133.1_1237,1,1,1
GCF_059941805.1|NZ_CM188133.1|NZ_CM188133.1_1240,1,1,1
GCF_059941805.1|NZ_CM188133.1|NZ_CM188133.1_1243,23,5,25
GCF_059941805.1|NZ_CM188133.1|NZ_CM188133.1_1249,1,1,1
GCF_059941805.1|NZ_CM188133.1|NZ_CM188133.1_1256,1,1,1
GCF_059941805.1|NZ_CM188133.1|NZ_CM188133.1_1257,1,1,1
GCF_900185995.1|NZ_LT897798.1|NZ_LT897798.1_403,1,1,1
GCF_900185995.1|NZ_LT897798.1|NZ_LT897798.1_404,1,1,1
GCF_900185995.1|NZ_LT897798.1|NZ_LT897798.1_409,1,1,1
GCF_900185995.1|NZ_LT897798.1|NZ_LT897798.1_416,1,1,1
GCF_900185995.1|NZ_LT897798.1|NZ_LT897798.1_417,1,1,1
GCF_900185995.1|NZ_LT897798.1|NZ_LT897798.1_428,1,1,1
GCF_900185995.1|NZ_LT897798.1|NZ_LT897798.1_429,1,1,1
GCF_900185995.1|NZ_LT897798.1|NZ_LT897798.1_435,1,1,1
GCF_900185995.1|NZ_LT897798.1|NZ_LT897798.1_438,1,1,1
GCF_900185995.1|NZ_LT897798.1|NZ_LT897798.1_459,1,1,1
GCF_900185995.1|NZ_LT897798.1|NZ_LT897798.1_460,2,2,2
GCF_900185995.1|NZ_LT897798.1|NZ_LT897798.1_467,9,5,11
GCF_900185995.1|NZ_LT897798.1|NZ_LT897798.1_468,1,1,1
GCF_900185995.1|NZ_LT897798.1|NZ_LT897798.1_470,2,2,2
GCF_900185995.1|NZ_LT897798.1|NZ_LT897798.1_474,1,1,1
GCF_900185995.1|NZ_LT897798.1|NZ_LT897798.1_475,1,1,1
GCF_900185995.1|NZ_LT897798.1|NZ_LT897798.1_483,1,1,1
GCF_900185995.1|NZ_LT897798.1|NZ_LT897798.1_484,2,2,2
GCF_900185995.1|NZ_LT897798.1|NZ_LT897798.1_485,1,1,1
GCF_900185995.1|NZ_LT897798.1|NZ_LT897798.1_507,1,1,1
GCF_900185995.1|NZ_LT897798.1|NZ_LT897798.1_508,18,6,21
GCF_900185995.1|NZ_LT897798.1|NZ_LT897798.1_518,2,2,2
GCF_900185995.1|NZ_LT897798.1|NZ_LT897798.1_523,2,1,2
GCF_900185995.1|NZ_LT897798.1|NZ_LT897798.1_531,3,3,3
GCF_900185995.1|NZ_LT897798.1|NZ_LT897798.1_537,2,1,2
GCF_900185995.1|NZ_LT897798.1|NZ_LT897798.1_538,1,1,1
GCF_900185995.1|NZ_LT897798.1|NZ_LT897798.1_561,3,3,3
GCF_900185995.1|NZ_LT897798.1|NZ_LT897798.1_562,1,1,1
GCF_900538065.1|NZ_LS997868.1|NZ_LS997868.1_438,166,22,400
GCF_900538065.1|NZ_LS997868.1|NZ_LS997868.1_442,1,1,1
GCF_900538065.1|NZ_LS997868.1|NZ_LS997868.1_448,1,1,1
GCF_900538065.1|NZ_LS997868.1|NZ_LS997868.1_450,2,2,2
GCF_900538065.1|NZ_LS997868.1|NZ_LS997868.1_451,1,1,1
GCF_900538065.1|NZ_LS997868.1|NZ_LS997868.1_452,1,1,1
GCF_900538065.1|NZ_LS997868.1|NZ_LS997868.1_458,1,1,1
GCF_900538065.1|NZ_LS997868.1|NZ_LS997868.1_459,114,27,136
GCF_900538065.1|NZ_LS997868.1|NZ_LS997868.1_461,1,1,1
GCF_900538065.1|NZ_LS997868.1|NZ_LS997868.1_467,1,1,1
GCF_900538065.1|NZ_LS997868.1|NZ_LS997868.1_469,86,19,106
GCF_001758605.1|NZ_CP012950.1|NZ_CP012950.1_1259,1,1,1
GCF_001758605.1|NZ_CP012950.1|NZ_CP012950.1_1260,1,1,1
GCF_001758605.1|NZ_CP012950.1|NZ_CP012950.1_1261,1,1,1
GCF_001758605.1|NZ_CP012950.1|NZ_CP012950.1_1262,1,1,1
GCF_001758605.1|NZ_CP012950.1|NZ_CP012950.1_1263,1,1,1
GCF_001758605.1|NZ_CP012950.1|NZ_CP012950.1_1270,1,1,1
GCF_001758605.1|NZ_CP012950.1|NZ_CP012950.1_1271,2,2,2
GCF_001758605.1|NZ_CP012950.1|NZ_CP012950.1_1276,1,1,1
GCF_001758605.1|NZ_CP012950.1|NZ_CP012950.1_1279,5,2,5
GCF_001758605.1|NZ_CP012950.1|NZ_CP012950.1_1280,1,1,1
GCF_001767355.1|NZ_CP016384.1|NZ_CP016384.1_10,24,9,31
GCF_001767355.1|NZ_CP016384.1|NZ_CP016384.1_14,1,1,1
GCF_001767355.1|NZ_CP016384.1|NZ_CP016384.1_15,1,1,1
GCF_001767355.1|NZ_CP016384.1|NZ_CP016384.1_16,1,1,1
GCF_001767355.1|NZ_CP016384.1|NZ_CP016384.1_46,1,1,1
GCF_001767355.1|NZ_CP016384.1|NZ_CP016384.1_49,1,1,1
GCF_001767355.1|NZ_CP016384.1|NZ_CP016384.1_55,1,1,1
GCF_001767355.1|NZ_CP016384.1|NZ_CP016384.1_56,4,2,4
GCF_001767355.1|NZ_CP016384.1|NZ_CP016384.1_57,11,5,12
GCF_001767355.1|NZ_CP016384.1|NZ_CP016384.1_60,1,1,2
GCF_001767355.1|NZ_CP016384.1|NZ_CP016384.1_64,5,4,5
GCF_001767355.1|NZ_CP016384.1|NZ_CP016384.1_73,26,16,29
GCF_001767355.1|NZ_CP016384.1|NZ_CP016384.1_1143,1,1,1
GCF_001767355.1|NZ_CP016384.1|NZ_CP016384.1_1147,1,1,1
GCF_001879585.1|NZ_CP013248.1|NZ_CP013248.1_1770,5,3,5
GCF_001879585.1|NZ_CP013248.1|NZ_CP013248.1_1772,17,3,18
GCF_001879585.1|NZ_CP013248.1|NZ_CP013248.1_1778,1,1,1
GCF_001879585.1|NZ_CP013248.1|NZ_CP013248.1_1779,6,5,7
GCF_001879585.1|NZ_CP013248.1|NZ_CP013248.1_1781,5,2,5
GCF_001879585.1|NZ_CP013248.1|NZ_CP013248.1_1797,2,1,2
GCF_001879585.1|NZ_CP013248.1|NZ_CP013248.1_1802,5,2,5
GCF_001879585.1|NZ_CP013248.1|NZ_CP013248.1_1803,1,1,1
GCF_001879585.1|NZ_CP013248.1|NZ_CP013248.1_1804,3,2,3
GCF_001879585.1|NZ_CP013248.1|NZ_CP013248.1_1808,1,1,1
GCF_001879585.1|NZ_CP013248.1|NZ_CP013248.1_1810,1,1,1
GCF_001879585.1|NZ_CP013248.1|NZ_CP013248.1_1811,4,3,4
GCF_001879585.1|NZ_CP013248.1|NZ_CP013248.1_1814,1,1,1
GCF_001879585.1|NZ_CP013248.1|NZ_CP013248.1_1816,4,2,4
GCF_001879585.1|NZ_CP013248.1|NZ_CP013248.1_1818,11,2,11
GCF_001879585.1|NZ_CP013248.1|NZ_CP013248.1_1820,3,1,3
GCF_001879585.1|NZ_CP013248.1|NZ_CP013248.1_1821,1,1,1
GCF_001879585.1|NZ_CP013248.1|NZ_CP013248.1_1824,1,1,1
GCF_001879585.1|NZ_CP013248.1|NZ_CP013248.1_1830,1,1,1
GCF_001879585.1|NZ_CP013248.1|NZ_CP013248.1_1831,1,1,1
GCF_001879585.1|NZ_CP013248.1|NZ_CP013248.1_1832,1,1,1
GCF_001879585.1|NZ_CP013248.1|NZ_CP013248.1_1836,8,3,8
GCF_001879585.1|NZ_CP013248.1|NZ_CP013248.1_1840,1,1,1
GCF_001879585.1|NZ_CP013248.1|NZ_CP013248.1_1842,1,1,1
GCF_001879585.1|NZ_CP013248.1|NZ_CP013248.1_1843,1,1,1
GCF_001879585.1|NZ_CP013248.1|NZ_CP013248.1_1847,2,2,2
GCF_001879585.1|NZ_CP013248.1|NZ_CP013248.1_1851,9,4,9
GCF_001879585.1|NZ_CP013248.1|NZ_CP013248.1_1861,5,4,5
GCF_001879585.1|NZ_CP013248.1|NZ_CP013248.1_1862,7,3,7
GCF_001879585.1|NZ_CP013248.1|NZ_CP013248.1_1865,19,10,19
GCF_001879585.1|NZ_CP013248.1|NZ_CP013248.1_1868,4,2,4
GCF_001879585.1|NZ_CP013248.1|NZ_CP013248.1_1873,4,3,4
GCF_001879585.1|NZ_CP013248.1|NZ_CP013248.1_1874,4,3,4
GCF_001879585.1|NZ_CP013248.1|NZ_CP013248.1_1876,1,1,1
GCF_001879585.1|NZ_CP013248.1|NZ_CP013248.1_1879,3,2,3
GCF_001879585.1|NZ_CP013248.1|NZ_CP013248.1_1884,1,1,1
GCF_001879585.1|NZ_CP013248.1|NZ_CP013248.1_1885,6,5,6
GCF_001879585.1|NZ_CP013248.1|NZ_CP013248.1_1888,1,1,1
GCF_001879585.1|NZ_CP013248.1|NZ_CP013248.1_1891,18,7,19
GCF_001879585.1|NZ_CP013248.1|NZ_CP013248.1_1896,37,9,43
GCF_001879585.1|NZ_CP013248.1|NZ_CP013248.1_1897,1,1,1
GCF_001879585.1|NZ_CP013248.1|NZ_CP013248.1_1898,1,1,1
GCF_001879585.1|NZ_CP013248.1|NZ_CP013248.1_1899,3,1,3
GCF_001879585.1|NZ_CP013248.1|NZ_CP013248.1_1908,10,5,11
GCF_001879585.1|NZ_CP013248.1|NZ_CP013248.1_1912,2,1,2
GCF_001879585.1|NZ_CP013248.1|NZ_CP013248.1_1913,1,1,1
GCF_001879585.1|NZ_CP013248.1|NZ_CP013248.1_1915,1,1,1
GCF_001887055.1|NZ_CP013826.1|NZ_CP013826.1_1114,3,2,3
GCF_001887055.1|NZ_CP013826.1|NZ_CP013826.1_1120,2,1,2
GCF_001887055.1|NZ_CP013826.1|NZ_CP013826.1_1129,2,1,2
GCF_001887055.1|NZ_CP013826.1|NZ_CP013826.1_1147,2,1,2
GCF_001887055.1|NZ_CP013826.1|NZ_CP013826.1_1158,2,1,2
GCF_001887055.1|NZ_CP013826.1|NZ_CP013826.1_1160,2,1,2
GCF_001887055.1|NZ_CP013826.1|NZ_CP013826.1_1165,2,1,2
GCF_001887055.1|NZ_CP013826.1|NZ_CP013826.1_1166,2,1,2
GCF_001887055.1|NZ_CP013826.1|NZ_CP013826.1_1170,2,1,2
GCF_001887055.1|NZ_CP013826.1|NZ_CP013826.1_1184,2,1,2
GCF_001887055.1|NZ_CP013826.1|NZ_CP013826.1_1192,2,1,2
GCF_001887055.1|NZ_CP013826.1|NZ_CP013826.1_1202,2,1,2
GCF_001887055.1|NZ_CP013826.1|NZ_CP013826.1_1205,2,1,2
GCF_001887055.1|NZ_CP013826.1|NZ_CP013826.1_1206,2,1,2
GCF_001887055.1|NZ_CP013826.1|NZ_CP013826.1_1209,2,1,2
GCF_001887395.1|NZ_CP013302.1|NZ_CP013302.1_270,26,4,26
GCF_001887395.1|NZ_CP013302.1|NZ_CP013302.1_271,19,3,19
GCF_001887395.1|NZ_CP013302.1|NZ_CP013302.1_278,109,15,142
GCF_001887415.1|NZ_CP013312.1|NZ_CP013312.1_610,8,3,8
GCF_001887415.1|NZ_CP013312.1|NZ_CP013312.1_711,1,1,1
GCF_001887415.1|NZ_CP013312.1|NZ_CP013312.1_712,1,1,1
GCF_001887415.1|NZ_CP013312.1|NZ_CP013312.1_716,4,1,4
GCF_001887515.1|NZ_CP013318.1|NZ_CP013318.1_312,3,1,3
GCF_001887515.1|NZ_CP013318.1|NZ_CP013318.1_411,1,1,1
GCF_001887615.1|NZ_CP013320.1|NZ_CP013320.1_263,6,2,6
GCF_001887615.1|NZ_CP013320.1|NZ_CP013320.1_269,2,1,2
GCF_001887615.1|NZ_CP013320.1|NZ_CP013320.1_322,1,1,1
GCF_001887615.1|NZ_CP013320.1|NZ_CP013320.1_415,375,70,467
GCF_002119505.2|NZ_CP017889.1|NZ_CP017889.1_1757,9,1,9
GCF_002119505.2|NZ_CP017889.1|NZ_CP017889.1_1762,12,3,12
GCF_002119505.2|NZ_CP017889.1|NZ_CP017889.1_1763,11,2,11
GCF_002119505.2|NZ_CP017889.1|NZ_CP017889.1_1769,9,1,9
GCF_002119505.2|NZ_CP017889.1|NZ_CP017889.1_1771,11,1,11
GCF_002119505.2|NZ_CP017889.1|NZ_CP017889.1_1772,13,2,22
GCF_002119505.2|NZ_CP017889.1|NZ_CP017889.1_1773,10,1,10
GCF_002119505.2|NZ_CP017889.1|NZ_CP017889.1_1774,13,3,13
GCF_002119505.2|NZ_CP017889.1|NZ_CP017889.1_1775,9,1,9
GCF_002119505.2|NZ_CP017889.1|NZ_CP017889.1_1776,9,1,9
GCF_002119505.2|NZ_CP017889.1|NZ_CP017889.1_1850,10,2,10
GCF_002119505.2|NZ_CP017889.1|NZ_CP017889.1_1853,14,3,15
GCF_002119505.2|NZ_CP017889.1|NZ_CP017889.1_1856,12,3,12
GCF_002214345.1|NZ_CP018309.1|NZ_CP018309.1_937,1,1,1
GCF_002214395.1|NZ_CP018312.1|NZ_CP018312.1_1097,5,4,5
GCF_002214395.1|NZ_CP018312.1|NZ_CP018312.1_1105,1,1,2
GCF_002214395.1|NZ_CP018312.1|NZ_CP018312.1_1107,1,1,1
GCF_002214395.1|NZ_CP018312.1|NZ_CP018312.1_1114,1,1,1
GCF_002214395.1|NZ_CP018312.1|NZ_CP018312.1_1116,1,1,1
GCF_002214395.1|NZ_CP018312.1|NZ_CP018312.1_1118,5,4,5
GCF_002214395.1|NZ_CP018312.1|NZ_CP018312.1_1127,4,3,4
GCF_002214395.1|NZ_CP018312.1|NZ_CP018312.1_1141,5,3,5
GCF_002214395.1|NZ_CP018312.1|NZ_CP018312.1_1148,1,1,1
GCF_002214395.1|NZ_CP018312.1|NZ_CP018312.1_1150,23,7,28
GCF_002214395.1|NZ_CP018312.1|NZ_CP018312.1_1151,1,1,1
GCF_002214395.1|NZ_CP018312.1|NZ_CP018312.1_1155,13,7,15
GCF_002214395.1|NZ_CP018312.1|NZ_CP018312.1_1162,1,1,1
GCF_002215135.1|NZ_CP014636.1|NZ_CP014636.1_1361,3,2,3
GCF_002215135.1|NZ_CP014636.1|NZ_CP014636.1_1366,1,1,1
GCF_002215135.1|NZ_CP014636.1|NZ_CP014636.1_1368,1,1,1
GCF_002215135.1|NZ_CP014636.1|NZ_CP014636.1_1369,1,1,1
GCF_002215135.1|NZ_CP014636.1|NZ_CP014636.1_1370,17,7,17
GCF_002215135.1|NZ_CP014636.1|NZ_CP014636.1_1371,1,1,1
GCF_002215135.1|NZ_CP014636.1|NZ_CP014636.1_1377,1,1,1
GCF_002215135.1|NZ_CP014636.1|NZ_CP014636.1_1386,5,1,5
GCF_002215135.1|NZ_CP014636.1|NZ_CP014636.1_1392,1,1,1
GCF_002215135.1|NZ_CP014636.1|NZ_CP014636.1_1394,1,1,1
GCF_002215135.1|NZ_CP014636.1|NZ_CP014636.1_1403,1,1,1
GCF_002215135.1|NZ_CP014636.1|NZ_CP014636.1_1411,14,4,15
GCF_002215135.1|NZ_CP014636.1|NZ_CP014636.1_1417,1,1,1
GCF_002215135.1|NZ_CP014636.1|NZ_CP014636.1_1423,7,4,8
GCF_002215135.1|NZ_CP014636.1|NZ_CP014636.1_1429,2,1,2
GCF_002215135.1|NZ_CP014636.1|NZ_CP014636.1_1431,1,1,1
GCF_002215135.1|NZ_CP014636.1|NZ_CP014636.1_1432,2,2,2
GCF_002215135.1|NZ_CP014636.1|NZ_CP014636.1_1438,6,5,6
GCF_002215135.1|NZ_CP014636.1|NZ_CP014636.1_1456,1,1,1
GCF_002216685.1|NZ_CP022353.1|NZ_CP022353.1_1548,1,1,1
GCF_002216685.1|NZ_CP022352.1|NZ_CP022352.1_85,2,2,3
GCF_002216685.1|NZ_CP022352.1|NZ_CP022352.1_96,1,1,1
GCF_002216685.1|NZ_CP022352.1|NZ_CP022352.1_97,1,1,1
GCF_002216685.1|NZ_CP022352.1|NZ_CP022352.1_104,1,1,1
GCF_002216685.1|NZ_CP022352.1|NZ_CP022352.1_113,5,2,5
GCF_002216685.1|NZ_CP022352.1|NZ_CP022352.1_122,4,3,6
GCF_002216685.1|NZ_CP022352.1|NZ_CP022352.1_128,15,11,16
GCF_002216685.1|NZ_CP022352.1|NZ_CP022352.1_129,4,3,4
GCF_002216685.1|NZ_CP022352.1|NZ_CP022352.1_139,7,4,8
GCF_002216685.1|NZ_CP022352.1|NZ_CP022352.1_147,3,3,3
GCF_002216685.1|NZ_CP022352.1|NZ_CP022352.1_152,3,2,3
GCF_002216685.1|NZ_CP022352.1|NZ_CP022352.1_155,1,1,1
GCF_002216685.1|NZ_CP022352.1|NZ_CP022352.1_163,1,1,1
GCF_002216685.1|NZ_CP022352.1|NZ_CP022352.1_168,1,1,1
GCF_002216685.1|NZ_CP022352.1|NZ_CP022352.1_169,1,1,1
GCF_002224265.1|NZ_CP012881.1|NZ_CP012881.1_2545,4,3,4
GCF_002224265.1|NZ_CP012881.1|NZ_CP012881.1_2547,4,3,4
GCF_002224265.1|NZ_CP012881.1|NZ_CP012881.1_2548,12,5,13
GCF_002224265.1|NZ_CP012881.1|NZ_CP012881.1_2550,3,3,3
GCF_002224265.1|NZ_CP012881.1|NZ_CP012881.1_2551,4,3,6
GCF_002224265.1|NZ_CP012881.1|NZ_CP012881.1_2552,6,3,20
GCF_002224265.1|NZ_CP012881.1|NZ_CP012881.1_2558,5,5,5
GCF_002224265.1|NZ_CP012881.1|NZ_CP012881.1_2561,3,2,3
GCF_002224265.1|NZ_CP012881.1|NZ_CP012881.1_2589,3,3,3
GCF_002224265.1|NZ_CP012881.1|NZ_CP012881.1_2591,5,4,5
GCF_002224265.1|NZ_CP012881.1|NZ_CP012881.1_2710,3,3,3
GCF_002224265.1|NZ_CP012881.1|NZ_CP012881.1_2712,3,3,3
GCF_002224265.1|NZ_CP012881.1|NZ_CP012881.1_2713,11,6,13
GCF_002224265.1|NZ_CP012881.1|NZ_CP012881.1_2715,16,6,20
GCF_002224265.1|NZ_CP012881.1|NZ_CP012881.1_2721,14,7,17
GCF_002257545.1|NZ_CP022742.1|NZ_CP022742.1_495,12,3,12
GCF_002257545.1|NZ_CP022742.1|NZ_CP022742.1_496,12,3,12
GCF_002257545.1|NZ_CP022742.1|NZ_CP022742.1_497,11,5,12
GCF_002257545.1|NZ_CP022742.1|NZ_CP022742.1_508,15,5,15
GCF_002257545.1|NZ_CP022742.1|NZ_CP022742.1_509,5,5,5
GCF_002257545.1|NZ_CP022742.1|NZ_CP022742.1_512,12,3,12
GCF_002257545.1|NZ_CP022742.1|NZ_CP022742.1_517,1,1,1
GCF_002257545.1|NZ_CP022742.1|NZ_CP022742.1_519,3,3,5
GCF_002257545.1|NZ_CP022742.1|NZ_CP022742.1_523,1,1,1
GCF_002257545.1|NZ_CP022742.1|NZ_CP022742.1_524,1,1,1
GCF_002257545.1|NZ_CP022742.1|NZ_CP022742.1_527,1,1,1
GCF_002257545.1|NZ_CP022742.1|NZ_CP022742.1_528,1,1,1
GCF_002257545.1|NZ_CP022742.1|NZ_CP022742.1_530,1,1,1
GCF_002257545.1|NZ_CP022742.1|NZ_CP022742.1_531,1,1,1
GCF_002257545.1|NZ_CP022742.1|NZ_CP022742.1_535,1,1,1
GCF_002257545.1|NZ_CP022742.1|NZ_CP022742.1_538,1,1,1
GCF_002257545.1|NZ_CP022742.1|NZ_CP022742.1_539,1,1,1
GCF_002257545.1|NZ_CP022742.1|NZ_CP022742.1_541,1,1,6
GCF_002257545.1|NZ_CP022742.1|NZ_CP022742.1_550,2,2,2
GCF_002257545.1|NZ_CP022742.1|NZ_CP022742.1_552,2,2,2
GCF_002257545.1|NZ_CP022742.1|NZ_CP022742.1_553,1,1,2
GCF_002287545.1|NZ_CP023055.1|NZ_CP023055.1_384,36,17,49
GCF_002287545.1|NZ_CP023055.1|NZ_CP023055.1_386,3,2,3
GCF_002287545.1|NZ_CP023055.1|NZ_CP023055.1_390,7,4,7
GCF_002287545.1|NZ_CP023055.1|NZ_CP023055.1_391,3,2,3
GCF_002287545.1|NZ_CP023055.1|NZ_CP023055.1_392,3,2,3
GCF_002287545.1|NZ_CP023055.1|NZ_CP023055.1_394,1,1,1
GCF_002287545.1|NZ_CP023055.1|NZ_CP023055.1_398,1,1,1
GCF_002287545.1|NZ_CP023055.1|NZ_CP023055.1_408,3,2,3
GCF_002287545.1|NZ_CP023055.1|NZ_CP023055.1_409,3,2,3
GCF_002287545.1|NZ_CP023055.1|NZ_CP023055.1_410,3,2,3
GCF_002287545.1|NZ_CP023055.1|NZ_CP023055.1_414,4,3,4
GCF_002287545.1|NZ_CP023055.1|NZ_CP023055.1_415,11,6,11
GCF_002287545.1|NZ_CP023055.1|NZ_CP023055.1_426,1,1,1
GCF_002287545.1|NZ_CP023055.1|NZ_CP023055.1_433,4,2,4
GCF_002287545.1|NZ_CP023055.1|NZ_CP023055.1_435,3,2,3
GCF_002287545.1|NZ_CP023055.1|NZ_CP023055.1_441,4,3,4
GCF_002287545.1|NZ_CP023055.1|NZ_CP023055.1_468,3,2,3
GCF_002287545.1|NZ_CP023055.1|NZ_CP023055.1_470,3,2,3
GCF_002287545.1|NZ_CP023055.1|NZ_CP023055.1_471,3,2,3
GCF_002287545.1|NZ_CP023055.1|NZ_CP023055.1_474,4,3,4
GCF_002287545.1|NZ_CP023055.1|NZ_CP023055.1_475,86,26,99
GCF_002287545.1|NZ_CP023055.1|NZ_CP023055.1_476,1,1,1
GCF_002287545.1|NZ_CP023055.1|NZ_CP023055.1_482,3,2,3
GCF_002287545.1|NZ_CP023055.1|NZ_CP023055.1_485,4,3,4
GCF_002287545.1|NZ_CP023055.1|NZ_CP023055.1_490,1,1,1
GCF_002313025.1|NZ_CP016988.1|NZ_CP016988.1_392,1,1,1
GCF_002313025.1|NZ_CP016988.1|NZ_CP016988.1_393,1,1,1
GCF_002313025.1|NZ_CP016988.1|NZ_CP016988.1_394,3,2,3
GCF_002313025.1|NZ_CP016988.1|NZ_CP016988.1_401,8,1,9
GCF_002313025.1|NZ_CP016988.1|NZ_CP016988.1_422,19,3,23
GCF_002356235.1|NZ_AP018045.1|NZ_AP018045.1_2303,6,1,6
GCF_002356235.1|NZ_AP018045.1|NZ_AP018045.1_2304,4,1,4
GCF_002356235.1|NZ_AP018045.1|NZ_AP018045.1_2305,4,1,4
GCF_002796765.2|NZ_CP156746.1|NZ_CP156746.1_558,1,1,1
GCF_002796765.2|NZ_CP156746.1|NZ_CP156746.1_560,6,5,6
GCF_002796765.2|NZ_CP156746.1|NZ_CP156746.1_561,1,1,1
GCF_002796765.2|NZ_CP156746.1|NZ_CP156746.1_960,7,5,9
GCF_002796765.2|NZ_CP156746.1|NZ_CP156746.1_963,1,1,1
GCF_002796765.2|NZ_CP156746.1|NZ_CP156746.1_964,1,1,1
GCF_002796765.2|NZ_CP156746.1|NZ_CP156746.1_1426,7,4,7
GCF_002796765.2|NZ_CP156746.1|NZ_CP156746.1_1427,1,1,1
GCF_002850295.1|NZ_CP025537.1|NZ_CP025537.1_2359,1,1,1
GCF_002850295.1|NZ_CP025538.1|NZ_CP025538.1_1014,11,1,11
GCF_002850295.1|NZ_CP025539.1|NZ_CP025539.1_100,7,7,7
GCF_002850455.1|NZ_CP019320.1|NZ_CP019320.1_1805,1,1,1
GCF_002850455.1|NZ_CP019320.1|NZ_CP019320.1_1806,1,1,1
GCF_002850455.1|NZ_CP019320.1|NZ_CP019320.1_1821,3,3,3
GCF_002850455.1|NZ_CP019320.1|NZ_CP019320.1_1822,1,1,1
GCF_002850455.1|NZ_CP019320.1|NZ_CP019320.1_1831,1,1,1
GCF_002850455.1|NZ_CP019320.1|NZ_CP019320.1_1833,1,1,1
GCF_002863725.1|NZ_CP019121.1|NZ_CP019121.1_1522,1,1,1
GCF_002863725.1|NZ_CP019121.1|NZ_CP019121.1_1531,11,3,11
GCF_002863725.1|NZ_CP019121.1|NZ_CP019121.1_1533,1,1,1
GCF_002863725.1|NZ_CP019121.1|NZ_CP019121.1_1546,2,2,2
GCF_002863725.1|NZ_CP019121.1|NZ_CP019121.1_1550,2,1,2
GCF_002863725.1|NZ_CP019121.1|NZ_CP019121.1_1555,1,1,1
GCF_002863725.1|NZ_CP019121.1|NZ_CP019121.1_1558,1,1,1
GCF_002863725.1|NZ_CP019121.1|NZ_CP019121.1_1562,129,28,171
GCF_002863725.1|NZ_CP019121.1|NZ_CP019121.1_1564,1,1,1
GCF_002863725.1|NZ_CP019121.1|NZ_CP019121.1_1566,1,1,1
GCF_002863725.1|NZ_CP019121.1|NZ_CP019121.1_1569,1,1,1
GCF_002863725.1|NZ_CP019121.1|NZ_CP019121.1_1572,1,1,1
GCF_002863725.1|NZ_CP019121.1|NZ_CP019121.1_1574,1,1,1
GCF_002863725.1|NZ_CP019121.1|NZ_CP019121.1_1581,11,8,11
GCF_002863725.1|NZ_CP019121.1|NZ_CP019121.1_1583,4,1,4
GCF_002863725.1|NZ_CP019121.1|NZ_CP019121.1_1590,1,1,1
GCF_002863725.1|NZ_CP019121.1|NZ_CP019121.1_1599,11,6,12
GCF_002863725.1|NZ_CP019121.1|NZ_CP019121.1_1601,1,1,2
GCF_002863725.1|NZ_CP019121.1|NZ_CP019121.1_1603,1,1,1
GCF_002863725.1|NZ_CP019121.1|NZ_CP019121.1_1604,1,1,1
GCF_002863725.1|NZ_CP019121.1|NZ_CP019121.1_1608,1,1,1
GCF_002863725.1|NZ_CP019121.1|NZ_CP019121.1_1611,1,1,1
GCF_002863725.1|NZ_CP019121.1|NZ_CP019121.1_1614,12,7,17
GCF_002874615.2|NZ_CP170017.1|NZ_CP170017.1_499,1,1,1
GCF_002874615.2|NZ_CP170017.1|NZ_CP170017.1_503,1,1,1
GCF_002874615.2|NZ_CP170017.1|NZ_CP170017.1_504,1,1,1
GCF_002874615.2|NZ_CP170017.1|NZ_CP170017.1_505,1,1,1
GCF_002874615.2|NZ_CP170017.1|NZ_CP170017.1_509,3,3,3
GCF_002874615.2|NZ_CP170017.1|NZ_CP170017.1_510,1,1,1
GCF_002874615.2|NZ_CP170017.1|NZ_CP170017.1_511,1,1,1
GCF_002874615.2|NZ_CP170017.1|NZ_CP170017.1_512,1,1,1
GCF_002874615.2|NZ_CP170018.1|NZ_CP170018.1_1033,1,1,1
GCF_002874845.2|NZ_CP170009.1|NZ_CP170009.1_151,2,1,2
GCF_002874845.2|NZ_CP170009.1|NZ_CP170009.1_426,5,3,5
GCF_002874845.2|NZ_CP170009.1|NZ_CP170009.1_429,1,1,1
GCF_002874845.2|NZ_CP170009.1|NZ_CP170009.1_431,1,1,1
GCF_002874845.2|NZ_CP170009.1|NZ_CP170009.1_432,1,1,1
GCF_002874845.2|NZ_CP170009.1|NZ_CP170009.1_440,5,2,5
GCF_002874845.2|NZ_CP170009.1|NZ_CP170009.1_441,2,1,2
GCF_002874845.2|NZ_CP170009.1|NZ_CP170009.1_443,3,1,3
GCF_002874845.2|NZ_CP170009.1|NZ_CP170009.1_611,5,2,6
GCF_002874905.2|NZ_CP170007.1|NZ_CP170007.1_1682,1,1,1
GCF_002874905.2|NZ_CP170007.1|NZ_CP170007.1_1683,1,1,1
GCF_002874905.2|NZ_CP170007.1|NZ_CP170007.1_1684,1,1,1
GCF_002875015.2|NZ_CP170046.1|NZ_CP170046.1_1757,1,1,1
GCF_002875015.2|NZ_CP170046.1|NZ_CP170046.1_1758,1,1,1
GCF_002875015.2|NZ_CP170046.1|NZ_CP170046.1_1759,10,6,10
GCF_002875015.2|NZ_CP170046.1|NZ_CP170046.1_1760,1,1,1
GCF_002875015.2|NZ_CP170046.1|NZ_CP170046.1_1761,1,1,1
GCF_002875015.2|NZ_CP170046.1|NZ_CP170046.1_1762,1,1,1
GCF_002875015.2|NZ_CP170046.1|NZ_CP170046.1_1763,1,1,1
GCF_002875015.2|NZ_CP170046.1|NZ_CP170046.1_2042,4,2,4
GCF_002875015.2|NZ_CP170046.1|NZ_CP170046.1_2046,1,1,1
GCF_002887655.1|NZ_CP025796.1|NZ_CP025796.1_86,1,1,1
GCF_002887655.1|NZ_CP025796.1|NZ_CP025796.1_92,12,7,12
GCF_002887655.1|NZ_CP025796.1|NZ_CP025796.1_93,5,3,5
GCF_002887655.1|NZ_CP025796.1|NZ_CP025796.1_94,24,6,32
GCF_002887655.1|NZ_CP025796.1|NZ_CP025796.1_100,15,8,15
GCF_002887655.1|NZ_CP025796.1|NZ_CP025796.1_102,1,1,1
GCF_002887655.1|NZ_CP025796.1|NZ_CP025796.1_119,16,9,18
GCF_002887655.1|NZ_CP025796.1|NZ_CP025796.1_122,1,1,1
GCF_002887655.1|NZ_CP025796.1|NZ_CP025796.1_123,1,1,1
GCF_002887655.1|NZ_CP025796.1|NZ_CP025796.1_128,1,1,1
GCF_002887655.1|NZ_CP025796.1|NZ_CP025796.1_130,1,1,1
GCF_002887655.1|NZ_CP025796.1|NZ_CP025796.1_135,1,1,1
GCF_002887655.1|NZ_CP025796.1|NZ_CP025796.1_136,1,1,1
GCF_002887655.1|NZ_CP025796.1|NZ_CP025796.1_140,3,3,3
GCF_002887655.1|NZ_CP025796.1|NZ_CP025796.1_141,5,5,5
GCF_002887655.1|NZ_CP025796.1|NZ_CP025796.1_142,158,42,176
GCF_002887655.1|NZ_CP025796.1|NZ_CP025796.1_143,5,3,5
GCF_002906475.1|NZ_CP026321.1|NZ_CP026321.1_1191,4,4,4
GCF_002906475.1|NZ_CP026321.1|NZ_CP026321.1_1196,9,5,9
GCF_002906475.1|NZ_CP026321.1|NZ_CP026321.1_1199,1,1,1
GCF_002906475.1|NZ_CP026321.1|NZ_CP026321.1_1204,1,1,1
GCF_002906475.1|NZ_CP026321.1|NZ_CP026321.1_1205,1,1,1
GCF_002906475.1|NZ_CP026321.1|NZ_CP026321.1_1207,2,2,2
GCF_002906475.1|NZ_CP026321.1|NZ_CP026321.1_1217,1,1,1
GCF_002906475.1|NZ_CP026321.1|NZ_CP026321.1_1218,1,1,1
GCF_002906475.1|NZ_CP026321.1|NZ_CP026321.1_1220,5,3,5
GCF_002906475.1|NZ_CP026321.1|NZ_CP026321.1_1237,3,3,3
GCF_002906475.1|NZ_CP026321.1|NZ_CP026321.1_1247,10,4,10
GCF_002906655.1|NZ_CP025794.1|NZ_CP025794.1_42,1,1,1
GCF_002906655.1|NZ_CP025794.1|NZ_CP025794.1_48,11,7,14
GCF_002906655.1|NZ_CP025794.1|NZ_CP025794.1_54,1,1,1
GCF_002906655.1|NZ_CP025794.1|NZ_CP025794.1_55,4,4,4
GCF_002906655.1|NZ_CP025794.1|NZ_CP025794.1_65,6,3,6
GCF_002906655.1|NZ_CP025794.1|NZ_CP025794.1_173,1,1,1
GCF_002906655.1|NZ_CP025794.1|NZ_CP025794.1_181,1,1,1
GCF_002906655.1|NZ_CP025794.1|NZ_CP025794.1_182,3,3,3
GCF_002906655.1|NZ_CP025794.1|NZ_CP025794.1_185,1,1,1
GCF_002953335.1|NZ_CP014094.1|NZ_CP014094.1_1525,4,2,4
GCF_002953335.1|NZ_CP014094.1|NZ_CP014094.1_1529,5,3,5
GCF_002953335.1|NZ_CP014094.1|NZ_CP014094.1_1538,7,3,7
GCF_002953335.1|NZ_CP014094.1|NZ_CP014094.1_1539,5,3,5
GCF_002953335.1|NZ_CP014094.1|NZ_CP014094.1_1545,5,3,5
GCF_002953335.1|NZ_CP014094.1|NZ_CP014094.1_1546,4,2,4
GCF_002953335.1|NZ_CP014094.1|NZ_CP014094.1_1560,3,1,4
GCF_002953335.1|NZ_CP014094.1|NZ_CP014094.1_1561,9,4,10
GCF_002953335.1|NZ_CP014094.1|NZ_CP014094.1_1563,24,7,27
GCF_002953335.1|NZ_CP014094.1|NZ_CP014094.1_1564,9,5,9
GCF_002953335.1|NZ_CP014094.1|NZ_CP014094.1_1568,1,1,1
GCF_002953335.1|NZ_CP014094.1|NZ_CP014094.1_1569,1,1,1
GCF_002953335.1|NZ_CP014094.1|NZ_CP014094.1_1577,6,3,6
GCF_002953335.1|NZ_CP014094.1|NZ_CP014094.1_1581,4,2,4
GCF_002953335.1|NZ_CP014094.1|NZ_CP014094.1_1582,4,2,4
GCF_002953335.1|NZ_CP014094.1|NZ_CP014094.1_1585,6,3,6
GCF_002953335.1|NZ_CP014094.1|NZ_CP014094.1_1588,5,4,5
GCF_002953335.1|NZ_CP014094.1|NZ_CP014094.1_1599,5,3,6
GCF_002953335.1|NZ_CP014094.1|NZ_CP014094.1_1605,1,1,1
GCF_002953335.1|NZ_CP014094.1|NZ_CP014094.1_1606,1,1,1
GCF_002953335.1|NZ_CP014094.1|NZ_CP014094.1_1609,9,5,12
GCF_002953335.1|NZ_CP014094.1|NZ_CP014094.1_1611,3,3,3
GCF_002953335.1|NZ_CP014094.1|NZ_CP014094.1_1612,3,3,3
GCF_002953335.1|NZ_CP014094.1|NZ_CP014094.1_1613,3,3,3
GCF_002953335.1|NZ_CP014094.1|NZ_CP014094.1_1615,2,2,2
GCF_002953335.1|NZ_CP014094.1|NZ_CP014094.1_1619,4,3,4
GCF_002953335.1|NZ_CP014094.1|NZ_CP014094.1_1622,1,1,1
GCF_002953335.1|NZ_CP014094.1|NZ_CP014094.1_1623,1,1,1
GCF_002953335.1|NZ_CP014094.1|NZ_CP014094.1_1635,1,1,1
GCF_002953335.1|NZ_CP014094.1|NZ_CP014094.1_1636,12,7,12
GCF_002953335.1|NZ_CP014094.1|NZ_CP014094.1_1638,2,2,2
GCF_002953335.1|NZ_CP014094.1|NZ_CP014094.1_1641,200,27,289
GCF_002953335.1|NZ_CP014094.1|NZ_CP014094.1_1644,12,2,12
GCF_002953335.1|NZ_CP014094.1|NZ_CP014094.1_1649,1,1,1
GCF_002953515.1|NZ_CP014053.1|NZ_CP014053.1_775,41,6,44
GCF_002953515.1|NZ_CP014053.1|NZ_CP014053.1_788,4,2,4
GCF_002953515.1|NZ_CP014053.1|NZ_CP014053.1_795,1,1,1
GCF_002953515.1|NZ_CP014053.1|NZ_CP014053.1_799,4,1,4
GCF_002953515.1|NZ_CP014053.1|NZ_CP014053.1_1526,3,1,4
GCF_002953515.1|NZ_CP014053.1|NZ_CP014053.1_1530,10,5,13
GCF_002953515.1|NZ_CP014053.1|NZ_CP014053.1_1555,1,1,1
GCF_002953535.1|NZ_CP014040.1|NZ_CP014040.1_1516,1,1,1
GCF_002953535.1|NZ_CP014040.1|NZ_CP014040.1_1547,16,7,16
GCF_002953535.1|NZ_CP014040.1|NZ_CP014040.1_1548,5,2,5
GCF_002953535.1|NZ_CP014040.1|NZ_CP014040.1_1549,5,2,5
GCF_002953535.1|NZ_CP014040.1|NZ_CP014040.1_1555,6,3,6
GCF_002953535.1|NZ_CP014040.1|NZ_CP014040.1_1556,4,2,4
GCF_002953535.1|NZ_CP014040.1|NZ_CP014040.1_1693,99,15,99
GCF_002953535.1|NZ_CP014040.1|NZ_CP014040.1_1703,1,1,1
GCF_002953535.1|NZ_CP014040.1|NZ_CP014040.1_1708,1,1,1
GCF_003047125.1|NZ_CP017635.1|NZ_CP017635.1_644,2,2,2
GCF_003047125.1|NZ_CP017635.1|NZ_CP017635.1_645,2,2,2
GCF_003047125.1|NZ_CP017635.1|NZ_CP017635.1_646,1,1,1
GCF_003047125.1|NZ_CP017635.1|NZ_CP017635.1_649,5,3,5
GCF_003047125.1|NZ_CP017635.1|NZ_CP017635.1_651,1,1,1
GCF_003047125.1|NZ_CP017635.1|NZ_CP017635.1_657,5,4,7
GCF_003047125.1|NZ_CP017635.1|NZ_CP017635.1_658,1,1,1
GCF_003047125.1|NZ_CP017635.1|NZ_CP017635.1_673,1,1,1
GCF_003047125.1|NZ_CP017635.1|NZ_CP017635.1_674,1,1,1
GCF_003047125.1|NZ_CP017635.1|NZ_CP017635.1_681,1,1,1
GCF_003047125.1|NZ_CP017635.1|NZ_CP017635.1_698,8,3,8
GCF_003047125.1|NZ_CP017635.1|NZ_CP017635.1_704,1,1,1
GCF_003047125.1|NZ_CP017635.1|NZ_CP017635.1_711,1,1,1
GCF_003047125.1|NZ_CP017635.1|NZ_CP017635.1_716,18,11,19
GCF_003047125.1|NZ_CP017635.1|NZ_CP017635.1_719,1,1,1
GCF_003047125.1|NZ_CP017635.1|NZ_CP017635.1_720,10,4,12
GCF_003047125.1|NZ_CP017635.1|NZ_CP017635.1_728,7,6,7
GCF_003047125.1|NZ_CP017635.1|NZ_CP017635.1_738,6,4,7
GCF_003063885.1|NZ_CP028893.1|NZ_CP028893.1_366,6,2,6
GCF_003063885.1|NZ_CP028893.1|NZ_CP028893.1_375,3,1,3
GCF_003063885.1|NZ_CP028893.1|NZ_CP028893.1_379,3,1,3
GCF_003063885.1|NZ_CP028893.1|NZ_CP028893.1_380,3,1,3
GCF_003063885.1|NZ_CP028893.1|NZ_CP028893.1_383,3,2,3
GCF_003063885.1|NZ_CP028893.1|NZ_CP028893.1_384,4,3,4
GCF_003063885.1|NZ_CP028893.1|NZ_CP028893.1_388,6,2,6
GCF_003063885.1|NZ_CP028893.1|NZ_CP028893.1_391,11,3,11
GCF_003063885.1|NZ_CP028893.1|NZ_CP028893.1_394,4,2,4
GCF_003063885.1|NZ_CP028893.1|NZ_CP028893.1_414,6,1,6
GCF_003063885.1|NZ_CP028893.1|NZ_CP028893.1_420,4,2,4
GCF_003063885.1|NZ_CP028893.1|NZ_CP028893.1_423,6,3,6
GCF_003063885.1|NZ_CP028893.1|NZ_CP028893.1_424,135,20,150
GCF_003063885.1|NZ_CP028893.1|NZ_CP028893.1_430,5,1,5
GCF_003063885.1|NZ_CP028893.1|NZ_CP028893.1_458,3,1,3
GCF_003063885.1|NZ_CP028893.1|NZ_CP028893.1_459,3,1,3
GCF_003085735.1|NZ_CP020034.1|NZ_CP020034.1_1144,7,1,7
GCF_003085735.1|NZ_CP020034.1|NZ_CP020034.1_1147,7,1,7
GCF_003085735.1|NZ_CP020034.1|NZ_CP020034.1_1151,10,2,10
GCF_003085735.1|NZ_CP020034.1|NZ_CP020034.1_1153,9,1,9
GCF_003085735.1|NZ_CP020034.1|NZ_CP020034.1_1154,8,2,8
GCF_003085735.1|NZ_CP020034.1|NZ_CP020034.1_1158,8,2,8
GCF_003085735.1|NZ_CP020034.1|NZ_CP020034.1_1159,10,3,10
GCF_003085735.1|NZ_CP020034.1|NZ_CP020034.1_1160,11,4,11
GCF_003085735.1|NZ_CP020034.1|NZ_CP020034.1_1163,6,1,6
GCF_003085735.1|NZ_CP020034.1|NZ_CP020034.1_1165,6,1,6
GCF_003085735.1|NZ_CP020034.1|NZ_CP020034.1_1166,10,4,10
GCF_003085735.1|NZ_CP020034.1|NZ_CP020034.1_1168,12,1,12
GCF_003085735.1|NZ_CP020034.1|NZ_CP020034.1_1171,17,6,18
GCF_003085735.1|NZ_CP020034.1|NZ_CP020034.1_1172,12,4,19
GCF_003085735.1|NZ_CP020034.1|NZ_CP020034.1_1175,10,1,12
GCF_003085735.1|NZ_CP020034.1|NZ_CP020034.1_1178,8,2,8
GCF_003085735.1|NZ_CP020034.1|NZ_CP020034.1_1179,8,2,8
GCF_003085735.1|NZ_CP020034.1|NZ_CP020034.1_1180,7,1,7
GCF_003085735.1|NZ_CP020034.1|NZ_CP020034.1_1182,8,2,8
GCF_003085735.1|NZ_CP020034.1|NZ_CP020034.1_1183,10,3,10
GCF_003085735.1|NZ_CP020034.1|NZ_CP020034.1_1199,5,1,5
GCF_003085735.1|NZ_CP020034.1|NZ_CP020034.1_1200,7,1,7
GCF_003085735.1|NZ_CP020034.1|NZ_CP020034.1_1201,14,6,14
GCF_003085735.1|NZ_CP020034.1|NZ_CP020034.1_1202,7,1,7
GCF_003085735.1|NZ_CP020034.1|NZ_CP020034.1_1208,10,2,10
GCF_003085735.1|NZ_CP020034.1|NZ_CP020034.1_1209,8,1,8
GCF_003085735.1|NZ_CP020034.1|NZ_CP020034.1_1216,8,2,8
GCF_003085735.1|NZ_CP020034.1|NZ_CP020034.1_1231,8,1,8
GCF_003085735.1|NZ_CP020034.1|NZ_CP020034.1_1234,1,1,1
GCF_003085735.1|NZ_CP020034.1|NZ_CP020034.1_1238,7,1,7
GCF_003085735.1|NZ_CP020034.1|NZ_CP020034.1_1239,7,1,7
GCF_003312585.1|NZ_CP030789.1|NZ_CP030789.1_1557,6,4,6
GCF_003312585.1|NZ_CP030790.1|NZ_CP030790.1_12,6,1,8
GCF_003312585.1|NZ_CP030790.1|NZ_CP030790.1_21,1,1,1
GCF_003312585.1|NZ_CP030790.1|NZ_CP030790.1_22,1,1,1
GCF_003312585.1|NZ_CP030790.1|NZ_CP030790.1_23,1,1,1
GCF_003312585.1|NZ_CP030790.1|NZ_CP030790.1_24,3,2,3
GCF_003312585.1|NZ_CP030790.1|NZ_CP030790.1_25,1,1,1
GCF_003312585.1|NZ_CP030790.1|NZ_CP030790.1_71,2,1,3
GCF_003312585.1|NZ_CP030790.1|NZ_CP030790.1_75,21,8,24
GCF_003345295.1|NZ_CP031055.1|NZ_CP031055.1_1230,1,1,1
GCF_003345295.1|NZ_CP031056.1|NZ_CP031056.1_1235,2,2,2
GCF_003345295.1|NZ_CP031056.1|NZ_CP031056.1_1236,1,1,1
GCF_003345295.1|NZ_CP031056.1|NZ_CP031056.1_1239,1,1,1
GCF_003345295.1|NZ_CP031056.1|NZ_CP031056.1_1240,1,1,1
GCF_003345295.1|NZ_CP031056.1|NZ_CP031056.1_1643,1,1,1
GCF_003345295.1|NZ_CP031056.1|NZ_CP031056.1_1644,1,1,1
GCF_003391375.1|NZ_CP031472.1|NZ_CP031472.1_461,4,3,4
GCF_003391375.1|NZ_CP031472.1|NZ_CP031472.1_469,1,1,1
GCF_003391375.1|NZ_CP031472.1|NZ_CP031472.1_475,2,2,2
GCF_003391375.1|NZ_CP031472.1|NZ_CP031472.1_477,6,6,6
GCF_003391375.1|NZ_CP031472.1|NZ_CP031472.1_478,5,3,5
GCF_003391375.1|NZ_CP031472.1|NZ_CP031472.1_481,6,5,6
GCF_003391375.1|NZ_CP031472.1|NZ_CP031472.1_485,1,1,1
GCF_003391375.1|NZ_CP031472.1|NZ_CP031472.1_487,1,1,1
GCF_003391375.1|NZ_CP031472.1|NZ_CP031472.1_491,2,1,2
GCF_003522555.1|NZ_CP019290.1|NZ_CP019290.1_1352,1,1,1
GCF_003522555.1|NZ_CP019290.1|NZ_CP019290.1_1354,1,1,1
GCF_003522555.1|NZ_CP019290.1|NZ_CP019290.1_1375,3,3,3
GCF_003522555.1|NZ_CP019290.1|NZ_CP019290.1_1383,1,1,1
GCF_003522555.1|NZ_CP019290.1|NZ_CP019290.1_1393,2,2,2
GCF_003574155.1|NZ_AP018677.1|NZ_AP018677.1_1373,145,28,153
GCF_003595585.1|NZ_CP022469.1|NZ_CP022469.1_890,1,1,1
GCF_003595585.1|NZ_CP022469.1|NZ_CP022469.1_895,1,1,1
GCF_003595585.1|NZ_CP022469.1|NZ_CP022469.1_896,1,1,1
GCF_003595585.1|NZ_CP022469.1|NZ_CP022469.1_907,1,1,1
GCF_003595585.1|NZ_CP022469.1|NZ_CP022469.1_914,7,5,7
GCF_003595585.1|NZ_CP022469.1|NZ_CP022469.1_916,2,2,2
GCF_003595585.1|NZ_CP022469.1|NZ_CP022469.1_924,1,1,1
GCF_003595585.1|NZ_CP022469.1|NZ_CP022469.1_931,2,1,2
GCF_003595585.1|NZ_CP022469.1|NZ_CP022469.1_937,1,1,1
GCF_003595585.1|NZ_CP022469.1|NZ_CP022469.1_938,1,1,1
GCF_003595585.1|NZ_CP022469.1|NZ_CP022469.1_946,17,8,19
GCF_003595585.1|NZ_CP022469.1|NZ_CP022469.1_949,4,1,4
GCF_003595585.1|NZ_CP022469.1|NZ_CP022469.1_956,12,3,12
GCF_003595585.1|NZ_CP022469.1|NZ_CP022469.1_959,2,2,2
GCF_003595585.1|NZ_CP022469.1|NZ_CP022469.1_960,1,1,1
GCF_003595585.1|NZ_CP022469.1|NZ_CP022469.1_961,1,1,1
GCF_003595585.1|NZ_CP022469.1|NZ_CP022469.1_962,7,5,7
GCF_003595585.1|NZ_CP022469.1|NZ_CP022469.1_964,1,1,1
GCF_003595585.1|NZ_CP022469.1|NZ_CP022469.1_965,1,1,1
GCF_003595585.1|NZ_CP022469.1|NZ_CP022469.1_972,1,1,1
GCF_003595585.1|NZ_CP022469.1|NZ_CP022469.1_973,1,1,1
GCF_003595585.1|NZ_CP022469.1|NZ_CP022469.1_975,2,2,2
GCF_003595585.1|NZ_CP022469.1|NZ_CP022469.1_976,1,1,1
GCF_003595585.1|NZ_CP022469.1|NZ_CP022469.1_977,1,1,1
GCF_003612695.1|NZ_CP023472.1|NZ_CP023472.1_1773,1,1,1
GCF_003612695.1|NZ_CP023472.1|NZ_CP023472.1_1785,28,7,28
GCF_003612695.1|NZ_CP023472.1|NZ_CP023472.1_1788,1,1,1
GCF_003612695.1|NZ_CP023472.1|NZ_CP023472.1_1794,3,2,3
GCF_003612695.1|NZ_CP023472.1|NZ_CP023472.1_1796,1,1,1
GCF_003612695.1|NZ_CP023472.1|NZ_CP023472.1_1810,1,1,1
GCF_003612695.1|NZ_CP023472.1|NZ_CP023472.1_1811,2,1,2
GCF_003612695.1|NZ_CP023472.1|NZ_CP023472.1_1812,2,2,2
GCF_003612695.1|NZ_CP023472.1|NZ_CP023472.1_1814,1,1,1
GCF_003612695.1|NZ_CP023472.1|NZ_CP023472.1_1816,2,1,2
GCF_003612695.1|NZ_CP023472.1|NZ_CP023472.1_1824,1,1,1
GCF_003612695.1|NZ_CP023472.1|NZ_CP023472.1_1828,2,2,2
GCF_003612695.1|NZ_CP023472.1|NZ_CP023472.1_1832,1,1,1
GCF_003612695.1|NZ_CP023472.1|NZ_CP023472.1_1835,10,5,10
GCF_003612695.1|NZ_CP023472.1|NZ_CP023472.1_1838,1,1,1
GCF_003612695.1|NZ_CP023472.1|NZ_CP023472.1_1842,2,2,2
GCF_003612695.1|NZ_CP023472.1|NZ_CP023472.1_1847,1,1,1
GCF_003612695.1|NZ_CP023472.1|NZ_CP023472.1_1848,3,2,3
GCF_003612695.1|NZ_CP023472.1|NZ_CP023472.1_1849,1,1,1
GCF_003612695.1|NZ_CP023472.1|NZ_CP023472.1_1858,3,3,3
GCF_003691485.1|NZ_CP033134.1|NZ_CP033134.1_1757,12,3,12
GCF_003691485.1|NZ_CP033134.1|NZ_CP033134.1_1758,1,1,1
GCF_003691485.1|NZ_CP033134.1|NZ_CP033134.1_1760,1,1,1
GCF_003691485.1|NZ_CP033134.1|NZ_CP033134.1_1770,1,1,1
GCF_003691485.1|NZ_CP033134.1|NZ_CP033134.1_1783,1,1,1
GCF_003691485.1|NZ_CP033134.1|NZ_CP033134.1_1795,1,1,1
GCF_003691485.1|NZ_CP033134.1|NZ_CP033134.1_1806,6,4,6
GCF_003691485.1|NZ_CP033134.1|NZ_CP033134.1_1810,1,1,1
GCF_003691525.1|NZ_CP033141.1|NZ_CP033141.1_1203,3,1,3
GCF_003691525.1|NZ_CP033141.1|NZ_CP033141.1_1204,3,1,3
GCF_003691525.1|NZ_CP033141.1|NZ_CP033141.1_1205,3,1,3
GCF_003691525.1|NZ_CP033141.1|NZ_CP033141.1_1211,8,6,8
GCF_003691525.1|NZ_CP033141.1|NZ_CP033141.1_1217,4,1,4
GCF_003691525.1|NZ_CP033141.1|NZ_CP033141.1_1218,3,1,3
GCF_003691525.1|NZ_CP033141.1|NZ_CP033141.1_1220,5,2,5
GCF_003691525.1|NZ_CP033141.1|NZ_CP033141.1_1221,36,12,45
GCF_003691525.1|NZ_CP033141.1|NZ_CP033141.1_1222,3,1,3
GCF_003691525.1|NZ_CP033141.1|NZ_CP033141.1_1228,15,4,16
GCF_003691525.1|NZ_CP033141.1|NZ_CP033141.1_1230,3,1,3
GCF_003691525.1|NZ_CP033141.1|NZ_CP033141.1_1231,8,2,11
GCF_003691525.1|NZ_CP033141.1|NZ_CP033141.1_1233,3,1,3
GCF_003691525.1|NZ_CP033141.1|NZ_CP033141.1_1235,7,2,7
GCF_003691525.1|NZ_CP033141.1|NZ_CP033141.1_1238,9,7,9
GCF_003691525.1|NZ_CP033141.1|NZ_CP033141.1_1239,4,2,4
GCF_003691525.1|NZ_CP033141.1|NZ_CP033141.1_1245,4,1,4
GCF_003691525.1|NZ_CP033141.1|NZ_CP033141.1_1246,5,1,5
GCF_003691525.1|NZ_CP033141.1|NZ_CP033141.1_1253,7,5,7
GCF_003691525.1|NZ_CP033141.1|NZ_CP033141.1_1259,5,3,5
GCF_003691525.1|NZ_CP033141.1|NZ_CP033141.1_1261,5,3,7
GCF_003691525.1|NZ_CP033141.1|NZ_CP033141.1_1265,3,1,3
GCF_003691525.1|NZ_CP033141.1|NZ_CP033141.1_1267,3,1,3
GCF_003691525.1|NZ_CP033141.1|NZ_CP033141.1_1270,5,3,5
GCF_003691525.1|NZ_CP033141.1|NZ_CP033141.1_1272,3,1,3
GCF_003691525.1|NZ_CP033141.1|NZ_CP033141.1_1277,5,3,5
GCF_003691525.1|NZ_CP033141.1|NZ_CP033141.1_1282,10,1,10
GCF_003691525.1|NZ_CP033141.1|NZ_CP033141.1_1289,3,1,3
GCF_003691525.1|NZ_CP033141.1|NZ_CP033141.1_1290,11,2,12
GCF_003691525.1|NZ_CP033141.1|NZ_CP033141.1_1294,3,1,3
GCF_003691525.1|NZ_CP033141.1|NZ_CP033141.1_1295,9,2,9
GCF_003691525.1|NZ_CP033141.1|NZ_CP033141.1_1297,3,1,3
GCF_003691525.1|NZ_CP033141.1|NZ_CP033141.1_1298,4,3,4
GCF_003691525.1|NZ_CP033141.1|NZ_CP033141.1_1301,3,1,3
GCF_004194515.1|NZ_CP034565.1|NZ_CP034565.1_1596,3,3,3
GCF_004194515.1|NZ_CP034565.1|NZ_CP034565.1_1599,9,5,9
GCF_004194515.1|NZ_CP034565.1|NZ_CP034565.1_1600,1,1,1
GCF_004194515.1|NZ_CP034565.1|NZ_CP034565.1_1620,1,1,1
GCF_004194515.1|NZ_CP034565.1|NZ_CP034565.1_1623,2,2,2
GCF_004194515.1|NZ_CP034565.1|NZ_CP034565.1_1627,1,1,1
GCF_004194515.1|NZ_CP034565.1|NZ_CP034565.1_1630,4,2,6
GCF_004194515.1|NZ_CP034565.1|NZ_CP034565.1_1631,5,3,5
GCF_004194515.1|NZ_CP034565.1|NZ_CP034565.1_1638,4,2,4
GCF_004194515.1|NZ_CP034565.1|NZ_CP034565.1_1642,3,2,3
GCF_004194515.1|NZ_CP034565.1|NZ_CP034565.1_1649,10,2,10
GCF_004194515.1|NZ_CP034565.1|NZ_CP034565.1_1650,10,2,10
GCF_004194515.1|NZ_CP034565.1|NZ_CP034565.1_1656,11,4,11
GCF_004194515.1|NZ_CP034565.1|NZ_CP034565.1_1658,5,5,5
GCF_004194515.1|NZ_CP034565.1|NZ_CP034565.1_1662,5,2,5
GCF_004194515.1|NZ_CP034565.1|NZ_CP034565.1_1665,14,5,16
GCF_004194515.1|NZ_CP034565.1|NZ_CP034565.1_1666,1,1,1
GCF_004194515.1|NZ_CP034565.1|NZ_CP034565.1_1667,8,4,8
GCF_004194515.1|NZ_CP034565.1|NZ_CP034565.1_1668,8,4,8
GCF_004194515.1|NZ_CP034567.1|NZ_CP034567.1_59,1,1,1
GCF_004194515.1|NZ_CP034567.1|NZ_CP034567.1_60,1,1,1
GCF_004328575.1|NZ_CP036500.1|NZ_CP036500.1_316,1,1,1
GCF_004328575.1|NZ_CP036500.1|NZ_CP036500.1_347,150,24,168
GCF_004328575.1|NZ_CP036500.1|NZ_CP036500.1_358,5,1,7
GCF_004328575.1|NZ_CP036500.1|NZ_CP036500.1_375,4,1,4
GCF_004328575.1|NZ_CP036500.1|NZ_CP036500.1_377,173,27,242
GCF_004916735.1|NZ_CP039516.1|NZ_CP039516.1_1028,1,1,1
GCF_004916735.1|NZ_CP039516.1|NZ_CP039516.1_1029,1,1,1
GCF_004916735.1|NZ_CP039516.1|NZ_CP039516.1_1031,1,1,1
GCF_004916735.1|NZ_CP039516.1|NZ_CP039516.1_2258,1,1,1
GCF_005144905.1|NZ_CP039700.1|NZ_CP039700.1_1912,3,2,3
GCF_006517795.1|NZ_CP041202.1|NZ_CP041202.1_1405,8,5,8
GCF_006517795.1|NZ_CP041202.1|NZ_CP041202.1_1406,19,6,20
GCF_006517795.1|NZ_CP041202.1|NZ_CP041202.1_1408,1,1,1
GCF_006517795.1|NZ_CP041202.1|NZ_CP041202.1_1416,14,3,15
GCF_007182835.1|NZ_AP019798.1|NZ_AP019798.1_1618,1,1,1
GCF_007182835.1|NZ_AP019798.1|NZ_AP019798.1_1625,2,2,2
GCF_007182835.1|NZ_AP019798.1|NZ_AP019798.1_1627,14,3,15
GCF_007182835.1|NZ_AP019798.1|NZ_AP019798.1_1628,9,9,9
GCF_007182835.1|NZ_AP019798.1|NZ_AP019798.1_1647,1,1,1
GCF_007182835.1|NZ_AP019798.1|NZ_AP019798.1_1649,1,1,1
GCF_007182835.1|NZ_AP019798.1|NZ_AP019798.1_1650,1,1,1
GCF_007182835.1|NZ_AP019798.1|NZ_AP019798.1_1657,2,2,2
GCF_007182835.1|NZ_AP019798.1|NZ_AP019798.1_1662,1,1,1
GCF_007182835.1|NZ_AP019798.1|NZ_AP019798.1_1667,1,1,1
GCF_007182835.1|NZ_AP019798.1|NZ_AP019798.1_1672,1,1,1
GCF_007182835.1|NZ_AP019798.1|NZ_AP019798.1_1676,4,3,4
GCF_007182835.1|NZ_AP019798.1|NZ_AP019798.1_1678,1,1,1
GCF_007182835.1|NZ_AP019798.1|NZ_AP019798.1_1679,1,1,1
GCF_007182835.1|NZ_AP019798.1|NZ_AP019798.1_1682,1,1,1
GCF_007182835.1|NZ_AP019798.1|NZ_AP019798.1_1685,4,3,4
GCF_007182835.1|NZ_AP019798.1|NZ_AP019798.1_1688,15,9,19
GCF_008369605.1|NZ_CP043556.1|NZ_CP043556.1_911,3,1,3
GCF_008369605.1|NZ_CP043556.1|NZ_CP043556.1_915,1,1,1
GCF_008369605.1|NZ_CP043556.1|NZ_CP043556.1_921,9,1,11
GCF_008369605.1|NZ_CP043556.1|NZ_CP043556.1_947,1,1,1
GCF_008369605.1|NZ_CP043556.1|NZ_CP043556.1_952,1,1,1
GCF_008369605.1|NZ_CP043556.1|NZ_CP043556.1_955,6,3,6
GCF_008369605.1|NZ_CP043556.1|NZ_CP043556.1_962,1,1,1
GCF_008693625.1|NZ_CP044062.1|NZ_CP044062.1_503,1,1,1
GCF_008693625.1|NZ_CP044062.1|NZ_CP044062.1_505,1,1,1
GCF_008693625.1|NZ_CP044062.1|NZ_CP044062.1_506,1,1,1
GCF_008693625.1|NZ_CP044062.1|NZ_CP044062.1_507,1,1,1
GCF_008693625.1|NZ_CP044062.1|NZ_CP044062.1_510,2,2,3
GCF_008693625.1|NZ_CP044062.1|NZ_CP044062.1_511,2,2,3
GCF_008693625.1|NZ_CP044062.1|NZ_CP044062.1_512,1,1,1
GCF_008693625.1|NZ_CP044062.1|NZ_CP044062.1_518,1,1,1
GCF_008693625.1|NZ_CP044062.1|NZ_CP044062.1_526,1,1,1
GCF_008693625.1|NZ_CP044062.1|NZ_CP044062.1_530,1,1,1
GCF_008693625.1|NZ_CP044062.1|NZ_CP044062.1_535,1,1,1
GCF_008693625.1|NZ_CP044062.1|NZ_CP044062.1_538,1,1,1
GCF_008693685.1|NZ_CP044069.1|NZ_CP044069.1_1608,2,2,2
GCF_008693685.1|NZ_CP044069.1|NZ_CP044069.1_1622,2,2,2
GCF_008693685.1|NZ_CP044069.1|NZ_CP044069.1_1638,2,2,2
GCF_008693685.1|NZ_CP044069.1|NZ_CP044069.1_1641,2,2,2
GCF_008693685.1|NZ_CP044069.1|NZ_CP044069.1_1646,2,2,2
GCF_008693685.1|NZ_CP044069.1|NZ_CP044069.1_1663,2,2,2
GCF_008693685.1|NZ_CP044069.1|NZ_CP044069.1_1685,2,2,2
GCF_009184745.1|NZ_CP045070.1|NZ_CP045070.1_1036,1,1,1
GCF_009184745.1|NZ_CP045070.1|NZ_CP045070.1_1037,1,1,1
GCF_009184745.1|NZ_CP045070.1|NZ_CP045070.1_1042,2,2,2
GCF_009184745.1|NZ_CP045070.1|NZ_CP045070.1_1044,1,1,1
GCF_009184745.1|NZ_CP045070.1|NZ_CP045070.1_1047,2,2,2
GCF_009184745.1|NZ_CP045070.1|NZ_CP045070.1_1057,1,1,1
GCF_009184745.1|NZ_CP045070.1|NZ_CP045070.1_1058,8,7,8
GCF_009665195.1|NZ_CP035683.1|NZ_CP035683.1_45,1,1,1
GCF_009665195.1|NZ_CP035683.1|NZ_CP035683.1_46,1,1,1
GCF_009665195.1|NZ_CP035683.1|NZ_CP035683.1_49,2,2,3
GCF_009665195.1|NZ_CP035683.1|NZ_CP035683.1_50,2,2,3
GCF_009665195.1|NZ_CP035683.1|NZ_CP035683.1_55,8,3,10
GCF_009665195.1|NZ_CP035683.1|NZ_CP035683.1_63,3,3,3
GCF_009665195.1|NZ_CP035683.1|NZ_CP035683.1_65,3,3,3
GCF_009665195.1|NZ_CP035683.1|NZ_CP035683.1_67,1,1,1
GCF_009665195.1|NZ_CP035683.1|NZ_CP035683.1_68,1,1,1
GCF_009665195.1|NZ_CP035683.1|NZ_CP035683.1_69,1,1,1
GCF_009665195.1|NZ_CP035683.1|NZ_CP035683.1_72,4,2,4
GCF_009665195.1|NZ_CP035683.1|NZ_CP035683.1_73,4,2,4
GCF_009665195.1|NZ_CP035683.1|NZ_CP035683.1_78,1,1,1
GCF_009665195.1|NZ_CP035683.1|NZ_CP035683.1_84,4,4,5
GCF_009665195.1|NZ_CP035683.1|NZ_CP035683.1_95,3,3,3
GCF_009665195.1|NZ_CP035683.1|NZ_CP035683.1_101,3,2,3
GCF_009665195.1|NZ_CP035683.1|NZ_CP035683.1_107,21,5,27
GCF_009665215.1|NZ_CP035680.1|NZ_CP035680.1_1973,1,1,1
GCF_009665215.1|NZ_CP035680.1|NZ_CP035680.1_1974,1,1,1
GCF_009665215.1|NZ_CP035680.1|NZ_CP035680.1_1978,1,1,1
GCF_009665215.1|NZ_CP035680.1|NZ_CP035680.1_1986,11,6,14
GCF_009665215.1|NZ_CP035680.1|NZ_CP035680.1_1988,1,1,1
GCF_009665215.1|NZ_CP035680.1|NZ_CP035680.1_1989,1,1,1
GCF_009665215.1|NZ_CP035680.1|NZ_CP035680.1_1999,8,4,8
GCF_009665215.1|NZ_CP035680.1|NZ_CP035680.1_2000,5,3,5
GCF_009665215.1|NZ_CP035680.1|NZ_CP035680.1_2004,1,1,1
GCF_009665215.1|NZ_CP035680.1|NZ_CP035680.1_2015,1,1,1
GCF_009665215.1|NZ_CP035680.1|NZ_CP035680.1_2022,6,5,6
GCF_009665215.1|NZ_CP035680.1|NZ_CP035680.1_2025,1,1,1
GCF_009665215.1|NZ_CP035680.1|NZ_CP035680.1_2032,1,1,2
GCF_009665215.1|NZ_CP035680.1|NZ_CP035680.1_2034,2,2,2
GCF_009665215.1|NZ_CP035680.1|NZ_CP035680.1_2037,1,1,2
GCF_009665215.1|NZ_CP035680.1|NZ_CP035680.1_2044,1,1,2
GCF_009665215.1|NZ_CP035680.1|NZ_CP035680.1_2046,1,1,2
GCF_009665215.1|NZ_CP035680.1|NZ_CP035680.1_2049,5,2,5
GCF_009665215.1|NZ_CP035680.1|NZ_CP035680.1_2054,1,1,1
GCF_009665275.1|NZ_CP035689.1|NZ_CP035689.1_458,3,3,3
GCF_009665275.1|NZ_CP035689.1|NZ_CP035689.1_474,3,3,3
GCF_009665275.1|NZ_CP035689.1|NZ_CP035689.1_475,1,1,2
GCF_009665275.1|NZ_CP035689.1|NZ_CP035689.1_478,4,2,4
GCF_009665275.1|NZ_CP035689.1|NZ_CP035689.1_479,4,2,4
GCF_009665275.1|NZ_CP035689.1|NZ_CP035689.1_483,1,1,1
GCF_009665275.1|NZ_CP035689.1|NZ_CP035689.1_488,1,1,1
GCF_009665275.1|NZ_CP035689.1|NZ_CP035689.1_493,1,1,1
GCF_009665275.1|NZ_CP035689.1|NZ_CP035689.1_495,1,1,1
GCF_009665275.1|NZ_CP035689.1|NZ_CP035689.1_496,1,1,2
GCF_009665275.1|NZ_CP035689.1|NZ_CP035689.1_503,1,1,1
GCF_009665275.1|NZ_CP035689.1|NZ_CP035689.1_504,1,1,1
GCF_009665275.1|NZ_CP035689.1|NZ_CP035689.1_506,1,1,1
GCF_009665275.1|NZ_CP035689.1|NZ_CP035689.1_507,1,1,1
GCF_009665275.1|NZ_CP035689.1|NZ_CP035689.1_508,7,3,8
GCF_009665275.1|NZ_CP035689.1|NZ_CP035689.1_512,2,1,2
GCF_009665275.1|NZ_CP035689.1|NZ_CP035689.1_513,2,1,2
GCF_009665275.1|NZ_CP035689.1|NZ_CP035689.1_514,1,1,1
GCF_009665275.1|NZ_CP035689.1|NZ_CP035689.1_515,1,1,1
GCF_009665275.1|NZ_CP035689.1|NZ_CP035689.1_526,7,3,9
GCF_009665275.1|NZ_CP035689.1|NZ_CP035689.1_527,1,1,1
GCF_009665275.1|NZ_CP035689.1|NZ_CP035689.1_528,1,1,1
GCF_009665275.1|NZ_CP035689.1|NZ_CP035689.1_531,3,3,3
GCF_009665275.1|NZ_CP035689.1|NZ_CP035689.1_535,5,2,5
GCF_009665415.1|NZ_CP035921.1|NZ_CP035921.1_235,4,3,5
GCF_009665415.1|NZ_CP035921.1|NZ_CP035921.1_240,1,1,1
GCF_009665415.1|NZ_CP035921.1|NZ_CP035921.1_245,1,1,1
GCF_009665415.1|NZ_CP035921.1|NZ_CP035921.1_250,1,1,1
GCF_009665415.1|NZ_CP035921.1|NZ_CP035921.1_254,1,1,1
GCF_009665415.1|NZ_CP035921.1|NZ_CP035921.1_255,1,1,1
GCF_009665415.1|NZ_CP035921.1|NZ_CP035921.1_259,1,1,2
GCF_009665415.1|NZ_CP035921.1|NZ_CP035921.1_278,1,1,1
GCF_009665415.1|NZ_CP035921.1|NZ_CP035921.1_291,10,7,10
GCF_009665415.1|NZ_CP035921.1|NZ_CP035921.1_296,1,1,1
GCF_009665415.1|NZ_CP035921.1|NZ_CP035921.1_297,1,1,2
GCF_009665415.1|NZ_CP035921.1|NZ_CP035921.1_300,1,1,1
GCF_009665415.1|NZ_CP035921.1|NZ_CP035921.1_304,1,1,2
GCF_009665415.1|NZ_CP035921.1|NZ_CP035921.1_306,1,1,1
GCF_009665415.1|NZ_CP035921.1|NZ_CP035921.1_309,1,1,1
GCF_009665415.1|NZ_CP035921.1|NZ_CP035921.1_316,4,2,4
GCF_009665415.1|NZ_CP035921.1|NZ_CP035921.1_323,1,1,1
GCF_009665415.1|NZ_CP035921.1|NZ_CP035921.1_324,1,1,1
GCF_009665415.1|NZ_CP035921.1|NZ_CP035921.1_325,2,2,3
GCF_009665415.1|NZ_CP035921.1|NZ_CP035921.1_329,1,1,1
GCF_009665475.1|NZ_CP035731.1|NZ_CP035731.1_278,3,1,3
GCF_009665475.1|NZ_CP035731.1|NZ_CP035731.1_282,1,1,1
GCF_009665475.1|NZ_CP035731.1|NZ_CP035731.1_284,3,3,3
GCF_009665475.1|NZ_CP035731.1|NZ_CP035731.1_306,1,1,1
GCF_009665475.1|NZ_CP035731.1|NZ_CP035731.1_307,1,1,1
GCF_009665475.1|NZ_CP035731.1|NZ_CP035731.1_308,6,4,6
GCF_009665475.1|NZ_CP035731.1|NZ_CP035731.1_309,1,1,1
GCF_009665475.1|NZ_CP035731.1|NZ_CP035731.1_311,1,1,1
GCF_009665475.1|NZ_CP035731.1|NZ_CP035731.1_314,3,1,3
GCF_009665475.1|NZ_CP035731.1|NZ_CP035731.1_318,1,1,1
GCF_009665475.1|NZ_CP035731.1|NZ_CP035731.1_319,1,1,1
GCF_009665475.1|NZ_CP035731.1|NZ_CP035731.1_320,1,1,1
GCF_009665475.1|NZ_CP035731.1|NZ_CP035731.1_322,1,1,1
GCF_009665475.1|NZ_CP035731.1|NZ_CP035731.1_331,1,1,1
GCF_009665475.1|NZ_CP035731.1|NZ_CP035731.1_332,1,1,1
GCF_009665475.1|NZ_CP035731.1|NZ_CP035731.1_333,1,1,1
GCF_009665475.1|NZ_CP035731.1|NZ_CP035731.1_340,1,1,1
GCF_009665475.1|NZ_CP035731.1|NZ_CP035731.1_341,1,1,1
GCF_009665475.1|NZ_CP035731.1|NZ_CP035731.1_342,1,1,1
GCF_009665475.1|NZ_CP035731.1|NZ_CP035731.1_355,1,1,1
GCF_009665475.1|NZ_CP035731.1|NZ_CP035731.1_356,1,1,1
GCF_009665475.1|NZ_CP035731.1|NZ_CP035731.1_360,1,1,1
GCF_009734325.1|NZ_CP046411.1|NZ_CP046411.1_51,3,1,3
GCF_009734325.1|NZ_CP046411.1|NZ_CP046411.1_53,3,1,3
GCF_009734325.1|NZ_CP046411.1|NZ_CP046411.1_55,5,3,5
GCF_009734325.1|NZ_CP046411.1|NZ_CP046411.1_59,27,8,32
GCF_009734325.1|NZ_CP046411.1|NZ_CP046411.1_60,8,4,8
GCF_009734325.1|NZ_CP046411.1|NZ_CP046411.1_63,3,1,3
GCF_009734325.1|NZ_CP046411.1|NZ_CP046411.1_68,3,1,3
GCF_009734325.1|NZ_CP046411.1|NZ_CP046411.1_75,3,1,3
GCF_009734325.1|NZ_CP046411.1|NZ_CP046411.1_76,19,5,19
GCF_009734325.1|NZ_CP046411.1|NZ_CP046411.1_77,4,2,4
GCF_009734325.1|NZ_CP046411.1|NZ_CP046411.1_79,3,1,3
GCF_009734325.1|NZ_CP046411.1|NZ_CP046411.1_86,3,1,3
GCF_009734325.1|NZ_CP046411.1|NZ_CP046411.1_88,4,1,7
GCF_009734325.1|NZ_CP046411.1|NZ_CP046411.1_92,11,2,11
GCF_009734325.1|NZ_CP046411.1|NZ_CP046411.1_95,15,4,15
GCF_009734325.1|NZ_CP046411.1|NZ_CP046411.1_97,4,2,5
GCF_009734325.1|NZ_CP046411.1|NZ_CP046411.1_98,1,1,1
GCF_009734325.1|NZ_CP046411.1|NZ_CP046411.1_100,3,1,3
GCF_009734325.1|NZ_CP046411.1|NZ_CP046411.1_102,3,1,3
GCF_009734325.1|NZ_CP046411.1|NZ_CP046411.1_114,8,4,8
GCF_009734325.1|NZ_CP046411.1|NZ_CP046411.1_120,9,2,9
GCF_009734325.1|NZ_CP046411.1|NZ_CP046411.1_128,8,2,13
GCF_009734325.1|NZ_CP046411.1|NZ_CP046411.1_129,4,1,4
GCF_009734325.1|NZ_CP046411.1|NZ_CP046411.1_130,4,1,4
GCF_009734325.1|NZ_CP046411.1|NZ_CP046411.1_139,5,1,5
GCF_009734325.1|NZ_CP046411.1|NZ_CP046411.1_141,27,6,28
GCF_009734325.1|NZ_CP046411.1|NZ_CP046411.1_142,5,2,5
GCF_009762965.1|NZ_CP046741.1|NZ_CP046741.1_480,4,2,4
GCF_009762965.1|NZ_CP046741.1|NZ_CP046741.1_487,1,1,1
GCF_009762965.1|NZ_CP046741.1|NZ_CP046741.1_490,1,1,1
GCF_009762965.1|NZ_CP046741.1|NZ_CP046741.1_496,4,3,4
GCF_009762965.1|NZ_CP046741.1|NZ_CP046741.1_497,3,2,3
GCF_009762965.1|NZ_CP046741.1|NZ_CP046741.1_498,18,4,19
GCF_009762965.1|NZ_CP046741.1|NZ_CP046741.1_507,4,1,4
GCF_009762965.1|NZ_CP046741.1|NZ_CP046741.1_509,1,1,1
GCF_009762965.1|NZ_CP046741.1|NZ_CP046741.1_527,3,2,3
GCF_009762965.1|NZ_CP046741.1|NZ_CP046741.1_544,1,1,1
GCF_009762965.1|NZ_CP046741.1|NZ_CP046741.1_559,3,3,4
GCF_009762965.1|NZ_CP046741.1|NZ_CP046741.1_560,32,16,32
GCF_009762965.1|NZ_CP046741.1|NZ_CP046741.1_568,7,3,7
GCF_009762965.1|NZ_CP046741.1|NZ_CP046741.1_569,7,3,7
GCF_009762965.1|NZ_CP046741.1|NZ_CP046741.1_570,7,3,7
GCF_009763085.1|NZ_CP046772.1|NZ_CP046772.1_1885,1,1,1
GCF_009763085.1|NZ_CP046772.1|NZ_CP046772.1_1887,1,1,1
GCF_009763085.1|NZ_CP046772.1|NZ_CP046772.1_1900,1,1,2
GCF_009763085.1|NZ_CP046772.1|NZ_CP046772.1_1904,17,10,19
GCF_009763085.1|NZ_CP046772.1|NZ_CP046772.1_1906,3,2,3
GCF_009763085.1|NZ_CP046772.1|NZ_CP046772.1_1914,1,1,1
GCF_009763085.1|NZ_CP046772.1|NZ_CP046772.1_1917,1,1,1
GCF_009763085.1|NZ_CP046772.1|NZ_CP046772.1_1925,9,6,11
GCF_009763085.1|NZ_CP046772.1|NZ_CP046772.1_1929,1,1,1
GCF_009763085.1|NZ_CP046772.1|NZ_CP046772.1_1930,1,1,1
GCF_009763085.1|NZ_CP046772.1|NZ_CP046772.1_1933,1,1,1
GCF_009763085.1|NZ_CP046772.1|NZ_CP046772.1_1941,1,1,2
GCF_009763085.1|NZ_CP046774.1|NZ_CP046774.1_93,4,3,4
GCF_009763085.1|NZ_CP046774.1|NZ_CP046774.1_94,1,1,1
GCF_009763085.1|NZ_CP046774.1|NZ_CP046774.1_95,1,1,1
GCF_009763085.1|NZ_CP046774.1|NZ_CP046774.1_99,1,1,1
GCF_009763085.1|NZ_CP046774.1|NZ_CP046774.1_102,1,1,1
GCF_009763085.1|NZ_CP046774.1|NZ_CP046774.1_104,1,1,1
GCF_009763085.1|NZ_CP046774.1|NZ_CP046774.1_108,2,2,2
GCF_009763405.1|NZ_CP046760.1|NZ_CP046760.1_1022,3,1,4
GCF_009763425.1|NZ_CP046761.1|NZ_CP046761.1_978,14,5,14
GCF_009763425.1|NZ_CP046761.1|NZ_CP046761.1_982,3,1,3
GCF_009763425.1|NZ_CP046761.1|NZ_CP046761.1_984,1,1,1
GCF_009763425.1|NZ_CP046761.1|NZ_CP046761.1_987,5,3,5
GCF_009763425.1|NZ_CP046761.1|NZ_CP046761.1_989,6,2,6
GCF_009763425.1|NZ_CP046761.1|NZ_CP046761.1_994,1,1,1
GCF_009763425.1|NZ_CP046761.1|NZ_CP046761.1_995,2,2,2
GCF_009763425.1|NZ_CP046761.1|NZ_CP046761.1_996,1,1,1
GCF_009763425.1|NZ_CP046761.1|NZ_CP046761.1_1001,1,1,1
GCF_009763425.1|NZ_CP046761.1|NZ_CP046761.1_1002,1,1,1
GCF_009763425.1|NZ_CP046761.1|NZ_CP046761.1_1005,3,2,3
GCF_009763425.1|NZ_CP046761.1|NZ_CP046761.1_1007,1,1,1
GCF_009763425.1|NZ_CP046761.1|NZ_CP046761.1_1010,4,2,4
GCF_009763425.1|NZ_CP046761.1|NZ_CP046761.1_1016,1,1,1
GCF_009763425.1|NZ_CP046761.1|NZ_CP046761.1_1017,1,1,1
GCF_009763425.1|NZ_CP046761.1|NZ_CP046761.1_1020,1,1,1
GCF_009763425.1|NZ_CP046761.1|NZ_CP046761.1_1021,4,1,4
GCF_009763425.1|NZ_CP046761.1|NZ_CP046761.1_1038,4,1,4
GCF_009763625.1|NZ_CP046787.1|NZ_CP046787.1_2129,1,1,1
GCF_009763625.1|NZ_CP046787.1|NZ_CP046787.1_2130,1,1,1
GCF_009763625.1|NZ_CP046787.1|NZ_CP046787.1_2134,6,4,6
GCF_009763625.1|NZ_CP046787.1|NZ_CP046787.1_2138,4,1,4
GCF_009763625.1|NZ_CP046787.1|NZ_CP046787.1_2143,1,1,1
GCF_009763625.1|NZ_CP046787.1|NZ_CP046787.1_2145,4,1,4
GCF_009763625.1|NZ_CP046787.1|NZ_CP046787.1_2146,1,1,2
GCF_009763625.1|NZ_CP046787.1|NZ_CP046787.1_2154,1,1,1
GCF_009763625.1|NZ_CP046787.1|NZ_CP046787.1_2156,1,1,1
GCF_009763625.1|NZ_CP046787.1|NZ_CP046787.1_2157,1,1,1
GCF_009763625.1|NZ_CP046787.1|NZ_CP046787.1_2159,1,1,1
GCF_009763645.1|NZ_CP046808.1|NZ_CP046808.1_2500,107,6,182
GCF_009763725.1|NZ_CP046791.1|NZ_CP046791.1_1581,1,1,1
GCF_009763725.1|NZ_CP046791.1|NZ_CP046791.1_1585,2,2,2
GCF_009763725.1|NZ_CP046791.1|NZ_CP046791.1_1589,1,1,1
GCF_009763725.1|NZ_CP046791.1|NZ_CP046791.1_1592,1,1,1
GCF_009763725.1|NZ_CP046791.1|NZ_CP046791.1_1597,2,2,2
GCF_009763725.1|NZ_CP046791.1|NZ_CP046791.1_1598,1,1,1
GCF_009763725.1|NZ_CP046791.1|NZ_CP046791.1_1609,1,1,1
GCF_009763725.1|NZ_CP046791.1|NZ_CP046791.1_1610,1,1,1
GCF_009763725.1|NZ_CP046791.1|NZ_CP046791.1_1614,2,2,2
GCF_009763725.1|NZ_CP046791.1|NZ_CP046791.1_1625,1,1,1
GCF_009763725.1|NZ_CP046791.1|NZ_CP046791.1_1630,13,7,13
GCF_009763725.1|NZ_CP046791.1|NZ_CP046791.1_1631,1,1,1
GCF_009763725.1|NZ_CP046791.1|NZ_CP046791.1_1633,1,1,1
GCF_009763725.1|NZ_CP046791.1|NZ_CP046791.1_1641,1,1,1
GCF_009763725.1|NZ_CP046791.1|NZ_CP046791.1_1653,1,1,1
GCF_009763725.1|NZ_CP046791.1|NZ_CP046791.1_1658,4,2,4
GCF_009763725.1|NZ_CP046791.1|NZ_CP046791.1_1665,4,2,4
GCF_009763725.1|NZ_CP046791.1|NZ_CP046791.1_1670,1,1,1
GCF_009763725.1|NZ_CP046791.1|NZ_CP046791.1_1673,1,1,1
GCF_009763765.1|NZ_CP046794.1|NZ_CP046794.1_160,7,2,15
GCF_009763765.1|NZ_CP046794.1|NZ_CP046794.1_161,12,9,13
GCF_009763785.1|NZ_CP046800.1|NZ_CP046800.1_2571,1,1,1
GCF_009763785.1|NZ_CP046799.1|NZ_CP046799.1_321,3,3,3
GCF_009763785.1|NZ_CP046799.1|NZ_CP046799.1_765,1,1,1
GCF_009763785.1|NZ_CP046799.1|NZ_CP046799.1_767,1,1,1
GCF_009763885.1|NZ_CP046849.1|NZ_CP046849.1_57,3,2,3
GCF_009763885.1|NZ_CP046849.1|NZ_CP046849.1_62,2,1,2
GCF_009763885.1|NZ_CP046849.1|NZ_CP046849.1_64,2,1,2
GCF_009763885.1|NZ_CP046849.1|NZ_CP046849.1_65,2,1,2
GCF_009763885.1|NZ_CP046849.1|NZ_CP046849.1_66,2,1,2
GCF_009763885.1|NZ_CP046849.1|NZ_CP046849.1_67,2,1,2
GCF_009763885.1|NZ_CP046849.1|NZ_CP046849.1_68,2,1,2
GCF_009763885.1|NZ_CP046849.1|NZ_CP046849.1_69,2,1,2
GCF_009763885.1|NZ_CP046849.1|NZ_CP046849.1_845,1,1,1
GCF_009763885.1|NZ_CP046849.1|NZ_CP046849.1_850,2,2,2
GCF_009763885.1|NZ_CP046849.1|NZ_CP046849.1_851,1,1,1
GCF_009763885.1|NZ_CP046849.1|NZ_CP046849.1_853,1,1,1
GCF_009763885.1|NZ_CP046849.1|NZ_CP046849.1_854,1,1,1
GCF_009763885.1|NZ_CP046849.1|NZ_CP046849.1_856,1,1,1
GCF_009763885.1|NZ_CP046849.1|NZ_CP046849.1_860,1,1,1
GCF_009763885.1|NZ_CP046849.1|NZ_CP046849.1_864,2,1,2
GCF_009763885.1|NZ_CP046849.1|NZ_CP046849.1_869,2,1,2
GCF_009763885.1|NZ_CP046849.1|NZ_CP046849.1_884,2,1,2
GCF_009763885.1|NZ_CP046849.1|NZ_CP046849.1_888,2,1,2
GCF_009763885.1|NZ_CP046849.1|NZ_CP046849.1_890,3,2,3
GCF_009763885.1|NZ_CP046849.1|NZ_CP046849.1_899,2,1,2
GCF_009763885.1|NZ_CP046849.1|NZ_CP046849.1_900,2,1,2
GCF_009763885.1|NZ_CP046849.1|NZ_CP046849.1_903,2,1,2
GCF_009763925.1|NZ_CP046821.1|NZ_CP046821.1_5,11,6,11
GCF_009763925.1|NZ_CP046821.1|NZ_CP046821.1_14,1,1,1
GCF_009763925.1|NZ_CP046821.1|NZ_CP046821.1_17,1,1,1
GCF_009763925.1|NZ_CP046821.1|NZ_CP046821.1_20,2,2,2
GCF_009763925.1|NZ_CP046821.1|NZ_CP046821.1_648,4,3,4
GCF_009763925.1|NZ_CP046821.1|NZ_CP046821.1_653,1,1,1
GCF_009763925.1|NZ_CP046821.1|NZ_CP046821.1_664,2,2,2
GCF_009763925.1|NZ_CP046821.1|NZ_CP046821.1_669,1,1,1
GCF_009763925.1|NZ_CP046821.1|NZ_CP046821.1_670,1,1,1
GCF_009763925.1|NZ_CP046821.1|NZ_CP046821.1_673,1,1,1
GCF_009763925.1|NZ_CP046821.1|NZ_CP046821.1_674,1,1,1
GCF_009763925.1|NZ_CP046821.1|NZ_CP046821.1_675,1,1,1
GCF_009763925.1|NZ_CP046821.1|NZ_CP046821.1_683,4,4,4
GCF_009763925.1|NZ_CP046821.1|NZ_CP046821.1_685,1,1,1
GCF_009763925.1|NZ_CP046821.1|NZ_CP046821.1_688,1,1,1
GCF_009763925.1|NZ_CP046821.1|NZ_CP046821.1_689,1,1,1
GCF_009763925.1|NZ_CP046821.1|NZ_CP046821.1_691,1,1,1
GCF_009763925.1|NZ_CP046821.1|NZ_CP046821.1_701,2,2,2
GCF_009763925.1|NZ_CP046821.1|NZ_CP046821.1_705,2,2,2
GCF_009763925.1|NZ_CP046821.1|NZ_CP046821.1_712,1,1,1
GCF_009763925.1|NZ_CP046821.1|NZ_CP046821.1_713,1,1,1
GCF_009764005.1|NZ_CP046824.1|NZ_CP046824.1_853,1,1,1
GCF_009764005.1|NZ_CP046824.1|NZ_CP046824.1_855,3,1,3
GCF_009764005.1|NZ_CP046824.1|NZ_CP046824.1_858,2,1,2
GCF_009764005.1|NZ_CP046824.1|NZ_CP046824.1_859,5,3,5
GCF_009764005.1|NZ_CP046824.1|NZ_CP046824.1_861,1,1,1
GCF_009764005.1|NZ_CP046824.1|NZ_CP046824.1_862,1,1,1
GCF_009764005.1|NZ_CP046824.1|NZ_CP046824.1_877,6,3,6
GCF_009764005.1|NZ_CP046824.1|NZ_CP046824.1_879,2,2,2
GCF_009764005.1|NZ_CP046824.1|NZ_CP046824.1_880,1,1,1
GCF_009764005.1|NZ_CP046824.1|NZ_CP046824.1_881,4,2,4
GCF_009764005.1|NZ_CP046824.1|NZ_CP046824.1_884,103,13,120
GCF_009764005.1|NZ_CP046824.1|NZ_CP046824.1_891,1,1,1
GCF_009764005.1|NZ_CP046824.1|NZ_CP046824.1_892,1,1,1
GCF_009764005.1|NZ_CP046824.1|NZ_CP046824.1_893,1,1,1
GCF_009764005.1|NZ_CP046824.1|NZ_CP046824.1_894,2,2,2
GCF_009764005.1|NZ_CP046824.1|NZ_CP046824.1_906,1,1,1
GCF_009764005.1|NZ_CP046824.1|NZ_CP046824.1_918,2,2,3
GCF_009764005.1|NZ_CP046824.1|NZ_CP046824.1_925,39,16,46
GCF_009764005.1|NZ_CP046824.1|NZ_CP046824.1_927,2,2,2
GCF_009764005.1|NZ_CP046824.1|NZ_CP046824.1_937,2,1,2
GCF_009764025.1|NZ_CP046847.1|NZ_CP046847.1_446,6,2,7
GCF_009764025.1|NZ_CP046847.1|NZ_CP046847.1_452,1,1,2
GCF_009764025.1|NZ_CP046847.1|NZ_CP046847.1_454,3,2,3
GCF_009764025.1|NZ_CP046847.1|NZ_CP046847.1_468,1,1,1
GCF_009764025.1|NZ_CP046847.1|NZ_CP046847.1_470,1,1,1
GCF_009764025.1|NZ_CP046847.1|NZ_CP046847.1_471,1,1,1
GCF_009764025.1|NZ_CP046847.1|NZ_CP046847.1_472,1,1,1
GCF_009764025.1|NZ_CP046847.1|NZ_CP046847.1_476,1,1,1
GCF_009764025.1|NZ_CP046847.1|NZ_CP046847.1_480,3,2,3
GCF_009764025.1|NZ_CP046847.1|NZ_CP046847.1_482,1,1,1
GCF_009764025.1|NZ_CP046847.1|NZ_CP046847.1_483,1,1,1
GCF_009764025.1|NZ_CP046847.1|NZ_CP046847.1_487,1,1,1
GCF_009764025.1|NZ_CP046847.1|NZ_CP046847.1_488,1,1,1
GCF_009764025.1|NZ_CP046847.1|NZ_CP046847.1_495,1,1,1
GCF_009764025.1|NZ_CP046847.1|NZ_CP046847.1_499,2,1,2
GCF_009764025.1|NZ_CP046847.1|NZ_CP046847.1_502,1,1,1
GCF_009764025.1|NZ_CP046847.1|NZ_CP046847.1_503,1,1,1
GCF_009764025.1|NZ_CP046847.1|NZ_CP046847.1_504,1,1,1
GCF_009764025.1|NZ_CP046847.1|NZ_CP046847.1_505,1,1,1
GCF_009764025.1|NZ_CP046847.1|NZ_CP046847.1_510,2,2,2
GCF_009764025.1|NZ_CP046847.1|NZ_CP046847.1_519,2,1,2
GCF_009764055.1|NZ_CP046831.1|NZ_CP046831.1_1517,1,1,1
GCF_009764055.1|NZ_CP046831.1|NZ_CP046831.1_1620,1,1,1
GCF_009764055.1|NZ_CP046831.1|NZ_CP046831.1_1642,2,2,2
GCF_009764055.1|NZ_CP046831.1|NZ_CP046831.1_1652,3,1,3
GCF_009764055.1|NZ_CP046831.1|NZ_CP046831.1_1654,1,1,1
GCF_009764055.1|NZ_CP046831.1|NZ_CP046831.1_1659,4,2,4
GCF_009764055.1|NZ_CP046831.1|NZ_CP046831.1_1660,4,3,4
GCF_009764055.1|NZ_CP046831.1|NZ_CP046831.1_1672,1,1,1
GCF_009764055.1|NZ_CP046831.1|NZ_CP046831.1_1681,2,1,2
GCF_009764055.1|NZ_CP046831.1|NZ_CP046831.1_1682,1,1,1
GCF_009764055.1|NZ_CP046831.1|NZ_CP046831.1_1684,3,2,3
GCF_009764055.1|NZ_CP046831.1|NZ_CP046831.1_1686,1,1,1
GCF_009764055.1|NZ_CP046831.1|NZ_CP046831.1_1687,1,1,1
GCF_009764055.1|NZ_CP046831.1|NZ_CP046831.1_1702,1,1,1
GCF_009764055.1|NZ_CP046831.1|NZ_CP046831.1_1706,2,2,2
GCF_009764055.1|NZ_CP046831.1|NZ_CP046831.1_1709,4,3,4
GCF_009764055.1|NZ_CP046831.1|NZ_CP046831.1_1710,5,2,5
GCF_009764115.1|NZ_CP046835.1|NZ_CP046835.1_1129,3,2,3
GCF_009764115.1|NZ_CP046835.1|NZ_CP046835.1_1132,1,1,1
GCF_009764115.1|NZ_CP046835.1|NZ_CP046835.1_1134,1,1,2
GCF_009764115.1|NZ_CP046835.1|NZ_CP046835.1_1163,12,9,12
GCF_009764115.1|NZ_CP046835.1|NZ_CP046835.1_1167,2,2,2
GCF_009764115.1|NZ_CP046835.1|NZ_CP046835.1_1173,1,1,1
GCF_009764115.1|NZ_CP046835.1|NZ_CP046835.1_1175,3,3,4
GCF_009764115.1|NZ_CP046835.1|NZ_CP046835.1_1194,2,1,2
GCF_009764115.1|NZ_CP046835.1|NZ_CP046835.1_1195,1,1,1
GCF_009764115.1|NZ_CP046835.1|NZ_CP046835.1_1196,1,1,1
GCF_009764115.1|NZ_CP046835.1|NZ_CP046835.1_1197,1,1,1
GCF_009764115.1|NZ_CP046835.1|NZ_CP046835.1_1201,1,1,2
GCF_009764115.1|NZ_CP046835.1|NZ_CP046835.1_1208,1,1,1
GCF_009764115.1|NZ_CP046835.1|NZ_CP046835.1_1210,1,1,1
GCF_009764115.1|NZ_CP046835.1|NZ_CP046835.1_1224,1,1,1
GCF_009764115.1|NZ_CP046835.1|NZ_CP046835.1_1225,10,5,10
GCF_009764115.1|NZ_CP046835.1|NZ_CP046835.1_1226,1,1,1
GCF_009883815.1|NZ_CP034285.1|NZ_CP034285.1_1180,8,4,8
GCF_009883815.1|NZ_CP034285.1|NZ_CP034285.1_1186,4,1,4
GCF_009883815.1|NZ_CP034285.1|NZ_CP034285.1_1187,4,1,4
GCF_009883815.1|NZ_CP034285.1|NZ_CP034285.1_1188,5,1,5
GCF_009883815.1|NZ_CP034285.1|NZ_CP034285.1_1195,6,1,6
GCF_009883815.1|NZ_CP034285.1|NZ_CP034285.1_1196,5,1,7
GCF_009883815.1|NZ_CP034285.1|NZ_CP034285.1_1199,9,3,9
GCF_009883815.1|NZ_CP034285.1|NZ_CP034285.1_1213,5,1,5
GCF_009883815.1|NZ_CP034285.1|NZ_CP034285.1_1216,5,1,5
GCF_009883815.1|NZ_CP034285.1|NZ_CP034285.1_1217,4,1,4
GCF_009883815.1|NZ_CP034286.1|NZ_CP034286.1_1379,5,1,5
GCF_009883835.1|NZ_CP034289.1|NZ_CP034289.1_1183,4,1,4
GCF_009883835.1|NZ_CP034289.1|NZ_CP034289.1_1184,6,3,6
GCF_009883835.1|NZ_CP034289.1|NZ_CP034289.1_1187,4,1,4
GCF_009883835.1|NZ_CP034289.1|NZ_CP034289.1_1201,3,1,3
GCF_009883835.1|NZ_CP034289.1|NZ_CP034289.1_1208,3,1,3
GCF_009883835.1|NZ_CP034289.1|NZ_CP034289.1_1211,4,2,4
GCF_009883835.1|NZ_CP034289.1|NZ_CP034289.1_1212,3,1,3
GCF_009883835.1|NZ_CP034289.1|NZ_CP034289.1_1213,4,1,4
GCF_009938205.1|NZ_AP019654.1|NZ_AP019654.1_1292,1,1,1
GCF_009938205.1|NZ_AP019654.1|NZ_AP019654.1_1294,3,2,7
GCF_009938205.1|NZ_AP019654.1|NZ_AP019654.1_1296,1,1,1
GCF_009938205.1|NZ_AP019654.1|NZ_AP019654.1_1299,1,1,1
GCF_009938205.1|NZ_AP019654.1|NZ_AP019654.1_1300,2,2,2
GCF_009938205.1|NZ_AP019654.1|NZ_AP019654.1_1301,1,1,1
GCF_009938205.1|NZ_AP019654.1|NZ_AP019654.1_1302,1,1,1
GCF_009938205.1|NZ_AP019654.1|NZ_AP019654.1_1305,1,1,1
GCF_010587385.1|NZ_CP047475.1|NZ_CP047475.1_1597,40,17,50
GCF_010587385.1|NZ_CP047476.1|NZ_CP047476.1_1374,1,1,3
GCF_010587385.1|NZ_CP047476.1|NZ_CP047476.1_1376,4,3,4
GCF_010587385.1|NZ_CP047476.1|NZ_CP047476.1_1377,18,10,19
GCF_010587385.1|NZ_CP047476.1|NZ_CP047476.1_1380,1,1,1
GCF_010587385.1|NZ_CP047476.1|NZ_CP047476.1_1381,1,1,1
GCF_010587385.1|NZ_CP047476.1|NZ_CP047476.1_1382,3,3,3
GCF_010587385.1|NZ_CP047476.1|NZ_CP047476.1_1383,1,1,1
GCF_010587385.1|NZ_CP047476.1|NZ_CP047476.1_1385,1,1,1
GCF_010587385.1|NZ_CP047476.1|NZ_CP047476.1_1388,4,3,4
GCF_011064285.1|NZ_CP049331.1|NZ_CP049331.1_1530,1,1,1
GCF_011064285.1|NZ_CP049331.1|NZ_CP049331.1_1531,16,10,17
GCF_011064285.1|NZ_CP049331.1|NZ_CP049331.1_1535,1,1,1
GCF_011212705.1|NZ_CP048693.1|NZ_CP048693.1_2655,1,1,1
GCF_011212705.1|NZ_CP048693.1|NZ_CP048693.1_2656,1,1,1
GCF_011212705.1|NZ_CP048693.1|NZ_CP048693.1_2658,3,3,3
GCF_011212705.1|NZ_CP048693.1|NZ_CP048693.1_2661,6,3,7
GCF_011212705.1|NZ_CP048693.1|NZ_CP048693.1_2665,6,3,7
GCF_011212705.1|NZ_CP048693.1|NZ_CP048693.1_2667,2,2,2
GCF_011212705.1|NZ_CP048693.1|NZ_CP048693.1_2672,1,1,1
GCF_011212705.1|NZ_CP048693.1|NZ_CP048693.1_2674,1,1,1
GCF_011212705.1|NZ_CP048693.1|NZ_CP048693.1_2678,1,1,1
GCF_011212705.1|NZ_CP048693.1|NZ_CP048693.1_2680,1,1,1
GCF_011212705.1|NZ_CP048693.1|NZ_CP048693.1_2681,2,2,2
GCF_011212705.1|NZ_CP048693.1|NZ_CP048693.1_2689,1,1,1
GCF_011212705.1|NZ_CP048693.1|NZ_CP048693.1_2690,6,4,7
GCF_011212705.1|NZ_CP048693.1|NZ_CP048693.1_2691,6,5,6
GCF_011212705.1|NZ_CP048693.1|NZ_CP048693.1_2696,2,2,2
GCF_011212705.1|NZ_CP048693.1|NZ_CP048693.1_2701,14,6,17
GCF_011212705.1|NZ_CP048693.1|NZ_CP048693.1_2704,4,4,4
GCF_011212705.1|NZ_CP048693.1|NZ_CP048693.1_2710,1,1,1
GCF_013154935.1|NZ_CP053541.1|NZ_CP053541.1_1235,2,1,6
GCF_013154935.1|NZ_CP053541.1|NZ_CP053541.1_1240,3,2,3
GCF_013154935.1|NZ_CP053541.1|NZ_CP053541.1_1252,3,2,3
GCF_013154935.1|NZ_CP053541.1|NZ_CP053541.1_1253,3,2,3
GCF_013154935.1|NZ_CP053541.1|NZ_CP053541.1_1256,4,2,4
GCF_013154935.1|NZ_CP053541.1|NZ_CP053541.1_1258,1,1,1
GCF_013154935.1|NZ_CP053541.1|NZ_CP053541.1_1259,1,1,1
GCF_013154935.1|NZ_CP053541.1|NZ_CP053541.1_1260,1,1,1
GCF_013154935.1|NZ_CP053541.1|NZ_CP053541.1_1262,5,4,5
GCF_013154935.1|NZ_CP053541.1|NZ_CP053541.1_1263,1,1,1
GCF_013154935.1|NZ_CP053543.1|NZ_CP053543.1_725,3,2,3
GCF_013154935.1|NZ_CP053543.1|NZ_CP053543.1_726,6,5,6
GCF_013154935.1|NZ_CP053543.1|NZ_CP053543.1_727,3,1,3
GCF_013154935.1|NZ_CP053543.1|NZ_CP053543.1_739,7,5,7
GCF_013154935.1|NZ_CP053543.1|NZ_CP053543.1_743,6,2,6
GCF_013154935.1|NZ_CP053543.1|NZ_CP053543.1_745,5,2,5
GCF_013154935.1|NZ_CP053542.1|NZ_CP053542.1_111,1,1,1
GCF_013154935.1|NZ_CP053542.1|NZ_CP053542.1_113,3,3,3
GCF_013154935.1|NZ_CP053542.1|NZ_CP053542.1_116,2,2,2
GCF_013181325.1|NZ_CP053664.1|NZ_CP053664.1_2451,3,1,3
GCF_013181325.1|NZ_CP053665.1|NZ_CP053665.1_713,2,2,2
GCF_013181325.1|NZ_CP053665.1|NZ_CP053665.1_714,1,1,1
GCF_013357605.1|NZ_CP053795.1|NZ_CP053795.1_260,1,1,1
GCF_013357605.1|NZ_CP053795.1|NZ_CP053795.1_261,5,2,5
GCF_013357685.1|NZ_CP053803.1|NZ_CP053803.1_441,1,1,1
GCF_013357685.1|NZ_CP053803.1|NZ_CP053803.1_448,1,1,1
GCF_013357685.1|NZ_CP053803.1|NZ_CP053803.1_449,1,1,1
GCF_013357685.1|NZ_CP053803.1|NZ_CP053803.1_450,1,1,1
GCF_013357685.1|NZ_CP053803.1|NZ_CP053803.1_453,1,1,1
GCF_013357685.1|NZ_CP053803.1|NZ_CP053803.1_459,4,3,4
GCF_013357685.1|NZ_CP053803.1|NZ_CP053803.1_466,6,1,13
GCF_013357685.1|NZ_CP053803.1|NZ_CP053803.1_475,4,2,4
GCF_013357685.1|NZ_CP053803.1|NZ_CP053803.1_476,5,1,5
GCF_013357685.1|NZ_CP053803.1|NZ_CP053803.1_477,4,1,4
GCF_013357685.1|NZ_CP053803.1|NZ_CP053803.1_482,3,1,3
GCF_013357685.1|NZ_CP053803.1|NZ_CP053803.1_483,3,1,3
GCF_013357685.1|NZ_CP053803.1|NZ_CP053803.1_491,4,1,4
GCF_013357685.1|NZ_CP053803.1|NZ_CP053803.1_496,5,3,5
GCF_013357685.1|NZ_CP053803.1|NZ_CP053803.1_500,3,1,3
GCF_013357685.1|NZ_CP053803.1|NZ_CP053803.1_508,1,1,1
GCF_013357685.1|NZ_CP053803.1|NZ_CP053803.1_512,5,1,5
GCF_013357685.1|NZ_CP053803.1|NZ_CP053803.1_514,3,1,3
GCF_013357725.1|NZ_CP053805.1|NZ_CP053805.1_265,236,44,287
GCF_013357725.1|NZ_CP053805.1|NZ_CP053805.1_267,1,1,1
GCF_013357725.1|NZ_CP053805.1|NZ_CP053805.1_271,2,2,2
GCF_013357725.1|NZ_CP053805.1|NZ_CP053805.1_278,1,1,1
GCF_013357765.1|NZ_CP053809.1|NZ_CP053809.1_284,5,3,7
GCF_013357765.1|NZ_CP053809.1|NZ_CP053809.1_299,1,1,1
GCF_013357765.1|NZ_CP053809.1|NZ_CP053809.1_301,2,2,2
GCF_013357765.1|NZ_CP053809.1|NZ_CP053809.1_303,1,1,1
GCF_013357765.1|NZ_CP053809.1|NZ_CP053809.1_304,1,1,1
GCF_013357765.1|NZ_CP053809.1|NZ_CP053809.1_305,2,2,2
GCF_013357765.1|NZ_CP053809.1|NZ_CP053809.1_306,2,2,2
GCF_013357765.1|NZ_CP053809.1|NZ_CP053809.1_314,1,1,1
GCF_013357765.1|NZ_CP053809.1|NZ_CP053809.1_322,1,1,1
GCF_013357765.1|NZ_CP053809.1|NZ_CP053809.1_323,1,1,1
GCF_013357765.1|NZ_CP053809.1|NZ_CP053809.1_325,1,1,1
GCF_013357765.1|NZ_CP053809.1|NZ_CP053809.1_328,1,1,1
GCF_013357765.1|NZ_CP053809.1|NZ_CP053809.1_329,4,2,4
GCF_013357765.1|NZ_CP053809.1|NZ_CP053809.1_337,6,4,6
GCF_013357765.1|NZ_CP053809.1|NZ_CP053809.1_349,2,2,2
GCF_013357765.1|NZ_CP053809.1|NZ_CP053809.1_357,3,2,3
GCF_013357765.1|NZ_CP053809.1|NZ_CP053809.1_364,1,1,1
GCF_013357765.1|NZ_CP053809.1|NZ_CP053809.1_374,1,1,1
GCF_013357765.1|NZ_CP053809.1|NZ_CP053809.1_378,13,10,14
GCF_013357765.1|NZ_CP053809.1|NZ_CP053809.1_380,1,1,1
GCF_013357765.1|NZ_CP053809.1|NZ_CP053809.1_492,3,3,3
GCF_013357765.1|NZ_CP053809.1|NZ_CP053809.1_618,1,1,1
GCF_013357765.1|NZ_CP053809.1|NZ_CP053809.1_619,1,1,1
GCF_013357785.1|NZ_CP053811.1|NZ_CP053811.1_278,2,1,4
GCF_013357785.1|NZ_CP053811.1|NZ_CP053811.1_279,13,3,17
GCF_013357785.1|NZ_CP053811.1|NZ_CP053811.1_280,4,2,4
GCF_013357785.1|NZ_CP053811.1|NZ_CP053811.1_287,1,1,1
GCF_013357785.1|NZ_CP053811.1|NZ_CP053811.1_291,3,1,3
GCF_013357785.1|NZ_CP053811.1|NZ_CP053811.1_311,7,2,7
GCF_013357785.1|NZ_CP053811.1|NZ_CP053811.1_314,3,1,3
GCF_013357785.1|NZ_CP053811.1|NZ_CP053811.1_315,3,1,3
GCF_013357785.1|NZ_CP053811.1|NZ_CP053811.1_325,5,3,5
GCF_013357785.1|NZ_CP053811.1|NZ_CP053811.1_340,1,1,1
GCF_013357785.1|NZ_CP053811.1|NZ_CP053811.1_347,4,1,4
GCF_013357785.1|NZ_CP053811.1|NZ_CP053811.1_353,4,2,4
GCF_013357785.1|NZ_CP053811.1|NZ_CP053811.1_368,3,1,3
GCF_013357785.1|NZ_CP053811.1|NZ_CP053811.1_396,4,2,4
GCF_013357785.1|NZ_CP053811.1|NZ_CP053811.1_408,4,2,4
GCF_013357785.1|NZ_CP053811.1|NZ_CP053811.1_414,62,29,67
GCF_013357785.1|NZ_CP053811.1|NZ_CP053811.1_433,4,1,4
GCF_013357785.1|NZ_CP053811.1|NZ_CP053811.1_437,6,3,6
GCF_013357805.1|NZ_CP053814.1|NZ_CP053814.1_385,2,1,2
GCF_013357805.1|NZ_CP053814.1|NZ_CP053814.1_401,2,1,2
GCF_013357805.1|NZ_CP053814.1|NZ_CP053814.1_405,2,1,2
GCF_013357805.1|NZ_CP053814.1|NZ_CP053814.1_406,2,1,2
GCF_013357805.1|NZ_CP053814.1|NZ_CP053814.1_413,2,1,2
GCF_013357805.1|NZ_CP053814.1|NZ_CP053814.1_419,2,1,2
GCF_013357805.1|NZ_CP053814.1|NZ_CP053814.1_432,2,1,2
GCF_013357805.1|NZ_CP053814.1|NZ_CP053814.1_450,2,1,2
GCF_013357805.1|NZ_CP053814.1|NZ_CP053814.1_468,2,1,2
GCF_013357805.1|NZ_CP053814.1|NZ_CP053814.1_484,2,1,2
GCF_013357845.1|NZ_CP053817.1|NZ_CP053817.1_338,2,1,2
GCF_013357845.1|NZ_CP053817.1|NZ_CP053817.1_340,2,1,2
GCF_013357845.1|NZ_CP053817.1|NZ_CP053817.1_345,4,1,4
GCF_013357845.1|NZ_CP053817.1|NZ_CP053817.1_366,2,1,2
GCF_013357845.1|NZ_CP053817.1|NZ_CP053817.1_368,2,1,2
GCF_013357845.1|NZ_CP053817.1|NZ_CP053817.1_372,4,2,4
GCF_013357845.1|NZ_CP053817.1|NZ_CP053817.1_401,2,1,2
GCF_013357865.1|NZ_CP053821.1|NZ_CP053821.1_259,1,1,1
GCF_013357865.1|NZ_CP053821.1|NZ_CP053821.1_264,2,1,2
GCF_013357865.1|NZ_CP053821.1|NZ_CP053821.1_266,6,6,6
GCF_013357865.1|NZ_CP053821.1|NZ_CP053821.1_272,1,1,1
GCF_013357865.1|NZ_CP053821.1|NZ_CP053821.1_273,1,1,1
GCF_013357865.1|NZ_CP053821.1|NZ_CP053821.1_275,2,2,2
GCF_013357865.1|NZ_CP053821.1|NZ_CP053821.1_289,1,1,1
GCF_013357865.1|NZ_CP053821.1|NZ_CP053821.1_291,2,2,2
GCF_013357865.1|NZ_CP053821.1|NZ_CP053821.1_292,2,2,2
GCF_013357865.1|NZ_CP053821.1|NZ_CP053821.1_294,1,1,1
GCF_013357865.1|NZ_CP053821.1|NZ_CP053821.1_297,4,3,4
GCF_013357865.1|NZ_CP053821.1|NZ_CP053821.1_300,1,1,1
GCF_013357865.1|NZ_CP053821.1|NZ_CP053821.1_309,1,1,1
GCF_013357865.1|NZ_CP053821.1|NZ_CP053821.1_317,1,1,1
GCF_013357865.1|NZ_CP053821.1|NZ_CP053821.1_343,4,1,4
GCF_013393845.1|NZ_CP040100.1|NZ_CP040100.1_1705,1,1,1
GCF_013393845.1|NZ_CP040100.1|NZ_CP040100.1_1706,1,1,1
GCF_013393845.1|NZ_CP040100.1|NZ_CP040100.1_1712,2,2,2
GCF_013393845.1|NZ_CP040100.1|NZ_CP040100.1_1721,7,3,8
GCF_013393845.1|NZ_CP040100.1|NZ_CP040100.1_1725,1,1,1
GCF_013393845.1|NZ_CP040100.1|NZ_CP040100.1_1741,1,1,1
GCF_013393845.1|NZ_CP040100.1|NZ_CP040100.1_1745,1,1,1
GCF_013393845.1|NZ_CP040100.1|NZ_CP040100.1_1748,1,1,1
GCF_013393845.1|NZ_CP040100.1|NZ_CP040100.1_1753,3,2,3
GCF_013393845.1|NZ_CP040100.1|NZ_CP040100.1_1754,2,1,2
GCF_013393845.1|NZ_CP040100.1|NZ_CP040100.1_1756,3,1,4
GCF_013393845.1|NZ_CP040100.1|NZ_CP040100.1_1757,1,1,2
GCF_013393845.1|NZ_CP040100.1|NZ_CP040100.1_1768,1,1,1
GCF_013393845.1|NZ_CP040100.1|NZ_CP040100.1_1769,1,1,2
GCF_013393845.1|NZ_CP040100.1|NZ_CP040100.1_1775,16,5,19
GCF_013393845.1|NZ_CP040100.1|NZ_CP040100.1_1797,1,1,1
GCF_013393845.1|NZ_CP040100.1|NZ_CP040100.1_1799,1,1,1
GCF_013393865.1|NZ_CP040101.1|NZ_CP040101.1_1577,1,1,1
GCF_013393865.1|NZ_CP040101.1|NZ_CP040101.1_1579,1,1,1
GCF_013393865.1|NZ_CP040101.1|NZ_CP040101.1_1587,2,1,2
GCF_013393865.1|NZ_CP040101.1|NZ_CP040101.1_1590,2,2,2
GCF_013393865.1|NZ_CP040101.1|NZ_CP040101.1_1591,10,1,18
GCF_013393865.1|NZ_CP040101.1|NZ_CP040101.1_1593,4,2,4
GCF_013393865.1|NZ_CP040101.1|NZ_CP040101.1_1596,11,2,11
GCF_013393865.1|NZ_CP040101.1|NZ_CP040101.1_1599,9,1,9
GCF_013393885.1|NZ_CP040103.1|NZ_CP040103.1_1870,177,34,242
GCF_013393885.1|NZ_CP040103.1|NZ_CP040103.1_1877,2,2,2
GCF_013393885.1|NZ_CP040103.1|NZ_CP040103.1_1883,1,1,1
GCF_013393885.1|NZ_CP040103.1|NZ_CP040103.1_1907,1,1,1
GCF_013393885.1|NZ_CP040103.1|NZ_CP040103.1_1908,1,1,1
GCF_013393885.1|NZ_CP040103.1|NZ_CP040103.1_1911,2,2,2
GCF_013393885.1|NZ_CP040103.1|NZ_CP040103.1_1915,1,1,1
GCF_013393885.1|NZ_CP040103.1|NZ_CP040103.1_1916,2,2,2
GCF_013393885.1|NZ_CP040103.1|NZ_CP040103.1_1922,2,2,2
GCF_013393885.1|NZ_CP040103.1|NZ_CP040103.1_1927,1,1,1
GCF_013393885.1|NZ_CP040103.1|NZ_CP040103.1_1930,1,1,1
GCF_013393885.1|NZ_CP040103.1|NZ_CP040103.1_1937,1,1,1
GCF_014211935.1|NZ_CP060047.1|NZ_CP060047.1_265,1,1,2
GCF_014211935.1|NZ_CP060047.1|NZ_CP060047.1_266,1,1,1
GCF_014211935.1|NZ_CP060047.1|NZ_CP060047.1_271,1,1,1
GCF_014211935.1|NZ_CP060047.1|NZ_CP060047.1_280,1,1,1
GCF_014211935.1|NZ_CP060047.1|NZ_CP060047.1_286,1,1,1
GCF_014211935.1|NZ_CP060047.1|NZ_CP060047.1_295,1,1,1
GCF_014211935.1|NZ_CP060047.1|NZ_CP060047.1_296,1,1,1
GCF_014211935.1|NZ_CP060047.1|NZ_CP060047.1_301,1,1,1
GCF_014211935.1|NZ_CP060047.1|NZ_CP060047.1_323,1,1,1
GCF_014211935.1|NZ_CP060047.1|NZ_CP060047.1_325,1,1,1
GCF_014211935.1|NZ_CP060047.1|NZ_CP060047.1_329,3,3,3
GCF_014211935.1|NZ_CP060047.1|NZ_CP060047.1_332,1,1,1
GCF_014211935.1|NZ_CP060047.1|NZ_CP060047.1_349,1,1,1
GCF_014274185.1|NZ_CP060386.1|NZ_CP060386.1_1362,1,1,1
GCF_014274185.1|NZ_CP060386.1|NZ_CP060386.1_1372,2,2,2
GCF_014274185.1|NZ_CP060386.1|NZ_CP060386.1_1376,1,1,1
GCF_014274185.1|NZ_CP060386.1|NZ_CP060386.1_1377,3,2,3
GCF_014274185.1|NZ_CP060386.1|NZ_CP060386.1_1389,1,1,1
GCF_014274185.1|NZ_CP060386.1|NZ_CP060386.1_1393,1,1,1
GCF_014775695.1|NZ_CP061863.1|NZ_CP061863.1_64,3,1,3
GCF_014775695.1|NZ_CP061863.1|NZ_CP061863.1_65,3,1,3
GCF_014775695.1|NZ_CP061863.1|NZ_CP061863.1_66,3,1,3
GCF_014775695.1|NZ_CP061863.1|NZ_CP061863.1_67,3,1,3
GCF_014775695.1|NZ_CP061863.1|NZ_CP061863.1_68,3,1,3
GCF_014788305.1|NZ_CP061845.1|NZ_CP061845.1_9,1,1,4
GCF_014788305.1|NZ_CP061845.1|NZ_CP061845.1_10,1,1,4
GCF_014788305.1|NZ_CP061845.1|NZ_CP061845.1_13,1,1,3
GCF_014788305.1|NZ_CP061845.1|NZ_CP061845.1_26,1,1,1
GCF_014788305.1|NZ_CP061845.1|NZ_CP061845.1_34,6,5,7
GCF_014788305.1|NZ_CP061845.1|NZ_CP061845.1_35,2,2,15
GCF_014788305.1|NZ_CP061845.1|NZ_CP061845.1_37,1,1,1
GCF_014788305.1|NZ_CP061845.1|NZ_CP061845.1_48,1,1,1
GCF_014788305.1|NZ_CP061845.1|NZ_CP061845.1_54,1,1,1
GCF_015168795.1|NZ_CP063420.1|NZ_CP063420.1_2619,2,1,2
GCF_015168795.1|NZ_CP063420.1|NZ_CP063420.1_2620,6,2,6
GCF_015168795.1|NZ_CP063420.1|NZ_CP063420.1_2621,2,1,2
GCF_015168795.1|NZ_CP063420.1|NZ_CP063420.1_2622,2,1,2
GCF_015168795.1|NZ_CP063420.1|NZ_CP063420.1_2623,2,1,2
GCF_015168795.1|NZ_CP063420.1|NZ_CP063420.1_2625,2,1,2
GCF_015168795.1|NZ_CP063421.1|NZ_CP063421.1_135,5,1,5
GCF_015168795.1|NZ_CP063421.1|NZ_CP063421.1_146,6,1,7
GCF_015168795.1|NZ_CP063421.1|NZ_CP063421.1_160,5,3,7
GCF_015168795.1|NZ_CP063421.1|NZ_CP063421.1_161,7,6,7
GCF_015168795.1|NZ_CP063421.1|NZ_CP063421.1_162,3,1,3
GCF_015168795.1|NZ_CP063421.1|NZ_CP063421.1_182,4,1,6
GCF_015168795.1|NZ_CP063421.1|NZ_CP063421.1_192,3,1,3
GCF_015168795.1|NZ_CP063421.1|NZ_CP063421.1_195,4,1,5
GCF_015168795.1|NZ_CP063421.1|NZ_CP063421.1_209,3,1,3
GCF_015767675.1|NZ_CP065217.1|NZ_CP065217.1_1526,1,1,1
GCF_015767675.1|NZ_CP065217.1|NZ_CP065217.1_1530,1,1,11
GCF_015767675.1|NZ_CP065217.1|NZ_CP065217.1_1533,1,1,4
GCF_015767675.1|NZ_CP065217.1|NZ_CP065217.1_1537,2,2,2
GCF_015767675.1|NZ_CP065217.1|NZ_CP065217.1_1600,1,1,1
GCF_015767675.1|NZ_CP065217.1|NZ_CP065217.1_1601,1,1,3
GCF_015767675.1|NZ_CP065217.1|NZ_CP065217.1_1606,1,1,1
GCF_015767675.1|NZ_CP065217.1|NZ_CP065217.1_1607,1,1,1
GCF_015767675.1|NZ_CP065217.1|NZ_CP065217.1_1617,1,1,1
GCF_015767675.1|NZ_CP065217.1|NZ_CP065217.1_1622,1,1,1
GCF_015767675.1|NZ_CP065217.1|NZ_CP065217.1_1645,1,1,1
GCF_015767675.1|NZ_CP065217.1|NZ_CP065217.1_1650,3,3,4
GCF_015767675.1|NZ_CP065217.1|NZ_CP065217.1_1660,52,13,62
GCF_015767675.1|NZ_CP065217.1|NZ_CP065217.1_1664,1,1,1
GCF_015767675.1|NZ_CP065217.1|NZ_CP065217.1_1672,1,1,1
GCF_015767675.1|NZ_CP065217.1|NZ_CP065217.1_1674,8,5,16
GCF_015767675.1|NZ_CP065217.1|NZ_CP065217.1_1675,1,1,1
GCF_015767675.1|NZ_CP065217.1|NZ_CP065217.1_1676,1,1,1
GCF_015767675.1|NZ_CP065217.1|NZ_CP065217.1_1677,1,1,1
GCF_015767675.1|NZ_CP065217.1|NZ_CP065217.1_1683,7,4,7
GCF_019458465.1|NZ_CP080463.1|NZ_CP080463.1_226,6,3,7
GCF_019458465.1|NZ_CP080464.1|NZ_CP080464.1_28,112,18,114
GCF_019670025.1|NZ_AP019849.1|NZ_AP019849.1_1540,1,1,1
GCF_019670025.1|NZ_AP019849.1|NZ_AP019849.1_1545,1,1,1
GCF_019670025.1|NZ_AP019849.1|NZ_AP019849.1_1546,1,1,1
GCF_019670025.1|NZ_AP019849.1|NZ_AP019849.1_1551,3,2,3
GCF_019670025.1|NZ_AP019849.1|NZ_AP019849.1_1552,8,3,8
GCF_019670025.1|NZ_AP019849.1|NZ_AP019849.1_1556,1,1,1
GCF_019670025.1|NZ_AP019849.1|NZ_AP019849.1_1567,1,1,1
GCF_019670025.1|NZ_AP019849.1|NZ_AP019849.1_1569,1,1,2
GCF_019670025.1|NZ_AP019849.1|NZ_AP019849.1_1572,5,5,5
GCF_019670025.1|NZ_AP019849.1|NZ_AP019849.1_1574,1,1,1
GCF_019670025.1|NZ_AP019849.1|NZ_AP019849.1_1578,3,3,3
GCF_019670025.1|NZ_AP019849.1|NZ_AP019849.1_1594,1,1,1
GCF_019670025.1|NZ_AP019849.1|NZ_AP019849.1_1595,2,2,2
GCF_019670025.1|NZ_AP019849.1|NZ_AP019849.1_1597,1,1,2
GCF_019670025.1|NZ_AP019849.1|NZ_AP019849.1_1598,2,2,2
GCF_019977815.1|NZ_AP025153.1|NZ_AP025153.1_1469,1,1,2
GCF_019977815.1|NZ_AP025153.1|NZ_AP025153.1_1479,1,1,1
GCF_019977815.1|NZ_AP025153.1|NZ_AP025153.1_1578,5,2,5
GCF_019977835.1|NZ_AP025155.1|NZ_AP025155.1_1471,6,4,8
GCF_019977835.1|NZ_AP025156.1|NZ_AP025156.1_1467,2,1,2
GCF_020806305.2|NZ_CP170176.1|NZ_CP170176.1_229,2,2,2
GCF_020806305.2|NZ_CP170176.1|NZ_CP170176.1_230,1,1,1
GCF_021249365.1|NZ_CP089603.1|NZ_CP089603.1_1995,4,3,4
GCF_021249365.1|NZ_CP089605.1|NZ_CP089605.1_552,3,1,4
GCF_021249365.1|NZ_CP089605.1|NZ_CP089605.1_553,3,2,3
GCF_021249365.1|NZ_CP089605.1|NZ_CP089605.1_559,3,2,3
GCF_021249365.1|NZ_CP089605.1|NZ_CP089605.1_561,4,3,4
GCF_021249365.1|NZ_CP089605.1|NZ_CP089605.1_563,1,1,1
GCF_021249365.1|NZ_CP089605.1|NZ_CP089605.1_564,1,1,1
GCF_021249365.1|NZ_CP089605.1|NZ_CP089605.1_912,5,2,5
GCF_021249365.1|NZ_CP089605.1|NZ_CP089605.1_913,3,1,3
GCF_021249365.1|NZ_CP089604.1|NZ_CP089604.1_172,5,3,5
GCF_021391375.1|NZ_CP090019.1|NZ_CP090019.1_1069,1,1,1
GCF_021391375.1|NZ_CP090019.1|NZ_CP090019.1_1070,1,1,1
GCF_021391375.1|NZ_CP090019.1|NZ_CP090019.1_1073,1,1,1
GCF_021391375.1|NZ_CP090019.1|NZ_CP090019.1_1079,1,1,1
GCF_021391375.1|NZ_CP090019.1|NZ_CP090019.1_1313,4,4,4
GCF_021391375.1|NZ_CP090019.1|NZ_CP090019.1_1323,20,10,20
GCF_021391375.1|NZ_CP090020.1|NZ_CP090020.1_269,2,2,2
GCF_021391375.1|NZ_CP090020.1|NZ_CP090020.1_271,1,1,1
GCF_021391375.1|NZ_CP090020.1|NZ_CP090020.1_274,1,1,1
GCF_021391375.1|NZ_CP090020.1|NZ_CP090020.1_356,1,1,1
GCF_021391375.1|NZ_CP090020.1|NZ_CP090020.1_358,1,1,1
GCF_021391375.1|NZ_CP090020.1|NZ_CP090020.1_359,1,1,1
GCF_021391375.1|NZ_CP090020.1|NZ_CP090020.1_361,2,2,2
GCF_021391375.1|NZ_CP090020.1|NZ_CP090020.1_362,1,1,1
GCF_021391375.1|NZ_CP090020.1|NZ_CP090020.1_363,1,1,1
GCF_021431945.1|NZ_CP090386.1|NZ_CP090386.1_910,1,1,1
GCF_021431945.1|NZ_CP090386.1|NZ_CP090386.1_915,1,1,1
GCF_021431945.1|NZ_CP090386.1|NZ_CP090386.1_916,1,1,1
GCF_021431945.1|NZ_CP090386.1|NZ_CP090386.1_921,7,3,9
GCF_021431945.1|NZ_CP090386.1|NZ_CP090386.1_926,5,3,5
GCF_021431945.1|NZ_CP090386.1|NZ_CP090386.1_942,100,17,100
GCF_021431945.1|NZ_CP090386.1|NZ_CP090386.1_973,5,4,7
GCF_021431945.1|NZ_CP090386.1|NZ_CP090386.1_974,1,1,1
GCF_021431945.1|NZ_CP090386.1|NZ_CP090386.1_976,1,1,1
GCF_021431945.1|NZ_CP090386.1|NZ_CP090386.1_977,1,1,1
GCF_021431945.1|NZ_CP090386.1|NZ_CP090386.1_978,1,1,1
GCF_021431945.1|NZ_CP090386.1|NZ_CP090386.1_986,1,1,1
GCF_021432065.1|NZ_CP090364.1|NZ_CP090364.1_1748,1,1,1
GCF_021432065.1|NZ_CP090364.1|NZ_CP090364.1_1749,1,1,1
GCF_021432065.1|NZ_CP090364.1|NZ_CP090364.1_1750,1,1,1
GCF_021432065.1|NZ_CP090364.1|NZ_CP090364.1_1751,1,1,1
GCF_021432065.1|NZ_CP090365.1|NZ_CP090365.1_277,3,3,3
GCF_021441885.1|NZ_CP090438.1|NZ_CP090438.1_1403,1,1,1
GCF_021441885.1|NZ_CP090438.1|NZ_CP090438.1_1404,9,6,9
GCF_021441885.1|NZ_CP090438.1|NZ_CP090438.1_1405,1,1,1
GCF_021441885.1|NZ_CP090438.1|NZ_CP090438.1_1407,1,1,1
GCF_021441885.1|NZ_CP090438.1|NZ_CP090438.1_1408,1,1,1
GCF_021730085.1|NZ_CP068641.1|NZ_CP068641.1_1300,1,1,1
GCF_021730085.1|NZ_CP068641.1|NZ_CP068641.1_1317,7,4,8
GCF_021730085.1|NZ_CP068641.1|NZ_CP068641.1_1319,2,1,2
GCF_021730085.1|NZ_CP068641.1|NZ_CP068641.1_1320,2,1,2
GCF_021730085.1|NZ_CP068641.1|NZ_CP068641.1_1332,1,1,1
GCF_021730085.1|NZ_CP068641.1|NZ_CP068641.1_1333,2,2,2
GCF_021730085.1|NZ_CP068641.1|NZ_CP068641.1_1336,2,2,2
GCF_021730085.1|NZ_CP068641.1|NZ_CP068641.1_1344,51,15,73
GCF_021730085.1|NZ_CP068641.1|NZ_CP068641.1_1348,5,5,5
GCF_021730085.1|NZ_CP068641.1|NZ_CP068641.1_1351,1,1,1
GCF_021730085.1|NZ_CP068641.1|NZ_CP068641.1_1357,5,5,6
GCF_021730085.1|NZ_CP068641.1|NZ_CP068641.1_1368,8,2,8
GCF_022343105.1|NZ_CP082309.1|NZ_CP082309.1_11,2,2,2
GCF_022343105.1|NZ_CP082309.1|NZ_CP082309.1_12,10,7,11
GCF_022343125.1|NZ_CP082310.1|NZ_CP082310.1_1690,10,2,10
GCF_022343125.1|NZ_CP082310.1|NZ_CP082310.1_1694,1,1,1
GCF_022343125.1|NZ_CP082310.1|NZ_CP082310.1_1695,1,1,1
GCF_022343125.1|NZ_CP082310.1|NZ_CP082310.1_1696,1,1,1
GCF_022343125.1|NZ_CP082310.1|NZ_CP082310.1_1698,5,3,5
GCF_022343125.1|NZ_CP082310.1|NZ_CP082310.1_1700,1,1,1
GCF_022343125.1|NZ_CP082310.1|NZ_CP082310.1_1706,2,2,2
GCF_022343125.1|NZ_CP082310.1|NZ_CP082310.1_1755,2,2,2
GCF_022343125.1|NZ_CP082310.1|NZ_CP082310.1_1756,1,1,1
GCF_022343125.1|NZ_CP082310.1|NZ_CP082310.1_1757,1,1,1
GCF_022343125.1|NZ_CP082310.1|NZ_CP082310.1_1760,1,1,1
GCF_022343125.1|NZ_CP082310.1|NZ_CP082310.1_1765,4,1,4
GCF_022343125.1|NZ_CP082310.1|NZ_CP082310.1_1781,1,1,1
GCF_022343125.1|NZ_CP082310.1|NZ_CP082310.1_1787,4,3,4
GCF_022343125.1|NZ_CP082310.1|NZ_CP082310.1_1788,1,1,1
GCF_022343125.1|NZ_CP082310.1|NZ_CP082310.1_1794,1,1,1
GCF_022343125.1|NZ_CP082310.1|NZ_CP082310.1_1795,1,1,1
GCF_022343145.1|NZ_CP082313.1|NZ_CP082313.1_1163,1,1,1
GCF_022343145.1|NZ_CP082313.1|NZ_CP082313.1_1169,4,4,4
GCF_022343145.1|NZ_CP082313.1|NZ_CP082313.1_1171,1,1,1
GCF_022343145.1|NZ_CP082313.1|NZ_CP082313.1_1172,2,2,2
GCF_022343145.1|NZ_CP082313.1|NZ_CP082313.1_1173,1,1,1
GCF_022371215.1|NZ_CP092385.1|NZ_CP092385.1_512,2,2,2
GCF_022371215.1|NZ_CP092385.1|NZ_CP092385.1_513,1,1,1
GCF_022453845.1|NZ_CP092682.1|NZ_CP092682.1_1249,1,1,1
GCF_022453845.1|NZ_CP092682.1|NZ_CP092682.1_1252,6,6,6
GCF_022453845.1|NZ_CP092682.1|NZ_CP092682.1_1254,1,1,1
GCF_022453845.1|NZ_CP092682.1|NZ_CP092682.1_1270,1,1,1
GCF_022453845.1|NZ_CP092682.1|NZ_CP092682.1_1271,1,1,1
GCF_022453845.1|NZ_CP092682.1|NZ_CP092682.1_1273,3,3,4
GCF_022453845.1|NZ_CP092682.1|NZ_CP092682.1_1282,1,1,1
GCF_022453845.1|NZ_CP092682.1|NZ_CP092682.1_1283,2,2,2
GCF_022453845.1|NZ_CP092682.1|NZ_CP092682.1_1287,4,3,4
GCF_022453845.1|NZ_CP092682.1|NZ_CP092682.1_1288,1,1,1
GCF_022453845.1|NZ_CP092682.1|NZ_CP092682.1_1290,1,1,1
GCF_022453845.1|NZ_CP092682.1|NZ_CP092682.1_1294,3,2,3
GCF_022453845.1|NZ_CP092682.1|NZ_CP092682.1_1295,1,1,1
GCF_022453845.1|NZ_CP092682.1|NZ_CP092682.1_1302,16,2,16
GCF_022811945.1|NZ_CP089201.1|NZ_CP089201.1_2799,1,1,1
GCF_022811945.1|NZ_CP089201.1|NZ_CP089201.1_2801,1,1,1
GCF_022811945.1|NZ_CP089202.1|NZ_CP089202.1_1026,6,2,6
GCF_022811945.1|NZ_CP089202.1|NZ_CP089202.1_1034,1,1,1
GCF_022811945.1|NZ_CP089202.1|NZ_CP089202.1_1043,1,1,1
GCF_022811945.1|NZ_CP089202.1|NZ_CP089202.1_1044,1,1,1
GCF_023169625.1|NZ_AP023187.1|NZ_AP023187.1_1993,2,2,2
GCF_023169625.1|NZ_AP023187.1|NZ_AP023187.1_1996,2,2,2
GCF_023169625.1|NZ_AP023187.1|NZ_AP023187.1_1997,32,13,34
GCF_023169825.1|NZ_AP024968.1|NZ_AP024968.1_258,5,3,8
GCF_023169825.1|NZ_AP024968.1|NZ_AP024968.1_277,4,2,5
GCF_023169825.1|NZ_AP024968.1|NZ_AP024968.1_279,1,1,1
GCF_023169825.1|NZ_AP024968.1|NZ_AP024968.1_299,4,3,4
GCF_023169825.1|NZ_AP024968.1|NZ_AP024968.1_302,4,2,4
GCF_023205915.1|NZ_CP064035.1|NZ_CP064035.1_1707,8,5,8
GCF_023205915.1|NZ_CP064035.1|NZ_CP064035.1_1713,2,1,2
GCF_023205915.1|NZ_CP064035.1|NZ_CP064035.1_1716,1,1,1
GCF_023205915.1|NZ_CP064035.1|NZ_CP064035.1_1718,1,1,1
GCF_023205955.1|NZ_CP064041.1|NZ_CP064041.1_1194,4,2,4
GCF_023205955.1|NZ_CP064041.1|NZ_CP064041.1_1195,3,1,4
GCF_023205955.1|NZ_CP064041.1|NZ_CP064041.1_1197,4,1,4
GCF_023205955.1|NZ_CP064041.1|NZ_CP064041.1_1201,3,1,3
GCF_023205955.1|NZ_CP064041.1|NZ_CP064041.1_1214,3,2,4
GCF_023205955.1|NZ_CP064041.1|NZ_CP064041.1_1262,1,1,1
GCF_023205955.1|NZ_CP064041.1|NZ_CP064041.1_1264,1,1,1
GCF_023205955.1|NZ_CP064041.1|NZ_CP064041.1_1272,16,2,18
GCF_023205955.1|NZ_CP064041.1|NZ_CP064041.1_1273,16,7,21
GCF_023205955.1|NZ_CP064041.1|NZ_CP064041.1_1275,4,2,4
GCF_023205955.1|NZ_CP064041.1|NZ_CP064041.1_1278,4,1,4
GCF_023205955.1|NZ_CP064041.1|NZ_CP064041.1_1296,3,1,3
GCF_023205955.1|NZ_CP064041.1|NZ_CP064041.1_1297,3,1,3
GCF_023205955.1|NZ_CP064041.1|NZ_CP064041.1_1308,3,1,3
GCF_023205955.1|NZ_CP064041.1|NZ_CP064041.1_1313,4,2,4
GCF_023205955.1|NZ_CP064041.1|NZ_CP064041.1_1314,3,1,3
GCF_023277445.1|NZ_CP080238.1|NZ_CP080238.1_194,1,1,1
GCF_023277445.1|NZ_CP080238.1|NZ_CP080238.1_195,1,1,1
GCF_023277445.1|NZ_CP080238.1|NZ_CP080238.1_196,1,1,1
GCF_023277445.1|NZ_CP080238.1|NZ_CP080238.1_197,1,1,1
GCF_023277445.1|NZ_CP080238.1|NZ_CP080238.1_199,1,1,1
GCF_023277445.1|NZ_CP080238.1|NZ_CP080238.1_204,3,2,3
GCF_023277445.1|NZ_CP080238.1|NZ_CP080238.1_206,1,1,1
GCF_023277445.1|NZ_CP080238.1|NZ_CP080238.1_211,2,2,2
GCF_023277445.1|NZ_CP080238.1|NZ_CP080238.1_212,1,1,1
GCF_023277445.1|NZ_CP080238.1|NZ_CP080238.1_213,1,1,1
GCF_023277445.1|NZ_CP080238.1|NZ_CP080238.1_215,1,1,1
GCF_023277445.1|NZ_CP080238.1|NZ_CP080238.1_216,1,1,1
GCF_023277445.1|NZ_CP080238.1|NZ_CP080238.1_220,1,1,1
GCF_023277445.1|NZ_CP080238.1|NZ_CP080238.1_221,2,2,2
GCF_023277445.1|NZ_CP080238.1|NZ_CP080238.1_222,1,1,1
GCF_023277445.1|NZ_CP080238.1|NZ_CP080238.1_223,1,1,1
GCF_023277445.1|NZ_CP080238.1|NZ_CP080238.1_226,3,3,3
GCF_023277445.1|NZ_CP080238.1|NZ_CP080238.1_231,2,2,2
GCF_023277445.1|NZ_CP080238.1|NZ_CP080238.1_232,1,1,1
GCF_023277445.1|NZ_CP080238.1|NZ_CP080238.1_234,1,1,1
GCF_023277445.1|NZ_CP080238.1|NZ_CP080238.1_238,1,1,1
GCF_023277445.1|NZ_CP080238.1|NZ_CP080238.1_240,1,1,2
GCF_023277445.1|NZ_CP080238.1|NZ_CP080238.1_242,1,1,2
GCF_023277445.1|NZ_CP080238.1|NZ_CP080238.1_243,6,5,6
GCF_023277445.1|NZ_CP080238.1|NZ_CP080238.1_244,12,4,12
GCF_023277445.1|NZ_CP080238.1|NZ_CP080238.1_245,1,1,1
GCF_023277445.1|NZ_CP080238.1|NZ_CP080238.1_246,1,1,1
GCF_023277445.1|NZ_CP080238.1|NZ_CP080238.1_247,3,3,3
GCF_023277445.1|NZ_CP080238.1|NZ_CP080238.1_248,16,6,22
GCF_023277445.1|NZ_CP080238.1|NZ_CP080238.1_255,1,1,1
GCF_023277445.1|NZ_CP080238.1|NZ_CP080238.1_257,3,3,3
GCF_023503985.1|NZ_CP097293.1|NZ_CP097293.1_1345,1,1,1
GCF_023503985.1|NZ_CP097293.1|NZ_CP097293.1_1346,1,1,1
GCF_023503985.1|NZ_CP097293.1|NZ_CP097293.1_1348,1,1,1
GCF_023503985.1|NZ_CP097293.1|NZ_CP097293.1_1353,1,1,1
GCF_023503985.1|NZ_CP097293.1|NZ_CP097293.1_1355,1,1,1
GCF_023503985.1|NZ_CP097293.1|NZ_CP097293.1_1768,4,4,4
GCF_023503985.1|NZ_CP097293.1|NZ_CP097293.1_1769,7,6,7
GCF_023503985.1|NZ_CP097293.1|NZ_CP097293.1_1770,2,2,2
GCF_023650755.1|NZ_CP071840.1|NZ_CP071840.1_1165,1,1,1
GCF_023650755.1|NZ_CP071840.1|NZ_CP071840.1_1166,1,1,1
GCF_023650755.1|NZ_CP071840.1|NZ_CP071840.1_1174,1,1,1
GCF_023650755.1|NZ_CP071840.1|NZ_CP071840.1_1175,1,1,1
GCF_023716545.1|NZ_CP071845.1|NZ_CP071845.1_1179,4,4,4
GCF_023716545.1|NZ_CP071845.1|NZ_CP071845.1_1180,4,4,8
GCF_023716545.1|NZ_CP071845.1|NZ_CP071845.1_1181,17,12,23
GCF_023716545.1|NZ_CP071845.1|NZ_CP071845.1_1183,10,5,10
GCF_023716545.1|NZ_CP071845.1|NZ_CP071845.1_1184,4,4,9
GCF_023716545.1|NZ_CP071845.1|NZ_CP071845.1_1185,4,4,8
GCF_023716545.1|NZ_CP071845.1|NZ_CP071845.1_1189,5,5,5
GCF_023716545.1|NZ_CP071845.1|NZ_CP071845.1_1191,4,4,4
GCF_023716545.1|NZ_CP071845.1|NZ_CP071845.1_1197,4,4,4
GCF_023716545.1|NZ_CP071845.1|NZ_CP071845.1_1199,39,10,50
GCF_023716545.1|NZ_CP071845.1|NZ_CP071845.1_1203,4,4,4
GCF_023716545.1|NZ_CP071845.1|NZ_CP071845.1_1209,4,4,8
GCF_023716545.1|NZ_CP071845.1|NZ_CP071845.1_1210,17,13,21
GCF_023716545.1|NZ_CP071845.1|NZ_CP071845.1_1211,4,4,4
GCF_023716545.1|NZ_CP071845.1|NZ_CP071845.1_1215,4,4,4
GCF_023716545.1|NZ_CP071845.1|NZ_CP071845.1_1221,4,4,4
GCF_023716545.1|NZ_CP071845.1|NZ_CP071845.1_1222,4,4,4
GCF_023716545.1|NZ_CP071845.1|NZ_CP071845.1_1223,4,4,4
GCF_023716545.1|NZ_CP071845.1|NZ_CP071845.1_1225,5,5,9
GCF_023716545.1|NZ_CP071845.1|NZ_CP071845.1_1226,6,6,6
GCF_023716545.1|NZ_CP071845.1|NZ_CP071845.1_1228,8,5,12
GCF_023716545.1|NZ_CP071845.1|NZ_CP071845.1_1230,4,4,4
GCF_023716545.1|NZ_CP071845.1|NZ_CP071845.1_1233,5,5,5
GCF_023716545.1|NZ_CP071845.1|NZ_CP071845.1_1234,6,5,6
GCF_023716545.1|NZ_CP071845.1|NZ_CP071845.1_1235,8,5,8
GCF_023716545.1|NZ_CP071845.1|NZ_CP071845.1_1236,9,7,10
GCF_023716545.1|NZ_CP071845.1|NZ_CP071845.1_1237,6,5,6
GCF_023716545.1|NZ_CP071845.1|NZ_CP071845.1_1238,5,4,5
GCF_023716545.1|NZ_CP071845.1|NZ_CP071845.1_1243,5,5,5
GCF_023716545.1|NZ_CP071845.1|NZ_CP071845.1_1245,4,4,4
GCF_023716545.1|NZ_CP071845.1|NZ_CP071845.1_1246,4,4,4
GCF_023716545.1|NZ_CP071845.1|NZ_CP071845.1_1248,4,4,9
GCF_023716545.1|NZ_CP071845.1|NZ_CP071845.1_1250,4,4,9
GCF_023716545.1|NZ_CP071845.1|NZ_CP071845.1_1252,4,4,4
GCF_023716545.1|NZ_CP071845.1|NZ_CP071845.1_1253,5,5,9
GCF_023716545.1|NZ_CP071845.1|NZ_CP071845.1_1254,4,4,4
GCF_023716545.1|NZ_CP071845.1|NZ_CP071845.1_1255,6,5,6
GCF_023716545.1|NZ_CP071845.1|NZ_CP071845.1_1258,4,4,4
GCF_023716545.1|NZ_CP071845.1|NZ_CP071845.1_1259,4,4,8
GCF_023716545.1|NZ_CP071845.1|NZ_CP071845.1_1260,4,4,4
GCF_023716545.1|NZ_CP071845.1|NZ_CP071845.1_1264,4,4,4
GCF_023716545.1|NZ_CP071845.1|NZ_CP071845.1_1266,9,8,10
GCF_023716545.1|NZ_CP071845.1|NZ_CP071845.1_1267,5,5,6
GCF_023716545.1|NZ_CP071845.1|NZ_CP071845.1_1271,4,4,5
GCF_023716545.1|NZ_CP071845.1|NZ_CP071845.1_1274,4,4,13
GCF_023716545.1|NZ_CP071845.1|NZ_CP071845.1_1275,5,5,6
GCF_023716545.1|NZ_CP071845.1|NZ_CP071845.1_1276,4,4,5
GCF_023716545.1|NZ_CP071845.1|NZ_CP071845.1_1277,4,4,4
GCF_023716645.1|NZ_CP071857.1|NZ_CP071857.1_1320,1,1,1
GCF_023716645.1|NZ_CP071857.1|NZ_CP071857.1_1321,1,1,1
GCF_023716645.1|NZ_CP071857.1|NZ_CP071857.1_1336,6,5,7
GCF_023716645.1|NZ_CP071857.1|NZ_CP071857.1_1338,1,1,1
GCF_023716645.1|NZ_CP071857.1|NZ_CP071857.1_1347,1,1,1
GCF_023716645.1|NZ_CP071857.1|NZ_CP071857.1_1348,1,1,1
GCF_024220035.1|NZ_CP100423.1|NZ_CP100423.1_1586,1,1,1
GCF_024220035.1|NZ_CP100423.1|NZ_CP100423.1_1589,1,1,1
GCF_024220035.1|NZ_CP100423.1|NZ_CP100423.1_1590,1,1,1
GCF_024220035.1|NZ_CP100423.1|NZ_CP100423.1_1591,1,1,1
GCF_024220035.1|NZ_CP100423.1|NZ_CP100423.1_1594,1,1,1
GCF_024220035.1|NZ_CP100423.1|NZ_CP100423.1_1596,2,2,2
GCF_024220035.1|NZ_CP100423.1|NZ_CP100423.1_1597,2,2,2
GCF_024220035.1|NZ_CP100423.1|NZ_CP100423.1_1600,1,1,1
GCF_024220035.1|NZ_CP100423.1|NZ_CP100423.1_1603,1,1,1
GCF_024220035.1|NZ_CP100423.1|NZ_CP100423.1_1605,3,3,4
GCF_024220035.1|NZ_CP100423.1|NZ_CP100423.1_1606,1,1,1
GCF_024220035.1|NZ_CP100423.1|NZ_CP100423.1_1607,1,1,1
GCF_024220035.1|NZ_CP100423.1|NZ_CP100423.1_1608,1,1,1
GCF_024220035.1|NZ_CP100423.1|NZ_CP100423.1_1609,1,1,1
GCF_024220035.1|NZ_CP100423.1|NZ_CP100423.1_1616,2,1,2
GCF_024220035.1|NZ_CP100423.1|NZ_CP100423.1_1618,1,1,1
GCF_024220035.1|NZ_CP100423.1|NZ_CP100423.1_1619,1,1,1
GCF_024220035.1|NZ_CP100423.1|NZ_CP100423.1_1224,3,2,3
GCF_024220035.1|NZ_CP100423.1|NZ_CP100423.1_1225,3,2,3
GCF_024346675.1|NZ_AP024851.1|NZ_AP024851.1_728,1,1,1
GCF_024346675.1|NZ_AP024851.1|NZ_AP024851.1_729,1,1,1
GCF_024346675.1|NZ_AP024851.1|NZ_AP024851.1_730,2,2,2
GCF_024346675.1|NZ_AP024851.1|NZ_AP024851.1_731,1,1,1
GCF_024346675.1|NZ_AP024851.1|NZ_AP024851.1_734,2,2,3
GCF_024346675.1|NZ_AP024851.1|NZ_AP024851.1_735,1,1,3
GCF_024346675.1|NZ_AP024851.1|NZ_AP024851.1_736,2,2,2
GCF_024346675.1|NZ_AP024851.1|NZ_AP024851.1_738,1,1,1
GCF_024346675.1|NZ_AP024851.1|NZ_AP024851.1_740,24,7,26
GCF_024346675.1|NZ_AP024851.1|NZ_AP024851.1_741,1,1,1
GCF_024346675.1|NZ_AP024851.1|NZ_AP024851.1_742,1,1,1
GCF_024346675.1|NZ_AP024851.1|NZ_AP024851.1_744,1,1,1
GCF_024346675.1|NZ_AP024851.1|NZ_AP024851.1_745,1,1,1
GCF_024346675.1|NZ_AP024851.1|NZ_AP024851.1_748,1,1,1
GCF_024346675.1|NZ_AP024851.1|NZ_AP024851.1_749,2,2,2
GCF_024346675.1|NZ_AP024851.1|NZ_AP024851.1_751,4,4,4
GCF_024346675.1|NZ_AP024851.1|NZ_AP024851.1_752,1,1,1
GCF_024346675.1|NZ_AP024851.1|NZ_AP024851.1_755,1,1,2
GCF_024346675.1|NZ_AP024851.1|NZ_AP024851.1_757,1,1,1
GCF_024346675.1|NZ_AP024851.1|NZ_AP024851.1_758,1,1,1
GCF_024346675.1|NZ_AP024851.1|NZ_AP024851.1_759,1,1,1
GCF_024346715.1|NZ_AP024852.1|NZ_AP024852.1_1545,3,2,3
GCF_024346715.1|NZ_AP024852.1|NZ_AP024852.1_1546,2,2,2
GCF_024346715.1|NZ_AP024852.1|NZ_AP024852.1_1547,1,1,1
GCF_024346715.1|NZ_AP024852.1|NZ_AP024852.1_1548,1,1,1
GCF_024346715.1|NZ_AP024852.1|NZ_AP024852.1_1550,1,1,1
GCF_024346715.1|NZ_AP024852.1|NZ_AP024852.1_1552,1,1,1
GCF_024346715.1|NZ_AP024852.1|NZ_AP024852.1_1553,1,1,1
GCF_024346715.1|NZ_AP024853.1|NZ_AP024853.1_425,1,1,1
GCF_024346715.1|NZ_AP024853.1|NZ_AP024853.1_426,1,1,1
GCF_024346715.1|NZ_AP024853.1|NZ_AP024853.1_427,1,1,1
GCF_024347295.1|NZ_AP025459.1|NZ_AP025459.1_1105,1,1,1
GCF_024347295.1|NZ_AP025459.1|NZ_AP025459.1_1109,2,2,2
GCF_024347295.1|NZ_AP025459.1|NZ_AP025459.1_1113,1,1,1
GCF_024347295.1|NZ_AP025459.1|NZ_AP025459.1_1115,3,3,4
GCF_024347295.1|NZ_AP025459.1|NZ_AP025459.1_1122,2,2,2
GCF_024347295.1|NZ_AP025459.1|NZ_AP025459.1_1125,1,1,1
GCF_024347295.1|NZ_AP025459.1|NZ_AP025459.1_1126,1,1,1
GCF_024347295.1|NZ_AP025459.1|NZ_AP025459.1_1129,35,18,40
GCF_024347295.1|NZ_AP025459.1|NZ_AP025459.1_1130,1,1,1
GCF_024347295.1|NZ_AP025459.1|NZ_AP025459.1_1132,1,1,1
GCF_024347295.1|NZ_AP025459.1|NZ_AP025459.1_1141,1,1,1
GCF_024347295.1|NZ_AP025459.1|NZ_AP025459.1_1148,3,3,4
GCF_024347315.1|NZ_AP025460.1|NZ_AP025460.1_1818,1,1,1
GCF_024347315.1|NZ_AP025460.1|NZ_AP025460.1_1819,1,1,1
GCF_024347355.1|NZ_AP025465.1|NZ_AP025465.1_2180,1,1,1
GCF_024347355.1|NZ_AP025465.1|NZ_AP025465.1_2182,1,1,1
GCF_024347355.1|NZ_AP025465.1|NZ_AP025465.1_2183,1,1,1
GCF_024347355.1|NZ_AP025466.1|NZ_AP025466.1_383,1,1,1
GCF_024347355.1|NZ_AP025466.1|NZ_AP025466.1_384,2,2,2
GCF_024347355.1|NZ_AP025466.1|NZ_AP025466.1_982,46,8,59
GCF_024347355.1|NZ_AP025466.1|NZ_AP025466.1_983,1,1,1
GCF_024347375.1|NZ_AP025470.1|NZ_AP025470.1_1986,1,1,1
GCF_024347375.1|NZ_AP025470.1|NZ_AP025470.1_1988,1,1,1
GCF_024347375.1|NZ_AP025470.1|NZ_AP025470.1_1989,1,1,1
GCF_024347375.1|NZ_AP025470.1|NZ_AP025470.1_1991,1,1,1
GCF_024347375.1|NZ_AP025470.1|NZ_AP025470.1_1994,1,1,1
GCF_024347375.1|NZ_AP025470.1|NZ_AP025470.1_1995,1,1,1
GCF_024347375.1|NZ_AP025470.1|NZ_AP025470.1_1999,1,1,1
GCF_024347395.1|NZ_AP025472.1|NZ_AP025472.1_1168,1,1,1
GCF_024347395.1|NZ_AP025472.1|NZ_AP025472.1_1171,4,2,11
GCF_024347395.1|NZ_AP025472.1|NZ_AP025472.1_1177,1,1,1
GCF_024347395.1|NZ_AP025472.1|NZ_AP025472.1_1182,1,1,1
GCF_024347395.1|NZ_AP025472.1|NZ_AP025472.1_1185,1,1,1
GCF_024347395.1|NZ_AP025472.1|NZ_AP025472.1_1186,1,1,1
GCF_024347395.1|NZ_AP025472.1|NZ_AP025472.1_1189,1,1,1
GCF_024347395.1|NZ_AP025472.1|NZ_AP025472.1_1191,1,1,1
GCF_024347395.1|NZ_AP025472.1|NZ_AP025472.1_1193,1,1,1
GCF_024347395.1|NZ_AP025472.1|NZ_AP025472.1_1198,1,1,1
GCF_024347395.1|NZ_AP025472.1|NZ_AP025472.1_1199,15,6,25
GCF_024347395.1|NZ_AP025472.1|NZ_AP025472.1_1200,1,1,1
GCF_024347395.1|NZ_AP025472.1|NZ_AP025472.1_1207,13,9,15
GCF_024347395.1|NZ_AP025472.1|NZ_AP025472.1_1208,1,1,2
GCF_024347395.1|NZ_AP025472.1|NZ_AP025472.1_1209,1,1,1
GCF_024347395.1|NZ_AP025472.1|NZ_AP025472.1_1213,1,1,1
GCF_024347395.1|NZ_AP025472.1|NZ_AP025472.1_1214,1,1,1
GCF_024347395.1|NZ_AP025472.1|NZ_AP025472.1_1217,1,1,1
GCF_024347395.1|NZ_AP025472.1|NZ_AP025472.1_1220,1,1,1
GCF_024347395.1|NZ_AP025472.1|NZ_AP025472.1_1223,11,4,12
GCF_024347395.1|NZ_AP025472.1|NZ_AP025472.1_1231,4,3,6
GCF_024347395.1|NZ_AP025472.1|NZ_AP025472.1_1234,1,1,1
GCF_024347395.1|NZ_AP025472.1|NZ_AP025472.1_1242,1,1,1
GCF_024347395.1|NZ_AP025472.1|NZ_AP025472.1_1244,1,1,1
GCF_024347415.1|NZ_AP025477.1|NZ_AP025477.1_363,1,1,1
GCF_024347415.1|NZ_AP025477.1|NZ_AP025477.1_365,1,1,1
GCF_024347415.1|NZ_AP025477.1|NZ_AP025477.1_368,2,2,2
GCF_024347415.1|NZ_AP025477.1|NZ_AP025477.1_370,1,1,1
GCF_024347415.1|NZ_AP025477.1|NZ_AP025477.1_371,2,2,2
GCF_024347415.1|NZ_AP025477.1|NZ_AP025477.1_372,9,8,9
GCF_024347415.1|NZ_AP025477.1|NZ_AP025477.1_373,1,1,1
GCF_024347495.1|NZ_AP025491.1|NZ_AP025491.1_963,1,1,1
GCF_024347495.1|NZ_AP025491.1|NZ_AP025491.1_964,1,1,1
GCF_024347495.1|NZ_AP025491.1|NZ_AP025491.1_966,1,1,1
GCF_024347495.1|NZ_AP025491.1|NZ_AP025491.1_967,8,4,10
GCF_024347495.1|NZ_AP025491.1|NZ_AP025491.1_976,1,1,1
GCF_024347495.1|NZ_AP025491.1|NZ_AP025491.1_979,2,2,2
GCF_024347495.1|NZ_AP025491.1|NZ_AP025491.1_980,1,1,1
GCF_024347495.1|NZ_AP025491.1|NZ_AP025491.1_981,1,1,1
GCF_024347495.1|NZ_AP025491.1|NZ_AP025491.1_982,1,1,2
GCF_024347495.1|NZ_AP025491.1|NZ_AP025491.1_983,1,1,2
GCF_024347495.1|NZ_AP025491.1|NZ_AP025491.1_988,1,1,3
GCF_024347495.1|NZ_AP025491.1|NZ_AP025491.1_989,1,1,2
GCF_024347495.1|NZ_AP025491.1|NZ_AP025491.1_991,8,8,8
GCF_024347495.1|NZ_AP025491.1|NZ_AP025491.1_998,1,1,3
GCF_024347495.1|NZ_AP025491.1|NZ_AP025491.1_1001,2,2,2
GCF_024347495.1|NZ_AP025491.1|NZ_AP025491.1_1002,1,1,1
GCF_024347495.1|NZ_AP025491.1|NZ_AP025491.1_1007,1,1,1
GCF_024347495.1|NZ_AP025491.1|NZ_AP025491.1_1008,1,1,1
GCF_024347495.1|NZ_AP025491.1|NZ_AP025491.1_1009,2,2,2
GCF_024347495.1|NZ_AP025491.1|NZ_AP025491.1_1010,1,1,1
GCF_024347495.1|NZ_AP025491.1|NZ_AP025491.1_1011,2,2,5
GCF_024347495.1|NZ_AP025491.1|NZ_AP025491.1_1012,1,1,1
GCF_024347495.1|NZ_AP025491.1|NZ_AP025491.1_1013,1,1,1
GCF_024347495.1|NZ_AP025491.1|NZ_AP025491.1_1015,2,2,2
GCF_024347495.1|NZ_AP025491.1|NZ_AP025491.1_1017,1,1,1
GCF_024347495.1|NZ_AP025491.1|NZ_AP025491.1_1019,1,1,2
GCF_024347495.1|NZ_AP025491.1|NZ_AP025491.1_1025,2,2,3
GCF_024347515.1|NZ_AP025493.1|NZ_AP025493.1_1727,1,1,1
GCF_024347515.1|NZ_AP025493.1|NZ_AP025493.1_1729,1,1,1
GCF_024347515.1|NZ_AP025493.1|NZ_AP025493.1_1730,1,1,1
GCF_024347515.1|NZ_AP025493.1|NZ_AP025493.1_1731,1,1,1
GCF_024347515.1|NZ_AP025493.1|NZ_AP025493.1_1733,1,1,1
GCF_024347515.1|NZ_AP025493.1|NZ_AP025493.1_1735,1,1,1
GCF_024347535.1|NZ_AP025497.1|NZ_AP025497.1_1330,1,1,1
GCF_024347535.1|NZ_AP025497.1|NZ_AP025497.1_1337,3,3,3
GCF_024347575.1|NZ_AP025503.1|NZ_AP025503.1_1602,2,2,2
GCF_024347575.1|NZ_AP025503.1|NZ_AP025503.1_1603,1,1,1
GCF_024347575.1|NZ_AP025504.1|NZ_AP025504.1_387,1,1,1
GCF_024347575.1|NZ_AP025504.1|NZ_AP025504.1_388,2,2,2
GCF_024347575.1|NZ_AP025504.1|NZ_AP025504.1_389,1,1,1
GCF_024347575.1|NZ_AP025504.1|NZ_AP025504.1_390,3,3,3
GCF_024347595.1|NZ_AP025507.1|NZ_AP025507.1_1433,2,2,2
GCF_024347595.1|NZ_AP025507.1|NZ_AP025507.1_1435,3,2,3
GCF_024347595.1|NZ_AP025507.1|NZ_AP025507.1_1436,2,2,2
GCF_024347595.1|NZ_AP025507.1|NZ_AP025507.1_1437,1,1,1
GCF_024347615.1|NZ_AP025508.1|NZ_AP025508.1_1923,1,1,1
GCF_024347635.1|NZ_AP025510.1|NZ_AP025510.1_1645,2,2,2
GCF_024347635.1|NZ_AP025510.1|NZ_AP025510.1_1646,1,1,1
GCF_024347635.1|NZ_AP025510.1|NZ_AP025510.1_1647,1,1,1
GCF_024347655.1|NZ_AP025514.1|NZ_AP025514.1_1308,1,1,1
GCF_024347655.1|NZ_AP025514.1|NZ_AP025514.1_1311,1,1,1
GCF_024347655.1|NZ_AP025514.1|NZ_AP025514.1_1313,1,1,1
GCF_024347655.1|NZ_AP025514.1|NZ_AP025514.1_1317,3,2,3
GCF_024347655.1|NZ_AP025514.1|NZ_AP025514.1_1318,1,1,1
GCF_024347655.1|NZ_AP025514.1|NZ_AP025514.1_1319,1,1,1
GCF_024347655.1|NZ_AP025514.1|NZ_AP025514.1_1322,1,1,1
GCF_024347655.1|NZ_AP025514.1|NZ_AP025514.1_1324,1,1,1
GCF_024347655.1|NZ_AP025514.1|NZ_AP025514.1_1325,2,2,2
GCF_024347655.1|NZ_AP025514.1|NZ_AP025514.1_1602,1,1,1
GCF_024347655.1|NZ_AP025514.1|NZ_AP025514.1_1604,2,2,2
GCF_024347655.1|NZ_AP025514.1|NZ_AP025514.1_1605,1,1,1
GCF_024347655.1|NZ_AP025514.1|NZ_AP025514.1_1619,1,1,1
GCF_024347655.1|NZ_AP025514.1|NZ_AP025514.1_1624,3,2,3
GCF_024347655.1|NZ_AP025514.1|NZ_AP025514.1_1626,4,3,4
GCF_024347655.1|NZ_AP025514.1|NZ_AP025514.1_1627,99,21,125
GCF_024347655.1|NZ_AP025514.1|NZ_AP025514.1_1628,2,2,2
GCF_024347655.1|NZ_AP025514.1|NZ_AP025514.1_1629,1,1,1
GCF_024347655.1|NZ_AP025514.1|NZ_AP025514.1_1635,1,1,1
GCF_024347655.1|NZ_AP025514.1|NZ_AP025514.1_1637,2,2,2
GCF_024347655.1|NZ_AP025514.1|NZ_AP025514.1_1639,1,1,1
GCF_024347655.1|NZ_AP025514.1|NZ_AP025514.1_1642,1,1,1
GCF_024442175.1|NZ_CP050468.1|NZ_CP050468.1_816,3,3,3
GCF_024442175.1|NZ_CP050468.1|NZ_CP050468.1_1373,1,1,1
GCF_024442175.1|NZ_CP050469.1|NZ_CP050469.1_43,1,1,1
GCF_024442175.1|NZ_CP050469.1|NZ_CP050469.1_44,1,1,1
GCF_024442175.1|NZ_CP050469.1|NZ_CP050469.1_45,1,1,1
GCF_024442175.1|NZ_CP050469.1|NZ_CP050469.1_46,1,1,1
GCF_024442175.1|NZ_CP050469.1|NZ_CP050469.1_47,1,1,1
GCF_024442175.1|NZ_CP050469.1|NZ_CP050469.1_48,1,1,1
GCF_024442175.1|NZ_CP050469.1|NZ_CP050469.1_49,1,1,1
GCF_024442195.1|NZ_CP050471.1|NZ_CP050471.1_314,2,1,2
GCF_024442195.1|NZ_CP050471.1|NZ_CP050471.1_323,2,1,2
GCF_024442195.1|NZ_CP050471.1|NZ_CP050471.1_326,1,1,1
GCF_024442195.1|NZ_CP050471.1|NZ_CP050471.1_335,1,1,1
GCF_024442195.1|NZ_CP050471.1|NZ_CP050471.1_336,1,1,1
GCF_024442195.1|NZ_CP050471.1|NZ_CP050471.1_786,2,1,2
GCF_024442195.1|NZ_CP050471.1|NZ_CP050471.1_789,3,2,3
GCF_024442195.1|NZ_CP050471.1|NZ_CP050471.1_792,1,1,1
GCF_024442195.1|NZ_CP050471.1|NZ_CP050471.1_933,1,1,1
GCF_024442195.1|NZ_CP050471.1|NZ_CP050471.1_934,1,1,1
GCF_024442195.1|NZ_CP050471.1|NZ_CP050471.1_1655,2,1,2
GCF_024442195.1|NZ_CP050471.1|NZ_CP050471.1_1660,4,3,4
GCF_024442195.1|NZ_CP050471.1|NZ_CP050471.1_1665,2,1,2
GCF_024442195.1|NZ_CP050471.1|NZ_CP050471.1_1673,3,1,3
GCF_024442215.1|NZ_CP050476.1|NZ_CP050476.1_1781,2,2,2
GCF_024442235.1|NZ_CP050478.1|NZ_CP050478.1_1360,1,1,1
GCF_024442235.1|NZ_CP050478.1|NZ_CP050478.1_1370,1,1,1
GCF_024442235.1|NZ_CP050478.1|NZ_CP050478.1_1578,1,1,1
GCF_024442235.1|NZ_CP050478.1|NZ_CP050478.1_1581,2,1,2
GCF_024442235.1|NZ_CP050478.1|NZ_CP050478.1_1604,1,1,1
GCF_024442235.1|NZ_CP050478.1|NZ_CP050478.1_1715,2,1,2
GCF_024442235.1|NZ_CP050478.1|NZ_CP050478.1_1727,2,1,3
GCF_024442235.1|NZ_CP050478.1|NZ_CP050478.1_2142,1,1,1
GCF_024442235.1|NZ_CP050478.1|NZ_CP050478.1_2143,1,1,1
GCF_024442235.1|NZ_CP050479.1|NZ_CP050479.1_144,2,2,2
GCF_024442235.1|NZ_CP050479.1|NZ_CP050479.1_621,2,2,2
GCF_024582835.1|NZ_CP102097.1|NZ_CP102097.1_973,1,1,3
GCF_024582835.1|NZ_CP102097.1|NZ_CP102097.1_976,1,1,1
GCF_024582835.1|NZ_CP102097.1|NZ_CP102097.1_979,1,1,1
GCF_024582835.1|NZ_CP102097.1|NZ_CP102097.1_981,1,1,1
GCF_024582835.1|NZ_CP102097.1|NZ_CP102097.1_984,1,1,2
GCF_024582835.1|NZ_CP102097.1|NZ_CP102097.1_985,1,1,1
GCF_024582835.1|NZ_CP102097.1|NZ_CP102097.1_997,1,1,1
GCF_024582835.1|NZ_CP102097.1|NZ_CP102097.1_998,3,2,3
GCF_024582835.1|NZ_CP102097.1|NZ_CP102097.1_999,1,1,1
GCF_024582835.1|NZ_CP102097.1|NZ_CP102097.1_1000,3,3,3
GCF_024582835.1|NZ_CP102097.1|NZ_CP102097.1_1012,1,1,1
GCF_024582835.1|NZ_CP102097.1|NZ_CP102097.1_1013,1,1,1
GCF_025258945.1|NZ_CP104357.1|NZ_CP104357.1_486,6,3,6
GCF_025258945.1|NZ_CP104357.1|NZ_CP104357.1_493,2,1,2
GCF_025258945.1|NZ_CP104357.1|NZ_CP104357.1_497,2,1,2
GCF_025258945.1|NZ_CP104357.1|NZ_CP104357.1_507,2,1,2
GCF_025258945.1|NZ_CP104357.1|NZ_CP104357.1_508,2,1,2
GCF_025258945.1|NZ_CP104357.1|NZ_CP104357.1_511,2,1,2
GCF_025258945.1|NZ_CP104357.1|NZ_CP104357.1_524,2,1,2
GCF_025258945.1|NZ_CP104357.1|NZ_CP104357.1_529,4,3,4
GCF_025258945.1|NZ_CP104357.1|NZ_CP104357.1_531,6,4,6
GCF_025397955.1|NZ_CP104555.1|NZ_CP104555.1_727,2,2,2
GCF_025397955.1|NZ_CP104555.1|NZ_CP104555.1_780,2,2,2
GCF_025917745.1|NZ_CP097873.1|NZ_CP097873.1_1181,2,2,2
GCF_025917745.1|NZ_CP097873.1|NZ_CP097873.1_1182,3,3,3
GCF_025917745.1|NZ_CP097873.1|NZ_CP097873.1_1183,2,2,2
GCF_025917745.1|NZ_CP097873.1|NZ_CP097873.1_1186,1,1,1
GCF_025917745.1|NZ_CP097873.1|NZ_CP097873.1_1189,1,1,1
GCF_025917745.1|NZ_CP097873.1|NZ_CP097873.1_1195,1,1,1
GCF_025917745.1|NZ_CP097873.1|NZ_CP097873.1_1199,1,1,1
GCF_025917745.1|NZ_CP097873.1|NZ_CP097873.1_1201,2,1,2
GCF_025917745.1|NZ_CP097873.1|NZ_CP097873.1_1209,1,1,1
GCF_025917745.1|NZ_CP097873.1|NZ_CP097873.1_1210,2,2,2
GCF_025917745.1|NZ_CP097873.1|NZ_CP097873.1_1221,3,2,3
GCF_025917745.1|NZ_CP097873.1|NZ_CP097873.1_1234,9,1,9
GCF_025917745.1|NZ_CP097873.1|NZ_CP097873.1_1235,9,1,9
GCF_025917745.1|NZ_CP097873.1|NZ_CP097873.1_1236,2,2,2
GCF_025917745.1|NZ_CP097873.1|NZ_CP097873.1_1240,1,1,2
GCF_025917745.1|NZ_CP097873.1|NZ_CP097873.1_1246,2,2,2
GCF_025917745.1|NZ_CP097873.1|NZ_CP097873.1_1247,1,1,1
GCF_025917745.1|NZ_CP097873.1|NZ_CP097873.1_1256,1,1,1
GCF_025917745.1|NZ_CP097873.1|NZ_CP097873.1_1262,1,1,1
GCF_025917745.1|NZ_CP097873.1|NZ_CP097873.1_1264,4,4,4
GCF_025917745.1|NZ_CP097873.1|NZ_CP097873.1_1265,1,1,1
GCF_025917745.1|NZ_CP097873.1|NZ_CP097873.1_1273,1,1,1
GCF_026000495.1|NZ_AP026765.1|NZ_AP026765.1_1392,4,2,4
GCF_026000495.1|NZ_AP026765.1|NZ_AP026765.1_1406,3,2,3
GCF_026000495.1|NZ_AP026765.1|NZ_AP026765.1_1456,3,2,3
GCF_026001925.1|NZ_AP021869.1|NZ_AP021869.1_1689,3,3,3
GCF_026001925.1|NZ_AP021869.1|NZ_AP021869.1_1690,1,1,1
GCF_026001925.1|NZ_AP021869.1|NZ_AP021869.1_1691,1,1,1
GCF_026001925.1|NZ_AP021869.1|NZ_AP021869.1_1692,152,22,203
GCF_026001925.1|NZ_AP021869.1|NZ_AP021869.1_1695,7,6,10
GCF_026001925.1|NZ_AP021869.1|NZ_AP021869.1_1699,2,2,2
GCF_026001925.1|NZ_AP021869.1|NZ_AP021869.1_1705,1,1,1
GCF_026001925.1|NZ_AP021869.1|NZ_AP021869.1_1706,1,1,1
GCF_026001925.1|NZ_AP021869.1|NZ_AP021869.1_1710,1,1,1
GCF_026001925.1|NZ_AP021871.1|NZ_AP021871.1_31,1,1,1
GCF_026001925.1|NZ_AP021871.1|NZ_AP021871.1_57,2,2,2
GCF_026651645.1|NZ_CP033457.1|NZ_CP033457.1_548,4,4,4
GCF_026651645.1|NZ_CP033457.1|NZ_CP033457.1_549,4,4,4
GCF_026651645.1|NZ_CP033457.1|NZ_CP033457.1_555,1,1,2
GCF_026651645.1|NZ_CP033457.1|NZ_CP033457.1_569,1,1,1
GCF_026651645.1|NZ_CP033457.1|NZ_CP033457.1_570,5,2,5
GCF_026651645.1|NZ_CP033457.1|NZ_CP033457.1_571,2,2,2
GCF_026651645.1|NZ_CP033457.1|NZ_CP033457.1_572,1,1,1
GCF_026970915.1|NZ_CP114194.1|NZ_CP114194.1_1770,9,1,9
GCF_026970915.1|NZ_CP114194.1|NZ_CP114194.1_1772,12,2,12
GCF_026970915.1|NZ_CP114194.1|NZ_CP114194.1_1773,10,2,10
GCF_026970915.1|NZ_CP114194.1|NZ_CP114194.1_1797,10,1,10
GCF_026970915.1|NZ_CP114194.1|NZ_CP114194.1_1798,9,2,9
GCF_026970915.1|NZ_CP114194.1|NZ_CP114194.1_1807,9,2,9
GCF_026970915.1|NZ_CP114194.1|NZ_CP114194.1_1808,12,2,12
GCF_026970915.1|NZ_CP114194.1|NZ_CP114194.1_1811,8,1,8
GCF_026970915.1|NZ_CP114194.1|NZ_CP114194.1_1833,10,1,10
GCF_026970915.1|NZ_CP114194.1|NZ_CP114194.1_1835,5,1,5
GCF_028472865.1|NZ_CP080478.1|NZ_CP080478.1_1131,1,1,1
GCF_028472865.1|NZ_CP080478.1|NZ_CP080478.1_1133,1,1,1
GCF_028472865.1|NZ_CP080478.1|NZ_CP080478.1_1138,3,3,3
GCF_028472865.1|NZ_CP080478.1|NZ_CP080478.1_1145,4,2,4
GCF_028472865.1|NZ_CP080478.1|NZ_CP080478.1_1150,5,4,6
GCF_028472865.1|NZ_CP080478.1|NZ_CP080478.1_1156,3,2,3
GCF_028472865.1|NZ_CP080478.1|NZ_CP080478.1_1161,7,2,11
GCF_028472865.1|NZ_CP080478.1|NZ_CP080478.1_1167,3,2,3
GCF_028472865.1|NZ_CP080478.1|NZ_CP080478.1_1168,7,5,9
GCF_028472865.1|NZ_CP080478.1|NZ_CP080478.1_1186,3,2,3
GCF_028472865.1|NZ_CP080478.1|NZ_CP080478.1_1187,5,3,5
GCF_028472865.1|NZ_CP080478.1|NZ_CP080478.1_1218,3,1,3
GCF_028472865.1|NZ_CP080478.1|NZ_CP080478.1_1219,5,1,5
GCF_028472865.1|NZ_CP080478.1|NZ_CP080478.1_1226,3,2,3
GCF_028472865.1|NZ_CP080478.1|NZ_CP080478.1_1254,6,2,6
GCF_028551255.1|NZ_CP117029.1|NZ_CP117029.1_1471,4,4,4
GCF_028551255.1|NZ_CP117029.1|NZ_CP117029.1_1474,1,1,1
GCF_028551255.1|NZ_CP117029.1|NZ_CP117029.1_1476,1,1,1
GCF_028551255.1|NZ_CP117029.1|NZ_CP117029.1_1477,2,2,2
GCF_028551255.1|NZ_CP117029.1|NZ_CP117029.1_1478,1,1,1
GCF_028551255.1|NZ_CP117029.1|NZ_CP117029.1_1479,1,1,1
GCF_028551255.1|NZ_CP117030.1|NZ_CP117030.1_748,1,1,1
GCF_028551255.1|NZ_CP117030.1|NZ_CP117030.1_749,1,1,1
GCF_028551255.1|NZ_CP117031.1|NZ_CP117031.1_177,1,1,1
GCF_028551255.1|NZ_CP117031.1|NZ_CP117031.1_180,2,2,2
GCF_028551255.1|NZ_CP117031.1|NZ_CP117031.1_183,5,4,5
GCF_028551255.1|NZ_CP117031.1|NZ_CP117031.1_184,2,2,2
GCF_028551255.1|NZ_CP117031.1|NZ_CP117031.1_185,1,1,1
GCF_028551255.1|NZ_CP117031.1|NZ_CP117031.1_186,1,1,1
GCF_028551255.1|NZ_CP117031.1|NZ_CP117031.1_189,1,1,1
GCF_028743655.1|NZ_CP117988.1|NZ_CP117988.1_1372,1,1,1
GCF_028743655.1|NZ_CP117988.1|NZ_CP117988.1_1390,1,1,1
GCF_028743655.1|NZ_CP117989.1|NZ_CP117989.1_1182,5,4,6
GCF_028743655.1|NZ_CP117989.1|NZ_CP117989.1_1183,3,3,3
GCF_028743695.1|NZ_CP117994.1|NZ_CP117994.1_1674,2,1,2
GCF_028743695.1|NZ_CP117994.1|NZ_CP117994.1_1675,2,1,2
GCF_028743695.1|NZ_CP117994.1|NZ_CP117994.1_1683,2,1,2
GCF_028743695.1|NZ_CP117994.1|NZ_CP117994.1_1712,2,1,2
GCF_028743695.1|NZ_CP117994.1|NZ_CP117994.1_1713,2,1,2
GCF_028743695.1|NZ_CP117994.1|NZ_CP117994.1_1719,2,1,2
GCF_028743695.1|NZ_CP117994.1|NZ_CP117994.1_1732,3,2,3
GCF_028898625.1|NZ_CP118576.1|NZ_CP118576.1_1365,1,1,1
GCF_028898625.1|NZ_CP118576.1|NZ_CP118576.1_1366,1,1,1
GCF_028898625.1|NZ_CP118576.1|NZ_CP118576.1_1379,2,1,2
GCF_028898625.1|NZ_CP118576.1|NZ_CP118576.1_1383,1,1,1
GCF_028898625.1|NZ_CP118576.1|NZ_CP118576.1_1384,4,3,4
GCF_028898625.1|NZ_CP118576.1|NZ_CP118576.1_1388,1,1,1
GCF_028898625.1|NZ_CP118576.1|NZ_CP118576.1_1389,1,1,1
GCF_028898625.1|NZ_CP118576.1|NZ_CP118576.1_1390,1,1,1
GCF_028898625.1|NZ_CP118576.1|NZ_CP118576.1_1393,143,27,190
GCF_028898625.1|NZ_CP118576.1|NZ_CP118576.1_1394,1,1,1
GCF_028898625.1|NZ_CP118576.1|NZ_CP118576.1_1395,1,1,1
GCF_028898625.1|NZ_CP118577.1|NZ_CP118577.1_653,2,2,2
GCF_028898625.1|NZ_CP118577.1|NZ_CP118577.1_654,1,1,1
GCF_028898625.1|NZ_CP118577.1|NZ_CP118577.1_658,1,1,1
GCF_028898625.1|NZ_CP118577.1|NZ_CP118577.1_659,1,1,1
GCF_028898625.1|NZ_CP118577.1|NZ_CP118577.1_662,2,2,2
GCF_028898625.1|NZ_CP118577.1|NZ_CP118577.1_667,4,3,4
GCF_028898625.1|NZ_CP118577.1|NZ_CP118577.1_669,1,1,1
GCF_028898625.1|NZ_CP118577.1|NZ_CP118577.1_671,2,2,2
GCF_028898625.1|NZ_CP118577.1|NZ_CP118577.1_673,1,1,1
GCF_028898625.1|NZ_CP118577.1|NZ_CP118577.1_677,1,1,1
GCF_028898625.1|NZ_CP118577.1|NZ_CP118577.1_681,1,1,1
GCF_028898645.1|NZ_CP118582.1|NZ_CP118582.1_2292,4,2,4
GCF_028898645.1|NZ_CP118582.1|NZ_CP118582.1_2304,1,1,1
GCF_028898645.1|NZ_CP118582.1|NZ_CP118582.1_2309,1,1,1
GCF_028898725.1|NZ_CP118587.1|NZ_CP118587.1_26,3,2,3
GCF_028898825.1|NZ_CP118584.1|NZ_CP118584.1_1351,2,1,2
GCF_028898825.1|NZ_CP118584.1|NZ_CP118584.1_1352,2,1,2
GCF_028898825.1|NZ_CP118584.1|NZ_CP118584.1_1353,2,1,2
GCF_028898825.1|NZ_CP118584.1|NZ_CP118584.1_1354,2,1,2
GCF_028898825.1|NZ_CP118584.1|NZ_CP118584.1_1357,3,2,3
GCF_028898825.1|NZ_CP118584.1|NZ_CP118584.1_1370,3,2,3
GCF_028898825.1|NZ_CP118584.1|NZ_CP118584.1_1372,9,6,10
GCF_028898825.1|NZ_CP118584.1|NZ_CP118584.1_1375,1,1,1
GCF_028898825.1|NZ_CP118584.1|NZ_CP118584.1_1376,1,1,1
GCF_028898825.1|NZ_CP118584.1|NZ_CP118584.1_1377,1,1,1
GCF_028898825.1|NZ_CP118584.1|NZ_CP118584.1_1387,1,1,2
GCF_028898825.1|NZ_CP118584.1|NZ_CP118584.1_1389,1,1,1
GCF_029023705.1|NZ_CP118930.1|NZ_CP118930.1_1170,1,1,1
GCF_029023705.1|NZ_CP118930.1|NZ_CP118930.1_1185,2,2,2
GCF_029023705.1|NZ_CP118930.1|NZ_CP118930.1_1195,3,3,3
GCF_029023705.1|NZ_CP118930.1|NZ_CP118930.1_1203,1,1,1
GCF_029023705.1|NZ_CP118930.1|NZ_CP118930.1_1212,4,4,4
GCF_029023705.1|NZ_CP118930.1|NZ_CP118930.1_1213,2,2,2
GCF_029023705.1|NZ_CP118930.1|NZ_CP118930.1_1222,2,2,2
GCF_029023705.1|NZ_CP118930.1|NZ_CP118930.1_1320,2,2,2
GCF_029023705.1|NZ_CP118930.1|NZ_CP118930.1_1327,2,2,2
GCF_029023705.1|NZ_CP118930.1|NZ_CP118930.1_1328,2,2,2
GCF_029023705.1|NZ_CP118930.1|NZ_CP118930.1_1329,2,2,2
GCF_029635775.1|NZ_CP113242.1|NZ_CP113242.1_203,1,1,1
GCF_029635775.1|NZ_CP113242.1|NZ_CP113242.1_210,1,1,1
GCF_029635775.1|NZ_CP113242.1|NZ_CP113242.1_211,2,2,2
GCF_029635775.1|NZ_CP113242.1|NZ_CP113242.1_216,1,1,1
GCF_029635775.1|NZ_CP113242.1|NZ_CP113242.1_219,5,4,5
GCF_029635775.1|NZ_CP113242.1|NZ_CP113242.1_220,1,1,1
GCF_029635775.1|NZ_CP113242.1|NZ_CP113242.1_229,1,1,1
GCF_029635775.1|NZ_CP113242.1|NZ_CP113242.1_237,1,1,1
GCF_029635775.1|NZ_CP113242.1|NZ_CP113242.1_246,1,1,1
GCF_029635775.1|NZ_CP113242.1|NZ_CP113242.1_255,1,1,1
GCF_029910115.1|NZ_CP094659.1|NZ_CP094659.1_2828,1,1,1
GCF_029910115.1|NZ_CP094659.1|NZ_CP094659.1_2830,8,3,8
GCF_029910115.1|NZ_CP094659.1|NZ_CP094659.1_2836,2,2,2
GCF_029958905.1|NZ_CP124613.1|NZ_CP124613.1_810,1,1,1
GCF_029958905.1|NZ_CP124613.1|NZ_CP124613.1_814,1,1,1
GCF_029958905.1|NZ_CP124613.1|NZ_CP124613.1_815,1,1,1
GCF_029958905.1|NZ_CP124613.1|NZ_CP124613.1_816,1,1,1
GCF_029958905.1|NZ_CP124613.1|NZ_CP124613.1_817,4,4,4
GCF_029958905.1|NZ_CP124613.1|NZ_CP124613.1_819,1,1,3
GCF_029958905.1|NZ_CP124613.1|NZ_CP124613.1_821,29,9,32
GCF_029958905.1|NZ_CP124613.1|NZ_CP124613.1_822,1,1,1
GCF_029958905.1|NZ_CP124613.1|NZ_CP124613.1_824,1,1,1
GCF_029958905.1|NZ_CP124613.1|NZ_CP124613.1_832,1,1,1
GCF_029958905.1|NZ_CP124613.1|NZ_CP124613.1_834,1,1,1
GCF_029990625.1|NZ_CP118438.1|NZ_CP118438.1_269,5,2,5
GCF_029990625.1|NZ_CP118438.1|NZ_CP118438.1_272,1,1,1
GCF_029990625.1|NZ_CP118438.1|NZ_CP118438.1_280,2,1,2
GCF_029990625.1|NZ_CP118438.1|NZ_CP118438.1_287,1,1,1
GCF_029990625.1|NZ_CP118438.1|NZ_CP118438.1_290,2,2,3
GCF_029990625.1|NZ_CP118438.1|NZ_CP118438.1_291,1,1,1
GCF_029990625.1|NZ_CP118438.1|NZ_CP118438.1_301,1,1,1
GCF_029990625.1|NZ_CP118438.1|NZ_CP118438.1_307,1,1,1
GCF_029990625.1|NZ_CP118438.1|NZ_CP118438.1_311,1,1,1
GCF_029990625.1|NZ_CP118438.1|NZ_CP118438.1_312,2,2,2
GCF_029990625.1|NZ_CP118438.1|NZ_CP118438.1_313,1,1,1
GCF_029990625.1|NZ_CP118438.1|NZ_CP118438.1_322,1,1,1
GCF_029990625.1|NZ_CP118438.1|NZ_CP118438.1_323,1,1,1
GCF_029990625.1|NZ_CP118438.1|NZ_CP118438.1_328,1,1,1
GCF_029990625.1|NZ_CP118438.1|NZ_CP118438.1_329,1,1,1
GCF_029990625.1|NZ_CP118438.1|NZ_CP118438.1_330,3,3,3
GCF_029990625.1|NZ_CP118438.1|NZ_CP118438.1_339,1,1,1
GCF_029990625.1|NZ_CP118438.1|NZ_CP118438.1_340,2,2,2
GCF_030064615.2|NZ_CP114183.2|NZ_CP114183.2_1230,1,1,1
GCF_030169025.1|NZ_CP077686.1|NZ_CP077686.1_1136,1,1,1
GCF_030220165.1|NZ_CP126698.1|NZ_CP126698.1_1446,1,1,1
GCF_030220165.1|NZ_CP126698.1|NZ_CP126698.1_1448,1,1,1
GCF_030220165.1|NZ_CP126698.1|NZ_CP126698.1_1449,8,6,8
GCF_030220165.1|NZ_CP126698.1|NZ_CP126698.1_1451,1,1,1
GCF_030220165.1|NZ_CP126698.1|NZ_CP126698.1_1453,3,3,3
GCF_030220165.1|NZ_CP126698.1|NZ_CP126698.1_1463,2,2,2
GCF_030220165.1|NZ_CP126698.1|NZ_CP126698.1_1466,3,2,3
GCF_030220165.1|NZ_CP126698.1|NZ_CP126698.1_1471,16,5,18
GCF_030220165.1|NZ_CP126698.1|NZ_CP126698.1_1475,2,2,2
GCF_030220165.1|NZ_CP126698.1|NZ_CP126698.1_1481,1,1,1
GCF_030220165.1|NZ_CP126698.1|NZ_CP126698.1_1482,1,1,1
GCF_030220165.1|NZ_CP126698.1|NZ_CP126698.1_1485,1,1,1
GCF_030220165.1|NZ_CP126698.1|NZ_CP126698.1_1486,1,1,1
GCF_030220165.1|NZ_CP126698.1|NZ_CP126698.1_1491,1,1,1
GCF_030220165.1|NZ_CP126698.1|NZ_CP126698.1_1498,1,1,1
GCF_030220165.1|NZ_CP126698.1|NZ_CP126698.1_1501,1,1,1
GCF_030220165.1|NZ_CP126698.1|NZ_CP126698.1_1502,1,1,1
GCF_030220165.1|NZ_CP126698.1|NZ_CP126698.1_1503,2,1,2
GCF_030220165.1|NZ_CP126698.1|NZ_CP126698.1_1506,2,1,2
GCF_030220165.1|NZ_CP126698.1|NZ_CP126698.1_1510,1,1,1
GCF_030220165.1|NZ_CP126698.1|NZ_CP126698.1_1514,1,1,1
GCF_030220165.1|NZ_CP126698.1|NZ_CP126698.1_1516,1,1,1
GCF_030220165.1|NZ_CP126698.1|NZ_CP126698.1_1521,1,1,2
GCF_030220165.1|NZ_CP126698.1|NZ_CP126698.1_1523,2,2,2
GCF_030220165.1|NZ_CP126698.1|NZ_CP126698.1_1524,9,3,9
GCF_030220165.1|NZ_CP126698.1|NZ_CP126698.1_1526,3,1,3
GCF_030297535.1|NZ_AP028128.1|NZ_AP028128.1_1947,1,1,1
GCF_030297535.1|NZ_AP028130.1|NZ_AP028130.1_125,1,1,1
GCF_030297535.1|NZ_AP028130.1|NZ_AP028130.1_126,3,2,3
GCF_030297535.1|NZ_AP028130.1|NZ_AP028130.1_152,1,1,1
GCF_030297535.1|NZ_AP028130.1|NZ_AP028130.1_153,1,1,1
GCF_030297535.1|NZ_AP028130.1|NZ_AP028130.1_364,1,1,1
GCF_030316215.1|NZ_CP128204.1|NZ_CP128204.1_1210,1,1,1
GCF_030316215.1|NZ_CP128204.1|NZ_CP128204.1_2032,1,1,1
GCF_030316215.1|NZ_CP128204.1|NZ_CP128204.1_2039,1,1,1
GCF_030316215.1|NZ_CP128204.1|NZ_CP128204.1_2040,2,2,2
GCF_030316215.1|NZ_CP128205.1|NZ_CP128205.1_181,1,1,1
GCF_030316215.1|NZ_CP128205.1|NZ_CP128205.1_183,1,1,1
GCF_030316215.1|NZ_CP128205.1|NZ_CP128205.1_186,1,1,1
GCF_030316215.1|NZ_CP128205.1|NZ_CP128205.1_188,1,1,1
GCF_030316215.1|NZ_CP128205.1|NZ_CP128205.1_189,1,1,1
GCF_030316215.1|NZ_CP128205.1|NZ_CP128205.1_1351,1,1,1
GCF_030316215.1|NZ_CP128205.1|NZ_CP128205.1_1352,2,2,2
GCF_030316215.1|NZ_CP128205.1|NZ_CP128205.1_1353,2,2,3
GCF_030704285.1|NZ_CP131931.1|NZ_CP131931.1_1620,1,1,1
GCF_030704285.1|NZ_CP131931.1|NZ_CP131931.1_1626,1,1,1
GCF_030704285.1|NZ_CP131931.1|NZ_CP131931.1_1641,1,1,1
GCF_030718785.1|NZ_CP132189.1|NZ_CP132189.1_299,1,1,1
GCF_030718785.1|NZ_CP132189.1|NZ_CP132189.1_300,2,2,2
GCF_030718785.1|NZ_CP132189.1|NZ_CP132189.1_309,18,2,31
GCF_030718785.1|NZ_CP132189.1|NZ_CP132189.1_326,1,1,1
GCF_030718785.1|NZ_CP132189.1|NZ_CP132189.1_328,1,1,1
GCF_030718785.1|NZ_CP132189.1|NZ_CP132189.1_336,1,1,1
GCF_030718785.1|NZ_CP132189.1|NZ_CP132189.1_337,1,1,1
GCF_030718785.1|NZ_CP132189.1|NZ_CP132189.1_338,1,1,1
GCF_030718785.1|NZ_CP132189.1|NZ_CP132189.1_341,1,1,1
GCF_030718785.1|NZ_CP132189.1|NZ_CP132189.1_342,1,1,1
GCF_030718785.1|NZ_CP132189.1|NZ_CP132189.1_348,2,1,2
GCF_030718785.1|NZ_CP132189.1|NZ_CP132189.1_349,2,1,2
GCF_030718785.1|NZ_CP132189.1|NZ_CP132189.1_361,2,2,2
GCF_030718785.1|NZ_CP132189.1|NZ_CP132189.1_364,2,1,2
GCF_030718785.1|NZ_CP132189.1|NZ_CP132189.1_365,2,2,2
GCF_030718785.1|NZ_CP132189.1|NZ_CP132189.1_367,1,1,1
GCF_030718785.1|NZ_CP132189.1|NZ_CP132189.1_371,2,1,2
GCF_030718785.1|NZ_CP132189.1|NZ_CP132189.1_376,2,2,2
GCF_030718785.1|NZ_CP132189.1|NZ_CP132189.1_380,2,2,2
GCF_030718785.1|NZ_CP132189.1|NZ_CP132189.1_381,2,2,2
GCF_030718785.1|NZ_CP132189.1|NZ_CP132189.1_388,2,1,2
GCF_030718785.1|NZ_CP132189.1|NZ_CP132189.1_393,1,1,1
GCF_030718785.1|NZ_CP132189.1|NZ_CP132189.1_394,1,1,1
GCF_030994145.1|NZ_CP099919.1|NZ_CP099919.1_1137,5,2,9
GCF_030994145.1|NZ_CP099919.1|NZ_CP099919.1_1138,4,1,8
GCF_030994145.1|NZ_CP099919.1|NZ_CP099919.1_1145,5,2,9
GCF_030994145.1|NZ_CP099919.1|NZ_CP099919.1_1148,8,2,12
GCF_030994145.1|NZ_CP099919.1|NZ_CP099919.1_1149,5,1,5
GCF_030994145.1|NZ_CP099919.1|NZ_CP099919.1_1150,4,1,8
GCF_030994145.1|NZ_CP099919.1|NZ_CP099919.1_1154,4,1,4
GCF_030994145.1|NZ_CP099919.1|NZ_CP099919.1_1155,4,1,4
GCF_030994145.1|NZ_CP099919.1|NZ_CP099919.1_1157,6,3,6
GCF_030994145.1|NZ_CP099919.1|NZ_CP099919.1_1162,4,1,4
GCF_030994145.1|NZ_CP099919.1|NZ_CP099919.1_1169,4,1,4
GCF_030994145.1|NZ_CP099919.1|NZ_CP099919.1_1177,4,1,4
GCF_030994145.1|NZ_CP099919.1|NZ_CP099919.1_1183,5,2,5
GCF_030994145.1|NZ_CP099919.1|NZ_CP099919.1_1189,4,1,4
GCF_030994145.1|NZ_CP099919.1|NZ_CP099919.1_1191,4,1,4
GCF_030994145.1|NZ_CP099919.1|NZ_CP099919.1_1195,7,2,7
GCF_030994145.1|NZ_CP099919.1|NZ_CP099919.1_1203,5,1,5
GCF_030994145.1|NZ_CP099919.1|NZ_CP099919.1_1205,11,3,14
GCF_030994145.1|NZ_CP099919.1|NZ_CP099919.1_1206,3,1,3
GCF_030994145.1|NZ_CP099919.1|NZ_CP099919.1_1209,4,1,4
GCF_030994145.1|NZ_CP099919.1|NZ_CP099919.1_1213,5,2,5
GCF_030994145.1|NZ_CP099919.1|NZ_CP099919.1_1215,4,1,4
GCF_030994145.1|NZ_CP099919.1|NZ_CP099919.1_1223,4,1,4
GCF_030994145.1|NZ_CP099919.1|NZ_CP099919.1_1232,4,1,4
GCF_030994565.1|NZ_CP099934.1|NZ_CP099934.1_1291,1,1,1
GCF_030994565.1|NZ_CP099934.1|NZ_CP099934.1_1292,1,1,1
GCF_030994565.1|NZ_CP099934.1|NZ_CP099934.1_1294,3,3,3
GCF_030994565.1|NZ_CP099934.1|NZ_CP099934.1_1295,1,1,1
GCF_030994565.1|NZ_CP099934.1|NZ_CP099934.1_1296,1,1,1
GCF_030994565.1|NZ_CP099934.1|NZ_CP099934.1_1297,3,3,3
GCF_030994565.1|NZ_CP099934.1|NZ_CP099934.1_1299,1,1,1
GCF_030994565.1|NZ_CP099934.1|NZ_CP099934.1_1301,1,1,1
GCF_030995125.1|NZ_CP099956.1|NZ_CP099956.1_1781,3,2,3
GCF_030995125.1|NZ_CP099956.1|NZ_CP099956.1_1790,3,2,3
GCF_030998145.1|NZ_CP099955.1|NZ_CP099955.1_1314,4,1,4
GCF_030998145.1|NZ_CP099955.1|NZ_CP099955.1_1352,5,2,7
GCF_031883075.1|NZ_CP134783.1|NZ_CP134783.1_1508,1,1,1
GCF_031883075.1|NZ_CP134783.1|NZ_CP134783.1_1512,2,2,2
GCF_031883075.1|NZ_CP134783.1|NZ_CP134783.1_1514,1,1,1
GCF_031883075.1|NZ_CP134783.1|NZ_CP134783.1_1522,2,2,2
GCF_031883075.1|NZ_CP134783.1|NZ_CP134783.1_1527,1,1,1
GCF_031883075.1|NZ_CP134783.1|NZ_CP134783.1_1528,100,17,100
GCF_031883075.1|NZ_CP134783.1|NZ_CP134783.1_1535,2,2,2
GCF_031883075.1|NZ_CP134783.1|NZ_CP134783.1_1548,1,1,1
GCF_031883075.1|NZ_CP134783.1|NZ_CP134783.1_1551,2,2,2
GCF_031883075.1|NZ_CP134783.1|NZ_CP134783.1_1554,2,2,2
GCF_031883075.1|NZ_CP134783.1|NZ_CP134783.1_1555,2,2,2
GCF_031883075.1|NZ_CP134783.1|NZ_CP134783.1_1559,2,2,2
GCF_032027525.2|NZ_CP184804.1|NZ_CP184804.1_301,1,1,1
GCF_032027525.2|NZ_CP184804.1|NZ_CP184804.1_306,8,4,9
GCF_032463505.1|NZ_CP135968.1|NZ_CP135968.1_1703,4,2,4
GCF_032463505.1|NZ_CP135968.1|NZ_CP135968.1_1716,3,1,4
GCF_032463505.1|NZ_CP135968.1|NZ_CP135968.1_1727,3,3,3
GCF_032463505.1|NZ_CP135968.1|NZ_CP135968.1_1737,1,1,1
GCF_032463505.1|NZ_CP135968.1|NZ_CP135968.1_1743,1,1,1
GCF_032463505.1|NZ_CP135968.1|NZ_CP135968.1_1745,1,1,1
GCF_032463505.1|NZ_CP135968.1|NZ_CP135968.1_1746,13,3,13
GCF_032463505.1|NZ_CP135968.1|NZ_CP135968.1_1748,2,2,2
GCF_032463505.1|NZ_CP135968.1|NZ_CP135968.1_1749,2,2,2
GCF_032463505.1|NZ_CP135968.1|NZ_CP135968.1_1753,1,1,1
GCF_032463505.1|NZ_CP135968.1|NZ_CP135968.1_1755,1,1,1
GCF_032463505.1|NZ_CP135968.1|NZ_CP135968.1_1756,1,1,1
GCF_032841535.3|NZ_CP184807.1|NZ_CP184807.1_115,1,1,1
GCF_032841535.3|NZ_CP184807.1|NZ_CP184807.1_140,1,1,1
GCF_032841535.3|NZ_CP184807.1|NZ_CP184807.1_141,2,1,2
GCF_032841535.3|NZ_CP184807.1|NZ_CP184807.1_143,1,1,1
GCF_032841535.3|NZ_CP184807.1|NZ_CP184807.1_152,10,3,11
GCF_032841535.3|NZ_CP184807.1|NZ_CP184807.1_153,1,1,1
GCF_032841535.3|NZ_CP184807.1|NZ_CP184807.1_155,20,8,20
GCF_032841535.3|NZ_CP184807.1|NZ_CP184807.1_165,1,1,1
GCF_032841535.3|NZ_CP184807.1|NZ_CP184807.1_171,164,25,213
GCF_032841535.3|NZ_CP184807.1|NZ_CP184807.1_179,2,1,2
GCF_032841535.3|NZ_CP184808.1|NZ_CP184808.1_1178,1,1,1
GCF_032841535.3|NZ_CP184808.1|NZ_CP184808.1_1181,1,1,1
GCF_033100075.1|NZ_CP136903.1|NZ_CP136903.1_1682,1,1,1
GCF_033100075.1|NZ_CP136903.1|NZ_CP136903.1_1693,1,1,1
GCF_033441455.1|NZ_CP133902.1|NZ_CP133902.1_20,1,1,1
GCF_033441455.1|NZ_CP133902.1|NZ_CP133902.1_21,1,1,1
GCF_033441455.1|NZ_CP133902.1|NZ_CP133902.1_22,1,1,1
GCF_033441455.1|NZ_CP133902.1|NZ_CP133902.1_32,1,1,1
GCF_033441455.1|NZ_CP133902.1|NZ_CP133902.1_33,1,1,1
GCF_033441455.1|NZ_CP133902.1|NZ_CP133902.1_34,1,1,1
GCF_033441455.1|NZ_CP133902.1|NZ_CP133902.1_35,1,1,1
GCF_033441455.1|NZ_CP133902.1|NZ_CP133902.1_36,1,1,1
GCF_033441455.1|NZ_CP133902.1|NZ_CP133902.1_37,4,3,5
GCF_033441455.1|NZ_CP133902.1|NZ_CP133902.1_38,1,1,2
GCF_033441455.1|NZ_CP133902.1|NZ_CP133902.1_40,1,1,2
GCF_033441455.1|NZ_CP133902.1|NZ_CP133902.1_45,43,14,48
GCF_033441455.1|NZ_CP133902.1|NZ_CP133902.1_47,1,1,1
GCF_008693685.1|NZ_CP044069.1|NZ_CP044069.1_1708,2,2,2
GCF_008693685.1|NZ_CP044069.1|NZ_CP044069.1_1709,3,3,3
GCF_008693685.1|NZ_CP044069.1|NZ_CP044069.1_1722,5,4,5
GCF_008693685.1|NZ_CP044069.1|NZ_CP044069.1_1732,3,3,3
GCF_008693685.1|NZ_CP044069.1|NZ_CP044069.1_1735,2,2,2
GCF_008693685.1|NZ_CP044069.1|NZ_CP044069.1_1739,2,2,2
GCF_008693685.1|NZ_CP044069.1|NZ_CP044069.1_1748,2,2,2
GCF_008693685.1|NZ_CP044069.1|NZ_CP044069.1_1756,2,2,2
GCF_009184745.1|NZ_CP045070.1|NZ_CP045070.1_1171,8,1,8
GCF_009184745.1|NZ_CP045070.1|NZ_CP045070.1_1174,12,1,12
GCF_009184745.1|NZ_CP045070.1|NZ_CP045070.1_1176,4,2,4
GCF_009184745.1|NZ_CP045070.1|NZ_CP045070.1_1177,30,9,30
GCF_009184745.1|NZ_CP045070.1|NZ_CP045070.1_2648,1,1,1
GCF_009184745.1|NZ_CP045070.1|NZ_CP045070.1_2649,1,1,1
GCF_009184745.1|NZ_CP045070.1|NZ_CP045070.1_2652,3,2,5
GCF_009184745.1|NZ_CP045070.1|NZ_CP045070.1_2653,1,1,1
GCF_009363355.1|NZ_CP045338.1|NZ_CP045338.1_1738,1,1,1
GCF_009363355.1|NZ_CP045339.1|NZ_CP045339.1_295,1,1,1
GCF_009363355.1|NZ_CP045340.1|NZ_CP045340.1_191,1,1,1
GCF_009363355.1|NZ_CP045340.1|NZ_CP045340.1_192,1,1,1
GCF_009363355.1|NZ_CP045340.1|NZ_CP045340.1_193,1,1,1
GCF_009363355.1|NZ_CP045340.1|NZ_CP045340.1_196,1,1,1
GCF_009363355.1|NZ_CP045340.1|NZ_CP045340.1_197,1,1,1
GCF_009363355.1|NZ_CP045340.1|NZ_CP045340.1_199,8,6,8
GCF_009363355.1|NZ_CP045340.1|NZ_CP045340.1_200,1,1,1
GCF_009363355.1|NZ_CP045340.1|NZ_CP045340.1_202,1,1,1
GCF_009363355.1|NZ_CP045340.1|NZ_CP045340.1_206,2,2,2
GCF_009363415.1|NZ_CP045351.1|NZ_CP045351.1_357,1,1,1
GCF_009363415.1|NZ_CP045351.1|NZ_CP045351.1_359,1,1,1
GCF_009363455.1|NZ_CP045355.1|NZ_CP045355.1_1314,4,4,4
GCF_009363455.1|NZ_CP045355.1|NZ_CP045355.1_1315,3,3,3
GCF_009363455.1|NZ_CP045355.1|NZ_CP045355.1_1318,6,4,9
GCF_009363455.1|NZ_CP045355.1|NZ_CP045355.1_1320,6,5,6
GCF_009363455.1|NZ_CP045355.1|NZ_CP045355.1_1324,3,3,3
GCF_009363455.1|NZ_CP045355.1|NZ_CP045355.1_1329,4,4,4
GCF_009363455.1|NZ_CP045355.1|NZ_CP045355.1_1331,5,5,8
GCF_009363455.1|NZ_CP045355.1|NZ_CP045355.1_1332,3,3,3
GCF_009363455.1|NZ_CP045355.1|NZ_CP045355.1_1333,4,4,4
GCF_009363455.1|NZ_CP045355.1|NZ_CP045355.1_1334,3,3,3
GCF_009363455.1|NZ_CP045355.1|NZ_CP045355.1_1335,9,8,10
GCF_009363455.1|NZ_CP045355.1|NZ_CP045355.1_1336,5,5,5
GCF_009363455.1|NZ_CP045355.1|NZ_CP045355.1_1338,3,3,3
GCF_009363455.1|NZ_CP045355.1|NZ_CP045355.1_1339,3,3,3
GCF_009363455.1|NZ_CP045355.1|NZ_CP045355.1_1340,4,4,4
GCF_009363455.1|NZ_CP045355.1|NZ_CP045355.1_1345,4,4,4
GCF_009363455.1|NZ_CP045355.1|NZ_CP045355.1_1346,4,4,4
GCF_009363455.1|NZ_CP045355.1|NZ_CP045355.1_1347,10,8,10
GCF_009363455.1|NZ_CP045355.1|NZ_CP045355.1_1348,5,5,5
GCF_009363455.1|NZ_CP045355.1|NZ_CP045355.1_1351,3,3,3
GCF_009601765.2|NZ_CP045699.1|NZ_CP045699.1_1096,1,1,1
GCF_009601765.2|NZ_CP045699.1|NZ_CP045699.1_1097,1,1,1
GCF_009601765.2|NZ_CP045700.1|NZ_CP045700.1_860,1,1,1
GCF_009665215.1|NZ_CP035680.1|NZ_CP035680.1_2072,1,1,1
GCF_009665215.1|NZ_CP035680.1|NZ_CP035680.1_2077,1,1,1
GCF_009665215.1|NZ_CP035680.1|NZ_CP035680.1_2078,1,1,1
GCF_009665215.1|NZ_CP035680.1|NZ_CP035680.1_2089,1,1,1
GCF_009665255.1|NZ_CP035687.1|NZ_CP035687.1_1,1,1,1
GCF_009665255.1|NZ_CP035687.1|NZ_CP035687.1_8,1,1,1
GCF_009665255.1|NZ_CP035687.1|NZ_CP035687.1_9,1,1,1
GCF_009665255.1|NZ_CP035687.1|NZ_CP035687.1_12,10,3,11
GCF_009665255.1|NZ_CP035687.1|NZ_CP035687.1_40,1,1,1
GCF_009665255.1|NZ_CP035687.1|NZ_CP035687.1_42,1,1,1
GCF_009665255.1|NZ_CP035687.1|NZ_CP035687.1_48,1,1,1
GCF_009665255.1|NZ_CP035687.1|NZ_CP035687.1_69,1,1,1
GCF_009665275.1|NZ_CP035689.1|NZ_CP035689.1_541,1,1,1
GCF_009665275.1|NZ_CP035689.1|NZ_CP035689.1_542,1,1,1
GCF_009665275.1|NZ_CP035689.1|NZ_CP035689.1_545,1,1,2
GCF_009665275.1|NZ_CP035689.1|NZ_CP035689.1_547,4,2,4
GCF_009665275.1|NZ_CP035689.1|NZ_CP035689.1_551,1,1,1
GCF_009665275.1|NZ_CP035689.1|NZ_CP035689.1_556,4,3,4
GCF_009665275.1|NZ_CP035689.1|NZ_CP035689.1_573,1,1,1
GCF_009665275.1|NZ_CP035689.1|NZ_CP035689.1_576,1,1,2
GCF_009665275.1|NZ_CP035689.1|NZ_CP035689.1_577,1,1,2
GCF_009665275.1|NZ_CP035689.1|NZ_CP035689.1_582,115,23,137
GCF_009665315.1|NZ_CP035693.1|NZ_CP035693.1_2310,1,1,1
GCF_009665315.1|NZ_CP035693.1|NZ_CP035693.1_2311,1,1,1
GCF_009665315.1|NZ_CP035693.1|NZ_CP035693.1_2312,7,6,7
GCF_009665315.1|NZ_CP035693.1|NZ_CP035693.1_2315,3,2,4
GCF_009665315.1|NZ_CP035693.1|NZ_CP035693.1_2316,1,1,1
GCF_009665315.1|NZ_CP035693.1|NZ_CP035693.1_2317,1,1,1
GCF_009665315.1|NZ_CP035693.1|NZ_CP035693.1_2320,4,4,5
GCF_009665315.1|NZ_CP035693.1|NZ_CP035693.1_2331,3,3,3
GCF_009665315.1|NZ_CP035693.1|NZ_CP035693.1_2335,16,5,17
GCF_009665315.1|NZ_CP035693.1|NZ_CP035693.1_2336,6,5,6
GCF_009665315.1|NZ_CP035693.1|NZ_CP035693.1_2340,1,1,1
GCF_009665315.1|NZ_CP035693.1|NZ_CP035693.1_2341,1,1,1
GCF_009665315.1|NZ_CP035693.1|NZ_CP035693.1_2343,3,3,3
GCF_009665315.1|NZ_CP035693.1|NZ_CP035693.1_2345,5,2,5
GCF_009665315.1|NZ_CP035693.1|NZ_CP035693.1_2354,6,1,6
GCF_009665415.1|NZ_CP035921.1|NZ_CP035921.1_333,4,4,4
GCF_009665415.1|NZ_CP035921.1|NZ_CP035921.1_334,1,1,1
GCF_009665415.1|NZ_CP035921.1|NZ_CP035921.1_336,1,1,1
GCF_009665415.1|NZ_CP035921.1|NZ_CP035921.1_337,1,1,1
GCF_009665415.1|NZ_CP035921.1|NZ_CP035921.1_339,3,3,3
GCF_009665435.1|NZ_CP035700.1|NZ_CP035700.1_78,4,3,4
GCF_009665435.1|NZ_CP035700.1|NZ_CP035700.1_128,3,3,3
GCF_009665435.1|NZ_CP035700.1|NZ_CP035700.1_129,4,3,4
GCF_009665435.1|NZ_CP035700.1|NZ_CP035700.1_130,1,1,1
GCF_009665435.1|NZ_CP035700.1|NZ_CP035700.1_135,2,2,2
GCF_009665435.1|NZ_CP035700.1|NZ_CP035700.1_142,1,1,1
GCF_009665435.1|NZ_CP035700.1|NZ_CP035700.1_145,1,1,1
GCF_009665435.1|NZ_CP035700.1|NZ_CP035700.1_151,2,2,2
GCF_009665435.1|NZ_CP035700.1|NZ_CP035700.1_156,15,5,20
GCF_009665435.1|NZ_CP035700.1|NZ_CP035700.1_157,5,3,5
GCF_009665435.1|NZ_CP035700.1|NZ_CP035700.1_159,1,1,1
GCF_009665475.1|NZ_CP035731.1|NZ_CP035731.1_238,1,1,1
GCF_009665475.1|NZ_CP035731.1|NZ_CP035731.1_240,1,1,1
GCF_009665475.1|NZ_CP035731.1|NZ_CP035731.1_246,56,19,78
GCF_009665475.1|NZ_CP035731.1|NZ_CP035731.1_247,1,1,1
GCF_009665475.1|NZ_CP035731.1|NZ_CP035731.1_248,5,3,6
GCF_009665475.1|NZ_CP035731.1|NZ_CP035731.1_255,1,1,1
GCF_009665475.1|NZ_CP035731.1|NZ_CP035731.1_261,2,2,3
GCF_009665475.1|NZ_CP035731.1|NZ_CP035731.1_262,3,3,6
GCF_009665475.1|NZ_CP035731.1|NZ_CP035731.1_264,1,1,1
GCF_009665475.1|NZ_CP035731.1|NZ_CP035731.1_266,3,2,3
GCF_009665495.1|NZ_CP035701.1|NZ_CP035701.1_1906,5,2,5
GCF_009665495.1|NZ_CP035701.1|NZ_CP035701.1_1907,4,1,4
GCF_009734325.1|NZ_CP046411.1|NZ_CP046411.1_31,4,2,7
GCF_009734325.1|NZ_CP046411.1|NZ_CP046411.1_32,4,1,10
GCF_009734325.1|NZ_CP046411.1|NZ_CP046411.1_35,14,10,17
GCF_009734325.1|NZ_CP046411.1|NZ_CP046411.1_36,10,3,10
GCF_009734325.1|NZ_CP046411.1|NZ_CP046411.1_39,8,2,11
GCF_009734325.1|NZ_CP046411.1|NZ_CP046411.1_40,3,1,3
GCF_009762895.1|NZ_CP046735.1|NZ_CP046735.1_842,1,1,1
GCF_009762895.1|NZ_CP046735.1|NZ_CP046735.1_846,11,4,11
GCF_009762895.1|NZ_CP046735.1|NZ_CP046735.1_850,8,5,8
GCF_009762895.1|NZ_CP046735.1|NZ_CP046735.1_854,18,2,24
GCF_009762895.1|NZ_CP046735.1|NZ_CP046735.1_861,1,1,1
GCF_009762895.1|NZ_CP046735.1|NZ_CP046735.1_862,1,1,1
GCF_009762895.1|NZ_CP046735.1|NZ_CP046735.1_867,5,3,5
GCF_009762915.1|NZ_CP046738.1|NZ_CP046738.1_826,3,1,3
GCF_009762915.1|NZ_CP046738.1|NZ_CP046738.1_831,4,3,5
GCF_009762915.1|NZ_CP046738.1|NZ_CP046738.1_847,1,1,1
GCF_009762915.1|NZ_CP046738.1|NZ_CP046738.1_851,1,1,1
GCF_009762915.1|NZ_CP046738.1|NZ_CP046738.1_853,3,1,3
GCF_009762915.1|NZ_CP046738.1|NZ_CP046738.1_861,4,1,5
GCF_009762915.1|NZ_CP046738.1|NZ_CP046738.1_866,12,1,13
GCF_009762915.1|NZ_CP046738.1|NZ_CP046738.1_868,19,1,19
GCF_009762915.1|NZ_CP046738.1|NZ_CP046738.1_883,4,2,5
GCF_009762915.1|NZ_CP046738.1|NZ_CP046738.1_892,17,4,21
GCF_009762915.1|NZ_CP046738.1|NZ_CP046738.1_898,3,1,3
GCF_009762915.1|NZ_CP046738.1|NZ_CP046738.1_899,3,1,3
GCF_009762915.1|NZ_CP046738.1|NZ_CP046738.1_904,3,2,4
GCF_009762915.1|NZ_CP046738.1|NZ_CP046738.1_907,1,1,1
GCF_009762915.1|NZ_CP046738.1|NZ_CP046738.1_909,6,3,6
GCF_009762915.1|NZ_CP046738.1|NZ_CP046738.1_927,4,1,6
GCF_009762915.1|NZ_CP046738.1|NZ_CP046738.1_947,7,1,9
GCF_009762945.1|NZ_CP046739.1|NZ_CP046739.1_8,8,4,8
GCF_009762945.1|NZ_CP046739.1|NZ_CP046739.1_59,4,2,4
GCF_009762945.1|NZ_CP046739.1|NZ_CP046739.1_74,7,1,11
GCF_009762945.1|NZ_CP046739.1|NZ_CP046739.1_75,4,2,4
GCF_009762945.1|NZ_CP046739.1|NZ_CP046739.1_80,3,1,3
GCF_009762945.1|NZ_CP046739.1|NZ_CP046739.1_81,5,3,5
GCF_009762945.1|NZ_CP046739.1|NZ_CP046739.1_92,4,3,4
GCF_009762945.1|NZ_CP046739.1|NZ_CP046739.1_112,4,3,4
GCF_009762965.1|NZ_CP046741.1|NZ_CP046741.1_395,1,1,1
GCF_009762965.1|NZ_CP046741.1|NZ_CP046741.1_396,1,1,1
GCF_009762965.1|NZ_CP046741.1|NZ_CP046741.1_398,3,2,3
GCF_009762965.1|NZ_CP046741.1|NZ_CP046741.1_405,1,1,1
GCF_009762965.1|NZ_CP046741.1|NZ_CP046741.1_407,4,2,4
GCF_009762965.1|NZ_CP046741.1|NZ_CP046741.1_408,2,2,2
GCF_009762965.1|NZ_CP046741.1|NZ_CP046741.1_412,1,1,1
GCF_009762965.1|NZ_CP046741.1|NZ_CP046741.1_423,1,1,1
GCF_009762965.1|NZ_CP046741.1|NZ_CP046741.1_424,1,1,1
GCF_009762965.1|NZ_CP046741.1|NZ_CP046741.1_425,1,1,1
GCF_009762965.1|NZ_CP046741.1|NZ_CP046741.1_428,1,1,2
GCF_009762965.1|NZ_CP046741.1|NZ_CP046741.1_430,13,6,13
GCF_009762965.1|NZ_CP046741.1|NZ_CP046741.1_431,1,1,1
GCF_009762965.1|NZ_CP046741.1|NZ_CP046741.1_432,11,3,11
GCF_009762965.1|NZ_CP046741.1|NZ_CP046741.1_437,1,1,1
GCF_009762965.1|NZ_CP046741.1|NZ_CP046741.1_439,1,1,2
GCF_009762965.1|NZ_CP046741.1|NZ_CP046741.1_440,1,1,2
GCF_009762965.1|NZ_CP046741.1|NZ_CP046741.1_456,6,2,7
GCF_009762965.1|NZ_CP046741.1|NZ_CP046741.1_466,67,26,79
GCF_009762965.1|NZ_CP046741.1|NZ_CP046741.1_469,1,1,1
GCF_009762965.1|NZ_CP046741.1|NZ_CP046741.1_470,1,1,1
GCF_009763025.1|NZ_CP046776.1|NZ_CP046776.1_1292,1,1,1
GCF_009763025.1|NZ_CP046776.1|NZ_CP046776.1_1299,6,5,6
GCF_009763025.1|NZ_CP046776.1|NZ_CP046776.1_1308,1,1,1
GCF_009763025.1|NZ_CP046776.1|NZ_CP046776.1_1309,1,1,1
GCF_009763025.1|NZ_CP046776.1|NZ_CP046776.1_1721,3,1,3
GCF_009763045.1|NZ_CP046748.1|NZ_CP046748.1_558,1,1,1
GCF_009763045.1|NZ_CP046748.1|NZ_CP046748.1_560,1,1,1
GCF_009763045.1|NZ_CP046748.1|NZ_CP046748.1_575,1,1,1
GCF_009763045.1|NZ_CP046748.1|NZ_CP046748.1_581,1,1,1
GCF_009763045.1|NZ_CP046748.1|NZ_CP046748.1_584,6,2,6
GCF_009763045.1|NZ_CP046748.1|NZ_CP046748.1_587,1,1,1
GCF_009763045.1|NZ_CP046748.1|NZ_CP046748.1_591,2,2,2
GCF_009763165.1|NZ_CP046754.1|NZ_CP046754.1_1133,1,1,1
GCF_009763185.1|NZ_CP046756.1|NZ_CP046756.1_2241,6,2,6
GCF_009763185.1|NZ_CP046756.1|NZ_CP046756.1_2272,1,1,1
GCF_009763185.1|NZ_CP046756.1|NZ_CP046756.1_2273,1,1,1
GCF_009763185.1|NZ_CP046756.1|NZ_CP046756.1_2274,1,1,1
GCF_009763225.1|NZ_CP046798.1|NZ_CP046798.1_1140,1,1,1
GCF_009763225.1|NZ_CP046798.1|NZ_CP046798.1_1141,3,2,3
GCF_009763225.1|NZ_CP046798.1|NZ_CP046798.1_1144,1,1,1
GCF_009763225.1|NZ_CP046798.1|NZ_CP046798.1_1145,4,3,4
GCF_009763225.1|NZ_CP046798.1|NZ_CP046798.1_1146,1,1,1
GCF_009763225.1|NZ_CP046798.1|NZ_CP046798.1_1147,4,3,4
GCF_009763225.1|NZ_CP046798.1|NZ_CP046798.1_1152,1,1,1
GCF_009763225.1|NZ_CP046798.1|NZ_CP046798.1_1153,3,3,3
GCF_009763225.1|NZ_CP046798.1|NZ_CP046798.1_1154,1,1,1
GCF_009763225.1|NZ_CP046798.1|NZ_CP046798.1_1155,1,1,1
GCF_009763225.1|NZ_CP046798.1|NZ_CP046798.1_1157,1,1,1
GCF_009763225.1|NZ_CP046798.1|NZ_CP046798.1_1158,1,1,1
GCF_009763225.1|NZ_CP046798.1|NZ_CP046798.1_1161,1,1,1
GCF_009763225.1|NZ_CP046798.1|NZ_CP046798.1_1164,1,1,1
GCF_009763225.1|NZ_CP046798.1|NZ_CP046798.1_1165,1,1,1
GCF_009763225.1|NZ_CP046798.1|NZ_CP046798.1_1170,1,1,1
GCF_009763225.1|NZ_CP046798.1|NZ_CP046798.1_1174,1,1,1
GCF_009763345.1|NZ_CP046796.1|NZ_CP046796.1_1355,1,1,1
GCF_009763345.1|NZ_CP046796.1|NZ_CP046796.1_1359,1,1,1
GCF_009763345.1|NZ_CP046796.1|NZ_CP046796.1_1360,1,1,1
GCF_009763345.1|NZ_CP046796.1|NZ_CP046796.1_1364,4,3,4
GCF_009763345.1|NZ_CP046796.1|NZ_CP046796.1_1365,2,2,2
GCF_009763345.1|NZ_CP046796.1|NZ_CP046796.1_1368,2,2,3
GCF_009763345.1|NZ_CP046796.1|NZ_CP046796.1_1369,1,1,1
GCF_009763345.1|NZ_CP046796.1|NZ_CP046796.1_1370,1,1,1
GCF_009763345.1|NZ_CP046796.1|NZ_CP046796.1_1372,3,1,3
GCF_009763405.1|NZ_CP046760.1|NZ_CP046760.1_998,3,2,3
GCF_009763405.1|NZ_CP046760.1|NZ_CP046760.1_999,1,1,1
GCF_009763605.1|NZ_CP046785.1|NZ_CP046785.1_2145,1,1,1
GCF_009763605.1|NZ_CP046785.1|NZ_CP046785.1_2146,1,1,1
GCF_009763605.1|NZ_CP046785.1|NZ_CP046785.1_2150,1,1,1
GCF_009763605.1|NZ_CP046785.1|NZ_CP046785.1_2151,1,1,1
GCF_009763605.1|NZ_CP046785.1|NZ_CP046785.1_2152,1,1,1
GCF_009763605.1|NZ_CP046785.1|NZ_CP046785.1_2153,8,2,8
GCF_009763605.1|NZ_CP046785.1|NZ_CP046785.1_2157,1,1,1
GCF_009763605.1|NZ_CP046785.1|NZ_CP046785.1_2163,1,1,1
GCF_009763605.1|NZ_CP046785.1|NZ_CP046785.1_2171,6,2,6
GCF_009763605.1|NZ_CP046785.1|NZ_CP046785.1_2172,1,1,1
GCF_009763605.1|NZ_CP046785.1|NZ_CP046785.1_2175,1,1,1
GCF_009763605.1|NZ_CP046785.1|NZ_CP046785.1_2180,4,2,4
GCF_009763605.1|NZ_CP046785.1|NZ_CP046785.1_2183,21,8,22
GCF_009763605.1|NZ_CP046785.1|NZ_CP046785.1_2188,11,3,11
GCF_009763605.1|NZ_CP046785.1|NZ_CP046785.1_2189,23,13,29
GCF_009763605.1|NZ_CP046785.1|NZ_CP046785.1_2197,1,1,1
GCF_009763605.1|NZ_CP046785.1|NZ_CP046785.1_2201,1,1,1
GCF_009763605.1|NZ_CP046785.1|NZ_CP046785.1_2203,1,1,1
GCF_009763605.1|NZ_CP046785.1|NZ_CP046785.1_2213,1,1,1
GCF_009763605.1|NZ_CP046785.1|NZ_CP046785.1_2215,8,4,8
GCF_009763605.1|NZ_CP046785.1|NZ_CP046785.1_2218,1,1,1
GCF_009763605.1|NZ_CP046785.1|NZ_CP046785.1_2229,1,1,1
GCF_009763665.1|NZ_CP046838.1|NZ_CP046838.1_731,1,1,2
GCF_009763665.1|NZ_CP046838.1|NZ_CP046838.1_735,1,1,2
GCF_009763665.1|NZ_CP046838.1|NZ_CP046838.1_739,2,2,2
GCF_009763665.1|NZ_CP046838.1|NZ_CP046838.1_752,7,5,7
GCF_009763665.1|NZ_CP046838.1|NZ_CP046838.1_766,1,1,1
GCF_009763705.1|NZ_CP046801.1|NZ_CP046801.1_401,1,1,1
GCF_009763705.1|NZ_CP046801.1|NZ_CP046801.1_403,1,1,1
GCF_009763705.1|NZ_CP046801.1|NZ_CP046801.1_404,1,1,1
GCF_009763705.1|NZ_CP046801.1|NZ_CP046801.1_405,1,1,1
GCF_009763705.1|NZ_CP046801.1|NZ_CP046801.1_415,1,1,1
GCF_009763705.1|NZ_CP046801.1|NZ_CP046801.1_432,1,1,1
GCF_009763705.1|NZ_CP046801.1|NZ_CP046801.1_433,1,1,1
GCF_009763705.1|NZ_CP046801.1|NZ_CP046801.1_434,22,8,23
GCF_009763705.1|NZ_CP046801.1|NZ_CP046801.1_435,1,1,1
GCF_009763705.1|NZ_CP046801.1|NZ_CP046801.1_439,1,1,1
GCF_009763705.1|NZ_CP046801.1|NZ_CP046801.1_440,1,1,1
GCF_009763725.1|NZ_CP046791.1|NZ_CP046791.1_1679,2,2,4
GCF_009763725.1|NZ_CP046791.1|NZ_CP046791.1_1682,1,1,1
GCF_009763725.1|NZ_CP046791.1|NZ_CP046791.1_1684,1,1,1
GCF_009763725.1|NZ_CP046791.1|NZ_CP046791.1_1688,1,1,1
GCF_009763725.1|NZ_CP046791.1|NZ_CP046791.1_1689,1,1,1
GCF_009763725.1|NZ_CP046791.1|NZ_CP046791.1_1694,1,1,1
GCF_009763725.1|NZ_CP046791.1|NZ_CP046791.1_1750,2,2,3
GCF_009763725.1|NZ_CP046791.1|NZ_CP046791.1_1753,2,2,2
GCF_009763725.1|NZ_CP046791.1|NZ_CP046791.1_1757,1,1,1
GCF_009763725.1|NZ_CP046791.1|NZ_CP046791.1_1762,6,4,7
GCF_009763725.1|NZ_CP046791.1|NZ_CP046791.1_1767,2,2,2
GCF_009763725.1|NZ_CP046791.1|NZ_CP046791.1_1782,1,1,1
GCF_009763725.1|NZ_CP046791.1|NZ_CP046791.1_1784,38,10,42
GCF_009763725.1|NZ_CP046791.1|NZ_CP046791.1_1786,1,1,2
GCF_009763725.1|NZ_CP046791.1|NZ_CP046791.1_1802,1,1,1
GCF_009763725.1|NZ_CP046791.1|NZ_CP046791.1_1807,2,1,3
GCF_009763725.1|NZ_CP046791.1|NZ_CP046791.1_1816,2,2,2
GCF_009763725.1|NZ_CP046791.1|NZ_CP046791.1_1818,1,1,1
GCF_009763745.1|NZ_CP046806.1|NZ_CP046806.1_798,1,1,1
GCF_009763745.1|NZ_CP046806.1|NZ_CP046806.1_803,12,5,13
GCF_009763885.1|NZ_CP046849.1|NZ_CP046849.1_919,2,1,2
GCF_009763885.1|NZ_CP046849.1|NZ_CP046849.1_921,1,1,1
GCF_009763885.1|NZ_CP046849.1|NZ_CP046849.1_924,10,5,11
GCF_009763885.1|NZ_CP046849.1|NZ_CP046849.1_926,1,1,1
GCF_009763885.1|NZ_CP046849.1|NZ_CP046849.1_927,1,1,1
GCF_009763885.1|NZ_CP046849.1|NZ_CP046849.1_928,1,1,1
GCF_009763885.1|NZ_CP046849.1|NZ_CP046849.1_90,2,1,2
GCF_009763885.1|NZ_CP046849.1|NZ_CP046849.1_91,1,1,1
GCF_009763885.1|NZ_CP046849.1|NZ_CP046849.1_92,1,1,1
GCF_009763885.1|NZ_CP046849.1|NZ_CP046849.1_95,1,1,1
GCF_009763885.1|NZ_CP046849.1|NZ_CP046849.1_96,1,1,1
GCF_009763885.1|NZ_CP046849.1|NZ_CP046849.1_124,2,1,2
GCF_009763885.1|NZ_CP046849.1|NZ_CP046849.1_126,2,1,2
GCF_009763885.1|NZ_CP046849.1|NZ_CP046849.1_129,2,1,2
GCF_009763885.1|NZ_CP046849.1|NZ_CP046849.1_132,4,2,4
GCF_009763885.1|NZ_CP046849.1|NZ_CP046849.1_137,2,1,2
GCF_009763905.1|NZ_CP046819.1|NZ_CP046819.1_46,1,1,1
GCF_009763905.1|NZ_CP046819.1|NZ_CP046819.1_50,1,1,1
GCF_009763905.1|NZ_CP046819.1|NZ_CP046819.1_57,2,2,2
GCF_009763905.1|NZ_CP046819.1|NZ_CP046819.1_60,1,1,1
GCF_009763905.1|NZ_CP046819.1|NZ_CP046819.1_61,13,5,15
GCF_009763905.1|NZ_CP046819.1|NZ_CP046819.1_66,1,1,1
GCF_009763905.1|NZ_CP046819.1|NZ_CP046819.1_70,37,12,49
GCF_009763905.1|NZ_CP046819.1|NZ_CP046819.1_73,1,1,1
GCF_009763905.1|NZ_CP046819.1|NZ_CP046819.1_82,1,1,1
GCF_009763925.1|NZ_CP046821.1|NZ_CP046821.1_718,3,1,6
GCF_009763925.1|NZ_CP046821.1|NZ_CP046821.1_719,1,1,1
GCF_009763925.1|NZ_CP046821.1|NZ_CP046821.1_725,1,1,1
GCF_009763925.1|NZ_CP046821.1|NZ_CP046821.1_728,1,1,1
GCF_009763925.1|NZ_CP046821.1|NZ_CP046821.1_734,1,1,1
GCF_009763925.1|NZ_CP046821.1|NZ_CP046821.1_735,3,2,4
GCF_009763925.1|NZ_CP046821.1|NZ_CP046821.1_738,9,5,9
GCF_009763925.1|NZ_CP046821.1|NZ_CP046821.1_745,9,5,10
GCF_009764005.1|NZ_CP046824.1|NZ_CP046824.1_942,1,1,1
GCF_009764005.1|NZ_CP046824.1|NZ_CP046824.1_944,1,1,1
GCF_009764005.1|NZ_CP046824.1|NZ_CP046824.1_948,1,1,1
GCF_009764005.1|NZ_CP046824.1|NZ_CP046824.1_952,5,3,5
GCF_009764005.1|NZ_CP046824.1|NZ_CP046824.1_958,1,1,1
GCF_009764005.1|NZ_CP046824.1|NZ_CP046824.1_959,1,1,1
GCF_009764005.1|NZ_CP046824.1|NZ_CP046824.1_960,1,1,1
GCF_009764005.1|NZ_CP046824.1|NZ_CP046824.1_961,1,1,1
GCF_009764005.1|NZ_CP046824.1|NZ_CP046824.1_962,4,2,4
GCF_009764005.1|NZ_CP046824.1|NZ_CP046824.1_963,1,1,1
GCF_009764005.1|NZ_CP046824.1|NZ_CP046824.1_966,5,3,5
GCF_009764005.1|NZ_CP046824.1|NZ_CP046824.1_967,1,1,2
GCF_009764005.1|NZ_CP046824.1|NZ_CP046824.1_970,1,1,1
GCF_009764005.1|NZ_CP046824.1|NZ_CP046824.1_971,1,1,1
GCF_009764005.1|NZ_CP046824.1|NZ_CP046824.1_974,1,1,1
GCF_009764005.1|NZ_CP046824.1|NZ_CP046824.1_975,1,1,1
GCF_009764005.1|NZ_CP046824.1|NZ_CP046824.1_987,1,1,1
GCF_009764005.1|NZ_CP046824.1|NZ_CP046824.1_990,1,1,1
GCF_009764005.1|NZ_CP046824.1|NZ_CP046824.1_991,1,1,1
GCF_009764005.1|NZ_CP046824.1|NZ_CP046824.1_995,2,2,2
GCF_009764005.1|NZ_CP046824.1|NZ_CP046824.1_1003,2,2,2
GCF_009764005.1|NZ_CP046824.1|NZ_CP046824.1_1004,2,2,2
GCF_009764005.1|NZ_CP046824.1|NZ_CP046824.1_1009,1,1,1
GCF_009764005.1|NZ_CP046824.1|NZ_CP046824.1_1010,1,1,1
GCF_009764005.1|NZ_CP046824.1|NZ_CP046824.1_1012,2,2,2
GCF_009764005.1|NZ_CP046824.1|NZ_CP046824.1_1019,1,1,1
GCF_009764005.1|NZ_CP046824.1|NZ_CP046824.1_1020,105,27,171
GCF_009764005.1|NZ_CP046824.1|NZ_CP046824.1_1027,39,18,42
GCF_009764005.1|NZ_CP046824.1|NZ_CP046824.1_1039,1,1,1
GCF_009764055.1|NZ_CP046831.1|NZ_CP046831.1_1524,1,1,1
GCF_009764055.1|NZ_CP046831.1|NZ_CP046831.1_1532,1,1,1
GCF_009764055.1|NZ_CP046831.1|NZ_CP046831.1_1533,1,1,1
GCF_009764055.1|NZ_CP046831.1|NZ_CP046831.1_1545,1,1,1
GCF_009764055.1|NZ_CP046831.1|NZ_CP046831.1_1561,26,7,27
GCF_009764055.1|NZ_CP046831.1|NZ_CP046831.1_1570,4,2,4
GCF_009764055.1|NZ_CP046831.1|NZ_CP046831.1_1571,3,1,3
GCF_009764055.1|NZ_CP046831.1|NZ_CP046831.1_1572,4,2,4
GCF_009764055.1|NZ_CP046831.1|NZ_CP046831.1_1578,1,1,1
GCF_009764055.1|NZ_CP046831.1|NZ_CP046831.1_1582,7,2,10
GCF_009764055.1|NZ_CP046831.1|NZ_CP046831.1_1586,1,1,1
GCF_009764055.1|NZ_CP046831.1|NZ_CP046831.1_1592,4,2,4
GCF_009764055.1|NZ_CP046831.1|NZ_CP046831.1_1593,1,1,1
GCF_009764055.1|NZ_CP046831.1|NZ_CP046831.1_1595,1,1,1
GCF_009764055.1|NZ_CP046831.1|NZ_CP046831.1_1596,10,4,10
GCF_009764055.1|NZ_CP046831.1|NZ_CP046831.1_1597,5,2,5
GCF_009764055.1|NZ_CP046831.1|NZ_CP046831.1_1598,47,5,52
GCF_009764055.1|NZ_CP046831.1|NZ_CP046831.1_1603,1,1,1
GCF_009764055.1|NZ_CP046831.1|NZ_CP046831.1_1612,3,1,4
GCF_009764095.1|NZ_CP046832.1|NZ_CP046832.1_1313,1,1,1
GCF_009764095.1|NZ_CP046832.1|NZ_CP046832.1_1314,1,1,1
GCF_009764095.1|NZ_CP046832.1|NZ_CP046832.1_1321,16,4,22
GCF_009764095.1|NZ_CP046832.1|NZ_CP046832.1_1335,3,3,3
GCF_009764095.1|NZ_CP046832.1|NZ_CP046832.1_1338,1,1,1
GCF_009764095.1|NZ_CP046832.1|NZ_CP046832.1_1339,16,6,17
GCF_009764095.1|NZ_CP046832.1|NZ_CP046832.1_1350,19,4,28
GCF_009764095.1|NZ_CP046832.1|NZ_CP046832.1_1353,3,3,3
GCF_009764095.1|NZ_CP046832.1|NZ_CP046832.1_1354,2,2,3
GCF_009764095.1|NZ_CP046832.1|NZ_CP046832.1_1370,1,1,1
GCF_009764095.1|NZ_CP046832.1|NZ_CP046832.1_1376,1,1,1
GCF_009764095.1|NZ_CP046832.1|NZ_CP046832.1_1380,3,1,4
GCF_009764115.1|NZ_CP046835.1|NZ_CP046835.1_1005,1,1,1
GCF_009764115.1|NZ_CP046835.1|NZ_CP046835.1_1012,3,3,3
GCF_009764115.1|NZ_CP046835.1|NZ_CP046835.1_1013,1,1,1
GCF_009764115.1|NZ_CP046835.1|NZ_CP046835.1_1021,2,1,2
GCF_009764115.1|NZ_CP046835.1|NZ_CP046835.1_1024,1,1,1
GCF_009764115.1|NZ_CP046835.1|NZ_CP046835.1_1025,1,1,1
GCF_009764115.1|NZ_CP046835.1|NZ_CP046835.1_1231,1,1,1
GCF_009764115.1|NZ_CP046835.1|NZ_CP046835.1_1233,1,1,1
GCF_009764195.1|NZ_CP046856.1|NZ_CP046856.1_1461,6,5,6
GCF_009799825.1|NZ_CP047060.1|NZ_CP047060.1_292,3,1,3
GCF_009883855.1|NZ_CP034294.1|NZ_CP034294.1_1192,2,1,2
GCF_009883875.1|NZ_CP034298.1|NZ_CP034298.1_1886,6,4,6
GCF_009883875.1|NZ_CP034298.1|NZ_CP034298.1_1892,1,1,1
GCF_009883875.1|NZ_CP034298.1|NZ_CP034298.1_1893,7,1,7
GCF_009883875.1|NZ_CP034298.1|NZ_CP034298.1_1921,5,3,6
GCF_009883875.1|NZ_CP034298.1|NZ_CP034298.1_1929,8,6,8
GCF_009883875.1|NZ_CP034298.1|NZ_CP034298.1_1931,1,1,1
GCF_009883875.1|NZ_CP034298.1|NZ_CP034298.1_1932,1,1,2
GCF_009883875.1|NZ_CP034298.1|NZ_CP034298.1_1940,1,1,1
GCF_009883875.1|NZ_CP034298.1|NZ_CP034298.1_1947,6,2,6
GCF_009883875.1|NZ_CP034298.1|NZ_CP034298.1_1959,9,2,9
GCF_009883875.1|NZ_CP034298.1|NZ_CP034298.1_1961,1,1,1
GCF_009883875.1|NZ_CP034298.1|NZ_CP034298.1_1967,1,1,1
GCF_009883875.1|NZ_CP034298.1|NZ_CP034298.1_1970,1,1,2
GCF_009883875.1|NZ_CP034298.1|NZ_CP034298.1_1973,4,3,4
GCF_009883875.1|NZ_CP034298.1|NZ_CP034298.1_1974,3,3,4
GCF_011212705.1|NZ_CP048693.1|NZ_CP048693.1_2712,1,1,1
GCF_011212705.1|NZ_CP048693.1|NZ_CP048693.1_2714,1,1,1
GCF_011212705.1|NZ_CP048693.1|NZ_CP048693.1_2716,1,1,1
GCF_011306175.1|NZ_CP049914.1|NZ_CP049914.1_1,1,1,1
GCF_011306175.1|NZ_CP049914.1|NZ_CP049914.1_8,1,1,1
GCF_011306175.1|NZ_CP049914.1|NZ_CP049914.1_486,1,1,1
GCF_011306175.1|NZ_CP049914.1|NZ_CP049914.1_492,2,2,3
GCF_011306175.1|NZ_CP049914.1|NZ_CP049914.1_494,1,1,1
GCF_011306175.1|NZ_CP049914.1|NZ_CP049914.1_495,1,1,1
GCF_011306175.1|NZ_CP049914.1|NZ_CP049914.1_496,1,1,2
GCF_011306175.1|NZ_CP049914.1|NZ_CP049914.1_498,1,1,2
GCF_011306175.1|NZ_CP049914.1|NZ_CP049914.1_504,3,3,3
GCF_011306175.1|NZ_CP049914.1|NZ_CP049914.1_511,1,1,1
GCF_011306175.1|NZ_CP049914.1|NZ_CP049914.1_514,1,1,1
GCF_011306175.1|NZ_CP049914.1|NZ_CP049914.1_516,2,2,4
GCF_011306175.1|NZ_CP049914.1|NZ_CP049914.1_518,3,3,3
GCF_011306175.1|NZ_CP049914.1|NZ_CP049914.1_523,1,1,1
GCF_011306175.1|NZ_CP049914.1|NZ_CP049914.1_524,1,1,1
GCF_011306175.1|NZ_CP049914.1|NZ_CP049914.1_530,3,3,3
GCF_011306175.1|NZ_CP049914.1|NZ_CP049914.1_531,1,1,1
GCF_011306175.1|NZ_CP049914.1|NZ_CP049914.1_538,2,2,2
GCF_011306175.1|NZ_CP049914.1|NZ_CP049914.1_539,5,4,5
GCF_011306175.1|NZ_CP049914.1|NZ_CP049914.1_547,1,1,1
GCF_011306175.1|NZ_CP049914.1|NZ_CP049914.1_407,1,1,1
GCF_011765565.1|NZ_CP050266.1|NZ_CP050266.1_1626,1,1,1
GCF_011765565.1|NZ_CP050266.1|NZ_CP050266.1_1627,1,1,1
GCF_011765565.1|NZ_CP050266.1|NZ_CP050266.1_1632,3,3,3
GCF_011765565.1|NZ_CP050267.1|NZ_CP050267.1_196,1,1,1
GCF_011765565.1|NZ_CP050267.1|NZ_CP050267.1_197,2,2,2
GCF_011765565.1|NZ_CP050267.1|NZ_CP050267.1_198,14,6,15
GCF_013085075.1|NZ_CP047296.1|NZ_CP047296.1_420,107,17,107
GCF_013357625.1|NZ_CP053797.1|NZ_CP053797.1_278,1,1,1
GCF_013357625.1|NZ_CP053797.1|NZ_CP053797.1_287,2,1,2
GCF_013357625.1|NZ_CP053797.1|NZ_CP053797.1_290,4,1,5
GCF_013357625.1|NZ_CP053797.1|NZ_CP053797.1_297,7,4,7
GCF_013357625.1|NZ_CP053797.1|NZ_CP053797.1_309,9,4,11
GCF_013357625.1|NZ_CP053797.1|NZ_CP053797.1_350,8,2,8
GCF_013357625.1|NZ_CP053797.1|NZ_CP053797.1_359,3,1,3
GCF_013357665.1|NZ_CP053801.1|NZ_CP053801.1_277,1,1,1
GCF_013357665.1|NZ_CP053801.1|NZ_CP053801.1_293,2,2,2
GCF_013357685.1|NZ_CP053803.1|NZ_CP053803.1_343,2,1,2
GCF_013357685.1|NZ_CP053803.1|NZ_CP053803.1_351,1,1,1
GCF_013357685.1|NZ_CP053803.1|NZ_CP053803.1_352,1,1,1
GCF_013357685.1|NZ_CP053803.1|NZ_CP053803.1_353,1,1,1
GCF_013357685.1|NZ_CP053803.1|NZ_CP053803.1_357,1,1,1
GCF_013357685.1|NZ_CP053803.1|NZ_CP053803.1_358,1,1,1
GCF_013357685.1|NZ_CP053803.1|NZ_CP053803.1_360,1,1,1
GCF_013357685.1|NZ_CP053803.1|NZ_CP053803.1_361,1,1,1
GCF_013357685.1|NZ_CP053803.1|NZ_CP053803.1_370,3,2,3
GCF_013357685.1|NZ_CP053803.1|NZ_CP053803.1_372,1,1,1
GCF_013357685.1|NZ_CP053803.1|NZ_CP053803.1_373,1,1,1
GCF_013357685.1|NZ_CP053803.1|NZ_CP053803.1_374,1,1,1
GCF_013357685.1|NZ_CP053803.1|NZ_CP053803.1_381,2,1,2
GCF_013357685.1|NZ_CP053803.1|NZ_CP053803.1_383,3,2,3
GCF_013357685.1|NZ_CP053803.1|NZ_CP053803.1_389,1,1,1
GCF_013357685.1|NZ_CP053803.1|NZ_CP053803.1_399,1,1,1
GCF_013357685.1|NZ_CP053803.1|NZ_CP053803.1_405,27,4,35
GCF_013357685.1|NZ_CP053803.1|NZ_CP053803.1_406,7,3,7
GCF_013357685.1|NZ_CP053803.1|NZ_CP053803.1_408,2,2,2
GCF_013357685.1|NZ_CP053803.1|NZ_CP053803.1_410,3,2,3
GCF_013357685.1|NZ_CP053803.1|NZ_CP053803.1_412,1,1,1
GCF_013357685.1|NZ_CP053803.1|NZ_CP053803.1_417,99,15,100
GCF_013357685.1|NZ_CP053803.1|NZ_CP053803.1_418,3,2,3
GCF_013357685.1|NZ_CP053803.1|NZ_CP053803.1_419,1,1,1
GCF_013357685.1|NZ_CP053803.1|NZ_CP053803.1_422,3,3,3
GCF_013357685.1|NZ_CP053803.1|NZ_CP053803.1_438,5,2,5
GCF_013357685.1|NZ_CP053803.1|NZ_CP053803.1_440,1,1,1
GCF_013357745.1|NZ_CP053807.1|NZ_CP053807.1_296,1,1,1
GCF_013357745.1|NZ_CP053807.1|NZ_CP053807.1_305,1,1,1
GCF_013357745.1|NZ_CP053807.1|NZ_CP053807.1_320,1,1,1
GCF_013357745.1|NZ_CP053807.1|NZ_CP053807.1_326,8,4,8
GCF_013357745.1|NZ_CP053807.1|NZ_CP053807.1_333,2,2,2
GCF_013357745.1|NZ_CP053807.1|NZ_CP053807.1_337,20,5,20
GCF_013357745.1|NZ_CP053807.1|NZ_CP053807.1_340,5,1,5
GCF_013357745.1|NZ_CP053807.1|NZ_CP053807.1_341,1,1,1
GCF_013357745.1|NZ_CP053807.1|NZ_CP053807.1_343,2,1,2
GCF_013357745.1|NZ_CP053807.1|NZ_CP053807.1_344,3,2,3
GCF_013357745.1|NZ_CP053807.1|NZ_CP053807.1_374,1,1,1
GCF_013357745.1|NZ_CP053807.1|NZ_CP053807.1_386,9,3,9
GCF_013357745.1|NZ_CP053807.1|NZ_CP053807.1_392,1,1,1
GCF_013357745.1|NZ_CP053807.1|NZ_CP053807.1_393,1,1,1
GCF_013357765.1|NZ_CP053809.1|NZ_CP053809.1_384,5,1,5
GCF_013357765.1|NZ_CP053809.1|NZ_CP053809.1_399,1,1,1
GCF_013357765.1|NZ_CP053809.1|NZ_CP053809.1_434,3,2,3
GCF_013357765.1|NZ_CP053809.1|NZ_CP053809.1_440,1,1,1
GCF_013357765.1|NZ_CP053809.1|NZ_CP053809.1_454,1,1,1
GCF_013357765.1|NZ_CP053809.1|NZ_CP053809.1_479,32,17,36
GCF_013357765.1|NZ_CP053809.1|NZ_CP053809.1_481,73,8,77
GCF_013357785.1|NZ_CP053811.1|NZ_CP053811.1_438,3,2,3
GCF_013357785.1|NZ_CP053811.1|NZ_CP053811.1_474,3,2,3
GCF_013357785.1|NZ_CP053811.1|NZ_CP053811.1_481,5,2,6
GCF_013357785.1|NZ_CP053811.1|NZ_CP053811.1_484,3,2,4
GCF_013357785.1|NZ_CP053811.1|NZ_CP053811.1_485,5,3,5
GCF_013357785.1|NZ_CP053812.1|NZ_CP053812.1_150,4,2,4
GCF_013357805.1|NZ_CP053814.1|NZ_CP053814.1_293,2,1,2
GCF_013357805.1|NZ_CP053814.1|NZ_CP053814.1_295,2,1,2
GCF_013357805.1|NZ_CP053814.1|NZ_CP053814.1_296,2,1,2
GCF_013357805.1|NZ_CP053814.1|NZ_CP053814.1_313,2,1,2
GCF_013357805.1|NZ_CP053814.1|NZ_CP053814.1_322,2,1,2
GCF_013357805.1|NZ_CP053814.1|NZ_CP053814.1_329,1,1,1
GCF_013357805.1|NZ_CP053814.1|NZ_CP053814.1_339,2,1,2
GCF_013357805.1|NZ_CP053814.1|NZ_CP053814.1_340,1,1,1
GCF_013357805.1|NZ_CP053814.1|NZ_CP053814.1_341,1,1,1
GCF_013357805.1|NZ_CP053814.1|NZ_CP053814.1_356,6,1,6
GCF_013357805.1|NZ_CP053814.1|NZ_CP053814.1_364,115,16,129
GCF_013357805.1|NZ_CP053814.1|NZ_CP053814.1_380,3,2,3
GCF_013357805.1|NZ_CP053814.1|NZ_CP053814.1_501,2,1,2
GCF_013357805.1|NZ_CP053815.1|NZ_CP053815.1_108,2,1,2
GCF_013357825.1|NZ_CP053823.1|NZ_CP053823.1_268,4,2,5
GCF_013357825.1|NZ_CP053823.1|NZ_CP053823.1_273,3,1,6
GCF_013357825.1|NZ_CP053823.1|NZ_CP053823.1_289,3,2,5
GCF_013357825.1|NZ_CP053823.1|NZ_CP053823.1_290,20,6,28
GCF_013357825.1|NZ_CP053823.1|NZ_CP053823.1_294,5,3,5
GCF_013357825.1|NZ_CP053823.1|NZ_CP053823.1_313,4,3,4
GCF_013357825.1|NZ_CP053823.1|NZ_CP053823.1_319,2,1,2
GCF_013357825.1|NZ_CP053823.1|NZ_CP053823.1_323,3,1,3
GCF_013357825.1|NZ_CP053823.1|NZ_CP053823.1_328,8,4,10
GCF_013357825.1|NZ_CP053823.1|NZ_CP053823.1_337,1,1,1
GCF_013357825.1|NZ_CP053823.1|NZ_CP053823.1_339,5,4,6
GCF_013357825.1|NZ_CP053823.1|NZ_CP053823.1_353,2,1,2
GCF_013357825.1|NZ_CP053823.1|NZ_CP053823.1_357,5,3,5
GCF_013357825.1|NZ_CP053823.1|NZ_CP053823.1_362,120,18,211
GCF_013357825.1|NZ_CP053823.1|NZ_CP053823.1_371,2,1,2
GCF_013357825.1|NZ_CP053823.1|NZ_CP053823.1_372,1,1,1
GCF_013357825.1|NZ_CP053823.1|NZ_CP053823.1_407,3,1,3
GCF_013357885.1|NZ_CP053745.1|NZ_CP053745.1_313,2,1,2
GCF_013357885.1|NZ_CP053745.1|NZ_CP053745.1_316,1,1,1
GCF_013357885.1|NZ_CP053745.1|NZ_CP053745.1_317,1,1,1
GCF_013357885.1|NZ_CP053745.1|NZ_CP053745.1_320,9,3,9
GCF_013357885.1|NZ_CP053745.1|NZ_CP053745.1_324,2,2,2
GCF_013357885.1|NZ_CP053745.1|NZ_CP053745.1_327,1,1,1
GCF_013357885.1|NZ_CP053745.1|NZ_CP053745.1_328,4,4,5
GCF_013357885.1|NZ_CP053745.1|NZ_CP053745.1_335,1,1,1
GCF_013393865.1|NZ_CP040101.1|NZ_CP040101.1_1479,1,1,1
GCF_013393865.1|NZ_CP040101.1|NZ_CP040101.1_1486,1,1,1
GCF_013393865.1|NZ_CP040101.1|NZ_CP040101.1_1487,1,1,1
GCF_013393865.1|NZ_CP040101.1|NZ_CP040101.1_1490,15,4,17
GCF_013393865.1|NZ_CP040101.1|NZ_CP040101.1_1495,1,1,1
GCF_013393865.1|NZ_CP040101.1|NZ_CP040101.1_1502,1,1,1
GCF_013393865.1|NZ_CP040101.1|NZ_CP040101.1_1503,1,1,1
GCF_013393865.1|NZ_CP040101.1|NZ_CP040101.1_1512,7,2,7
GCF_013393865.1|NZ_CP040101.1|NZ_CP040101.1_1515,3,3,4
GCF_013393865.1|NZ_CP040101.1|NZ_CP040101.1_1516,3,3,4
GCF_013393865.1|NZ_CP040101.1|NZ_CP040101.1_1524,5,4,6
GCF_013393865.1|NZ_CP040101.1|NZ_CP040101.1_1529,1,1,1
GCF_013393865.1|NZ_CP040101.1|NZ_CP040101.1_1530,1,1,1
GCF_013393865.1|NZ_CP040101.1|NZ_CP040101.1_1531,1,1,1
GCF_013393865.1|NZ_CP040101.1|NZ_CP040101.1_1532,1,1,1
GCF_013393865.1|NZ_CP040101.1|NZ_CP040101.1_1533,1,1,1
GCF_013393865.1|NZ_CP040101.1|NZ_CP040101.1_1534,1,1,1
GCF_013393865.1|NZ_CP040101.1|NZ_CP040101.1_1535,1,1,1
GCF_013393865.1|NZ_CP040101.1|NZ_CP040101.1_1536,1,1,1
GCF_013393865.1|NZ_CP040101.1|NZ_CP040101.1_1537,1,1,1
GCF_013393865.1|NZ_CP040101.1|NZ_CP040101.1_1541,1,1,1
GCF_013393865.1|NZ_CP040101.1|NZ_CP040101.1_1551,2,2,2
GCF_013393865.1|NZ_CP040101.1|NZ_CP040101.1_1554,1,1,1
GCF_013393865.1|NZ_CP040101.1|NZ_CP040101.1_1555,13,1,21
GCF_013393865.1|NZ_CP040101.1|NZ_CP040101.1_1558,1,1,1
GCF_013393865.1|NZ_CP040101.1|NZ_CP040101.1_1561,1,1,1
GCF_013393865.1|NZ_CP040101.1|NZ_CP040101.1_1564,1,1,1
GCF_013393865.1|NZ_CP040101.1|NZ_CP040101.1_1574,1,1,1
GCF_014083925.1|NZ_CP046268.1|NZ_CP046268.1_1150,1,1,1
GCF_014083925.1|NZ_CP046268.1|NZ_CP046268.1_1524,1,1,1
GCF_014083925.1|NZ_CP046268.1|NZ_CP046268.1_1525,1,1,1
GCF_014083925.1|NZ_CP046268.1|NZ_CP046268.1_1527,1,1,1
GCF_014083925.1|NZ_CP046269.1|NZ_CP046269.1_62,2,2,2
GCF_014083925.1|NZ_CP046269.1|NZ_CP046269.1_64,1,1,2
GCF_014083925.1|NZ_CP046269.1|NZ_CP046269.1_65,1,1,1
GCF_014083925.1|NZ_CP046269.1|NZ_CP046269.1_175,1,1,1
GCF_014083925.1|NZ_CP046269.1|NZ_CP046269.1_178,1,1,1
GCF_014083925.1|NZ_CP046269.1|NZ_CP046269.1_179,1,1,1
GCF_014083925.1|NZ_CP046269.1|NZ_CP046269.1_180,1,1,1
GCF_014083925.1|NZ_CP046269.1|NZ_CP046269.1_266,1,1,1
GCF_014107515.1|NZ_CP044206.1|NZ_CP044206.1_2006,2,2,2
GCF_014107515.1|NZ_CP044206.1|NZ_CP044206.1_2007,2,2,2
GCF_014107515.1|NZ_CP044206.1|NZ_CP044206.1_2014,2,2,2
GCF_014107515.1|NZ_CP044206.1|NZ_CP044206.1_2016,2,2,2
GCF_014107515.1|NZ_CP044206.1|NZ_CP044206.1_2020,1,1,1
GCF_014107515.1|NZ_CP044206.1|NZ_CP044206.1_2028,1,1,1
GCF_014107515.1|NZ_CP044206.1|NZ_CP044206.1_2029,1,1,1
GCF_014107515.1|NZ_CP044206.1|NZ_CP044206.1_2031,1,1,1
GCF_014107515.1|NZ_CP044206.1|NZ_CP044206.1_2032,1,1,2
GCF_014107515.1|NZ_CP044206.1|NZ_CP044206.1_2036,2,1,2
GCF_014107515.1|NZ_CP044206.1|NZ_CP044206.1_2043,3,2,4
GCF_014107515.1|NZ_CP044206.1|NZ_CP044206.1_2049,1,1,1
GCF_014107515.1|NZ_CP044206.1|NZ_CP044206.1_2059,3,3,3
GCF_014274185.1|NZ_CP060386.1|NZ_CP060386.1_657,3,2,3
GCF_014274185.1|NZ_CP060386.1|NZ_CP060386.1_658,4,3,4
GCF_014274185.1|NZ_CP060386.1|NZ_CP060386.1_664,5,2,5
GCF_014274185.1|NZ_CP060386.1|NZ_CP060386.1_665,6,3,8
GCF_014274185.1|NZ_CP060386.1|NZ_CP060386.1_667,6,3,6
GCF_014274185.1|NZ_CP060386.1|NZ_CP060386.1_1279,1,1,1
GCF_014274185.1|NZ_CP060386.1|NZ_CP060386.1_1281,4,2,4
GCF_014274185.1|NZ_CP060386.1|NZ_CP060386.1_1282,1,1,1
GCF_014274185.1|NZ_CP060386.1|NZ_CP060386.1_1283,6,5,6
GCF_014274185.1|NZ_CP060386.1|NZ_CP060386.1_1290,3,2,3
GCF_014274185.1|NZ_CP060386.1|NZ_CP060386.1_1301,1,1,1
GCF_014274185.1|NZ_CP060386.1|NZ_CP060386.1_1303,4,3,4
GCF_014274185.1|NZ_CP060386.1|NZ_CP060386.1_1322,1,1,1
GCF_014274185.1|NZ_CP060386.1|NZ_CP060386.1_1331,1,1,1
GCF_014274185.1|NZ_CP060386.1|NZ_CP060386.1_1341,1,1,1
GCF_014274185.1|NZ_CP060386.1|NZ_CP060386.1_1352,1,1,1
GCF_014788305.1|NZ_CP061845.1|NZ_CP061845.1_157,1,1,1
GCF_014788305.1|NZ_CP061845.1|NZ_CP061845.1_167,1,1,1
GCF_014788305.1|NZ_CP061845.1|NZ_CP061845.1_170,1,1,1
GCF_014788305.1|NZ_CP061845.1|NZ_CP061845.1_173,1,1,1
GCF_014788305.1|NZ_CP061845.1|NZ_CP061845.1_176,1,1,1
GCF_014788305.1|NZ_CP061845.1|NZ_CP061845.1_180,1,1,1
GCF_014788305.1|NZ_CP061845.1|NZ_CP061845.1_181,1,1,1
GCF_014788305.1|NZ_CP061845.1|NZ_CP061845.1_185,1,1,1
GCF_014788305.1|NZ_CP061845.1|NZ_CP061845.1_187,4,4,4
GCF_014788305.1|NZ_CP061845.1|NZ_CP061845.1_189,1,1,2
GCF_014788305.1|NZ_CP061845.1|NZ_CP061845.1_2865,1,1,1
GCF_014788305.1|NZ_CP061845.1|NZ_CP061845.1_2875,1,1,2
GCF_014788305.1|NZ_CP061845.1|NZ_CP061845.1_2886,1,1,1
GCF_014788305.1|NZ_CP061845.1|NZ_CP061845.1_203,1,1,1
GCF_014879975.1|NZ_CP062500.1|NZ_CP062500.1_1648,1,1,1
GCF_014879975.1|NZ_CP062500.1|NZ_CP062500.1_1652,1,1,1
GCF_014879975.1|NZ_CP062500.1|NZ_CP062500.1_1654,1,1,1
GCF_015097735.1|NZ_AP024087.1|NZ_AP024087.1_1857,1,1,1
GCF_015097735.1|NZ_AP024087.1|NZ_AP024087.1_1870,4,2,4
GCF_015168795.1|NZ_CP063420.1|NZ_CP063420.1_2616,3,2,3
GCF_015168795.1|NZ_CP063421.1|NZ_CP063421.1_223,3,1,3
GCF_015168795.1|NZ_CP063421.1|NZ_CP063421.1_224,4,1,4
GCF_015168795.1|NZ_CP063421.1|NZ_CP063421.1_248,42,13,50
GCF_015767675.1|NZ_CP065217.1|NZ_CP065217.1_1687,1,1,1
GCF_015767675.1|NZ_CP065217.1|NZ_CP065217.1_1690,1,1,1
GCF_015767675.1|NZ_CP065217.1|NZ_CP065217.1_1696,1,1,1
GCF_015767675.1|NZ_CP065217.1|NZ_CP065217.1_1698,1,1,1
GCF_015767675.1|NZ_CP065217.1|NZ_CP065217.1_1699,1,1,1
GCF_015767675.1|NZ_CP065217.1|NZ_CP065217.1_1701,1,1,1
GCF_015767675.1|NZ_CP065217.1|NZ_CP065217.1_1703,1,1,1
GCF_015767675.1|NZ_CP065217.1|NZ_CP065217.1_1708,1,1,1
GCF_015767675.1|NZ_CP065217.1|NZ_CP065217.1_1709,1,1,1
GCF_015767675.1|NZ_CP065217.1|NZ_CP065217.1_1710,1,1,1
GCF_015767675.1|NZ_CP065217.1|NZ_CP065217.1_1717,1,1,1
GCF_015767675.1|NZ_CP065217.1|NZ_CP065217.1_1719,1,1,1
GCF_015767675.1|NZ_CP065217.1|NZ_CP065217.1_1724,2,2,2
GCF_015767675.1|NZ_CP065217.1|NZ_CP065217.1_1727,3,3,3
GCF_015767675.1|NZ_CP065217.1|NZ_CP065217.1_1729,2,2,2
GCF_015767675.1|NZ_CP065217.1|NZ_CP065217.1_1732,1,1,1
GCF_015767675.1|NZ_CP065217.1|NZ_CP065217.1_1747,1,1,1
GCF_015767675.1|NZ_CP065217.1|NZ_CP065217.1_1764,1,1,1
GCF_015767675.1|NZ_CP065217.1|NZ_CP065217.1_1765,3,3,3
GCF_015767675.1|NZ_CP065217.1|NZ_CP065217.1_1769,1,1,1
GCF_015767675.1|NZ_CP065217.1|NZ_CP065217.1_1773,16,8,18
GCF_015767675.1|NZ_CP065217.1|NZ_CP065217.1_1774,1,1,1
GCF_015767675.1|NZ_CP065217.1|NZ_CP065217.1_1778,1,1,1
GCF_015767675.1|NZ_CP065217.1|NZ_CP065217.1_1796,2,2,2
GCF_015767675.1|NZ_CP065217.1|NZ_CP065217.1_1803,1,1,4
GCF_015767675.1|NZ_CP065217.1|NZ_CP065217.1_1817,3,3,3
GCF_015767675.1|NZ_CP065217.1|NZ_CP065217.1_1819,2,1,2
GCF_015767675.1|NZ_CP065217.1|NZ_CP065217.1_1826,1,1,1
GCF_015767675.1|NZ_CP065217.1|NZ_CP065217.1_1827,2,2,2
GCF_015767675.1|NZ_CP065217.1|NZ_CP065217.1_1828,2,2,2
GCF_015767675.1|NZ_CP065217.1|NZ_CP065217.1_1833,3,2,3
GCF_015767675.1|NZ_CP065217.1|NZ_CP065217.1_1836,2,2,2
GCF_015767675.1|NZ_CP065219.1|NZ_CP065219.1_90,1,1,1
GCF_015767675.1|NZ_CP065219.1|NZ_CP065219.1_94,1,1,1
GCF_015767675.1|NZ_CP065219.1|NZ_CP065219.1_98,1,1,1
GCF_015767675.1|NZ_CP065219.1|NZ_CP065219.1_101,1,1,1
GCF_015767675.1|NZ_CP065219.1|NZ_CP065219.1_102,2,2,2
GCF_019321785.1|NZ_CP074415.1|NZ_CP074415.1_1981,24,5,24
GCF_019321785.1|NZ_CP074415.1|NZ_CP074415.1_1983,1,1,1
GCF_019321785.1|NZ_CP074415.1|NZ_CP074415.1_1984,1,1,1
GCF_019321785.1|NZ_CP074415.1|NZ_CP074415.1_1987,1,1,1
GCF_019321785.1|NZ_CP074415.1|NZ_CP074415.1_1988,1,1,1
GCF_019321785.1|NZ_CP074415.1|NZ_CP074415.1_1993,1,1,1
GCF_019321785.1|NZ_CP074415.1|NZ_CP074415.1_1994,1,1,1
GCF_019321785.1|NZ_CP074415.1|NZ_CP074415.1_1995,1,1,1
GCF_019321785.1|NZ_CP074415.1|NZ_CP074415.1_1996,1,1,1
GCF_019321785.1|NZ_CP074415.1|NZ_CP074415.1_1998,1,1,1
GCF_019321785.1|NZ_CP074415.1|NZ_CP074415.1_2000,1,1,1
GCF_019321785.1|NZ_CP074415.1|NZ_CP074415.1_2005,1,1,1
GCF_019321785.1|NZ_CP074415.1|NZ_CP074415.1_2006,1,1,1
GCF_019321785.1|NZ_CP074415.1|NZ_CP074415.1_2014,1,1,1
GCF_019321785.1|NZ_CP074415.1|NZ_CP074415.1_2015,1,1,1
GCF_019321785.1|NZ_CP074415.1|NZ_CP074415.1_2042,1,1,1
GCF_019704255.1|NZ_AP024556.1|NZ_AP024556.1_983,1,1,1
GCF_019904195.1|NZ_CP063199.1|NZ_CP063199.1_1697,2,2,2
GCF_019904195.1|NZ_CP063199.1|NZ_CP063199.1_3278,1,1,1
GCF_019904195.1|NZ_CP063199.1|NZ_CP063199.1_3279,1,1,1
GCF_019904195.1|NZ_CP063199.1|NZ_CP063199.1_3281,1,1,1
GCF_019904195.1|NZ_CP063199.1|NZ_CP063199.1_3283,1,1,1
GCF_019904195.1|NZ_CP063199.1|NZ_CP063199.1_3284,1,1,1
GCF_019904195.1|NZ_CP063199.1|NZ_CP063199.1_3285,1,1,1
GCF_019977755.1|NZ_AP025144.1|NZ_AP025144.1_1451,5,1,5
GCF_019977755.1|NZ_AP025144.1|NZ_AP025144.1_1452,5,1,5
GCF_019977755.1|NZ_AP025144.1|NZ_AP025144.1_1455,5,1,5
GCF_019977755.1|NZ_AP025144.1|NZ_AP025144.1_1456,5,1,5
GCF_019977755.1|NZ_AP025144.1|NZ_AP025144.1_1459,6,2,6
GCF_019977755.1|NZ_AP025144.1|NZ_AP025144.1_1460,5,1,14
GCF_019977755.1|NZ_AP025144.1|NZ_AP025144.1_1461,5,1,5
GCF_019977755.1|NZ_AP025144.1|NZ_AP025144.1_1465,5,1,5
GCF_019977755.1|NZ_AP025144.1|NZ_AP025144.1_1466,5,1,5
GCF_019977755.1|NZ_AP025145.1|NZ_AP025145.1_1458,5,1,5
GCF_019977755.1|NZ_AP025145.1|NZ_AP025145.1_1459,7,3,7
GCF_019977755.1|NZ_AP025145.1|NZ_AP025145.1_1460,5,1,5
GCF_019977755.1|NZ_AP025145.1|NZ_AP025145.1_1462,6,2,6
GCF_019977755.1|NZ_AP025145.1|NZ_AP025145.1_1463,5,1,5
GCF_019977755.1|NZ_AP025145.1|NZ_AP025145.1_1465,2,1,3
GCF_019977755.1|NZ_AP025145.1|NZ_AP025145.1_1466,2,1,3
GCF_019977755.1|NZ_AP025145.1|NZ_AP025145.1_1469,5,1,5
GCF_019977755.1|NZ_AP025145.1|NZ_AP025145.1_1472,5,1,5
GCF_019977755.1|NZ_AP025145.1|NZ_AP025145.1_1474,5,1,5
GCF_019977755.1|NZ_AP025145.1|NZ_AP025145.1_1478,6,2,6
GCF_019977755.1|NZ_AP025145.1|NZ_AP025145.1_1479,6,2,6
GCF_019977755.1|NZ_AP025145.1|NZ_AP025145.1_1480,6,2,6
GCF_019977755.1|NZ_AP025145.1|NZ_AP025145.1_1485,3,1,3
GCF_019977755.1|NZ_AP025145.1|NZ_AP025145.1_1488,5,1,5
GCF_019977755.1|NZ_AP025145.1|NZ_AP025145.1_1489,5,1,5
GCF_019977755.1|NZ_AP025145.1|NZ_AP025145.1_1490,7,3,7
GCF_019977755.1|NZ_AP025145.1|NZ_AP025145.1_1491,5,1,5
GCF_019977755.1|NZ_AP025145.1|NZ_AP025145.1_1492,5,1,5
GCF_019977755.1|NZ_AP025145.1|NZ_AP025145.1_1493,8,3,18
GCF_019977755.1|NZ_AP025145.1|NZ_AP025145.1_1495,5,1,5
GCF_019977755.1|NZ_AP025145.1|NZ_AP025145.1_1496,5,1,5
GCF_019977755.1|NZ_AP025145.1|NZ_AP025145.1_1497,5,1,5
GCF_019977755.1|NZ_AP025145.1|NZ_AP025145.1_1498,5,1,10
GCF_019977755.1|NZ_AP025145.1|NZ_AP025145.1_1500,3,1,3
GCF_019977755.1|NZ_AP025145.1|NZ_AP025145.1_1501,3,1,3
GCF_019977755.1|NZ_AP025145.1|NZ_AP025145.1_1502,11,3,11
GCF_019977755.1|NZ_AP025145.1|NZ_AP025145.1_1503,3,1,3
GCF_021431945.1|NZ_CP090386.1|NZ_CP090386.1_814,2,2,3
GCF_021431945.1|NZ_CP090386.1|NZ_CP090386.1_829,12,2,14
GCF_021431945.1|NZ_CP090386.1|NZ_CP090386.1_834,4,3,4
GCF_021431945.1|NZ_CP090386.1|NZ_CP090386.1_853,1,1,1
GCF_021431945.1|NZ_CP090386.1|NZ_CP090386.1_854,1,1,1
GCF_021431945.1|NZ_CP090386.1|NZ_CP090386.1_882,1,1,1
GCF_021431945.1|NZ_CP090386.1|NZ_CP090386.1_888,3,1,3
GCF_021431945.1|NZ_CP090386.1|NZ_CP090386.1_893,1,1,1
GCF_021441885.1|NZ_CP090439.1|NZ_CP090439.1_37,2,2,2
GCF_021441885.1|NZ_CP090439.1|NZ_CP090439.1_39,1,1,1
GCF_021610025.1|NZ_CP091186.1|NZ_CP091186.1_188,2,1,2
GCF_021610025.1|NZ_CP091186.1|NZ_CP091186.1_189,2,1,2
GCF_021610025.1|NZ_CP091186.1|NZ_CP091186.1_190,2,1,2
GCF_021729965.1|NZ_CP068622.1|NZ_CP068622.1_1700,4,1,4
GCF_021729965.1|NZ_CP068622.1|NZ_CP068622.1_1701,4,1,4
GCF_021729965.1|NZ_CP068622.1|NZ_CP068622.1_1706,4,1,4
GCF_021729965.1|NZ_CP068622.1|NZ_CP068622.1_1712,4,1,4
GCF_021729965.1|NZ_CP068622.1|NZ_CP068622.1_1713,4,1,4
GCF_021729965.1|NZ_CP068622.1|NZ_CP068622.1_1729,8,1,8
GCF_021729965.1|NZ_CP068622.1|NZ_CP068622.1_1734,13,2,13
GCF_021729965.1|NZ_CP068622.1|NZ_CP068622.1_1736,4,1,4
GCF_021729965.1|NZ_CP068622.1|NZ_CP068622.1_1737,3,1,3
GCF_021729965.1|NZ_CP068622.1|NZ_CP068622.1_1738,3,1,3
GCF_021729965.1|NZ_CP068622.1|NZ_CP068622.1_1743,7,3,7
GCF_021729965.1|NZ_CP068622.1|NZ_CP068622.1_1745,4,1,4
GCF_021729965.1|NZ_CP068622.1|NZ_CP068622.1_1746,5,2,5
GCF_021729965.1|NZ_CP068622.1|NZ_CP068622.1_1749,4,1,4
GCF_021729965.1|NZ_CP068622.1|NZ_CP068622.1_1751,8,2,9
GCF_021729965.1|NZ_CP068622.1|NZ_CP068622.1_1756,4,1,4
GCF_021729965.1|NZ_CP068622.1|NZ_CP068622.1_1757,4,1,4
GCF_021729965.1|NZ_CP068622.1|NZ_CP068622.1_1758,8,2,9
GCF_021729965.1|NZ_CP068622.1|NZ_CP068622.1_1760,4,1,4
GCF_021729965.1|NZ_CP068622.1|NZ_CP068622.1_1761,4,1,4
GCF_021729965.1|NZ_CP068622.1|NZ_CP068622.1_1763,5,2,5
GCF_021729965.1|NZ_CP068622.1|NZ_CP068622.1_1764,4,1,4
GCF_021729965.1|NZ_CP068622.1|NZ_CP068622.1_1766,4,1,4
GCF_021730085.1|NZ_CP068641.1|NZ_CP068641.1_1523,3,1,3
GCF_021768405.1|NZ_CP090493.1|NZ_CP090493.1_1009,6,3,6
GCF_022343085.1|NZ_CP082303.1|NZ_CP082303.1_1728,4,2,4
GCF_022343085.1|NZ_CP082303.1|NZ_CP082303.1_1729,1,1,1
GCF_022343085.1|NZ_CP082303.1|NZ_CP082303.1_1730,1,1,1
GCF_022343085.1|NZ_CP082303.1|NZ_CP082303.1_1732,1,1,1
GCF_022343085.1|NZ_CP082303.1|NZ_CP082303.1_1737,4,2,4
GCF_022343145.1|NZ_CP082313.1|NZ_CP082313.1_1205,1,1,1
GCF_022343145.1|NZ_CP082313.1|NZ_CP082313.1_1206,1,1,1
GCF_022343145.1|NZ_CP082313.1|NZ_CP082313.1_1207,1,1,1
GCF_022343145.1|NZ_CP082313.1|NZ_CP082313.1_1208,1,1,1
GCF_022343145.1|NZ_CP082313.1|NZ_CP082313.1_1209,5,3,5
GCF_022343145.1|NZ_CP082313.1|NZ_CP082313.1_1211,1,1,1
GCF_022343165.1|NZ_CP082315.1|NZ_CP082315.1_1176,1,1,1
GCF_022343165.1|NZ_CP082315.1|NZ_CP082315.1_1179,1,1,1
GCF_022343165.1|NZ_CP082315.1|NZ_CP082315.1_1180,1,1,1
GCF_022343165.1|NZ_CP082315.1|NZ_CP082315.1_1188,5,2,5
GCF_022343185.1|NZ_CP082317.1|NZ_CP082317.1_1198,9,5,9
GCF_022343185.1|NZ_CP082317.1|NZ_CP082317.1_1199,3,1,3
GCF_022343185.1|NZ_CP082317.1|NZ_CP082317.1_1208,1,1,1
GCF_022343185.1|NZ_CP082317.1|NZ_CP082317.1_1209,1,1,1
GCF_022343185.1|NZ_CP082317.1|NZ_CP082317.1_1212,5,4,5
GCF_022343185.1|NZ_CP082317.1|NZ_CP082317.1_1252,1,1,1
GCF_022343205.1|NZ_CP082319.1|NZ_CP082319.1_1701,3,1,3
GCF_022343205.1|NZ_CP082319.1|NZ_CP082319.1_1706,5,1,5
GCF_022343205.1|NZ_CP082319.1|NZ_CP082319.1_1724,1,1,1
GCF_022343205.1|NZ_CP082319.1|NZ_CP082319.1_1739,3,3,3
GCF_022343205.1|NZ_CP082319.1|NZ_CP082319.1_1740,2,2,2
GCF_022343205.1|NZ_CP082319.1|NZ_CP082319.1_1744,3,2,3
GCF_022832815.1|NZ_CP094880.1|NZ_CP094880.1_1705,1,1,1
GCF_022832815.1|NZ_CP094880.1|NZ_CP094880.1_1709,1,1,1
GCF_022832815.1|NZ_CP094880.1|NZ_CP094880.1_1716,1,1,1
GCF_022832815.1|NZ_CP094880.1|NZ_CP094880.1_1719,3,3,4
GCF_022869905.1|NZ_CP064381.1|NZ_CP064381.1_502,2,1,2
GCF_022869905.1|NZ_CP064381.1|NZ_CP064381.1_503,2,1,2
GCF_022869905.1|NZ_CP064381.1|NZ_CP064381.1_505,2,1,2
GCF_022869905.1|NZ_CP064381.1|NZ_CP064381.1_509,2,1,2
GCF_022869905.1|NZ_CP064381.1|NZ_CP064381.1_510,2,1,2
GCF_022869905.1|NZ_CP064381.1|NZ_CP064381.1_511,3,2,3
GCF_022869905.1|NZ_CP064381.1|NZ_CP064381.1_513,2,1,2
GCF_022869905.1|NZ_CP064381.1|NZ_CP064381.1_516,2,1,2
GCF_022869905.1|NZ_CP064381.1|NZ_CP064381.1_521,2,1,2
GCF_022869905.1|NZ_CP064381.1|NZ_CP064381.1_525,2,1,2
GCF_022869905.1|NZ_CP064381.1|NZ_CP064381.1_526,2,1,2
GCF_023151555.2|NZ_CP100425.1|NZ_CP100425.1_1875,1,1,1
GCF_023151555.2|NZ_CP100425.1|NZ_CP100425.1_1876,1,1,1
GCF_023151555.2|NZ_CP100425.1|NZ_CP100425.1_1877,1,1,1
GCF_023151555.2|NZ_CP100425.1|NZ_CP100425.1_1879,1,1,1
GCF_023151555.2|NZ_CP100425.1|NZ_CP100425.1_1883,1,1,1
GCF_023151555.2|NZ_CP100425.1|NZ_CP100425.1_1885,1,1,1
GCF_023151555.2|NZ_CP100425.1|NZ_CP100425.1_1887,1,1,1
GCF_023151555.2|NZ_CP100425.1|NZ_CP100425.1_1888,1,1,1
GCF_023151555.2|NZ_CP100425.1|NZ_CP100425.1_1889,1,1,1
GCF_023151555.2|NZ_CP100425.1|NZ_CP100425.1_1890,1,1,1
GCF_023151555.2|NZ_CP100425.1|NZ_CP100425.1_1891,1,1,1
GCF_023151555.2|NZ_CP100425.1|NZ_CP100425.1_1892,1,1,1
GCF_023151555.2|NZ_CP100425.1|NZ_CP100425.1_1893,1,1,1
GCF_023151555.2|NZ_CP100425.1|NZ_CP100425.1_1894,1,1,1
GCF_023151555.2|NZ_CP100426.1|NZ_CP100426.1_809,1,1,1
GCF_023151555.2|NZ_CP100426.1|NZ_CP100426.1_810,8,8,8
GCF_023205895.1|NZ_CP064033.1|NZ_CP064033.1_1186,1,1,1
GCF_023205895.1|NZ_CP064033.1|NZ_CP064033.1_1187,1,1,1
GCF_023205895.1|NZ_CP064033.1|NZ_CP064033.1_1188,1,1,1
GCF_023205895.1|NZ_CP064033.1|NZ_CP064033.1_1189,1,1,1
GCF_023205895.1|NZ_CP064033.1|NZ_CP064033.1_1196,2,2,2
GCF_023205895.1|NZ_CP064033.1|NZ_CP064033.1_1210,1,1,1
GCF_023205915.1|NZ_CP064035.1|NZ_CP064035.1_1672,8,4,9
GCF_023205915.1|NZ_CP064035.1|NZ_CP064035.1_1674,52,15,55
GCF_023205915.1|NZ_CP064035.1|NZ_CP064035.1_1679,4,1,4
GCF_023205915.1|NZ_CP064035.1|NZ_CP064035.1_1685,4,1,4
GCF_023205915.1|NZ_CP064035.1|NZ_CP064035.1_1693,3,2,3
GCF_023206775.1|NZ_CP072782.1|NZ_CP072782.1_1822,1,1,1
GCF_023206775.1|NZ_CP072782.1|NZ_CP072782.1_1823,1,1,1
GCF_023206775.1|NZ_CP072782.1|NZ_CP072782.1_1825,1,1,1
GCF_023221655.1|NZ_CP064170.1|NZ_CP064170.1_448,2,2,3
GCF_023221655.1|NZ_CP064170.1|NZ_CP064170.1_449,2,2,2
GCF_023221655.1|NZ_CP064170.1|NZ_CP064170.1_451,2,2,3
GCF_023277445.1|NZ_CP080238.1|NZ_CP080238.1_141,1,1,1
GCF_023277445.1|NZ_CP080238.1|NZ_CP080238.1_142,1,1,1
GCF_023277445.1|NZ_CP080238.1|NZ_CP080238.1_149,4,4,4
GCF_023277445.1|NZ_CP080238.1|NZ_CP080238.1_150,3,3,3
GCF_023277445.1|NZ_CP080238.1|NZ_CP080238.1_154,1,1,1
GCF_023277445.1|NZ_CP080238.1|NZ_CP080238.1_156,1,1,1
GCF_023277445.1|NZ_CP080238.1|NZ_CP080238.1_157,1,1,1
GCF_023277445.1|NZ_CP080238.1|NZ_CP080238.1_159,1,1,1
GCF_023277445.1|NZ_CP080238.1|NZ_CP080238.1_160,1,1,1
GCF_023277445.1|NZ_CP080238.1|NZ_CP080238.1_161,1,1,1
GCF_023277445.1|NZ_CP080238.1|NZ_CP080238.1_162,1,1,1
GCF_023277445.1|NZ_CP080238.1|NZ_CP080238.1_163,2,2,2
GCF_023277445.1|NZ_CP080238.1|NZ_CP080238.1_165,1,1,2
GCF_023277445.1|NZ_CP080238.1|NZ_CP080238.1_167,1,1,1
GCF_023277445.1|NZ_CP080238.1|NZ_CP080238.1_169,6,5,6
GCF_023277445.1|NZ_CP080238.1|NZ_CP080238.1_173,4,4,4
GCF_023277445.1|NZ_CP080238.1|NZ_CP080238.1_174,1,1,1
GCF_023277445.1|NZ_CP080238.1|NZ_CP080238.1_175,2,2,2
GCF_023277445.1|NZ_CP080238.1|NZ_CP080238.1_177,4,3,4
GCF_023277445.1|NZ_CP080238.1|NZ_CP080238.1_178,1,1,1
GCF_023277445.1|NZ_CP080238.1|NZ_CP080238.1_180,1,1,1
GCF_023277445.1|NZ_CP080238.1|NZ_CP080238.1_183,1,1,1
GCF_023277445.1|NZ_CP080238.1|NZ_CP080238.1_193,1,1,1
GCF_023650755.1|NZ_CP071840.1|NZ_CP071840.1_1317,47,13,56
GCF_023650755.1|NZ_CP071840.1|NZ_CP071840.1_1334,1,1,1
GCF_023650915.1|NZ_CP098034.1|NZ_CP098034.1_1140,3,2,3
GCF_023650915.1|NZ_CP098034.1|NZ_CP098034.1_1141,3,2,4
GCF_023650915.1|NZ_CP098034.1|NZ_CP098034.1_1157,1,1,1
GCF_023650915.1|NZ_CP098034.1|NZ_CP098034.1_1160,2,1,2
GCF_023650915.1|NZ_CP098034.1|NZ_CP098034.1_1161,2,1,2
GCF_023650915.1|NZ_CP098034.1|NZ_CP098034.1_1169,2,2,2
GCF_023650915.1|NZ_CP098034.1|NZ_CP098034.1_1177,1,1,1
GCF_023650915.1|NZ_CP098034.1|NZ_CP098034.1_1182,23,6,25
GCF_023650915.1|NZ_CP098034.1|NZ_CP098034.1_1186,3,1,3
GCF_023650915.1|NZ_CP098034.1|NZ_CP098034.1_1188,36,6,37
GCF_023650915.1|NZ_CP098034.1|NZ_CP098034.1_1192,7,4,9
GCF_023650915.1|NZ_CP098034.1|NZ_CP098034.1_1195,1,1,1
GCF_023650915.1|NZ_CP098034.1|NZ_CP098034.1_1199,1,1,1
GCF_023650915.1|NZ_CP098034.1|NZ_CP098034.1_1204,1,1,1
GCF_023650915.1|NZ_CP098034.1|NZ_CP098034.1_1205,5,4,6
GCF_023650915.1|NZ_CP098034.1|NZ_CP098034.1_1207,1,1,1
GCF_023650915.1|NZ_CP098034.1|NZ_CP098034.1_1211,2,2,2
GCF_023650915.1|NZ_CP098034.1|NZ_CP098034.1_1213,5,4,5
GCF_023650915.1|NZ_CP098034.1|NZ_CP098034.1_1218,1,1,1
GCF_023650915.1|NZ_CP098034.1|NZ_CP098034.1_1220,2,2,2
GCF_023650915.1|NZ_CP098034.1|NZ_CP098034.1_1223,1,1,1
GCF_023650915.1|NZ_CP098034.1|NZ_CP098034.1_1234,1,1,1
GCF_023716525.1|NZ_CP071842.1|NZ_CP071842.1_1162,1,1,1
GCF_023716565.1|NZ_CP071849.1|NZ_CP071849.1_925,1,1,1
GCF_023716565.1|NZ_CP071849.1|NZ_CP071849.1_930,1,1,1
GCF_023716565.1|NZ_CP071849.1|NZ_CP071849.1_931,1,1,1
GCF_023716565.1|NZ_CP071849.1|NZ_CP071849.1_933,1,1,1
GCF_023716565.1|NZ_CP071849.1|NZ_CP071849.1_937,5,3,5
GCF_023716565.1|NZ_CP071849.1|NZ_CP071849.1_938,1,1,2
GCF_023716565.1|NZ_CP071849.1|NZ_CP071849.1_939,20,11,20
GCF_023716565.1|NZ_CP071849.1|NZ_CP071849.1_941,1,1,1
GCF_023716565.1|NZ_CP071849.1|NZ_CP071849.1_944,1,1,2
GCF_023716565.1|NZ_CP071849.1|NZ_CP071849.1_945,1,1,1
GCF_023716565.1|NZ_CP071849.1|NZ_CP071849.1_946,1,1,1
GCF_023716565.1|NZ_CP071849.1|NZ_CP071849.1_947,7,4,7
GCF_023716565.1|NZ_CP071849.1|NZ_CP071849.1_949,54,14,61
GCF_023716565.1|NZ_CP071849.1|NZ_CP071849.1_953,11,7,11
GCF_023716585.1|NZ_CP071850.1|NZ_CP071850.1_1767,1,1,1
GCF_023716605.1|NZ_CP071852.1|NZ_CP071852.1_1867,2,2,2
GCF_023716605.1|NZ_CP071852.1|NZ_CP071852.1_1868,1,1,1
GCF_023716605.1|NZ_CP071852.1|NZ_CP071852.1_1881,2,2,2
GCF_023716605.1|NZ_CP071852.1|NZ_CP071852.1_1891,2,2,2
GCF_023716605.1|NZ_CP071852.1|NZ_CP071852.1_1894,2,2,2
GCF_023716605.1|NZ_CP071852.1|NZ_CP071852.1_1895,2,2,2
GCF_023716605.1|NZ_CP071852.1|NZ_CP071852.1_1896,2,2,2
GCF_023716605.1|NZ_CP071852.1|NZ_CP071852.1_1899,2,2,2
GCF_023716605.1|NZ_CP071852.1|NZ_CP071852.1_1900,2,2,2
GCF_023716605.1|NZ_CP071852.1|NZ_CP071852.1_1901,2,2,2
GCF_023716605.1|NZ_CP071852.1|NZ_CP071852.1_1907,1,1,1
GCF_023716605.1|NZ_CP071852.1|NZ_CP071852.1_1911,1,1,1
GCF_023716605.1|NZ_CP071852.1|NZ_CP071852.1_1917,2,2,3
GCF_023716625.1|NZ_CP071855.1|NZ_CP071855.1_1582,9,2,10
GCF_023716625.1|NZ_CP071855.1|NZ_CP071855.1_1584,1,1,1
GCF_023716625.1|NZ_CP071855.1|NZ_CP071855.1_1585,1,1,1
GCF_023716625.1|NZ_CP071855.1|NZ_CP071855.1_1590,1,1,1
GCF_023716625.1|NZ_CP071855.1|NZ_CP071855.1_1600,1,1,1
GCF_023716625.1|NZ_CP071855.1|NZ_CP071855.1_1601,1,1,1
GCF_023716625.1|NZ_CP071855.1|NZ_CP071855.1_1607,3,3,3
GCF_023716625.1|NZ_CP071855.1|NZ_CP071855.1_1608,3,3,3
GCF_023716625.1|NZ_CP071855.1|NZ_CP071855.1_1610,3,3,3
GCF_023716625.1|NZ_CP071855.1|NZ_CP071855.1_1611,1,1,1
GCF_023716625.1|NZ_CP071855.1|NZ_CP071855.1_1614,1,1,1
GCF_023716625.1|NZ_CP071855.1|NZ_CP071855.1_1621,1,1,1
GCF_023716625.1|NZ_CP071855.1|NZ_CP071855.1_1622,2,2,2
GCF_023716625.1|NZ_CP071855.1|NZ_CP071855.1_1631,5,4,6
GCF_023716625.1|NZ_CP071855.1|NZ_CP071855.1_1635,1,1,1
GCF_023716625.1|NZ_CP071855.1|NZ_CP071855.1_1636,1,1,1
GCF_023716625.1|NZ_CP071855.1|NZ_CP071855.1_1647,3,2,3
GCF_023716625.1|NZ_CP071855.1|NZ_CP071855.1_1649,5,2,6
GCF_023716625.1|NZ_CP071855.1|NZ_CP071855.1_1651,1,1,1
GCF_023716625.1|NZ_CP071855.1|NZ_CP071855.1_1665,2,2,2
GCF_023716625.1|NZ_CP071855.1|NZ_CP071855.1_1671,2,2,3
GCF_023716625.1|NZ_CP071855.1|NZ_CP071855.1_1672,2,2,2
GCF_023716625.1|NZ_CP071855.1|NZ_CP071855.1_1673,1,1,1
GCF_023716625.1|NZ_CP071855.1|NZ_CP071855.1_1674,38,10,43
GCF_023716625.1|NZ_CP071855.1|NZ_CP071855.1_1679,1,1,1
GCF_023716845.1|NZ_CP068024.1|NZ_CP068024.1_1459,1,1,1
GCF_023716845.1|NZ_CP068024.1|NZ_CP068024.1_1463,1,1,1
GCF_023716845.1|NZ_CP068024.1|NZ_CP068024.1_1466,1,1,1
GCF_023716845.1|NZ_CP068025.1|NZ_CP068025.1_274,1,1,1
GCF_023746615.1|NZ_CP082275.1|NZ_CP082275.1_1311,1,1,1
GCF_023746615.1|NZ_CP082275.1|NZ_CP082275.1_1312,1,1,1
GCF_023746615.1|NZ_CP082275.1|NZ_CP082275.1_1313,1,1,1
GCF_023746615.1|NZ_CP082275.1|NZ_CP082275.1_1314,1,1,1
GCF_023746615.1|NZ_CP082275.1|NZ_CP082275.1_1316,1,1,1
GCF_023746615.1|NZ_CP082275.1|NZ_CP082275.1_1317,1,1,1
GCF_023746615.1|NZ_CP082275.1|NZ_CP082275.1_1875,1,1,1
GCF_023746615.1|NZ_CP082275.1|NZ_CP082275.1_1876,16,9,24
GCF_023746615.1|NZ_CP082275.1|NZ_CP082275.1_1877,16,10,27
GCF_023746615.1|NZ_CP082275.1|NZ_CP082275.1_1879,1,1,1
GCF_023746615.1|NZ_CP082275.1|NZ_CP082275.1_1880,12,8,14
GCF_023746615.1|NZ_CP082275.1|NZ_CP082275.1_2009,1,1,1
GCF_023746615.1|NZ_CP082275.1|NZ_CP082275.1_2010,9,8,13
GCF_023746615.1|NZ_CP082275.1|NZ_CP082275.1_2011,1,1,1
GCF_023746615.1|NZ_CP082275.1|NZ_CP082275.1_2015,2,2,2
GCF_024346715.1|NZ_AP024853.1|NZ_AP024853.1_429,1,1,1
GCF_024346715.1|NZ_AP024853.1|NZ_AP024853.1_432,10,7,10
GCF_024346715.1|NZ_AP024853.1|NZ_AP024853.1_434,1,1,1
GCF_024346715.1|NZ_AP024853.1|NZ_AP024853.1_435,1,1,1
GCF_024346715.1|NZ_AP024853.1|NZ_AP024853.1_436,2,2,2
GCF_024346715.1|NZ_AP024853.1|NZ_AP024853.1_437,2,2,2
GCF_024346715.1|NZ_AP024853.1|NZ_AP024853.1_438,1,1,1
GCF_024346755.1|NZ_AP024862.1|NZ_AP024862.1_161,2,2,2
GCF_024346795.1|NZ_AP024864.1|NZ_AP024864.1_1338,7,6,8
GCF_024346795.1|NZ_AP024864.1|NZ_AP024864.1_1339,1,1,1
GCF_024346995.1|NZ_AP024887.1|NZ_AP024887.1_823,1,1,1
GCF_024346995.1|NZ_AP024887.1|NZ_AP024887.1_824,1,1,1
GCF_024346995.1|NZ_AP024887.1|NZ_AP024887.1_825,1,1,1
GCF_024346995.1|NZ_AP024887.1|NZ_AP024887.1_826,1,1,1
GCF_024346995.1|NZ_AP024887.1|NZ_AP024887.1_827,1,1,1
GCF_024346995.1|NZ_AP024887.1|NZ_AP024887.1_828,1,1,1
GCF_024346995.1|NZ_AP024887.1|NZ_AP024887.1_831,1,1,1
GCF_024346995.1|NZ_AP024887.1|NZ_AP024887.1_832,19,7,27
GCF_024346995.1|NZ_AP024887.1|NZ_AP024887.1_834,1,1,1
GCF_024346995.1|NZ_AP024887.1|NZ_AP024887.1_837,1,1,1
GCF_024346995.1|NZ_AP024887.1|NZ_AP024887.1_839,1,1,1
GCF_024346995.1|NZ_AP024887.1|NZ_AP024887.1_840,1,1,1
GCF_024346995.1|NZ_AP024887.1|NZ_AP024887.1_841,1,1,2
GCF_024346995.1|NZ_AP024887.1|NZ_AP024887.1_843,1,1,1
GCF_024346995.1|NZ_AP024887.1|NZ_AP024887.1_844,1,1,1
GCF_024346995.1|NZ_AP024888.1|NZ_AP024888.1_143,1,1,1
GCF_024346995.1|NZ_AP024888.1|NZ_AP024888.1_144,1,1,1
GCF_024346995.1|NZ_AP024888.1|NZ_AP024888.1_145,1,1,1
GCF_024346995.1|NZ_AP024888.1|NZ_AP024888.1_146,3,3,3
GCF_024346995.1|NZ_AP024888.1|NZ_AP024888.1_346,1,1,1
GCF_024346995.1|NZ_AP024888.1|NZ_AP024888.1_347,1,1,1
GCF_024346995.1|NZ_AP024888.1|NZ_AP024888.1_610,1,1,1
GCF_024346995.1|NZ_AP024888.1|NZ_AP024888.1_797,1,1,1
GCF_024346995.1|NZ_AP024888.1|NZ_AP024888.1_802,1,1,1
GCF_024346995.1|NZ_AP024888.1|NZ_AP024888.1_803,1,1,1
GCF_024346995.1|NZ_AP024888.1|NZ_AP024888.1_804,1,1,1
GCF_024346995.1|NZ_AP024888.1|NZ_AP024888.1_805,6,3,6
GCF_024346995.1|NZ_AP024888.1|NZ_AP024888.1_806,1,1,1
GCF_024346995.1|NZ_AP024888.1|NZ_AP024888.1_807,1,1,1
GCF_024346995.1|NZ_AP024888.1|NZ_AP024888.1_808,1,1,1
GCF_024346995.1|NZ_AP024888.1|NZ_AP024888.1_809,1,1,1
GCF_024346995.1|NZ_AP024888.1|NZ_AP024888.1_811,1,1,1
GCF_024346995.1|NZ_AP024888.1|NZ_AP024888.1_812,1,1,1
GCF_001682175.1|NZ_CP011884.1|NZ_CP011884.1_1264,4,1,4
GCF_001682175.1|NZ_CP011884.1|NZ_CP011884.1_1265,4,1,4
GCF_001682175.1|NZ_CP011884.1|NZ_CP011884.1_1274,5,2,5
GCF_001683415.1|NZ_CP016325.1|NZ_CP016325.1_289,3,2,3
GCF_001683415.1|NZ_CP016325.1|NZ_CP016325.1_290,3,2,3
GCF_001683415.1|NZ_CP016325.1|NZ_CP016325.1_297,3,2,3
GCF_001685465.1|NZ_CP016308.1|NZ_CP016308.1_1058,1,1,1
GCF_001685465.1|NZ_CP016308.1|NZ_CP016308.1_1062,1,1,1
GCF_001685465.1|NZ_CP016308.1|NZ_CP016308.1_1064,2,2,2
GCF_001685465.1|NZ_CP016308.1|NZ_CP016308.1_1066,3,1,3
GCF_001685465.1|NZ_CP016308.1|NZ_CP016308.1_1071,7,3,7
GCF_001685465.1|NZ_CP016308.1|NZ_CP016308.1_1073,2,1,2
GCF_001687805.1|NZ_CP016415.1|NZ_CP016415.1_213,3,3,3
GCF_001687805.1|NZ_CP016415.1|NZ_CP016415.1_215,1,1,1
GCF_001687805.1|NZ_CP016415.1|NZ_CP016415.1_217,228,50,518
GCF_001687805.1|NZ_CP016415.1|NZ_CP016415.1_219,9,5,10
GCF_001687805.1|NZ_CP016415.1|NZ_CP016415.1_221,1,1,1
GCF_001687805.1|NZ_CP016415.1|NZ_CP016415.1_226,1,1,1
GCF_001687805.1|NZ_CP016415.1|NZ_CP016415.1_227,4,2,9
GCF_001687805.1|NZ_CP016415.1|NZ_CP016415.1_228,1,1,1
GCF_001687805.1|NZ_CP016415.1|NZ_CP016415.1_229,5,5,6
GCF_001687805.1|NZ_CP016415.1|NZ_CP016415.1_231,1,1,1
GCF_001687805.1|NZ_CP016415.1|NZ_CP016415.1_236,62,22,73
GCF_001687805.1|NZ_CP016415.1|NZ_CP016415.1_244,3,2,3
GCF_001687805.1|NZ_CP016415.1|NZ_CP016415.1_248,7,4,21
GCF_001687805.1|NZ_CP016415.1|NZ_CP016415.1_249,6,2,6
GCF_001687805.1|NZ_CP016415.1|NZ_CP016415.1_251,12,7,12
GCF_001687805.1|NZ_CP016415.1|NZ_CP016415.1_255,4,2,4
GCF_001687805.1|NZ_CP016415.1|NZ_CP016415.1_257,13,9,15
GCF_001687805.1|NZ_CP016415.1|NZ_CP016415.1_260,16,7,16
GCF_001687805.1|NZ_CP016415.1|NZ_CP016415.1_261,3,2,3
GCF_001687805.1|NZ_CP016415.1|NZ_CP016415.1_263,25,13,29
GCF_001687805.1|NZ_CP016415.1|NZ_CP016415.1_268,4,1,6
GCF_001687805.1|NZ_CP016415.1|NZ_CP016415.1_272,3,2,3
GCF_001687805.1|NZ_CP016415.1|NZ_CP016415.1_276,7,6,7
GCF_001693615.1|NZ_CP016556.1|NZ_CP016556.1_509,4,1,4
GCF_001693615.1|NZ_CP016556.1|NZ_CP016556.1_513,1,1,1
GCF_011801435.1|NZ_CP042449.1|NZ_CP042449.1_1323,1,1,1
GCF_011801435.1|NZ_CP042449.1|NZ_CP042449.1_1332,4,3,4
GCF_011801435.1|NZ_CP042449.1|NZ_CP042449.1_1360,5,3,5
GCF_011801435.1|NZ_CP042449.1|NZ_CP042449.1_1363,2,2,2
GCF_011801435.1|NZ_CP042449.1|NZ_CP042449.1_1377,1,1,1
GCF_011801435.1|NZ_CP042449.1|NZ_CP042449.1_1381,3,2,3
GCF_011801435.1|NZ_CP042449.1|NZ_CP042449.1_1395,1,1,1
GCF_011801435.1|NZ_CP042449.1|NZ_CP042449.1_1402,1,1,1
GCF_011801435.1|NZ_CP042449.1|NZ_CP042449.1_1413,1,1,1
GCF_011801435.1|NZ_CP042449.1|NZ_CP042449.1_1415,1,1,1
GCF_011801435.1|NZ_CP042449.1|NZ_CP042449.1_1418,1,1,1
GCF_011801455.1|NZ_CP042451.1|NZ_CP042451.1_1261,1,1,1
GCF_011801455.1|NZ_CP042451.1|NZ_CP042451.1_1263,1,1,1
GCF_011801455.1|NZ_CP042451.1|NZ_CP042451.1_1265,3,3,3
GCF_011801455.1|NZ_CP042451.1|NZ_CP042451.1_1266,4,3,4
GCF_011801455.1|NZ_CP042451.1|NZ_CP042451.1_1271,1,1,1
GCF_011801455.1|NZ_CP042452.1|NZ_CP042452.1_849,1,1,1
GCF_011801455.1|NZ_CP042452.1|NZ_CP042452.1_850,1,1,1
GCF_011801455.1|NZ_CP042452.1|NZ_CP042452.1_851,1,1,1
GCF_013357605.1|NZ_CP053795.1|NZ_CP053795.1_276,1,1,1
GCF_013357605.1|NZ_CP053795.1|NZ_CP053795.1_302,1,1,1
GCF_013357605.1|NZ_CP053795.1|NZ_CP053795.1_306,4,2,5
GCF_013357605.1|NZ_CP053795.1|NZ_CP053795.1_308,1,1,1
GCF_013357605.1|NZ_CP053795.1|NZ_CP053795.1_316,8,3,8
GCF_013357605.1|NZ_CP053795.1|NZ_CP053795.1_351,1,1,1
GCF_013357625.1|NZ_CP053797.1|NZ_CP053797.1_260,16,6,16
GCF_013357625.1|NZ_CP053797.1|NZ_CP053797.1_267,7,3,9
GCF_013357665.1|NZ_CP053801.1|NZ_CP053801.1_315,1,1,1
GCF_013357665.1|NZ_CP053801.1|NZ_CP053801.1_319,1,1,1
GCF_013357665.1|NZ_CP053801.1|NZ_CP053801.1_327,2,1,2
GCF_013357665.1|NZ_CP053801.1|NZ_CP053801.1_329,2,1,2
GCF_013357665.1|NZ_CP053801.1|NZ_CP053801.1_334,2,1,2
GCF_013357665.1|NZ_CP053801.1|NZ_CP053801.1_340,4,3,4
GCF_013357665.1|NZ_CP053801.1|NZ_CP053801.1_341,2,1,2
GCF_013357665.1|NZ_CP053801.1|NZ_CP053801.1_348,2,1,2
GCF_013357665.1|NZ_CP053801.1|NZ_CP053801.1_388,2,1,2
GCF_013357725.1|NZ_CP053805.1|NZ_CP053805.1_287,1,1,1
GCF_013357725.1|NZ_CP053805.1|NZ_CP053805.1_288,1,1,1
GCF_013357725.1|NZ_CP053805.1|NZ_CP053805.1_290,1,1,1
GCF_013357725.1|NZ_CP053805.1|NZ_CP053805.1_291,1,1,1
GCF_013357725.1|NZ_CP053805.1|NZ_CP053805.1_298,1,1,1
GCF_013357725.1|NZ_CP053805.1|NZ_CP053805.1_301,2,2,2
GCF_013357725.1|NZ_CP053805.1|NZ_CP053805.1_305,3,2,3
GCF_013357725.1|NZ_CP053805.1|NZ_CP053805.1_309,3,3,3
GCF_013357725.1|NZ_CP053805.1|NZ_CP053805.1_320,1,1,1
GCF_013357725.1|NZ_CP053805.1|NZ_CP053805.1_322,5,2,5
GCF_013357725.1|NZ_CP053805.1|NZ_CP053805.1_326,78,13,79
GCF_013357725.1|NZ_CP053805.1|NZ_CP053805.1_328,1,1,1
GCF_013357725.1|NZ_CP053805.1|NZ_CP053805.1_329,1,1,1
GCF_013357725.1|NZ_CP053805.1|NZ_CP053805.1_331,59,18,72
GCF_013357725.1|NZ_CP053805.1|NZ_CP053805.1_333,1,1,1
GCF_013357725.1|NZ_CP053805.1|NZ_CP053805.1_335,1,1,1
GCF_013357725.1|NZ_CP053805.1|NZ_CP053805.1_336,10,8,10
GCF_013357725.1|NZ_CP053805.1|NZ_CP053805.1_337,1,1,1
GCF_013357725.1|NZ_CP053805.1|NZ_CP053805.1_338,1,1,1
GCF_013357725.1|NZ_CP053805.1|NZ_CP053805.1_344,6,5,7
GCF_013357725.1|NZ_CP053805.1|NZ_CP053805.1_351,1,1,1
GCF_013357725.1|NZ_CP053805.1|NZ_CP053805.1_352,1,1,1
GCF_013357725.1|NZ_CP053805.1|NZ_CP053805.1_361,1,1,1
GCF_013357725.1|NZ_CP053805.1|NZ_CP053805.1_363,3,1,3
GCF_013357725.1|NZ_CP053805.1|NZ_CP053805.1_364,4,2,4
GCF_013357725.1|NZ_CP053805.1|NZ_CP053805.1_369,1,1,1
GCF_013357725.1|NZ_CP053805.1|NZ_CP053805.1_373,1,1,1
GCF_022343205.1|NZ_CP082319.1|NZ_CP082319.1_1764,9,5,9
GCF_022343205.1|NZ_CP082319.1|NZ_CP082319.1_1782,6,3,6
GCF_022343205.1|NZ_CP082319.1|NZ_CP082319.1_1797,6,3,6
GCF_022343205.1|NZ_CP082319.1|NZ_CP082319.1_1804,1,1,1
GCF_022343205.1|NZ_CP082319.1|NZ_CP082319.1_1806,1,1,1
GCF_022343205.1|NZ_CP082319.1|NZ_CP082319.1_1807,1,1,1
GCF_022343205.1|NZ_CP082319.1|NZ_CP082319.1_1817,2,1,2
GCF_022343205.1|NZ_CP082319.1|NZ_CP082319.1_1819,4,3,5
GCF_022343205.1|NZ_CP082319.1|NZ_CP082319.1_1824,1,1,1
GCF_022343205.1|NZ_CP082320.1|NZ_CP082320.1_73,1,1,1
GCF_023169605.1|NZ_AP023185.1|NZ_AP023185.1_1195,2,1,2
GCF_023169605.1|NZ_AP023185.1|NZ_AP023185.1_1636,2,2,2
GCF_023169605.1|NZ_AP023186.1|NZ_AP023186.1_725,1,1,1
GCF_023169625.1|NZ_AP023187.1|NZ_AP023187.1_1865,2,1,2
GCF_023169625.1|NZ_AP023187.1|NZ_AP023187.1_1880,1,1,1
GCF_023169625.1|NZ_AP023187.1|NZ_AP023187.1_1881,1,1,1
GCF_023169625.1|NZ_AP023187.1|NZ_AP023187.1_1885,2,2,2
GCF_023169625.1|NZ_AP023187.1|NZ_AP023187.1_1905,27,12,28
GCF_023169625.1|NZ_AP023187.1|NZ_AP023187.1_1911,1,1,1
GCF_023169625.1|NZ_AP023187.1|NZ_AP023187.1_1913,4,2,4
GCF_023169625.1|NZ_AP023187.1|NZ_AP023187.1_1914,1,1,1
GCF_023169625.1|NZ_AP023187.1|NZ_AP023187.1_1919,2,1,2
GCF_023169625.1|NZ_AP023187.1|NZ_AP023187.1_1924,2,1,2
GCF_023169625.1|NZ_AP023187.1|NZ_AP023187.1_1926,2,1,2
GCF_023169625.1|NZ_AP023187.1|NZ_AP023187.1_1939,1,1,1
GCF_023169625.1|NZ_AP023187.1|NZ_AP023187.1_1940,1,1,1
GCF_023169625.1|NZ_AP023187.1|NZ_AP023187.1_1941,5,5,5
GCF_023169625.1|NZ_AP023187.1|NZ_AP023187.1_1962,1,1,1
GCF_023169625.1|NZ_AP023187.1|NZ_AP023187.1_1971,1,1,1
GCF_023169625.1|NZ_AP023187.1|NZ_AP023187.1_1980,2,1,2
GCF_023169625.1|NZ_AP023187.1|NZ_AP023187.1_1982,1,1,1
GCF_023169625.1|NZ_AP023187.1|NZ_AP023187.1_1985,1,1,1
GCF_023169625.1|NZ_AP023187.1|NZ_AP023187.1_1989,2,2,3
GCF_023205955.1|NZ_CP064041.1|NZ_CP064041.1_1316,3,1,3
GCF_023205955.1|NZ_CP064041.1|NZ_CP064041.1_1317,4,1,4
GCF_023205955.1|NZ_CP064041.1|NZ_CP064041.1_1318,6,2,6
GCF_023205955.1|NZ_CP064041.1|NZ_CP064041.1_1319,4,1,4
GCF_023205955.1|NZ_CP064041.1|NZ_CP064041.1_1320,3,1,3
GCF_023205955.1|NZ_CP064041.1|NZ_CP064041.1_1321,3,1,3
GCF_023205955.1|NZ_CP064041.1|NZ_CP064041.1_1325,4,2,4
GCF_023205955.1|NZ_CP064041.1|NZ_CP064041.1_1329,6,4,7
GCF_023205955.1|NZ_CP064041.1|NZ_CP064041.1_1330,3,1,3
GCF_023205955.1|NZ_CP064041.1|NZ_CP064041.1_1342,4,2,4
GCF_023205955.1|NZ_CP064041.1|NZ_CP064041.1_1345,3,1,3
GCF_023205955.1|NZ_CP064041.1|NZ_CP064041.1_1346,16,5,16
GCF_023206035.1|NZ_CP065206.1|NZ_CP065206.1_2490,1,1,1
GCF_023206035.1|NZ_CP065206.1|NZ_CP065206.1_2493,1,1,1
GCF_023206035.1|NZ_CP065206.1|NZ_CP065206.1_2494,1,1,1
GCF_023206035.1|NZ_CP065206.1|NZ_CP065206.1_2495,2,2,2
GCF_023206035.1|NZ_CP065206.1|NZ_CP065206.1_2496,1,1,1
GCF_023206035.1|NZ_CP065207.1|NZ_CP065207.1_1120,6,4,6
GCF_023206035.1|NZ_CP065207.1|NZ_CP065207.1_1121,3,2,3
GCF_023206035.1|NZ_CP065207.1|NZ_CP065207.1_1122,2,1,2
GCF_023206515.1|NZ_CP066246.1|NZ_CP066246.1_1876,1,1,1
GCF_023206515.1|NZ_CP066246.1|NZ_CP066246.1_1877,1,1,1
GCF_023206515.1|NZ_CP066246.1|NZ_CP066246.1_1878,2,1,2
GCF_023206515.1|NZ_CP066246.1|NZ_CP066246.1_1880,1,1,1
GCF_023206515.1|NZ_CP066246.1|NZ_CP066246.1_1882,3,3,3
GCF_023206515.1|NZ_CP066246.1|NZ_CP066246.1_1883,1,1,1
GCF_023206515.1|NZ_CP066246.1|NZ_CP066246.1_1889,2,1,2
GCF_023206515.1|NZ_CP066246.1|NZ_CP066246.1_1892,1,1,1
GCF_023206515.1|NZ_CP066246.1|NZ_CP066246.1_1893,1,1,1
GCF_023206515.1|NZ_CP066246.1|NZ_CP066246.1_1901,1,1,1
GCF_023206515.1|NZ_CP066246.1|NZ_CP066246.1_1902,2,1,2
GCF_023206515.1|NZ_CP066246.1|NZ_CP066246.1_1903,66,19,87
GCF_023206515.1|NZ_CP066246.1|NZ_CP066246.1_1908,1,1,1
GCF_023206515.1|NZ_CP066246.1|NZ_CP066246.1_1915,1,1,1
GCF_023206515.1|NZ_CP066246.1|NZ_CP066246.1_1917,5,3,5
GCF_023206515.1|NZ_CP066246.1|NZ_CP066246.1_1924,24,9,35
GCF_023206515.1|NZ_CP066246.1|NZ_CP066246.1_1929,2,2,2
GCF_023716545.1|NZ_CP071845.1|NZ_CP071845.1_1280,5,5,6
GCF_023716545.1|NZ_CP071845.1|NZ_CP071845.1_1281,5,5,5
GCF_023716545.1|NZ_CP071845.1|NZ_CP071845.1_1282,5,5,10
GCF_023716545.1|NZ_CP071845.1|NZ_CP071845.1_1283,10,6,11
GCF_023716545.1|NZ_CP071845.1|NZ_CP071845.1_1284,4,4,5
GCF_023716545.1|NZ_CP071845.1|NZ_CP071845.1_1286,4,4,5
GCF_023716545.1|NZ_CP071845.1|NZ_CP071845.1_1287,4,4,5
GCF_023716545.1|NZ_CP071845.1|NZ_CP071845.1_1295,4,4,5
GCF_023716545.1|NZ_CP071845.1|NZ_CP071845.1_1296,1,1,1
GCF_023716545.1|NZ_CP071845.1|NZ_CP071845.1_1297,4,4,5
GCF_023716545.1|NZ_CP071845.1|NZ_CP071845.1_1299,7,7,8
GCF_023716545.1|NZ_CP071845.1|NZ_CP071845.1_1301,6,6,8
GCF_023716545.1|NZ_CP071845.1|NZ_CP071845.1_1302,1,1,1
GCF_023716545.1|NZ_CP071845.1|NZ_CP071845.1_1306,4,4,4
GCF_023716545.1|NZ_CP071845.1|NZ_CP071845.1_1311,6,6,6
GCF_023716545.1|NZ_CP071845.1|NZ_CP071845.1_1313,4,4,4
GCF_023716545.1|NZ_CP071845.1|NZ_CP071845.1_1314,4,4,4
GCF_023716545.1|NZ_CP071845.1|NZ_CP071845.1_1319,4,4,4
GCF_023716545.1|NZ_CP071845.1|NZ_CP071845.1_1328,4,4,4
GCF_023716545.1|NZ_CP071845.1|NZ_CP071845.1_1329,4,4,4
GCF_023716545.1|NZ_CP071845.1|NZ_CP071845.1_1330,4,4,4
GCF_023716545.1|NZ_CP071845.1|NZ_CP071845.1_1331,4,4,4
GCF_023716545.1|NZ_CP071845.1|NZ_CP071845.1_1332,5,4,5
GCF_023716545.1|NZ_CP071845.1|NZ_CP071845.1_1333,4,4,4
GCF_023716565.1|NZ_CP071848.1|NZ_CP071848.1_1533,2,2,3
GCF_023716565.1|NZ_CP071848.1|NZ_CP071848.1_1536,1,1,1
GCF_023716565.1|NZ_CP071848.1|NZ_CP071848.1_1538,1,1,1
GCF_023716565.1|NZ_CP071848.1|NZ_CP071848.1_1539,1,1,1
GCF_023716565.1|NZ_CP071848.1|NZ_CP071848.1_1542,1,1,1
GCF_023716565.1|NZ_CP071848.1|NZ_CP071848.1_1543,1,1,1
GCF_023716565.1|NZ_CP071848.1|NZ_CP071848.1_1544,2,2,2
GCF_023716565.1|NZ_CP071848.1|NZ_CP071848.1_1546,1,1,1
GCF_023716565.1|NZ_CP071848.1|NZ_CP071848.1_1547,19,7,21
GCF_023716565.1|NZ_CP071848.1|NZ_CP071848.1_1548,1,1,1
GCF_023716565.1|NZ_CP071848.1|NZ_CP071848.1_1549,1,1,1
GCF_023716565.1|NZ_CP071848.1|NZ_CP071848.1_1551,2,2,2
GCF_023716565.1|NZ_CP071848.1|NZ_CP071848.1_1555,1,1,1
GCF_023716565.1|NZ_CP071848.1|NZ_CP071848.1_1558,1,1,1
GCF_023716565.1|NZ_CP071848.1|NZ_CP071848.1_1559,1,1,1
GCF_023716565.1|NZ_CP071848.1|NZ_CP071848.1_1560,6,4,6
GCF_023716565.1|NZ_CP071848.1|NZ_CP071848.1_1562,2,2,2
GCF_023716565.1|NZ_CP071848.1|NZ_CP071848.1_1566,1,1,2
GCF_023716565.1|NZ_CP071848.1|NZ_CP071848.1_1567,1,1,1
GCF_023716565.1|NZ_CP071848.1|NZ_CP071848.1_1569,1,1,1
GCF_023716565.1|NZ_CP071848.1|NZ_CP071848.1_1570,1,1,1
GCF_023716565.1|NZ_CP071848.1|NZ_CP071848.1_1571,6,3,6
GCF_023746615.1|NZ_CP082275.1|NZ_CP082275.1_2016,1,1,1
GCF_023746615.1|NZ_CP082275.1|NZ_CP082275.1_2019,1,1,1
GCF_023746615.1|NZ_CP082275.1|NZ_CP082275.1_2020,1,1,1
GCF_023746615.1|NZ_CP082275.1|NZ_CP082275.1_2023,1,1,1
GCF_023746615.1|NZ_CP082275.1|NZ_CP082275.1_2024,1,1,1
GCF_023746615.1|NZ_CP082275.1|NZ_CP082275.1_2025,1,1,1
GCF_023746615.1|NZ_CP082275.1|NZ_CP082275.1_2217,1,1,1
GCF_023746615.1|NZ_CP082275.1|NZ_CP082275.1_2218,1,1,1
GCF_023746615.1|NZ_CP082275.1|NZ_CP082275.1_2219,1,1,1
GCF_023746615.1|NZ_CP082276.1|NZ_CP082276.1_988,2,2,2
GCF_023746615.1|NZ_CP082276.1|NZ_CP082276.1_989,1,1,1
GCF_023920225.1|NZ_CP092587.1|NZ_CP092587.1_1758,3,1,3
GCF_023920225.1|NZ_CP092587.1|NZ_CP092587.1_1759,4,2,4
GCF_023920225.1|NZ_CP092587.1|NZ_CP092587.1_1760,4,2,4
GCF_023920225.1|NZ_CP092587.1|NZ_CP092587.1_1761,3,1,3
GCF_023920225.1|NZ_CP092588.1|NZ_CP092588.1_304,3,1,3
GCF_023920225.1|NZ_CP092588.1|NZ_CP092588.1_305,7,4,7
GCF_023920225.1|NZ_CP092588.1|NZ_CP092588.1_306,3,1,3
GCF_023920225.1|NZ_CP092588.1|NZ_CP092588.1_307,3,1,3
GCF_023920225.1|NZ_CP092588.1|NZ_CP092588.1_308,3,1,3
GCF_023920225.1|NZ_CP092588.1|NZ_CP092588.1_309,4,2,4
GCF_023920225.1|NZ_CP092588.1|NZ_CP092588.1_310,3,1,3
GCF_023920225.1|NZ_CP092588.1|NZ_CP092588.1_311,4,2,4
GCF_023983475.1|NZ_CP092713.1|NZ_CP092713.1_817,11,5,22
GCF_023983475.1|NZ_CP092713.1|NZ_CP092713.1_818,61,18,78
GCF_023983475.1|NZ_CP092713.1|NZ_CP092713.1_819,1,1,1
GCF_023983475.1|NZ_CP092713.1|NZ_CP092713.1_820,3,3,3
GCF_023983475.1|NZ_CP092713.1|NZ_CP092713.1_823,117,27,137
GCF_023983475.1|NZ_CP092713.1|NZ_CP092713.1_824,3,3,4
GCF_023983475.1|NZ_CP092713.1|NZ_CP092713.1_826,1,1,1
GCF_023983475.1|NZ_CP092713.1|NZ_CP092713.1_827,1,1,1
GCF_023983475.1|NZ_CP092713.1|NZ_CP092713.1_838,2,2,2
GCF_023983475.1|NZ_CP092713.1|NZ_CP092713.1_840,1,1,1
GCF_023983475.1|NZ_CP092713.1|NZ_CP092713.1_841,1,1,1
GCF_023983475.1|NZ_CP092713.1|NZ_CP092713.1_842,1,1,1
GCF_023983475.1|NZ_CP092713.1|NZ_CP092713.1_844,1,1,1
GCF_023983475.1|NZ_CP092713.1|NZ_CP092713.1_845,1,1,1
GCF_023983475.1|NZ_CP092713.1|NZ_CP092713.1_847,2,2,2
GCF_023983475.1|NZ_CP092713.1|NZ_CP092713.1_848,1,1,1
GCF_023983475.1|NZ_CP092713.1|NZ_CP092713.1_851,2,2,2
GCF_023983475.1|NZ_CP092713.1|NZ_CP092713.1_852,2,2,2
GCF_023983475.1|NZ_CP092713.1|NZ_CP092713.1_856,2,2,2
GCF_023983475.1|NZ_CP092713.1|NZ_CP092713.1_859,2,2,2
GCF_023983475.1|NZ_CP092713.1|NZ_CP092713.1_862,1,1,2
GCF_023983475.1|NZ_CP092713.1|NZ_CP092713.1_867,1,1,1
GCF_023983475.1|NZ_CP092713.1|NZ_CP092713.1_868,1,1,1
GCF_023983475.1|NZ_CP092713.1|NZ_CP092713.1_870,1,1,1
GCF_023983475.1|NZ_CP092713.1|NZ_CP092713.1_871,1,1,1
GCF_023983475.1|NZ_CP092713.1|NZ_CP092713.1_872,1,1,2
GCF_023983475.1|NZ_CP092713.1|NZ_CP092713.1_873,1,1,2
GCF_023983475.1|NZ_CP092713.1|NZ_CP092713.1_874,1,1,2
GCF_023983475.1|NZ_CP092713.1|NZ_CP092713.1_876,4,2,4
GCF_023983475.1|NZ_CP092713.1|NZ_CP092713.1_877,4,2,4
GCF_023983475.1|NZ_CP092713.1|NZ_CP092713.1_879,1,1,1
GCF_023983475.1|NZ_CP092713.1|NZ_CP092713.1_883,14,10,28
GCF_024347475.1|NZ_AP025488.1|NZ_AP025488.1_133,1,1,1
GCF_024347475.1|NZ_AP025488.1|NZ_AP025488.1_134,1,1,1
GCF_024347475.1|NZ_AP025488.1|NZ_AP025488.1_1211,1,1,1
GCF_024347475.1|NZ_AP025488.1|NZ_AP025488.1_1213,1,1,1
GCF_024347495.1|NZ_AP025491.1|NZ_AP025491.1_759,4,2,5
GCF_024347495.1|NZ_AP025491.1|NZ_AP025491.1_766,1,1,1
GCF_024347495.1|NZ_AP025491.1|NZ_AP025491.1_768,1,1,1
GCF_024347495.1|NZ_AP025491.1|NZ_AP025491.1_769,1,1,1
GCF_024347495.1|NZ_AP025491.1|NZ_AP025491.1_773,1,1,1
GCF_024347495.1|NZ_AP025491.1|NZ_AP025491.1_774,1,1,1
GCF_024347495.1|NZ_AP025491.1|NZ_AP025491.1_775,1,1,1
GCF_024347495.1|NZ_AP025491.1|NZ_AP025491.1_777,1,1,1
GCF_024347495.1|NZ_AP025491.1|NZ_AP025491.1_778,2,2,2
GCF_024347495.1|NZ_AP025491.1|NZ_AP025491.1_780,56,8,70
GCF_024347495.1|NZ_AP025491.1|NZ_AP025491.1_783,1,1,1
GCF_024347495.1|NZ_AP025491.1|NZ_AP025491.1_784,1,1,1
GCF_024347495.1|NZ_AP025491.1|NZ_AP025491.1_785,92,20,121
GCF_024347495.1|NZ_AP025491.1|NZ_AP025491.1_787,1,1,1
GCF_024347495.1|NZ_AP025491.1|NZ_AP025491.1_788,2,2,4
GCF_024347495.1|NZ_AP025491.1|NZ_AP025491.1_791,4,3,4
GCF_024347495.1|NZ_AP025491.1|NZ_AP025491.1_794,1,1,1
GCF_024347495.1|NZ_AP025491.1|NZ_AP025491.1_795,1,1,1
GCF_024347495.1|NZ_AP025491.1|NZ_AP025491.1_796,1,1,1
GCF_024347495.1|NZ_AP025491.1|NZ_AP025491.1_797,1,1,1
GCF_024347495.1|NZ_AP025491.1|NZ_AP025491.1_798,1,1,1
GCF_024347495.1|NZ_AP025491.1|NZ_AP025491.1_799,2,2,3
GCF_024347495.1|NZ_AP025491.1|NZ_AP025491.1_800,6,3,6
GCF_024347495.1|NZ_AP025491.1|NZ_AP025491.1_805,6,6,7
GCF_024347495.1|NZ_AP025491.1|NZ_AP025491.1_810,1,1,1
GCF_024347495.1|NZ_AP025491.1|NZ_AP025491.1_813,1,1,1
GCF_024347495.1|NZ_AP025491.1|NZ_AP025491.1_814,1,1,1
GCF_024347495.1|NZ_AP025491.1|NZ_AP025491.1_816,1,1,1
GCF_024347495.1|NZ_AP025491.1|NZ_AP025491.1_819,1,1,1
GCF_024347495.1|NZ_AP025491.1|NZ_AP025491.1_821,1,1,1
GCF_024347495.1|NZ_AP025491.1|NZ_AP025491.1_826,1,1,1
GCF_024347495.1|NZ_AP025491.1|NZ_AP025491.1_827,1,1,1
GCF_024347495.1|NZ_AP025491.1|NZ_AP025491.1_828,7,5,9
GCF_024347495.1|NZ_AP025491.1|NZ_AP025491.1_833,1,1,1
GCF_024347495.1|NZ_AP025491.1|NZ_AP025491.1_835,2,2,2
GCF_024347495.1|NZ_AP025491.1|NZ_AP025491.1_837,5,4,5
GCF_024347495.1|NZ_AP025491.1|NZ_AP025491.1_838,2,2,3
GCF_024347495.1|NZ_AP025491.1|NZ_AP025491.1_844,1,1,1
GCF_024347495.1|NZ_AP025491.1|NZ_AP025491.1_845,1,1,1
GCF_024347495.1|NZ_AP025491.1|NZ_AP025491.1_848,1,1,1
GCF_000021605.1|NC_012580.1|NC_012580.1_278,24,3,24
GCF_000021605.1|NC_012580.1|NC_012580.1_279,30,4,31
GCF_000021605.1|NC_012580.1|NC_012580.1_282,25,4,25
GCF_000021605.1|NC_012580.1|NC_012580.1_286,19,2,19
GCF_000021605.1|NC_012580.1|NC_012580.1_291,21,2,21
GCF_000021605.1|NC_012580.1|NC_012580.1_292,21,4,21
GCF_000021605.1|NC_012580.1|NC_012580.1_293,20,2,20
GCF_000021605.1|NC_012580.1|NC_012580.1_332,7,3,7
GCF_000022585.1|NC_012668.1|NC_012668.1_2619,30,6,30
GCF_000022585.1|NC_012668.1|NC_012668.1_2620,30,6,30
GCF_000022585.1|NC_012668.1|NC_012668.1_2621,30,6,30
GCF_000022585.1|NC_012668.1|NC_012668.1_2622,30,6,30
GCF_000022585.1|NC_012668.1|NC_012668.1_2624,31,6,31
GCF_000022585.1|NC_012667.1|NC_012667.1_934,33,4,37
GCF_000024825.1|NC_013456.1|NC_013456.1_1529,5,5,5
GCF_000024825.1|NC_013456.1|NC_013456.1_1531,15,8,17
GCF_000024825.1|NC_013456.1|NC_013456.1_1533,28,10,28
GCF_000024825.1|NC_013456.1|NC_013456.1_1535,5,3,7
GCF_000024825.1|NC_013456.1|NC_013456.1_1538,1,1,1
GCF_000024825.1|NC_013456.1|NC_013456.1_1539,1,1,1
GCF_000024825.1|NC_013456.1|NC_013456.1_1541,2,2,2
GCF_000024825.1|NC_013456.1|NC_013456.1_1544,76,13,93
GCF_000024825.1|NC_013456.1|NC_013456.1_1545,1,1,1
GCF_000024825.1|NC_013456.1|NC_013456.1_1552,4,3,4
GCF_000024825.1|NC_013456.1|NC_013456.1_1554,72,18,115
GCF_000024825.1|NC_013456.1|NC_013456.1_1562,4,4,4
GCF_000024825.1|NC_013456.1|NC_013456.1_1564,16,4,16
GCF_000024825.1|NC_013456.1|NC_013456.1_1565,66,22,73
GCF_000024825.1|NC_013456.1|NC_013456.1_1566,1,1,1
GCF_000024825.1|NC_013456.1|NC_013456.1_1567,44,9,48
GCF_000024825.1|NC_013456.1|NC_013456.1_1570,4,3,5
GCF_000024825.1|NC_013456.1|NC_013456.1_1571,25,3,27
GCF_000024825.1|NC_013456.1|NC_013456.1_1574,52,14,57
GCF_000024825.1|NC_013456.1|NC_013456.1_1576,51,10,55
GCF_000024825.1|NC_013456.1|NC_013456.1_1582,1,1,1
GCF_000024825.1|NC_013456.1|NC_013456.1_1584,23,10,26
GCF_000024825.1|NC_013456.1|NC_013456.1_1607,65,20,77
GCF_000091465.1|NC_011753.2|NC_011753.2_1150,2,2,2
GCF_000091465.1|NC_011753.2|NC_011753.2_1727,7,6,10
GCF_000091465.1|NC_011753.2|NC_011753.2_1730,1,1,1
GCF_000091465.1|NC_011753.2|NC_011753.2_1731,1,1,1
GCF_000091465.1|NC_011753.2|NC_011753.2_1734,1,1,1
GCF_000091465.1|NC_011753.2|NC_011753.2_1737,1,1,1
GCF_000091465.1|NC_011753.2|NC_011753.2_1741,1,1,1
GCF_000091465.1|NC_011753.2|NC_011753.2_1742,3,3,3
GCF_000091465.1|NC_011753.2|NC_011753.2_1743,67,22,81
GCF_000091465.1|NC_011753.2|NC_011753.2_1745,40,9,43
GCF_000091465.1|NC_011753.2|NC_011753.2_1747,11,6,11
GCF_000091465.1|NC_011744.2|NC_011744.2_789,1,1,1
GCF_000091465.1|NC_011744.2|NC_011744.2_790,15,7,23
GCF_000091465.1|NC_011744.2|NC_011744.2_792,1,1,1
GCF_000166455.1|NC_016445.1|NC_016445.1_138,30,6,30
GCF_000166455.1|NC_016446.1|NC_016446.1_43,4,3,4
GCF_000184325.1|NC_016602.1|NC_016602.1_1319,1,1,1
GCF_000184325.1|NC_016602.1|NC_016602.1_1320,1,1,1
GCF_000184325.1|NC_016602.1|NC_016602.1_1321,1,1,1
GCF_000184325.1|NC_016602.1|NC_016602.1_1322,4,2,4
GCF_000184325.1|NC_016602.1|NC_016602.1_1323,4,2,4
GCF_000184325.1|NC_016602.1|NC_016602.1_1324,4,2,4
GCF_000184325.1|NC_016602.1|NC_016602.1_1325,4,2,4
GCF_000184325.1|NC_016602.1|NC_016602.1_1326,4,2,4
GCF_000184325.1|NC_016602.1|NC_016602.1_1327,5,4,5
GCF_000184325.1|NC_016602.1|NC_016602.1_1328,7,6,7
GCF_000184325.1|NC_016628.1|NC_016628.1_2,7,2,7
GCF_000186585.1|NC_014965.1|NC_014965.1_1319,1,1,1
GCF_000186585.1|NC_014965.1|NC_014965.1_1326,3,3,3
GCF_000186585.1|NC_014965.1|NC_014965.1_1331,2,2,2
GCF_000186585.1|NC_014965.1|NC_014965.1_1332,1,1,1
GCF_000186585.1|NC_014965.1|NC_014965.1_1338,14,6,15
GCF_000186585.1|NC_014965.1|NC_014965.1_1344,1,1,1
GCF_000186585.1|NC_014965.1|NC_014965.1_1345,2,2,2
GCF_000186585.1|NC_014965.1|NC_014965.1_1350,1,1,1
GCF_000186585.1|NC_014965.1|NC_014965.1_1353,1,1,1
GCF_000186585.1|NC_014965.1|NC_014965.1_1356,61,9,78
GCF_000186585.1|NC_014965.1|NC_014965.1_1357,20,7,22
GCF_000186585.1|NC_014965.1|NC_014965.1_1358,1,1,1
GCF_000186585.1|NC_014965.1|NC_014965.1_1361,40,13,45
GCF_000186585.1|NC_014965.1|NC_014965.1_1362,1,1,1
GCF_000186585.1|NC_014965.1|NC_014965.1_1364,5,3,5
GCF_000186585.1|NC_014965.1|NC_014965.1_1369,17,6,19
GCF_000186585.1|NC_014965.1|NC_014965.1_1375,3,3,3
GCF_000186585.1|NC_014965.1|NC_014965.1_1377,3,2,3
GCF_000186585.1|NC_014965.1|NC_014965.1_1382,76,21,96
GCF_000186585.1|NC_014965.1|NC_014965.1_1392,1,1,1
GCF_000186585.1|NC_014966.1|NC_014966.1_281,2,2,2
GCF_000186585.1|NC_014966.1|NC_014966.1_282,6,4,6
GCF_000196095.1|NC_004603.1|NC_004603.1_1697,8,2,8
GCF_000196095.1|NC_004603.1|NC_004603.1_1699,9,3,17
GCF_000196095.1|NC_004603.1|NC_004603.1_1701,10,2,10
GCF_000196095.1|NC_004603.1|NC_004603.1_1704,9,2,9
GCF_000196095.1|NC_004603.1|NC_004603.1_1705,9,3,9
GCF_000217675.1|NC_015637.1|NC_015637.1_17,7,3,7
GCF_000217675.1|NC_015637.1|NC_015637.1_18,14,5,15
GCF_000217675.1|NC_015637.1|NC_015637.1_826,22,12,90
GCF_000217675.1|NC_015637.1|NC_015637.1_828,13,5,13
GCF_000217675.1|NC_015637.1|NC_015637.1_829,7,3,7
GCF_000217675.1|NC_015637.1|NC_015637.1_833,8,4,8
GCF_000217675.1|NC_015637.1|NC_015637.1_839,9,4,11
GCF_000217675.1|NC_015637.1|NC_015637.1_846,4,3,4
GCF_000217675.1|NC_015637.1|NC_015637.1_847,4,3,4
GCF_000217675.1|NC_015637.1|NC_015637.1_848,7,3,7
GCF_000217675.1|NC_015637.1|NC_015637.1_849,7,3,7
GCF_000217675.1|NC_015637.1|NC_015637.1_852,8,4,8
GCF_000217675.1|NC_015637.1|NC_015637.1_855,7,3,7
GCF_000217675.1|NC_015637.1|NC_015637.1_857,17,5,26
GCF_000217675.1|NC_015637.1|NC_015637.1_868,7,3,7
GCF_000217675.1|NC_015637.1|NC_015637.1_869,24,7,24
GCF_000217675.1|NC_015637.1|NC_015637.1_870,24,7,24
GCF_000217675.1|NC_015637.1|NC_015637.1_874,11,5,11
GCF_000217675.1|NC_015637.1|NC_015637.1_879,7,3,7
GCF_000217675.1|NC_015637.1|NC_015637.1_885,1,1,1
GCF_000217675.1|NC_015637.1|NC_015637.1_889,2,2,4
GCF_000241385.1|NC_016613.1|NC_016613.1_1772,1,1,1
GCF_000241385.1|NC_016613.1|NC_016613.1_1773,1,1,1
GCF_000250855.1|NC_016945.1|NC_016945.1_361,49,12,51
GCF_000250855.1|NC_016945.1|NC_016945.1_403,1,1,1
GCF_000256265.3|NZ_CP166824.1|NZ_CP166824.1_1579,51,18,58
GCF_000256265.3|NZ_CP166824.1|NZ_CP166824.1_1581,4,4,4
GCF_000256265.3|NZ_CP166824.1|NZ_CP166824.1_1582,1,1,1
GCF_000256265.3|NZ_CP166824.1|NZ_CP166824.1_1583,1,1,1
GCF_000256265.3|NZ_CP166824.1|NZ_CP166824.1_1584,1,1,1
GCF_000256265.3|NZ_CP166825.1|NZ_CP166825.1_15,18,4,18
GCF_000256265.3|NZ_CP166825.1|NZ_CP166825.1_16,22,5,22
GCF_000256265.3|NZ_CP166825.1|NZ_CP166825.1_20,5,2,5
GCF_000256265.3|NZ_CP166825.1|NZ_CP166825.1_21,14,4,15
GCF_000256265.3|NZ_CP166825.1|NZ_CP166825.1_1446,4,3,4
GCF_000256265.3|NZ_CP166825.1|NZ_CP166825.1_1447,6,3,6
GCF_000275645.1|NZ_AKGH01000002.1|NZ_AKGH01000002.1_891,167,26,290
GCF_000328405.1|NC_019955.1|NC_019955.1_1641,11,8,11
GCF_000328405.1|NC_019955.1|NC_019955.1_1644,152,27,185
GCF_000328405.1|NC_019955.1|NC_019955.1_1648,5,4,5
GCF_000328405.1|NC_019955.1|NC_019955.1_1649,1,1,1
GCF_000328405.1|NC_019955.1|NC_019955.1_1650,8,4,11
GCF_000328405.1|NC_019955.1|NC_019955.1_1656,8,4,8
GCF_000328405.1|NC_019955.1|NC_019955.1_1657,17,8,17
GCF_000328405.1|NC_019955.1|NC_019955.1_1660,19,9,19
GCF_000328405.1|NC_019955.1|NC_019955.1_1661,151,15,229
GCF_000328405.1|NC_019955.1|NC_019955.1_1662,15,2,16
GCF_000328405.1|NC_019955.1|NC_019955.1_1665,38,9,44
GCF_000328405.1|NC_019955.1|NC_019955.1_1668,1,1,1
GCF_000328405.1|NC_019955.1|NC_019955.1_1677,1,1,1
GCF_000328405.1|NC_019955.1|NC_019955.1_1679,20,10,20
GCF_000354175.2|NC_022349.1|NC_022349.1_887,9,3,9
GCF_000354175.2|NC_022349.1|NC_022349.1_896,4,2,4
GCF_000354175.2|NC_022349.1|NC_022349.1_897,23,11,23
GCF_000354175.2|NC_022349.1|NC_022349.1_900,5,3,5
GCF_000354175.2|NC_022349.1|NC_022349.1_901,19,8,22
GCF_000354175.2|NC_022349.1|NC_022349.1_902,106,17,132
GCF_000430405.1|NC_021847.1|NC_021847.1_1978,43,15,66
GCF_000430405.1|NC_021847.1|NC_021847.1_1979,36,9,39
GCF_000430405.1|NC_021847.1|NC_021847.1_1983,4,2,4
GCF_000430405.1|NC_021847.1|NC_021847.1_1986,13,10,13
GCF_000430405.1|NC_021847.1|NC_021847.1_1987,1,1,1
GCF_000430405.1|NC_021847.1|NC_021847.1_1990,47,13,54
GCF_000430405.1|NC_021847.1|NC_021847.1_1997,1,1,1
GCF_000430405.1|NC_021847.1|NC_021847.1_2000,2,2,2
GCF_000430405.1|NC_021847.1|NC_021847.1_2001,24,6,24
GCF_000430405.1|NC_021847.1|NC_021847.1_2002,23,5,23
GCF_000430405.1|NC_021847.1|NC_021847.1_2006,11,7,11
GCF_000430405.1|NC_021847.1|NC_021847.1_2007,11,7,11
GCF_000430405.1|NC_021847.1|NC_021847.1_2008,65,16,75
GCF_000430405.1|NC_021847.1|NC_021847.1_2009,18,6,19
GCF_000430405.1|NC_021847.1|NC_021847.1_2010,1,1,1
GCF_000430405.1|NC_021847.1|NC_021847.1_2011,1,1,1
GCF_000430405.1|NC_021847.1|NC_021847.1_2012,1,1,1
GCF_000430405.1|NC_021847.1|NC_021847.1_2015,6,3,6
GCF_000430405.1|NC_021847.1|NC_021847.1_2016,5,4,7
GCF_000430405.1|NC_021847.1|NC_021847.1_2017,1,1,1
GCF_000430405.1|NC_021847.1|NC_021847.1_2018,8,4,8
GCF_000430405.1|NC_021847.1|NC_021847.1_2029,3,3,3
GCF_000430405.1|NC_021847.1|NC_021847.1_2032,3,3,3
GCF_000430405.1|NC_021847.1|NC_021847.1_2035,78,19,94
GCF_000430405.1|NC_021847.1|NC_021847.1_2036,32,12,32
GCF_000430405.1|NC_021847.1|NC_021847.1_2037,21,14,24
GCF_000430405.1|NC_021847.1|NC_021847.1_2041,72,14,91
GCF_000430405.1|NC_021847.1|NC_021847.1_2043,44,12,45
GCF_000430405.1|NC_021847.1|NC_021847.1_2045,11,7,11
GCF_000430405.1|NC_021847.1|NC_021847.1_2054,5,3,5
GCF_000430405.1|NC_021847.1|NC_021847.1_2055,1,1,1
GCF_000430405.1|NC_021847.1|NC_021847.1_2059,1,1,1
GCF_000430405.1|NC_021847.1|NC_021847.1_2060,1,1,1
GCF_000462975.1|NC_022224.1|NC_022224.1_872,2,2,2
GCF_000462975.1|NC_022224.1|NC_022224.1_887,2,2,2
GCF_000568495.1|NZ_CP007004.1|NZ_CP007004.1_1332,1,1,1
GCF_000568495.1|NZ_CP007004.1|NZ_CP007004.1_1333,25,7,31
GCF_000568495.1|NZ_CP007004.1|NZ_CP007004.1_1334,25,7,30
GCF_000568495.1|NZ_CP007004.1|NZ_CP007004.1_1338,31,14,38
GCF_000568495.1|NZ_CP007004.1|NZ_CP007004.1_1344,3,3,3
GCF_000568495.1|NZ_CP007004.1|NZ_CP007004.1_1345,3,3,3
GCF_000568495.1|NZ_CP007004.1|NZ_CP007004.1_1351,9,2,9
GCF_000568495.1|NZ_CP007004.1|NZ_CP007004.1_1352,7,4,7
GCF_000568495.1|NZ_CP007004.1|NZ_CP007004.1_1353,5,3,5
GCF_000568495.1|NZ_CP007004.1|NZ_CP007004.1_1355,6,3,6
GCF_000568495.1|NZ_CP007004.1|NZ_CP007004.1_1360,46,7,54
GCF_000568495.1|NZ_CP007004.1|NZ_CP007004.1_1361,5,4,5
GCF_000568495.1|NZ_CP007004.1|NZ_CP007004.1_1362,2,2,2
GCF_000568495.1|NZ_CP007004.1|NZ_CP007004.1_1364,1,1,1
GCF_000568495.1|NZ_CP007004.1|NZ_CP007004.1_1365,1,1,1
GCF_000568495.1|NZ_CP007004.1|NZ_CP007004.1_1370,6,5,6
GCF_000568495.1|NZ_CP007004.1|NZ_CP007004.1_1373,3,3,3
GCF_000568495.1|NZ_CP007004.1|NZ_CP007004.1_1374,1,1,1
GCF_000568495.1|NZ_CP007004.1|NZ_CP007004.1_1375,1,1,1
GCF_000568495.1|NZ_CP007004.1|NZ_CP007004.1_1379,14,6,14
GCF_000568495.1|NZ_CP007004.1|NZ_CP007004.1_1383,7,4,7
GCF_000568495.1|NZ_CP007004.1|NZ_CP007004.1_1384,5,3,6
GCF_000568495.1|NZ_CP007004.1|NZ_CP007004.1_1388,5,4,5
GCF_000568495.1|NZ_CP007004.1|NZ_CP007004.1_1395,7,5,7
GCF_000568495.1|NZ_CP007004.1|NZ_CP007004.1_1396,1,1,1
GCF_000568495.1|NZ_CP007004.1|NZ_CP007004.1_1400,30,5,38
GCF_000568495.1|NZ_CP007004.1|NZ_CP007004.1_1401,1,1,1
GCF_000568495.1|NZ_CP007004.1|NZ_CP007004.1_1406,5,4,5
GCF_000568495.1|NZ_CP007004.1|NZ_CP007004.1_1411,40,10,47
GCF_000568495.1|NZ_CP007004.1|NZ_CP007004.1_1413,66,14,70
GCF_000568495.1|NZ_CP007004.1|NZ_CP007004.1_1414,5,4,5
GCF_000568495.1|NZ_CP007004.1|NZ_CP007004.1_1415,6,2,6
GCF_000568495.1|NZ_CP007004.1|NZ_CP007004.1_1416,42,11,43
GCF_000568495.1|NZ_CP007004.1|NZ_CP007004.1_1427,8,2,8
GCF_000568495.1|NZ_CP007004.1|NZ_CP007004.1_1428,37,5,39
GCF_000568495.1|NZ_CP007004.1|NZ_CP007004.1_1430,29,10,32
GCF_000568495.1|NZ_CP007004.1|NZ_CP007004.1_1431,7,3,7
GCF_000568495.1|NZ_CP007004.1|NZ_CP007004.1_1432,6,2,6
GCF_000568495.1|NZ_CP007004.1|NZ_CP007004.1_1433,5,2,5
GCF_000568495.1|NZ_CP007004.1|NZ_CP007004.1_1434,5,2,5
GCF_000568495.1|NZ_CP007004.1|NZ_CP007004.1_1435,7,3,7
GCF_000568495.1|NZ_CP007004.1|NZ_CP007004.1_1436,5,2,5
GCF_000568495.1|NZ_CP007004.1|NZ_CP007004.1_1438,11,6,11
GCF_000568495.1|NZ_CP007004.1|NZ_CP007004.1_1439,18,7,18
GCF_000568495.1|NZ_CP007004.1|NZ_CP007004.1_1442,39,10,40
GCF_000568495.1|NZ_CP007004.1|NZ_CP007004.1_1443,5,3,5
GCF_000568495.1|NZ_CP007004.1|NZ_CP007004.1_1449,29,6,33
GCF_000568495.1|NZ_CP007004.1|NZ_CP007004.1_1454,52,6,52
GCF_000568495.1|NZ_CP007004.1|NZ_CP007004.1_1458,30,10,31
GCF_000568495.1|NZ_CP007004.1|NZ_CP007004.1_1461,15,3,17
GCF_000746665.1|NZ_CP009261.1|NZ_CP009261.1_1626,6,3,6
GCF_000746665.1|NZ_CP009261.1|NZ_CP009261.1_1629,5,1,5
GCF_000746665.1|NZ_CP009261.1|NZ_CP009261.1_1630,19,5,26
GCF_000746665.1|NZ_CP009261.1|NZ_CP009261.1_1639,9,5,15
GCF_000746665.1|NZ_CP009261.1|NZ_CP009261.1_1641,11,2,11
GCF_000772065.1|NZ_CP009620.1|NZ_CP009620.1_130,48,5,53
GCF_000772065.1|NZ_CP009620.1|NZ_CP009620.1_234,1,1,1
GCF_000772065.1|NZ_CP009620.1|NZ_CP009620.1_235,1,1,1
GCF_000772065.1|NZ_CP009620.1|NZ_CP009620.1_236,1,1,1
GCF_000772065.1|NZ_CP009620.1|NZ_CP009620.1_237,1,1,1
GCF_000772105.1|NZ_CP009354.1|NZ_CP009354.1_1495,8,7,8
GCF_000772105.1|NZ_CP009354.1|NZ_CP009354.1_1496,1,1,1
GCF_000772105.1|NZ_CP009354.1|NZ_CP009354.1_1497,3,3,5
GCF_000772105.1|NZ_CP009354.1|NZ_CP009354.1_1498,1,1,1
GCF_000772105.1|NZ_CP009354.1|NZ_CP009354.1_1500,8,5,8
GCF_000772105.1|NZ_CP009354.1|NZ_CP009354.1_1501,1,1,1
GCF_000772105.1|NZ_CP009354.1|NZ_CP009354.1_1502,10,5,10
GCF_000772105.1|NZ_CP009354.1|NZ_CP009354.1_1505,1,1,1
GCF_000772105.1|NZ_CP009354.1|NZ_CP009354.1_1507,4,4,4
GCF_000772105.1|NZ_CP009354.1|NZ_CP009354.1_1508,5,5,6
GCF_000772105.1|NZ_CP009354.1|NZ_CP009354.1_1509,1,1,1
GCF_000772105.1|NZ_CP009354.1|NZ_CP009354.1_1510,6,6,6
GCF_000772105.1|NZ_CP009355.1|NZ_CP009355.1_986,5,4,6
GCF_000772105.1|NZ_CP009355.1|NZ_CP009355.1_989,42,11,50
GCF_000772105.1|NZ_CP009355.1|NZ_CP009355.1_990,17,6,21
GCF_000772105.1|NZ_CP009355.1|NZ_CP009355.1_992,1,1,1
GCF_000772105.1|NZ_CP009355.1|NZ_CP009355.1_993,17,8,17
GCF_000772105.1|NZ_CP009355.1|NZ_CP009355.1_994,1,1,1
GCF_000772105.1|NZ_CP009355.1|NZ_CP009355.1_998,3,3,3
GCF_000772105.1|NZ_CP009356.1|NZ_CP009356.1_106,1,1,1
GCF_000772105.1|NZ_CP009356.1|NZ_CP009356.1_107,5,5,5
GCF_000772105.1|NZ_CP009356.1|NZ_CP009356.1_108,11,6,11
GCF_000772105.1|NZ_CP009356.1|NZ_CP009356.1_109,1,1,1
GCF_000772105.1|NZ_CP009356.1|NZ_CP009356.1_110,1,1,1
GCF_000772105.1|NZ_CP009356.1|NZ_CP009356.1_111,1,1,1
GCF_000786425.1|NZ_LK021129.1|NZ_LK021129.1_373,5,1,5
GCF_000786425.1|NZ_LK021129.1|NZ_LK021129.1_377,3,1,3
GCF_000786425.1|NZ_LK021129.1|NZ_LK021129.1_385,8,4,8
GCF_000786425.1|NZ_LK021129.1|NZ_LK021129.1_388,7,3,7
GCF_000786425.1|NZ_LK021129.1|NZ_LK021129.1_399,9,5,9
GCF_000788715.2|NZ_CP012997.1|NZ_CP012997.1_784,16,6,16
GCF_000788715.2|NZ_CP012997.1|NZ_CP012997.1_790,28,11,29
GCF_000788715.2|NZ_CP012997.1|NZ_CP012997.1_791,5,3,5
GCF_000788715.2|NZ_CP012997.1|NZ_CP012997.1_822,4,3,4
GCF_000788715.2|NZ_CP012997.1|NZ_CP012997.1_824,3,2,3
GCF_000788715.2|NZ_CP012997.1|NZ_CP012997.1_828,3,2,3
GCF_000788715.2|NZ_CP012997.1|NZ_CP012997.1_831,3,2,3
GCF_000788715.2|NZ_CP012997.1|NZ_CP012997.1_837,50,10,64
GCF_000788715.2|NZ_CP012997.1|NZ_CP012997.1_852,9,4,9
GCF_000788715.2|NZ_CP012997.1|NZ_CP012997.1_857,3,2,3
GCF_000788715.2|NZ_CP012997.1|NZ_CP012997.1_858,8,4,8
GCF_000788715.2|NZ_CP012997.1|NZ_CP012997.1_860,13,3,16
GCF_000788715.2|NZ_CP012997.1|NZ_CP012997.1_863,48,4,59
GCF_000788715.2|NZ_CP012997.1|NZ_CP012997.1_864,48,5,59
GCF_000829215.1|NZ_AP014525.1|NZ_AP014525.1_325,9,7,9
GCF_000829215.1|NZ_AP014525.1|NZ_AP014525.1_330,31,10,34
GCF_000829215.1|NZ_AP014525.1|NZ_AP014525.1_357,17,2,17
GCF_000829215.1|NZ_AP014525.1|NZ_AP014525.1_358,12,3,14
GCF_000829215.1|NZ_AP014525.1|NZ_AP014525.1_375,9,5,9
GCF_000829215.1|NZ_AP014525.1|NZ_AP014525.1_376,10,6,10
GCF_000829215.1|NZ_AP014525.1|NZ_AP014525.1_416,151,28,244
GCF_000969235.1|NZ_CP010811.1|NZ_CP010811.1_1499,1,1,1
GCF_000969235.1|NZ_CP010811.1|NZ_CP010811.1_1504,1,1,1
GCF_000969235.1|NZ_CP010811.1|NZ_CP010811.1_1506,1,1,1
GCF_000969235.1|NZ_CP010811.1|NZ_CP010811.1_1511,2,1,2
GCF_000969235.1|NZ_CP010811.1|NZ_CP010811.1_1512,1,1,1
GCF_000969235.1|NZ_CP010811.1|NZ_CP010811.1_1515,1,1,1
GCF_000969235.1|NZ_CP010811.1|NZ_CP010811.1_1516,1,1,1
GCF_000969265.1|NZ_CP010812.1|NZ_CP010812.1_647,18,5,21
GCF_000969265.1|NZ_CP010812.1|NZ_CP010812.1_652,65,11,74
GCF_000969265.1|NZ_CP010812.1|NZ_CP010812.1_656,1,1,1
GCF_000969265.1|NZ_CP010812.1|NZ_CP010812.1_658,1,1,1
GCF_000969265.1|NZ_CP010812.1|NZ_CP010812.1_674,3,1,3
GCF_000969265.1|NZ_CP010812.1|NZ_CP010812.1_675,4,1,4
GCF_000969265.1|NZ_CP010812.1|NZ_CP010812.1_680,3,2,3
GCF_000969265.1|NZ_CP010812.1|NZ_CP010812.1_685,3,2,3
GCF_000969265.1|NZ_CP010812.1|NZ_CP010812.1_693,4,3,4
GCF_000969265.1|NZ_CP010812.1|NZ_CP010812.1_699,140,15,231
GCF_000969265.1|NZ_CP010812.1|NZ_CP010812.1_711,5,4,5
GCF_000969265.1|NZ_CP010812.1|NZ_CP010812.1_713,7,2,12
GCF_000969265.1|NZ_CP010812.1|NZ_CP010812.1_733,1,1,1
GCF_000969265.1|NZ_CP010812.1|NZ_CP010812.1_738,1,1,1
GCF_000969265.1|NZ_CP010812.1|NZ_CP010812.1_739,1,1,1
GCF_001244315.1|NZ_CP009982.1|NZ_CP009982.1_1189,6,3,7
GCF_001244315.1|NZ_CP009982.1|NZ_CP009982.1_1195,9,2,9
GCF_001244315.1|NZ_CP009982.1|NZ_CP009982.1_1200,5,2,5
GCF_001244315.1|NZ_CP009982.1|NZ_CP009982.1_1203,6,5,6
GCF_001244315.1|NZ_CP009982.1|NZ_CP009982.1_1215,5,3,5
GCF_001244315.1|NZ_CP009982.1|NZ_CP009982.1_1216,13,10,14
GCF_001244315.1|NZ_CP009982.1|NZ_CP009982.1_1218,33,6,36
GCF_001244315.1|NZ_CP009982.1|NZ_CP009982.1_1219,21,2,21
GCF_001244315.1|NZ_CP009982.1|NZ_CP009982.1_1220,4,1,4
GCF_001244315.1|NZ_CP009982.1|NZ_CP009982.1_1224,7,4,8
GCF_001262735.2|NZ_CP169261.1|NZ_CP169261.1_1931,13,2,14
GCF_001262735.2|NZ_CP169261.1|NZ_CP169261.1_1932,69,12,75
GCF_001262735.2|NZ_CP169261.1|NZ_CP169261.1_1933,12,2,13
GCF_001262735.2|NZ_CP169261.1|NZ_CP169261.1_1934,12,2,12
GCF_001262735.2|NZ_CP169261.1|NZ_CP169261.1_1935,1,1,1
GCF_001262735.2|NZ_CP169261.1|NZ_CP169261.1_1937,21,5,22
GCF_001262735.2|NZ_CP169261.1|NZ_CP169261.1_1938,7,3,8
GCF_001262735.2|NZ_CP169261.1|NZ_CP169261.1_1939,12,4,12
GCF_001262735.2|NZ_CP169261.1|NZ_CP169261.1_1941,46,13,52
GCF_001262735.2|NZ_CP169261.1|NZ_CP169261.1_1943,4,3,4
GCF_001262735.2|NZ_CP169261.1|NZ_CP169261.1_1944,11,2,11
GCF_001262735.2|NZ_CP169261.1|NZ_CP169261.1_1945,2,1,2
GCF_001262735.2|NZ_CP169261.1|NZ_CP169261.1_1946,14,4,15
GCF_001262735.2|NZ_CP169261.1|NZ_CP169261.1_1947,2,1,2
GCF_001262735.2|NZ_CP169261.1|NZ_CP169261.1_1948,22,4,24
GCF_001262735.2|NZ_CP169261.1|NZ_CP169261.1_1952,28,8,32
GCF_001262735.2|NZ_CP169261.1|NZ_CP169261.1_1954,1,1,1
GCF_001262735.2|NZ_CP169261.1|NZ_CP169261.1_1959,1,1,1
GCF_001262735.2|NZ_CP169261.1|NZ_CP169261.1_1965,6,2,6
GCF_001262735.2|NZ_CP169261.1|NZ_CP169261.1_1967,6,4,6
GCF_001262735.2|NZ_CP169261.1|NZ_CP169261.1_1973,5,3,6
GCF_001262735.2|NZ_CP169261.1|NZ_CP169261.1_1975,3,2,4
GCF_001262735.2|NZ_CP169261.1|NZ_CP169261.1_1979,3,2,3
GCF_001262735.2|NZ_CP169261.1|NZ_CP169261.1_1981,32,7,32
GCF_001262735.2|NZ_CP169261.1|NZ_CP169261.1_1982,33,7,33
GCF_001262735.2|NZ_CP169261.1|NZ_CP169261.1_1983,19,4,19
GCF_001262735.2|NZ_CP169261.1|NZ_CP169261.1_1984,8,3,8
GCF_001262735.2|NZ_CP169261.1|NZ_CP169261.1_1986,16,8,18
GCF_001262735.2|NZ_CP169261.1|NZ_CP169261.1_1989,2,1,2
GCF_001262735.2|NZ_CP169261.1|NZ_CP169261.1_1990,1,1,2
GCF_001262735.2|NZ_CP169261.1|NZ_CP169261.1_1991,1,1,1
GCF_001262735.2|NZ_CP169261.1|NZ_CP169261.1_1995,10,5,11
GCF_001262735.2|NZ_CP169261.1|NZ_CP169261.1_1996,9,7,10
GCF_001262735.2|NZ_CP169261.1|NZ_CP169261.1_1998,5,3,5
GCF_001262735.2|NZ_CP169261.1|NZ_CP169261.1_1999,11,5,11
GCF_001262735.2|NZ_CP169261.1|NZ_CP169261.1_2002,3,3,3
GCF_001262735.2|NZ_CP169261.1|NZ_CP169261.1_2003,8,2,9
GCF_001304775.1|NZ_CP009765.1|NZ_CP009765.1_1646,1,1,1
GCF_001304775.1|NZ_CP009765.1|NZ_CP009765.1_1653,1,1,1
GCF_001304775.1|NZ_CP009765.1|NZ_CP009765.1_1660,1,1,1
GCF_001304775.1|NZ_CP009765.1|NZ_CP009765.1_1666,4,1,4
GCF_001304775.1|NZ_CP009765.1|NZ_CP009765.1_1669,40,4,48
GCF_001304775.1|NZ_CP009765.1|NZ_CP009765.1_1673,6,2,7
GCF_001304775.1|NZ_CP009765.1|NZ_CP009765.1_1687,36,13,38
GCF_001304775.1|NZ_CP009765.1|NZ_CP009765.1_1692,1,1,1
GCF_001304775.1|NZ_CP009765.1|NZ_CP009765.1_1703,10,3,10
GCF_001304775.1|NZ_CP009765.1|NZ_CP009765.1_1712,1,1,1
GCF_001304775.1|NZ_CP009765.1|NZ_CP009765.1_1715,1,1,1
GCF_001304775.1|NZ_CP009765.1|NZ_CP009765.1_1721,20,5,20
GCF_001304775.1|NZ_CP009765.1|NZ_CP009765.1_1727,5,3,5
GCF_001304775.1|NZ_CP009765.1|NZ_CP009765.1_1730,11,3,11
GCF_001304775.1|NZ_CP009765.1|NZ_CP009765.1_1737,1,1,1
GCF_001318185.1|NZ_CP006948.1|NZ_CP006948.1_306,2,2,2
GCF_001318185.1|NZ_CP006948.1|NZ_CP006948.1_341,2,2,2
GCF_001318185.1|NZ_CP006948.1|NZ_CP006948.1_350,2,2,2
GCF_001318185.1|NZ_CP006948.1|NZ_CP006948.1_389,2,2,2
GCF_001318185.1|NZ_CP006948.1|NZ_CP006948.1_390,2,2,2
GCF_001433415.1|NZ_CP009847.1|NZ_CP009847.1_1723,33,6,36
GCF_001433415.1|NZ_CP009847.1|NZ_CP009847.1_1724,19,4,19
GCF_001433415.1|NZ_CP009847.1|NZ_CP009847.1_1725,9,1,9
GCF_001433415.1|NZ_CP009847.1|NZ_CP009847.1_1727,1,1,1
GCF_001433415.1|NZ_CP009847.1|NZ_CP009847.1_1728,1,1,1
GCF_001433415.1|NZ_CP009847.1|NZ_CP009847.1_1732,21,8,25
GCF_001433415.1|NZ_CP009847.1|NZ_CP009847.1_1733,14,2,14
GCF_001433415.1|NZ_CP009847.1|NZ_CP009847.1_1734,7,3,7
GCF_001433415.1|NZ_CP009847.1|NZ_CP009847.1_1735,10,5,10
GCF_001433415.1|NZ_CP009847.1|NZ_CP009847.1_1744,5,2,5
GCF_001433415.1|NZ_CP009847.1|NZ_CP009847.1_1759,12,8,13
GCF_001433415.1|NZ_CP009847.1|NZ_CP009847.1_1761,5,4,7
GCF_001433415.1|NZ_CP009847.1|NZ_CP009847.1_1763,1,1,1
GCF_001433415.1|NZ_CP009847.1|NZ_CP009847.1_1769,2,2,2
GCF_001433415.1|NZ_CP009847.1|NZ_CP009847.1_1771,1,1,2
GCF_001433415.1|NZ_CP009847.1|NZ_CP009847.1_1772,5,2,5
GCF_001433415.1|NZ_CP009847.1|NZ_CP009847.1_1773,4,3,4
GCF_001433415.1|NZ_CP009847.1|NZ_CP009847.1_1775,3,3,4
GCF_001433415.1|NZ_CP009847.1|NZ_CP009847.1_1778,11,3,11
GCF_001433415.1|NZ_CP009847.1|NZ_CP009847.1_1787,1,1,1
GCF_001433415.1|NZ_CP009847.1|NZ_CP009847.1_1790,4,3,4
GCF_001433415.1|NZ_CP009847.1|NZ_CP009847.1_1793,9,2,9
GCF_001433415.1|NZ_CP009847.1|NZ_CP009847.1_1794,1,1,1
GCF_001433435.1|NZ_CP009984.1|NZ_CP009984.1_1225,4,2,6
GCF_001433435.1|NZ_CP009984.1|NZ_CP009984.1_1228,9,3,11
GCF_001433435.1|NZ_CP009984.1|NZ_CP009984.1_1239,8,4,9
GCF_001433435.1|NZ_CP009984.1|NZ_CP009984.1_1243,17,9,20
GCF_001433435.1|NZ_CP009984.1|NZ_CP009984.1_1245,6,2,6
GCF_001433435.1|NZ_CP009984.1|NZ_CP009984.1_1258,8,3,8
GCF_001433435.1|NZ_CP009984.1|NZ_CP009984.1_1259,4,2,4
GCF_001433435.1|NZ_CP009984.1|NZ_CP009984.1_1269,3,1,3
GCF_001433435.1|NZ_CP009984.1|NZ_CP009984.1_1278,2,1,4
GCF_001433435.1|NZ_CP009984.1|NZ_CP009984.1_1280,8,2,8
GCF_001433435.1|NZ_CP009984.1|NZ_CP009984.1_1289,3,2,3
GCF_001433435.1|NZ_CP009984.1|NZ_CP009984.1_1292,4,3,4
GCF_001433435.1|NZ_CP009984.1|NZ_CP009984.1_1293,7,2,7
GCF_001433435.1|NZ_CP009984.1|NZ_CP009984.1_1299,5,3,5
GCF_001433435.1|NZ_CP009984.1|NZ_CP009984.1_1315,18,10,41
GCF_001433435.1|NZ_CP009984.1|NZ_CP009984.1_1317,6,2,6
GCF_001433435.1|NZ_CP009984.1|NZ_CP009984.1_1318,6,2,6
GCF_001469735.1|NZ_CP013484.1|NZ_CP013484.1_995,8,3,8
GCF_001469735.1|NZ_CP013484.1|NZ_CP013484.1_997,4,2,5
GCF_001469735.1|NZ_CP013486.1|NZ_CP013486.1_109,6,4,6
GCF_001469735.1|NZ_CP013487.1|NZ_CP013487.1_254,6,4,6
GCF_001547935.1|NZ_AP014636.1|NZ_AP014636.1_574,2,2,2
GCF_001547935.1|NZ_AP014636.1|NZ_AP014636.1_686,1,1,1
GCF_001547935.1|NZ_AP014636.1|NZ_AP014636.1_687,1,1,1
GCF_001547935.1|NZ_AP014636.1|NZ_AP014636.1_688,1,1,2
GCF_001547935.1|NZ_AP014636.1|NZ_AP014636.1_695,1,1,1
GCF_001547935.1|NZ_AP014636.1|NZ_AP014636.1_696,1,1,1
GCF_001547935.1|NZ_AP014635.1|NZ_AP014635.1_1857,1,1,1
GCF_001547935.1|NZ_AP014635.1|NZ_AP014635.1_1858,1,1,1
GCF_001547935.1|NZ_AP014635.1|NZ_AP014635.1_1862,1,1,1
GCF_001547935.1|NZ_AP014635.1|NZ_AP014635.1_1863,1,1,1
GCF_001547935.1|NZ_AP014635.1|NZ_AP014635.1_1864,2,2,2
GCF_001558415.2|NZ_CP014034.2|NZ_CP014034.2_517,1,1,1
GCF_001558415.2|NZ_CP014034.2|NZ_CP014034.2_518,5,5,5
GCF_001558415.2|NZ_CP014034.2|NZ_CP014034.2_519,1,1,1
GCF_001558415.2|NZ_CP014034.2|NZ_CP014034.2_1141,1,1,1
GCF_001558415.2|NZ_CP014034.2|NZ_CP014034.2_1142,1,1,1
GCF_001558435.2|NZ_CP014038.2|NZ_CP014038.2_466,11,1,11
GCF_001558435.2|NZ_CP014038.2|NZ_CP014038.2_467,49,10,61
GCF_001558435.2|NZ_CP014038.2|NZ_CP014038.2_469,19,4,19
GCF_001558435.2|NZ_CP014038.2|NZ_CP014038.2_470,4,1,4
GCF_001558435.2|NZ_CP014038.2|NZ_CP014038.2_473,14,1,14
GCF_001558435.2|NZ_CP014038.2|NZ_CP014038.2_475,1,1,1
GCF_001558435.2|NZ_CP014038.2|NZ_CP014038.2_478,9,1,9
GCF_001558435.2|NZ_CP014038.2|NZ_CP014038.2_494,9,3,9
GCF_001558435.2|NZ_CP014038.2|NZ_CP014038.2_496,23,7,23
GCF_001558475.2|NZ_CP014042.2|NZ_CP014042.2_1079,2,1,3
GCF_001558475.2|NZ_CP014042.2|NZ_CP014042.2_1083,6,4,7
GCF_001558475.2|NZ_CP014042.2|NZ_CP014042.2_1086,4,3,4
GCF_001558475.2|NZ_CP014042.2|NZ_CP014042.2_1095,5,2,6
GCF_001558475.2|NZ_CP014042.2|NZ_CP014042.2_1096,1,1,1
GCF_001558475.2|NZ_CP014042.2|NZ_CP014042.2_1098,1,1,1
GCF_001558475.2|NZ_CP014042.2|NZ_CP014042.2_1101,2,2,2
GCF_001558475.2|NZ_CP014042.2|NZ_CP014042.2_1102,1,1,1
GCF_001558475.2|NZ_CP014042.2|NZ_CP014042.2_1109,1,1,1
GCF_001558475.2|NZ_CP014042.2|NZ_CP014042.2_1121,1,1,1
GCF_001558475.2|NZ_CP014042.2|NZ_CP014042.2_1122,3,3,4
GCF_001558475.2|NZ_CP014042.2|NZ_CP014042.2_1129,4,4,4
GCF_001558475.2|NZ_CP014042.2|NZ_CP014042.2_1132,3,3,3
GCF_001558475.2|NZ_CP014042.2|NZ_CP014042.2_1133,40,9,43
GCF_001558475.2|NZ_CP014042.2|NZ_CP014042.2_1135,1,1,2
GCF_001558495.2|NZ_CP014046.2|NZ_CP014046.2_1881,5,1,5
GCF_001558495.2|NZ_CP014046.2|NZ_CP014046.2_1883,15,3,15
GCF_001558495.2|NZ_CP014046.2|NZ_CP014046.2_1884,6,2,6
GCF_001558495.2|NZ_CP014046.2|NZ_CP014046.2_1885,5,1,5
GCF_001558495.2|NZ_CP014046.2|NZ_CP014046.2_1886,12,2,13
GCF_001558495.2|NZ_CP014046.2|NZ_CP014046.2_1892,8,2,8
GCF_001558495.2|NZ_CP014046.2|NZ_CP014046.2_1893,11,4,11
GCF_001558495.2|NZ_CP014046.2|NZ_CP014046.2_1895,6,1,6
GCF_001558495.2|NZ_CP014046.2|NZ_CP014046.2_1897,28,9,28
GCF_001558495.2|NZ_CP014046.2|NZ_CP014046.2_1898,6,2,6
GCF_001558495.2|NZ_CP014046.2|NZ_CP014046.2_1900,13,6,14
GCF_001558495.2|NZ_CP014046.2|NZ_CP014046.2_1902,12,5,12
GCF_001558495.2|NZ_CP014046.2|NZ_CP014046.2_1905,11,3,13
GCF_001558495.2|NZ_CP014046.2|NZ_CP014046.2_1907,54,8,65
GCF_001558495.2|NZ_CP014046.2|NZ_CP014046.2_1913,6,2,11
GCF_001558495.2|NZ_CP014046.2|NZ_CP014046.2_1914,6,2,11
GCF_001558495.2|NZ_CP014046.2|NZ_CP014046.2_1917,9,4,10
GCF_001558515.2|NZ_CP014049.2|NZ_CP014049.2_1073,1,1,1
GCF_001558515.2|NZ_CP014049.2|NZ_CP014049.2_1081,26,4,26
GCF_001558515.2|NZ_CP014049.2|NZ_CP014049.2_1082,13,4,17
GCF_001558515.2|NZ_CP014049.2|NZ_CP014049.2_1083,1,1,1
GCF_001558515.2|NZ_CP014049.2|NZ_CP014049.2_1090,11,9,11
GCF_001558515.2|NZ_CP014049.2|NZ_CP014049.2_1094,35,9,44
GCF_001558515.2|NZ_CP014049.2|NZ_CP014049.2_1098,5,3,6
GCF_001558515.2|NZ_CP014049.2|NZ_CP014049.2_1101,19,3,28
GCF_001558515.2|NZ_CP014049.2|NZ_CP014049.2_1102,11,4,14
GCF_001558515.2|NZ_CP014049.2|NZ_CP014049.2_1109,1,1,1
GCF_001558515.2|NZ_CP014049.2|NZ_CP014049.2_1110,11,6,15
GCF_001558515.2|NZ_CP014049.2|NZ_CP014049.2_1116,14,5,14
GCF_001558515.2|NZ_CP014049.2|NZ_CP014049.2_1117,2,1,3
GCF_001558515.2|NZ_CP014049.2|NZ_CP014049.2_1123,1,1,1
GCF_001558515.2|NZ_CP014049.2|NZ_CP014049.2_1124,2,2,2
GCF_001558515.2|NZ_CP014049.2|NZ_CP014049.2_1125,14,6,16
GCF_001558515.2|NZ_CP014049.2|NZ_CP014049.2_1126,12,5,17
GCF_001558515.2|NZ_CP014049.2|NZ_CP014049.2_1127,7,2,7
GCF_001558515.2|NZ_CP014049.2|NZ_CP014049.2_1136,8,5,8
GCF_001558515.2|NZ_CP014049.2|NZ_CP014049.2_1139,1,1,1
GCF_001558515.2|NZ_CP014049.2|NZ_CP014049.2_1141,1,1,1
GCF_001558515.2|NZ_CP014049.2|NZ_CP014049.2_1144,3,2,3
GCF_001558515.2|NZ_CP014049.2|NZ_CP014049.2_1149,1,1,1
GCF_001558515.2|NZ_CP014049.2|NZ_CP014049.2_1150,1,1,1
GCF_001558515.2|NZ_CP014049.2|NZ_CP014049.2_1151,16,4,19
GCF_001558515.2|NZ_CP014049.2|NZ_CP014049.2_1152,16,4,19
GCF_001558515.2|NZ_CP014049.2|NZ_CP014049.2_1156,31,13,33
GCF_001558515.2|NZ_CP014049.2|NZ_CP014049.2_1159,10,1,14
GCF_001558515.2|NZ_CP014049.2|NZ_CP014049.2_1167,3,3,3
GCF_001558515.2|NZ_CP014049.2|NZ_CP014049.2_1170,10,3,10
GCF_001558515.2|NZ_CP014049.2|NZ_CP014049.2_1171,8,4,9
GCF_001558515.2|NZ_CP014049.2|NZ_CP014049.2_1276,4,3,4
GCF_001558515.2|NZ_CP014049.2|NZ_CP014049.2_1281,11,3,11
GCF_001558515.2|NZ_CP014049.2|NZ_CP014049.2_1293,11,6,12
GCF_001558515.2|NZ_CP014049.2|NZ_CP014049.2_1294,1,1,1
GCF_001558515.2|NZ_CP014049.2|NZ_CP014049.2_1296,2,1,3
GCF_001558515.2|NZ_CP014049.2|NZ_CP014049.2_1306,3,1,3
GCF_001636035.1|NZ_CP011406.1|NZ_CP011406.1_1851,37,13,40
GCF_001636035.1|NZ_CP011406.1|NZ_CP011406.1_1853,7,2,7
GCF_001636035.1|NZ_CP011406.1|NZ_CP011406.1_1856,19,1,23
GCF_001636035.1|NZ_CP011406.1|NZ_CP011406.1_1859,4,1,4
GCF_001636035.1|NZ_CP011406.1|NZ_CP011406.1_1863,4,2,4
GCF_001636035.1|NZ_CP011406.1|NZ_CP011406.1_1867,3,1,3
GCF_001636035.1|NZ_CP011406.1|NZ_CP011406.1_1868,39,15,44
GCF_001636035.1|NZ_CP011406.1|NZ_CP011406.1_1880,1,1,1
GCF_001636035.1|NZ_CP011406.1|NZ_CP011406.1_1893,1,1,1
GCF_001636035.1|NZ_CP011406.1|NZ_CP011406.1_1895,4,3,4
GCF_001636035.1|NZ_CP011406.1|NZ_CP011406.1_1901,8,5,18
GCF_001636035.1|NZ_CP011406.1|NZ_CP011406.1_1902,1,1,1
GCF_001636035.1|NZ_CP011406.1|NZ_CP011406.1_1903,2,2,2
GCF_001636035.1|NZ_CP011406.1|NZ_CP011406.1_1904,2,2,2
GCF_001636035.1|NZ_CP011406.1|NZ_CP011406.1_1906,11,6,13
GCF_001653775.1|NZ_CP011775.1|NZ_CP011775.1_1582,2,1,2
GCF_001653775.1|NZ_CP011775.1|NZ_CP011775.1_1594,2,1,2
GCF_001653775.1|NZ_CP011775.1|NZ_CP011775.1_1602,2,1,2
GCF_001675245.1|NZ_CP012739.1|NZ_CP012739.1_1249,1,1,1
GCF_001675245.1|NZ_CP012739.1|NZ_CP012739.1_1250,1,1,1
GCF_001675245.1|NZ_CP012739.1|NZ_CP012739.1_1254,10,2,10
GCF_001675245.1|NZ_CP012739.1|NZ_CP012739.1_1255,1,1,1
GCF_001675245.1|NZ_CP012739.1|NZ_CP012739.1_1260,27,7,40
GCF_001675245.1|NZ_CP012739.1|NZ_CP012739.1_1263,4,4,4
GCF_001675245.1|NZ_CP012739.1|NZ_CP012739.1_1266,1,1,1
GCF_001675245.1|NZ_CP012739.1|NZ_CP012739.1_1267,5,3,5
GCF_001675245.1|NZ_CP012739.1|NZ_CP012739.1_1268,14,4,17
GCF_001675245.1|NZ_CP012739.1|NZ_CP012739.1_1271,1,1,1
GCF_001675245.1|NZ_CP012739.1|NZ_CP012739.1_1296,6,3,6
GCF_001675245.1|NZ_CP012739.1|NZ_CP012739.1_1298,3,3,3
GCF_001675245.1|NZ_CP012739.1|NZ_CP012739.1_1300,2,2,2
GCF_001675245.1|NZ_CP012739.1|NZ_CP012739.1_1307,64,11,94
GCF_001675245.1|NZ_CP012739.1|NZ_CP012739.1_1316,1,1,1
GCF_001675245.1|NZ_CP012739.1|NZ_CP012739.1_1329,1,1,1
GCF_001675245.1|NZ_CP012739.1|NZ_CP012739.1_1332,1,1,1
GCF_001675245.1|NZ_CP012739.1|NZ_CP012739.1_1333,2,2,2
GCF_001675245.1|NZ_CP012739.1|NZ_CP012739.1_1337,1,1,1
GCF_001675245.1|NZ_CP012739.1|NZ_CP012739.1_1342,8,2,9
GCF_001675245.1|NZ_CP012739.1|NZ_CP012739.1_1352,4,2,7
GCF_001675245.1|NZ_CP012739.1|NZ_CP012739.1_1354,1,1,1
GCF_001675245.1|NZ_CP012739.1|NZ_CP012739.1_1361,4,3,4
GCF_001682175.1|NZ_CP011884.1|NZ_CP011884.1_1125,12,2,14
GCF_001682175.1|NZ_CP011884.1|NZ_CP011884.1_1126,6,4,6
GCF_001682175.1|NZ_CP011884.1|NZ_CP011884.1_1135,16,3,16
GCF_001682175.1|NZ_CP011884.1|NZ_CP011884.1_1136,4,2,4
GCF_001682175.1|NZ_CP011884.1|NZ_CP011884.1_1137,4,2,4
GCF_001682175.1|NZ_CP011884.1|NZ_CP011884.1_1141,3,1,3
GCF_001682175.1|NZ_CP011884.1|NZ_CP011884.1_1143,4,2,4
GCF_001682175.1|NZ_CP011884.1|NZ_CP011884.1_1146,17,6,18
GCF_001682175.1|NZ_CP011884.1|NZ_CP011884.1_1147,12,4,13
GCF_001682175.1|NZ_CP011884.1|NZ_CP011884.1_1150,6,2,6
GCF_001682175.1|NZ_CP011884.1|NZ_CP011884.1_1152,3,1,3
GCF_001682175.1|NZ_CP011884.1|NZ_CP011884.1_1154,3,1,3
GCF_001682175.1|NZ_CP011884.1|NZ_CP011884.1_1155,3,1,3
GCF_001682175.1|NZ_CP011884.1|NZ_CP011884.1_1164,3,1,3
GCF_001682175.1|NZ_CP011884.1|NZ_CP011884.1_1166,3,1,3
GCF_001682175.1|NZ_CP011884.1|NZ_CP011884.1_1167,3,1,3
GCF_001682175.1|NZ_CP011884.1|NZ_CP011884.1_1169,3,1,3
GCF_001682175.1|NZ_CP011884.1|NZ_CP011884.1_1177,8,5,8
GCF_001682175.1|NZ_CP011884.1|NZ_CP011884.1_1178,6,3,6
GCF_001682175.1|NZ_CP011884.1|NZ_CP011884.1_1179,9,5,9
GCF_001682175.1|NZ_CP011884.1|NZ_CP011884.1_1188,6,3,6
GCF_001682175.1|NZ_CP011884.1|NZ_CP011884.1_1190,6,1,6
GCF_001682175.1|NZ_CP011884.1|NZ_CP011884.1_1191,4,1,4
GCF_001682175.1|NZ_CP011884.1|NZ_CP011884.1_1192,4,1,4
GCF_001682175.1|NZ_CP011884.1|NZ_CP011884.1_1196,18,2,18
GCF_001682175.1|NZ_CP011884.1|NZ_CP011884.1_1197,8,3,8
GCF_001682175.1|NZ_CP011884.1|NZ_CP011884.1_1199,4,1,4
GCF_001682175.1|NZ_CP011884.1|NZ_CP011884.1_1203,21,10,24
GCF_001682175.1|NZ_CP011884.1|NZ_CP011884.1_1205,4,1,4
GCF_001682175.1|NZ_CP011884.1|NZ_CP011884.1_1206,4,1,4
GCF_001682175.1|NZ_CP011884.1|NZ_CP011884.1_1207,24,10,25
GCF_001682175.1|NZ_CP011884.1|NZ_CP011884.1_1208,7,3,7
GCF_001682175.1|NZ_CP011884.1|NZ_CP011884.1_1211,140,27,155
GCF_001682175.1|NZ_CP011884.1|NZ_CP011884.1_1212,3,1,6
GCF_001682175.1|NZ_CP011884.1|NZ_CP011884.1_1222,6,3,6
GCF_002204915.1|NZ_CP016321.1|NZ_CP016321.1_1480,1,1,1
GCF_002204915.1|NZ_CP016321.1|NZ_CP016321.1_1482,1,1,1
GCF_002204915.1|NZ_CP016321.1|NZ_CP016321.1_1484,1,1,1
GCF_002204915.1|NZ_CP016321.1|NZ_CP016321.1_1495,1,1,1
GCF_002204915.1|NZ_CP016321.1|NZ_CP016321.1_1501,17,11,19
GCF_002204915.1|NZ_CP016321.1|NZ_CP016321.1_1509,23,7,28
GCF_002204915.1|NZ_CP016321.1|NZ_CP016321.1_1517,1,1,1
GCF_002204915.1|NZ_CP016321.1|NZ_CP016321.1_1518,4,2,4
GCF_002204915.1|NZ_CP016321.1|NZ_CP016321.1_1519,1,1,1
GCF_002204915.1|NZ_CP016321.1|NZ_CP016321.1_1521,2,2,2
GCF_002204915.1|NZ_CP016321.1|NZ_CP016321.1_1522,1,1,2
GCF_002204915.1|NZ_CP016321.1|NZ_CP016321.1_1542,1,1,1
GCF_002204915.1|NZ_CP016321.1|NZ_CP016321.1_1545,1,1,1
GCF_002204915.1|NZ_CP016321.1|NZ_CP016321.1_1547,1,1,1
GCF_002204915.1|NZ_CP016321.1|NZ_CP016321.1_1548,4,1,4
GCF_002204915.1|NZ_CP016321.1|NZ_CP016321.1_1557,3,3,3
GCF_002204915.1|NZ_CP016321.1|NZ_CP016321.1_1565,1,1,1
GCF_002204915.1|NZ_CP016321.1|NZ_CP016321.1_1572,1,1,1
GCF_002211505.1|NZ_CP021981.1|NZ_CP021981.1_504,4,1,4
GCF_002211985.1|NZ_CP022102.1|NZ_CP022102.1_323,1,1,1
GCF_002211985.1|NZ_CP022102.1|NZ_CP022102.1_325,1,1,1
GCF_002211985.1|NZ_CP022102.1|NZ_CP022102.1_326,1,1,1
GCF_002211985.1|NZ_CP022102.1|NZ_CP022102.1_327,1,1,1
GCF_002211985.1|NZ_CP022102.1|NZ_CP022102.1_328,3,3,3
GCF_002211985.1|NZ_CP022102.1|NZ_CP022102.1_331,4,3,6
GCF_002211985.1|NZ_CP022102.1|NZ_CP022102.1_332,9,6,12
GCF_002211985.1|NZ_CP022102.1|NZ_CP022102.1_335,15,6,30
GCF_002211985.1|NZ_CP022102.1|NZ_CP022102.1_336,1,1,1
GCF_002211985.1|NZ_CP022102.1|NZ_CP022102.1_340,20,8,22
GCF_002211985.1|NZ_CP022102.1|NZ_CP022102.1_341,7,4,7
GCF_002211985.1|NZ_CP022102.1|NZ_CP022102.1_342,1,1,1
GCF_002211985.1|NZ_CP022102.1|NZ_CP022102.1_344,1,1,1
GCF_002211985.1|NZ_CP022102.1|NZ_CP022102.1_353,5,3,5
GCF_002211985.1|NZ_CP022102.1|NZ_CP022102.1_358,1,1,1
GCF_002211985.1|NZ_CP022102.1|NZ_CP022102.1_363,4,2,4
GCF_002211985.1|NZ_CP022102.1|NZ_CP022102.1_372,1,1,1
GCF_002211985.1|NZ_CP022102.1|NZ_CP022102.1_479,1,1,1
GCF_002211985.1|NZ_CP022102.1|NZ_CP022102.1_480,1,1,1
GCF_002211985.1|NZ_CP022102.1|NZ_CP022102.1_486,11,5,12
GCF_002212005.1|NZ_CP022100.1|NZ_CP022100.1_237,1,1,1
GCF_002212005.1|NZ_CP022100.1|NZ_CP022100.1_238,1,1,1
GCF_002212005.1|NZ_CP022100.1|NZ_CP022100.1_239,1,1,1
GCF_002212005.1|NZ_CP022100.1|NZ_CP022100.1_240,1,1,1
GCF_002212005.1|NZ_CP022100.1|NZ_CP022100.1_379,1,1,3
GCF_002212005.1|NZ_CP022100.1|NZ_CP022100.1_389,4,2,7
GCF_002212005.1|NZ_CP022100.1|NZ_CP022100.1_394,12,5,12
GCF_002212005.1|NZ_CP022100.1|NZ_CP022100.1_395,5,4,5
GCF_002212005.1|NZ_CP022100.1|NZ_CP022100.1_398,1,1,1
GCF_002212005.1|NZ_CP022100.1|NZ_CP022100.1_399,1,1,1
GCF_002212005.1|NZ_CP022100.1|NZ_CP022100.1_401,76,10,120
GCF_002212005.1|NZ_CP022100.1|NZ_CP022100.1_415,1,1,1
GCF_002212005.1|NZ_CP022100.1|NZ_CP022100.1_419,1,1,1
GCF_002212005.1|NZ_CP022100.1|NZ_CP022100.1_423,1,1,1
GCF_002212005.1|NZ_CP022100.1|NZ_CP022100.1_428,7,4,16
GCF_002212005.1|NZ_CP022100.1|NZ_CP022100.1_431,1,1,1
GCF_002212005.1|NZ_CP022100.1|NZ_CP022100.1_436,1,1,1
GCF_002212005.1|NZ_CP022100.1|NZ_CP022100.1_453,1,1,1
GCF_002212005.1|NZ_CP022100.1|NZ_CP022100.1_560,1,1,1
GCF_002212005.1|NZ_CP022100.1|NZ_CP022100.1_565,2,1,2
GCF_002212005.1|NZ_CP022100.1|NZ_CP022100.1_574,1,1,1
GCF_002212005.1|NZ_CP022100.1|NZ_CP022100.1_575,2,2,2
GCF_002212005.1|NZ_CP022100.1|NZ_CP022100.1_587,1,1,1
GCF_002212005.1|NZ_CP022100.1|NZ_CP022100.1_588,1,1,1
GCF_002212005.1|NZ_CP022100.1|NZ_CP022100.1_591,1,1,2
GCF_002212005.1|NZ_CP022100.1|NZ_CP022100.1_593,4,3,4
GCF_002212005.1|NZ_CP022100.1|NZ_CP022100.1_596,44,9,55
GCF_002212005.1|NZ_CP022100.1|NZ_CP022100.1_600,6,4,6
GCF_002212005.1|NZ_CP022100.1|NZ_CP022100.1_607,2,1,2
GCF_002212005.1|NZ_CP022100.1|NZ_CP022100.1_628,1,1,2
GCF_002212005.1|NZ_CP022100.1|NZ_CP022100.1_635,1,1,1
GCF_002212005.1|NZ_CP022100.1|NZ_CP022100.1_638,1,1,1
GCF_002212005.1|NZ_CP022100.1|NZ_CP022100.1_639,1,1,1
GCF_002212025.1|NZ_CP022104.1|NZ_CP022104.1_318,1,1,1
GCF_002212025.1|NZ_CP022104.1|NZ_CP022104.1_321,14,6,17
GCF_002212025.1|NZ_CP022104.1|NZ_CP022104.1_327,2,2,2
GCF_002212025.1|NZ_CP022104.1|NZ_CP022104.1_328,3,3,3
GCF_002212025.1|NZ_CP022104.1|NZ_CP022104.1_330,1,1,1
GCF_002214345.1|NZ_CP018308.1|NZ_CP018308.1_2640,50,18,56
GCF_002214345.1|NZ_CP018308.1|NZ_CP018308.1_2643,1,1,1
GCF_002214345.1|NZ_CP018308.1|NZ_CP018308.1_2647,12,8,13
GCF_002214345.1|NZ_CP018308.1|NZ_CP018308.1_2648,6,4,6
GCF_002214345.1|NZ_CP018308.1|NZ_CP018308.1_2649,6,4,6
GCF_002214345.1|NZ_CP018308.1|NZ_CP018308.1_2653,1,1,1
GCF_002214345.1|NZ_CP018308.1|NZ_CP018308.1_2657,1,1,1
GCF_002214345.1|NZ_CP018308.1|NZ_CP018308.1_2658,1,1,1
GCF_002214345.1|NZ_CP018308.1|NZ_CP018308.1_2662,1,1,1
GCF_002214345.1|NZ_CP018308.1|NZ_CP018308.1_2663,1,1,1
GCF_002214345.1|NZ_CP018309.1|NZ_CP018309.1_932,2,2,2
GCF_024347155.1|NZ_AP024911.1|NZ_AP024911.1_949,2,1,2
GCF_024347155.1|NZ_AP024911.1|NZ_AP024911.1_950,2,1,2
GCF_024347155.1|NZ_AP024911.1|NZ_AP024911.1_953,11,5,11
GCF_024347155.1|NZ_AP024911.1|NZ_AP024911.1_954,2,1,2
GCF_024347155.1|NZ_AP024912.1|NZ_AP024912.1_315,2,1,2
GCF_024347155.1|NZ_AP024912.1|NZ_AP024912.1_318,2,1,2
GCF_024347155.1|NZ_AP024912.1|NZ_AP024912.1_320,2,1,2
GCF_024347155.1|NZ_AP024912.1|NZ_AP024912.1_322,2,1,2
GCF_024347495.1|NZ_AP025491.1|NZ_AP025491.1_857,1,1,1
GCF_024347495.1|NZ_AP025491.1|NZ_AP025491.1_858,3,2,3
GCF_024347495.1|NZ_AP025491.1|NZ_AP025491.1_862,1,1,1
GCF_024347495.1|NZ_AP025491.1|NZ_AP025491.1_863,1,1,1
GCF_024347495.1|NZ_AP025491.1|NZ_AP025491.1_869,1,1,2
GCF_024347495.1|NZ_AP025491.1|NZ_AP025491.1_871,1,1,1
GCF_024347495.1|NZ_AP025491.1|NZ_AP025491.1_873,1,1,3
GCF_024347495.1|NZ_AP025491.1|NZ_AP025491.1_882,47,12,57
GCF_024347495.1|NZ_AP025491.1|NZ_AP025491.1_886,2,2,2
GCF_024347495.1|NZ_AP025491.1|NZ_AP025491.1_888,1,1,1
GCF_024347495.1|NZ_AP025491.1|NZ_AP025491.1_896,4,4,4
GCF_024347495.1|NZ_AP025491.1|NZ_AP025491.1_901,1,1,1
GCF_024347495.1|NZ_AP025491.1|NZ_AP025491.1_905,1,1,1
GCF_024347495.1|NZ_AP025491.1|NZ_AP025491.1_906,1,1,1
GCF_024347495.1|NZ_AP025491.1|NZ_AP025491.1_919,2,2,3
GCF_024347495.1|NZ_AP025491.1|NZ_AP025491.1_921,60,12,68
GCF_024347495.1|NZ_AP025491.1|NZ_AP025491.1_926,9,3,13
GCF_024347495.1|NZ_AP025491.1|NZ_AP025491.1_929,1,1,1
GCF_024347495.1|NZ_AP025491.1|NZ_AP025491.1_932,6,4,7
GCF_024347495.1|NZ_AP025491.1|NZ_AP025491.1_933,1,1,1
GCF_024347495.1|NZ_AP025491.1|NZ_AP025491.1_937,3,2,3
GCF_024347495.1|NZ_AP025491.1|NZ_AP025491.1_938,1,1,1
GCF_024347495.1|NZ_AP025491.1|NZ_AP025491.1_944,10,6,12
GCF_024347495.1|NZ_AP025491.1|NZ_AP025491.1_947,2,2,3
GCF_024347495.1|NZ_AP025491.1|NZ_AP025491.1_950,5,2,6
GCF_024347495.1|NZ_AP025491.1|NZ_AP025491.1_952,8,4,8
GCF_024347495.1|NZ_AP025491.1|NZ_AP025491.1_955,1,1,1
GCF_024347495.1|NZ_AP025491.1|NZ_AP025491.1_958,1,1,2
GCF_024442195.1|NZ_CP050470.1|NZ_CP050470.1_692,2,1,2
GCF_024442195.1|NZ_CP050470.1|NZ_CP050470.1_716,12,5,15
GCF_024442195.1|NZ_CP050470.1|NZ_CP050470.1_722,2,1,2
GCF_024442195.1|NZ_CP050470.1|NZ_CP050470.1_723,3,2,3
GCF_024442195.1|NZ_CP050470.1|NZ_CP050470.1_728,2,1,2
GCF_024442195.1|NZ_CP050470.1|NZ_CP050470.1_894,2,1,2
GCF_024442195.1|NZ_CP050470.1|NZ_CP050470.1_895,2,1,2
GCF_024442195.1|NZ_CP050470.1|NZ_CP050470.1_896,1,1,1
GCF_024442195.1|NZ_CP050470.1|NZ_CP050470.1_897,1,1,1
GCF_024442195.1|NZ_CP050470.1|NZ_CP050470.1_898,2,1,2
GCF_024442195.1|NZ_CP050470.1|NZ_CP050470.1_899,2,1,2
GCF_024442195.1|NZ_CP050470.1|NZ_CP050470.1_900,2,1,2
GCF_024442195.1|NZ_CP050470.1|NZ_CP050470.1_901,2,1,2
GCF_024442195.1|NZ_CP050470.1|NZ_CP050470.1_902,2,1,2
GCF_024442195.1|NZ_CP050470.1|NZ_CP050470.1_903,2,1,2
GCF_024442195.1|NZ_CP050470.1|NZ_CP050470.1_905,1,1,1
GCF_024442195.1|NZ_CP050470.1|NZ_CP050470.1_906,1,1,1
GCF_024442195.1|NZ_CP050470.1|NZ_CP050470.1_909,5,5,5
GCF_024442195.1|NZ_CP050470.1|NZ_CP050470.1_911,1,1,1
GCF_024442235.1|NZ_CP050479.1|NZ_CP050479.1_1596,3,3,3
GCF_024442235.1|NZ_CP050482.1|NZ_CP050482.1_5,1,1,1
GCF_024442235.1|NZ_CP050482.1|NZ_CP050482.1_8,2,1,2
GCF_024442235.1|NZ_CP050482.1|NZ_CP050482.1_38,1,1,1
GCF_024971935.1|NZ_CP080098.1|NZ_CP080098.1_2657,1,1,1
GCF_024971935.1|NZ_CP080098.1|NZ_CP080098.1_2658,1,1,1
GCF_024971935.1|NZ_CP080098.1|NZ_CP080098.1_2659,1,1,1
GCF_024971935.1|NZ_CP080098.1|NZ_CP080098.1_2660,1,1,1
GCF_024971935.1|NZ_CP080098.1|NZ_CP080098.1_2662,1,1,1
GCF_024971935.1|NZ_CP080098.1|NZ_CP080098.1_2673,1,1,1
GCF_024971935.1|NZ_CP080098.1|NZ_CP080098.1_2675,1,1,1
GCF_024971935.1|NZ_CP080098.1|NZ_CP080098.1_2679,1,1,1
GCF_024971935.1|NZ_CP080098.1|NZ_CP080098.1_2680,1,1,1
GCF_024971935.1|NZ_CP080098.1|NZ_CP080098.1_2681,1,1,1
GCF_024971935.1|NZ_CP080098.1|NZ_CP080098.1_2688,1,1,1
GCF_024971935.1|NZ_CP080098.1|NZ_CP080098.1_2690,1,1,1
GCF_024971935.1|NZ_CP080098.1|NZ_CP080098.1_2692,1,1,1
GCF_024971935.1|NZ_CP080098.1|NZ_CP080098.1_2693,1,1,1
GCF_024971935.1|NZ_CP080098.1|NZ_CP080098.1_2696,1,1,1
GCF_024971935.1|NZ_CP080098.1|NZ_CP080098.1_2697,1,1,1
GCF_024971935.1|NZ_CP080098.1|NZ_CP080098.1_2698,1,1,1
GCF_024971935.1|NZ_CP080098.1|NZ_CP080098.1_2699,4,3,4
GCF_024971935.1|NZ_CP080098.1|NZ_CP080098.1_2700,1,1,1
GCF_024971935.1|NZ_CP080098.1|NZ_CP080098.1_2705,2,2,2
GCF_024971935.1|NZ_CP080098.1|NZ_CP080098.1_2706,1,1,1
GCF_024971935.1|NZ_CP080098.1|NZ_CP080098.1_2707,1,1,1
GCF_024971935.1|NZ_CP080098.1|NZ_CP080098.1_2717,1,1,1
GCF_024971935.1|NZ_CP080098.1|NZ_CP080098.1_2718,2,2,2
GCF_024971935.1|NZ_CP080098.1|NZ_CP080098.1_2723,1,1,1
GCF_024971935.1|NZ_CP080098.1|NZ_CP080098.1_2725,1,1,1
GCF_024971935.1|NZ_CP080098.1|NZ_CP080098.1_2729,1,1,1
GCF_024971935.1|NZ_CP080098.1|NZ_CP080098.1_2730,1,1,1
GCF_024971935.1|NZ_CP080098.1|NZ_CP080098.1_2731,1,1,1
GCF_024971935.1|NZ_CP080098.1|NZ_CP080098.1_2737,1,1,1
GCF_024971935.1|NZ_CP080098.1|NZ_CP080098.1_2738,1,1,1
GCF_024971935.1|NZ_CP080098.1|NZ_CP080098.1_2739,2,2,2
GCF_024971935.1|NZ_CP080098.1|NZ_CP080098.1_2740,1,1,1
GCF_024971935.1|NZ_CP080098.1|NZ_CP080098.1_2741,1,1,1
GCF_024971935.1|NZ_CP080098.1|NZ_CP080098.1_2745,1,1,2
GCF_024971935.1|NZ_CP080098.1|NZ_CP080098.1_2747,1,1,1
GCF_024971935.1|NZ_CP080098.1|NZ_CP080098.1_2749,2,2,2
GCF_024971935.1|NZ_CP080098.1|NZ_CP080098.1_2751,1,1,1
GCF_025258945.1|NZ_CP104357.1|NZ_CP104357.1_536,3,2,3
GCF_025917705.1|NZ_CP097355.1|NZ_CP097355.1_1697,2,2,2
GCF_025917705.1|NZ_CP097355.1|NZ_CP097355.1_1700,3,3,3
GCF_025917705.1|NZ_CP097355.1|NZ_CP097355.1_1708,5,5,6
GCF_025917705.1|NZ_CP097355.1|NZ_CP097355.1_1721,4,3,4
GCF_025917705.1|NZ_CP097355.1|NZ_CP097355.1_1722,6,5,6
GCF_025917705.1|NZ_CP097355.1|NZ_CP097355.1_1724,1,1,2
GCF_025917705.1|NZ_CP097355.1|NZ_CP097355.1_1732,2,2,2
GCF_025917705.1|NZ_CP097355.1|NZ_CP097355.1_1736,1,1,1
GCF_025917705.1|NZ_CP097355.1|NZ_CP097355.1_1738,2,2,2
GCF_025917705.1|NZ_CP097355.1|NZ_CP097355.1_1744,1,1,1
GCF_025917705.1|NZ_CP097355.1|NZ_CP097355.1_1745,1,1,1
GCF_025917705.1|NZ_CP097355.1|NZ_CP097355.1_1750,2,2,2
GCF_025917705.1|NZ_CP097355.1|NZ_CP097355.1_1753,1,1,1
GCF_025917705.1|NZ_CP097355.1|NZ_CP097355.1_1762,2,2,2
GCF_025917705.1|NZ_CP097355.1|NZ_CP097355.1_1765,1,1,1
GCF_025917725.1|NZ_CP097858.1|NZ_CP097858.1_1861,7,4,8
GCF_025917725.1|NZ_CP097858.1|NZ_CP097858.1_1867,3,2,3
GCF_025917725.1|NZ_CP097858.1|NZ_CP097858.1_1868,3,2,4
GCF_025920045.1|NZ_CP062153.1|NZ_CP062153.1_751,2,1,2
GCF_025920045.1|NZ_CP062153.1|NZ_CP062153.1_752,2,1,2
GCF_025920045.1|NZ_CP062153.1|NZ_CP062153.1_755,2,1,2
GCF_025920045.1|NZ_CP062153.1|NZ_CP062153.1_762,3,1,3
GCF_025920045.1|NZ_CP062153.1|NZ_CP062153.1_765,2,1,2
GCF_025920045.1|NZ_CP062153.1|NZ_CP062153.1_771,2,1,2
GCF_025920045.1|NZ_CP062153.1|NZ_CP062153.1_772,2,1,2
GCF_025920045.1|NZ_CP062153.1|NZ_CP062153.1_773,2,1,2
GCF_025920045.1|NZ_CP062153.1|NZ_CP062153.1_774,2,1,2
GCF_025920045.1|NZ_CP062153.1|NZ_CP062153.1_781,2,1,2
GCF_025994915.1|NZ_AP026552.1|NZ_AP026552.1_1277,1,1,1
GCF_025994915.1|NZ_AP026552.1|NZ_AP026552.1_1285,2,2,2
GCF_025994915.1|NZ_AP026552.1|NZ_AP026552.1_1286,2,2,2
GCF_025994915.1|NZ_AP026552.1|NZ_AP026552.1_1288,2,2,2
GCF_025994915.1|NZ_AP026552.1|NZ_AP026552.1_1289,1,1,1
GCF_025994915.1|NZ_AP026552.1|NZ_AP026552.1_1290,1,1,1
GCF_025994915.1|NZ_AP026552.1|NZ_AP026552.1_1293,2,2,3
GCF_025994915.1|NZ_AP026552.1|NZ_AP026552.1_1294,1,1,1
GCF_026013235.1|NZ_CP110189.1|NZ_CP110189.1_4,2,1,2
GCF_026013235.1|NZ_CP110189.1|NZ_CP110189.1_878,2,1,2
GCF_026013235.1|NZ_CP110189.1|NZ_CP110189.1_894,2,1,2
GCF_026013235.1|NZ_CP110189.1|NZ_CP110189.1_928,2,2,2
GCF_026650865.1|NZ_CP085857.1|NZ_CP085857.1_1818,6,3,6
GCF_026650865.1|NZ_CP085857.1|NZ_CP085857.1_1845,3,1,3
GCF_026650865.1|NZ_CP085857.1|NZ_CP085857.1_1854,1,1,1
GCF_026650865.1|NZ_CP085857.1|NZ_CP085857.1_1857,4,3,4
GCF_026650865.1|NZ_CP085857.1|NZ_CP085857.1_1860,2,2,2
GCF_026651645.1|NZ_CP033457.1|NZ_CP033457.1_483,2,1,2
GCF_026651645.1|NZ_CP033457.1|NZ_CP033457.1_492,1,1,1
GCF_026651645.1|NZ_CP033457.1|NZ_CP033457.1_493,1,1,1
GCF_026651645.1|NZ_CP033457.1|NZ_CP033457.1_501,2,1,2
GCF_026651645.1|NZ_CP033457.1|NZ_CP033457.1_505,7,3,7
GCF_026651645.1|NZ_CP033457.1|NZ_CP033457.1_511,4,4,4
GCF_026651645.1|NZ_CP033457.1|NZ_CP033457.1_530,2,1,2
GCF_026651645.1|NZ_CP033457.1|NZ_CP033457.1_531,2,2,2
GCF_026970915.1|NZ_CP114194.1|NZ_CP114194.1_1949,10,3,10
GCF_026970915.1|NZ_CP114194.1|NZ_CP114194.1_1960,9,2,9
GCF_026970915.1|NZ_CP114194.1|NZ_CP114194.1_1961,9,1,9
GCF_026970915.1|NZ_CP114194.1|NZ_CP114194.1_1968,11,3,11
GCF_027286325.1|NZ_CP114588.1|NZ_CP114588.1_975,1,1,1
GCF_027286325.1|NZ_CP114588.1|NZ_CP114588.1_977,1,1,1
GCF_027286325.1|NZ_CP114588.1|NZ_CP114588.1_979,2,2,2
GCF_027286325.1|NZ_CP114588.1|NZ_CP114588.1_980,1,1,1
GCF_027286325.1|NZ_CP114588.1|NZ_CP114588.1_1517,1,1,1
GCF_027286325.1|NZ_CP114588.1|NZ_CP114588.1_1519,2,2,2
GCF_027286325.1|NZ_CP114588.1|NZ_CP114588.1_1520,2,2,2
GCF_027286325.1|NZ_CP114588.1|NZ_CP114588.1_1521,2,2,2
GCF_027286325.1|NZ_CP114588.1|NZ_CP114588.1_1522,1,1,1
GCF_027286345.1|NZ_CP114590.1|NZ_CP114590.1_998,1,1,1
GCF_027286345.1|NZ_CP114590.1|NZ_CP114590.1_1002,1,1,1
GCF_027286345.1|NZ_CP114590.1|NZ_CP114590.1_1003,1,1,1
GCF_027286345.1|NZ_CP114591.1|NZ_CP114591.1_158,1,1,1
GCF_027286345.1|NZ_CP114591.1|NZ_CP114591.1_159,1,1,1
GCF_027286345.1|NZ_CP114591.1|NZ_CP114591.1_164,1,1,1
GCF_027286345.1|NZ_CP114591.1|NZ_CP114591.1_165,1,1,1
GCF_027286345.1|NZ_CP114591.1|NZ_CP114591.1_167,1,1,1
GCF_027286365.1|NZ_CP114584.1|NZ_CP114584.1_1073,1,1,1
GCF_027286365.1|NZ_CP114584.1|NZ_CP114584.1_1078,1,1,1
GCF_027286365.1|NZ_CP114584.1|NZ_CP114584.1_1649,1,1,1
GCF_027286365.1|NZ_CP114584.1|NZ_CP114584.1_1650,1,1,1
GCF_027286385.1|NZ_CP114586.1|NZ_CP114586.1_961,1,1,1
GCF_027286385.1|NZ_CP114586.1|NZ_CP114586.1_964,5,5,6
GCF_027286385.1|NZ_CP114586.1|NZ_CP114586.1_965,1,1,1
GCF_027286385.1|NZ_CP114586.1|NZ_CP114586.1_966,1,1,1
GCF_027286385.1|NZ_CP114586.1|NZ_CP114586.1_967,1,1,1
GCF_027286385.1|NZ_CP114586.1|NZ_CP114586.1_1461,1,1,1
GCF_027286385.1|NZ_CP114586.1|NZ_CP114586.1_1462,1,1,1
GCF_027286385.1|NZ_CP114586.1|NZ_CP114586.1_1463,1,1,1
GCF_027286385.1|NZ_CP114586.1|NZ_CP114586.1_1464,1,1,1
GCF_027286385.1|NZ_CP114586.1|NZ_CP114586.1_1467,4,2,4
GCF_027924725.1|NZ_AP027045.1|NZ_AP027045.1_224,2,1,2
GCF_027924725.1|NZ_AP027045.1|NZ_AP027045.1_1872,2,1,2
GCF_027924725.1|NZ_AP027045.1|NZ_AP027045.1_1873,2,1,2
GCF_027924725.1|NZ_AP027045.1|NZ_AP027045.1_1875,1,1,1
GCF_028609665.1|NZ_CP047985.1|NZ_CP047985.1_1443,4,2,4
GCF_028609665.1|NZ_CP047985.1|NZ_CP047985.1_1445,2,1,4
GCF_028609665.1|NZ_CP047985.1|NZ_CP047985.1_1486,3,2,3
GCF_028609665.1|NZ_CP047985.1|NZ_CP047985.1_1502,3,1,3
GCF_028885545.1|NZ_CP118530.1|NZ_CP118530.1_891,6,4,6
GCF_028885545.1|NZ_CP118530.1|NZ_CP118530.1_1195,6,3,6
GCF_028885545.1|NZ_CP118530.1|NZ_CP118530.1_1219,8,3,8
GCF_028885545.1|NZ_CP118530.1|NZ_CP118530.1_1235,4,3,4
GCF_028885545.1|NZ_CP118530.1|NZ_CP118530.1_1254,9,2,10
GCF_028885605.1|NZ_CP118528.1|NZ_CP118528.1_2595,6,2,6
GCF_028885605.1|NZ_CP118528.1|NZ_CP118528.1_2600,1,1,1
GCF_028885605.1|NZ_CP118528.1|NZ_CP118528.1_2601,1,1,1
GCF_028885605.1|NZ_CP118528.1|NZ_CP118528.1_2607,5,1,5
GCF_028885605.1|NZ_CP118528.1|NZ_CP118528.1_2610,14,5,15
GCF_028885605.1|NZ_CP118528.1|NZ_CP118528.1_2611,6,2,6
GCF_028885605.1|NZ_CP118528.1|NZ_CP118528.1_2614,5,1,5
GCF_028885605.1|NZ_CP118528.1|NZ_CP118528.1_2624,5,1,5
GCF_028885605.1|NZ_CP118528.1|NZ_CP118528.1_2629,5,1,5
GCF_028885605.1|NZ_CP118528.1|NZ_CP118528.1_2630,5,1,5
GCF_028885605.1|NZ_CP118528.1|NZ_CP118528.1_2631,8,3,8
GCF_028898625.1|NZ_CP118576.1|NZ_CP118576.1_1336,9,6,12
GCF_028898625.1|NZ_CP118576.1|NZ_CP118576.1_1342,2,1,2
GCF_028898625.1|NZ_CP118576.1|NZ_CP118576.1_1346,1,1,1
GCF_028898625.1|NZ_CP118576.1|NZ_CP118576.1_1347,1,1,1
GCF_028898625.1|NZ_CP118576.1|NZ_CP118576.1_1350,1,1,1
GCF_028898625.1|NZ_CP118576.1|NZ_CP118576.1_1351,1,1,1
GCF_028898625.1|NZ_CP118576.1|NZ_CP118576.1_1360,1,1,1
GCF_028898705.1|NZ_CP118596.1|NZ_CP118596.1_1496,2,2,2
GCF_028898705.1|NZ_CP118596.1|NZ_CP118596.1_1510,1,1,1
GCF_028898705.1|NZ_CP118596.1|NZ_CP118596.1_1515,1,1,1
GCF_028898705.1|NZ_CP118596.1|NZ_CP118596.1_1518,1,1,1
GCF_028898705.1|NZ_CP118596.1|NZ_CP118596.1_1520,4,4,4
GCF_028898705.1|NZ_CP118596.1|NZ_CP118596.1_1525,6,3,7
GCF_028898705.1|NZ_CP118596.1|NZ_CP118596.1_1527,2,2,2
GCF_028898705.1|NZ_CP118596.1|NZ_CP118596.1_1528,2,1,2
GCF_028898705.1|NZ_CP118596.1|NZ_CP118596.1_1529,1,1,1
GCF_028898705.1|NZ_CP118596.1|NZ_CP118596.1_1535,1,1,1
GCF_028898705.1|NZ_CP118596.1|NZ_CP118596.1_1536,3,2,3
GCF_028898705.1|NZ_CP118596.1|NZ_CP118596.1_1539,1,1,1
GCF_029224045.1|NZ_CP119522.1|NZ_CP119522.1_134,1,1,1
GCF_029224045.1|NZ_CP119522.1|NZ_CP119522.1_136,1,1,1
GCF_029224045.1|NZ_CP119522.1|NZ_CP119522.1_137,1,1,1
GCF_029224045.1|NZ_CP119522.1|NZ_CP119522.1_144,1,1,1
GCF_029541605.1|NZ_CP120719.1|NZ_CP120719.1_2130,1,1,1
GCF_029541605.1|NZ_CP120719.1|NZ_CP120719.1_2131,1,1,1
GCF_029541605.1|NZ_CP120719.1|NZ_CP120719.1_2132,1,1,1
GCF_029541605.1|NZ_CP120719.1|NZ_CP120719.1_2362,1,1,1
GCF_029541605.1|NZ_CP120719.1|NZ_CP120719.1_2363,3,2,3
GCF_029541605.1|NZ_CP120719.1|NZ_CP120719.1_2364,1,1,1
GCF_029541605.1|NZ_CP120719.1|NZ_CP120719.1_2367,1,1,1
GCF_029541605.1|NZ_CP120719.1|NZ_CP120719.1_2368,1,1,1
GCF_029541605.1|NZ_CP120719.1|NZ_CP120719.1_2373,2,1,2
GCF_029541605.1|NZ_CP120719.1|NZ_CP120719.1_2379,1,1,1
GCF_029541605.1|NZ_CP120719.1|NZ_CP120719.1_2380,7,5,8
GCF_029541605.1|NZ_CP120719.1|NZ_CP120719.1_2381,1,1,1
GCF_029541605.1|NZ_CP120719.1|NZ_CP120719.1_2383,1,1,1
GCF_029541605.1|NZ_CP120719.1|NZ_CP120719.1_2386,33,14,34
GCF_029541605.1|NZ_CP120719.1|NZ_CP120719.1_2387,4,4,4
GCF_029541605.1|NZ_CP120719.1|NZ_CP120719.1_2397,1,1,1
GCF_029541605.1|NZ_CP120719.1|NZ_CP120719.1_2403,1,1,1
GCF_029635775.1|NZ_CP113242.1|NZ_CP113242.1_166,4,3,4
GCF_029635775.1|NZ_CP113242.1|NZ_CP113242.1_182,3,3,3
GCF_029635775.1|NZ_CP113242.1|NZ_CP113242.1_187,1,1,1
GCF_029635775.1|NZ_CP113242.1|NZ_CP113242.1_190,1,1,1
GCF_029635775.1|NZ_CP113242.1|NZ_CP113242.1_191,1,1,1
GCF_029635775.1|NZ_CP113242.1|NZ_CP113242.1_194,1,1,1
GCF_029635775.1|NZ_CP113242.1|NZ_CP113242.1_195,1,1,1
GCF_030060435.1|NZ_CP125875.1|NZ_CP125875.1_919,1,1,1
GCF_030060435.1|NZ_CP125875.1|NZ_CP125875.1_920,1,1,1
GCF_030060435.1|NZ_CP125875.1|NZ_CP125875.1_926,2,2,2
GCF_030060435.1|NZ_CP125875.1|NZ_CP125875.1_930,1,1,1
GCF_030060435.1|NZ_CP125875.1|NZ_CP125875.1_931,1,1,1
GCF_030060435.1|NZ_CP125875.1|NZ_CP125875.1_941,1,1,1
GCF_030060435.1|NZ_CP125875.1|NZ_CP125875.1_944,1,1,1
GCF_030060435.1|NZ_CP125875.1|NZ_CP125875.1_946,3,3,3
GCF_030062095.1|NZ_CP115189.1|NZ_CP115189.1_428,1,1,1
GCF_030062725.1|NZ_CP077061.1|NZ_CP077061.1_1,1,1,1
GCF_030064635.1|NZ_CP114186.1|NZ_CP114186.1_1295,3,2,3
GCF_030064635.1|NZ_CP114186.1|NZ_CP114186.1_1298,1,1,1
GCF_030064635.1|NZ_CP114186.1|NZ_CP114186.1_1301,1,1,1
GCF_030064635.1|NZ_CP114186.1|NZ_CP114186.1_1302,1,1,1
GCF_030064635.1|NZ_CP114186.1|NZ_CP114186.1_1315,1,1,1
GCF_030064635.1|NZ_CP114186.1|NZ_CP114186.1_1318,1,1,1
GCF_030064635.1|NZ_CP114186.1|NZ_CP114186.1_1321,1,1,1
GCF_030220165.1|NZ_CP126698.1|NZ_CP126698.1_1557,1,1,1
GCF_030220165.1|NZ_CP126698.1|NZ_CP126698.1_1564,1,1,1
GCF_030220165.1|NZ_CP126698.1|NZ_CP126698.1_1571,1,1,1
GCF_030220165.1|NZ_CP126698.1|NZ_CP126698.1_1572,1,1,1
GCF_030220165.1|NZ_CP126698.1|NZ_CP126698.1_1573,1,1,1
GCF_030220165.1|NZ_CP126698.1|NZ_CP126698.1_1574,3,3,3
GCF_030220165.1|NZ_CP126698.1|NZ_CP126698.1_1592,1,1,1
GCF_030220165.1|NZ_CP126698.1|NZ_CP126698.1_1593,2,2,2
GCF_030220165.1|NZ_CP126698.1|NZ_CP126698.1_1598,1,1,1
GCF_030220165.1|NZ_CP126698.1|NZ_CP126698.1_1599,1,1,1
GCF_030238725.2|NZ_CP160382.1|NZ_CP160382.1_1750,1,1,1
GCF_030238725.2|NZ_CP160382.1|NZ_CP160382.1_1754,1,1,1
GCF_030238725.2|NZ_CP160382.1|NZ_CP160382.1_1776,5,4,5
GCF_030238765.2|NZ_CM129898.1|NZ_CM129898.1_1367,1,1,1
GCF_030238765.2|NZ_CM129898.1|NZ_CM129898.1_1374,1,1,1
GCF_030238765.2|NZ_CM129898.1|NZ_CM129898.1_1377,23,7,25
GCF_030238765.2|NZ_CM129898.1|NZ_CM129898.1_1399,1,1,1
GCF_030291875.1|NZ_CP127846.1|NZ_CP127846.1_1164,1,1,1
GCF_030316235.1|NZ_CP128201.1|NZ_CP128201.1_592,2,2,4
GCF_030316235.1|NZ_CP128201.1|NZ_CP128201.1_596,2,2,2
GCF_030316235.1|NZ_CP128201.1|NZ_CP128201.1_603,1,1,1
GCF_030316235.1|NZ_CP128201.1|NZ_CP128201.1_609,1,1,1
GCF_030388405.1|NZ_CP116414.1|NZ_CP116414.1_981,1,1,1
GCF_030388405.1|NZ_CP116414.1|NZ_CP116414.1_982,1,1,1
GCF_030388405.1|NZ_CP116414.1|NZ_CP116414.1_988,6,3,6
GCF_030388405.1|NZ_CP116414.1|NZ_CP116414.1_990,2,2,2
GCF_030388405.1|NZ_CP116414.1|NZ_CP116414.1_992,1,1,1
GCF_030388405.1|NZ_CP116414.1|NZ_CP116414.1_998,2,2,2
GCF_030388405.1|NZ_CP116414.1|NZ_CP116414.1_1002,1,1,1
GCF_030388405.1|NZ_CP116414.1|NZ_CP116414.1_1006,1,1,1
GCF_030388405.1|NZ_CP116414.1|NZ_CP116414.1_1017,1,1,1
GCF_030388405.1|NZ_CP116414.1|NZ_CP116414.1_1022,5,3,5
GCF_030388405.1|NZ_CP116414.1|NZ_CP116414.1_1026,1,1,1
GCF_030388405.1|NZ_CP116414.1|NZ_CP116414.1_1027,3,2,3
GCF_030388405.1|NZ_CP116414.1|NZ_CP116414.1_1035,2,1,2
GCF_030388405.1|NZ_CP116414.1|NZ_CP116414.1_1040,1,1,1
GCF_030388405.1|NZ_CP116414.1|NZ_CP116414.1_1043,2,2,2
GCF_030580635.1|NZ_CP129422.1|NZ_CP129422.1_428,1,1,1
GCF_030580635.1|NZ_CP129422.1|NZ_CP129422.1_432,1,1,2
GCF_030580635.1|NZ_CP129422.1|NZ_CP129422.1_433,1,1,1
GCF_030580635.1|NZ_CP129422.1|NZ_CP129422.1_434,1,1,1
GCF_030580635.1|NZ_CP129422.1|NZ_CP129422.1_435,1,1,1
GCF_030580635.1|NZ_CP129422.1|NZ_CP129422.1_438,1,1,1
GCF_030580635.1|NZ_CP129422.1|NZ_CP129422.1_440,1,1,1
GCF_030580635.1|NZ_CP129422.1|NZ_CP129422.1_451,1,1,1
GCF_030580635.1|NZ_CP129422.1|NZ_CP129422.1_453,1,1,1
GCF_030580635.1|NZ_CP129422.1|NZ_CP129422.1_456,2,2,2
GCF_030580635.1|NZ_CP129422.1|NZ_CP129422.1_460,1,1,1
GCF_030580635.1|NZ_CP129422.1|NZ_CP129422.1_461,1,1,1
GCF_030580635.1|NZ_CP129422.1|NZ_CP129422.1_462,1,1,1
GCF_030580635.1|NZ_CP129422.1|NZ_CP129422.1_463,1,1,1
GCF_030704285.1|NZ_CP131931.1|NZ_CP131931.1_1414,5,2,5
GCF_030704285.1|NZ_CP131931.1|NZ_CP131931.1_1422,1,1,1
GCF_030704285.1|NZ_CP131931.1|NZ_CP131931.1_1425,2,2,2
GCF_030704285.1|NZ_CP131931.1|NZ_CP131931.1_1428,2,2,2
GCF_030704285.1|NZ_CP131931.1|NZ_CP131931.1_1430,1,1,1
GCF_030704285.1|NZ_CP131931.1|NZ_CP131931.1_1431,3,2,3
GCF_030704285.1|NZ_CP131931.1|NZ_CP131931.1_1432,1,1,1
GCF_030704285.1|NZ_CP131931.1|NZ_CP131931.1_1433,1,1,1
GCF_030704285.1|NZ_CP131931.1|NZ_CP131931.1_1434,1,1,1
GCF_030994065.1|NZ_CP099916.1|NZ_CP099916.1_369,5,4,5
GCF_030994145.1|NZ_CP099919.1|NZ_CP099919.1_1133,9,4,9
GCF_030994165.1|NZ_CP099921.1|NZ_CP099921.1_1203,3,2,3
GCF_030994165.1|NZ_CP099921.1|NZ_CP099921.1_1247,3,2,3
GCF_030994165.1|NZ_CP099921.1|NZ_CP099921.1_1252,7,2,9
GCF_030994165.1|NZ_CP099921.1|NZ_CP099921.1_1253,3,2,3
GCF_030994165.1|NZ_CP099921.1|NZ_CP099921.1_1255,4,1,4
GCF_030994165.1|NZ_CP099921.1|NZ_CP099921.1_1256,3,2,3
GCF_030994185.1|NZ_CP099924.1|NZ_CP099924.1_1250,2,2,2
GCF_030994565.1|NZ_CP099934.1|NZ_CP099934.1_1190,3,2,4
GCF_030994565.1|NZ_CP099934.1|NZ_CP099934.1_1202,9,4,9
GCF_030994565.1|NZ_CP099934.1|NZ_CP099934.1_1207,2,1,2
GCF_030994565.1|NZ_CP099934.1|NZ_CP099934.1_1208,1,1,1
GCF_030994565.1|NZ_CP099934.1|NZ_CP099934.1_1223,1,1,1
GCF_030994565.1|NZ_CP099934.1|NZ_CP099934.1_1224,1,1,1
GCF_030994565.1|NZ_CP099934.1|NZ_CP099934.1_1232,1,1,1
GCF_030994565.1|NZ_CP099934.1|NZ_CP099934.1_1233,1,1,1
GCF_030994565.1|NZ_CP099934.1|NZ_CP099934.1_1234,1,1,1
GCF_030994565.1|NZ_CP099934.1|NZ_CP099934.1_1235,1,1,1
GCF_030994565.1|NZ_CP099934.1|NZ_CP099934.1_1259,1,1,1
GCF_030994565.1|NZ_CP099934.1|NZ_CP099934.1_1268,1,1,1
GCF_031883075.1|NZ_CP134783.1|NZ_CP134783.1_1565,2,2,2
GCF_031883075.1|NZ_CP134783.1|NZ_CP134783.1_1574,1,1,1
GCF_031883075.1|NZ_CP134783.1|NZ_CP134783.1_1575,1,1,1
GCF_031883075.1|NZ_CP134783.1|NZ_CP134783.1_1579,1,1,2
GCF_031883075.1|NZ_CP134783.1|NZ_CP134783.1_1581,2,2,3
GCF_031883075.1|NZ_CP134783.1|NZ_CP134783.1_1593,1,1,1
GCF_031884875.1|NZ_CP134781.1|NZ_CP134781.1_616,2,2,2
GCF_031884875.1|NZ_CP134781.1|NZ_CP134781.1_617,1,1,1
GCF_031884875.1|NZ_CP134781.1|NZ_CP134781.1_618,1,1,1
GCF_031884875.1|NZ_CP134781.1|NZ_CP134781.1_620,1,1,1
GCF_032027525.2|NZ_CP184804.1|NZ_CP184804.1_140,1,1,1
GCF_032027525.2|NZ_CP184804.1|NZ_CP184804.1_146,4,2,5
GCF_032027525.2|NZ_CP184804.1|NZ_CP184804.1_177,5,2,5
GCF_032027525.2|NZ_CP184804.1|NZ_CP184804.1_178,2,2,2
GCF_032463505.1|NZ_CP135968.1|NZ_CP135968.1_1761,3,3,3
GCF_032463505.1|NZ_CP135968.1|NZ_CP135968.1_1762,3,3,3
GCF_032463505.1|NZ_CP135968.1|NZ_CP135968.1_1765,1,1,1
GCF_032463505.1|NZ_CP135968.1|NZ_CP135968.1_1767,1,1,1
GCF_032463505.1|NZ_CP135968.1|NZ_CP135968.1_1768,1,1,1
GCF_032463505.1|NZ_CP135968.1|NZ_CP135968.1_1775,2,2,2
GCF_032463505.1|NZ_CP135968.1|NZ_CP135968.1_1776,2,2,2
GCF_032463505.1|NZ_CP135968.1|NZ_CP135968.1_1781,1,1,1
GCF_032463505.1|NZ_CP135968.1|NZ_CP135968.1_1788,1,1,1
GCF_032463505.1|NZ_CP135968.1|NZ_CP135968.1_1789,1,1,1
GCF_032463505.1|NZ_CP135968.1|NZ_CP135968.1_1792,60,14,71
GCF_032463505.1|NZ_CP135968.1|NZ_CP135968.1_1795,3,3,3
GCF_032463505.1|NZ_CP135968.1|NZ_CP135968.1_1797,1,1,1
GCF_032463505.1|NZ_CP135968.1|NZ_CP135968.1_1801,1,1,1
GCF_032463505.1|NZ_CP135968.1|NZ_CP135968.1_1803,1,1,1
GCF_032463505.1|NZ_CP135970.1|NZ_CP135970.1_98,1,1,1
GCF_032463505.1|NZ_CP135970.1|NZ_CP135970.1_105,1,1,1
GCF_032463505.1|NZ_CP135970.1|NZ_CP135970.1_107,1,1,1
GCF_032463505.1|NZ_CP135970.1|NZ_CP135970.1_110,1,1,1
GCF_032841475.3|NZ_CP184806.1|NZ_CP184806.1_360,74,17,80
GCF_032841475.3|NZ_CP184806.1|NZ_CP184806.1_376,96,14,97
GCF_032841475.3|NZ_CP184806.1|NZ_CP184806.1_383,4,1,6
GCF_034008175.1|NZ_CP134061.1|NZ_CP134061.1_674,1,1,1
GCF_034428235.1|NZ_CP140102.1|NZ_CP140102.1_1139,1,1,1
GCF_034428235.1|NZ_CP140102.1|NZ_CP140102.1_1147,1,1,1
GCF_034428235.1|NZ_CP140107.1|NZ_CP140107.1_6,2,2,2
GCF_034428235.1|NZ_CP140107.1|NZ_CP140107.1_7,1,1,1
GCF_034480095.1|NZ_CP129936.1|NZ_CP129936.1_1814,30,11,40
GCF_034480095.1|NZ_CP129936.1|NZ_CP129936.1_1818,2,1,2
GCF_034480095.1|NZ_CP129936.1|NZ_CP129936.1_1819,2,1,2
GCF_034480095.1|NZ_CP129936.1|NZ_CP129936.1_1823,1,1,1
GCF_034480095.1|NZ_CP129936.1|NZ_CP129936.1_1824,1,1,1
GCF_034480095.1|NZ_CP129936.1|NZ_CP129936.1_1833,4,2,4
GCF_034480305.1|NZ_CP130853.1|NZ_CP130853.1_1923,2,1,2
GCF_034480305.1|NZ_CP130853.1|NZ_CP130853.1_1926,2,1,2
GCF_034480305.1|NZ_CP130853.1|NZ_CP130853.1_1939,2,1,2
GCF_034480305.1|NZ_CP130853.1|NZ_CP130853.1_1941,2,1,2
GCF_034480305.1|NZ_CP130853.1|NZ_CP130853.1_1942,2,1,2
GCF_034480305.1|NZ_CP130853.1|NZ_CP130853.1_1949,2,1,2
GCF_034480305.1|NZ_CP130853.1|NZ_CP130853.1_1952,2,1,2
GCF_034480305.1|NZ_CP130853.1|NZ_CP130853.1_1953,2,1,2
GCF_034480305.1|NZ_CP130853.1|NZ_CP130853.1_1964,3,2,3
GCF_034480305.1|NZ_CP130855.1|NZ_CP130855.1_74,1,1,2
GCF_034480505.1|NZ_CP129932.1|NZ_CP129932.1_1821,2,1,2
GCF_034480505.1|NZ_CP129932.1|NZ_CP129932.1_1822,2,1,2
GCF_034480505.1|NZ_CP129932.1|NZ_CP129932.1_1825,2,1,2
GCF_034480505.1|NZ_CP129932.1|NZ_CP129932.1_1833,2,1,2
GCF_034480505.1|NZ_CP129932.1|NZ_CP129932.1_1835,2,1,2
GCF_034480505.1|NZ_CP129932.1|NZ_CP129932.1_1837,3,2,3
GCF_034480505.1|NZ_CP129932.1|NZ_CP129932.1_1844,3,1,3
GCF_034480505.1|NZ_CP129932.1|NZ_CP129932.1_1854,2,1,2
GCF_034480505.1|NZ_CP129932.1|NZ_CP129932.1_1857,23,5,27
GCF_034480505.1|NZ_CP129932.1|NZ_CP129932.1_1858,2,1,2
GCF_034480505.1|NZ_CP129932.1|NZ_CP129932.1_1860,2,1,2
GCF_034480505.1|NZ_CP129932.1|NZ_CP129932.1_1865,2,1,2
GCF_035758505.1|NZ_CP142108.1|NZ_CP142108.1_573,1,1,1
GCF_035758505.1|NZ_CP142108.1|NZ_CP142108.1_574,1,1,1
GCF_035758505.1|NZ_CP142108.1|NZ_CP142108.1_698,2,2,2
GCF_035758505.1|NZ_CP142108.1|NZ_CP142108.1_700,1,1,1
GCF_035758505.1|NZ_CP142108.1|NZ_CP142108.1_701,1,1,1
GCF_035758505.1|NZ_CP142108.1|NZ_CP142108.1_702,1,1,1
GCF_035758505.1|NZ_CP142108.1|NZ_CP142108.1_703,1,1,1
GCF_035758505.1|NZ_CP142108.1|NZ_CP142108.1_704,1,1,1
GCF_035758505.1|NZ_CP142108.1|NZ_CP142108.1_705,1,1,2
GCF_035758505.1|NZ_CP142108.1|NZ_CP142108.1_707,1,1,1
GCF_035758505.1|NZ_CP142108.1|NZ_CP142108.1_708,1,1,1
GCF_035758505.1|NZ_CP142108.1|NZ_CP142108.1_709,1,1,1
GCF_035758505.1|NZ_CP142108.1|NZ_CP142108.1_710,1,1,1
GCF_035758505.1|NZ_CP142108.1|NZ_CP142108.1_711,1,1,2
GCF_037101305.1|NZ_AP028805.1|NZ_AP028805.1_221,9,5,12
GCF_037997135.1|NZ_CP150465.1|NZ_CP150465.1_7,3,3,4
GCF_037997145.1|NZ_CP150466.1|NZ_CP150466.1_1666,3,2,3
GCF_037997145.1|NZ_CP150466.1|NZ_CP150466.1_1671,5,2,5
GCF_037997145.1|NZ_CP150467.1|NZ_CP150467.1_1262,4,2,4
GCF_037997145.1|NZ_CP150467.1|NZ_CP150467.1_1266,4,2,4
GCF_037997145.1|NZ_CP150467.1|NZ_CP150467.1_1268,4,2,4
GCF_037997145.1|NZ_CP150467.1|NZ_CP150467.1_1270,3,1,3
GCF_037997145.1|NZ_CP150467.1|NZ_CP150467.1_1272,1,1,1
GCF_037997145.1|NZ_CP150467.1|NZ_CP150467.1_1276,2,1,2
GCF_037997145.1|NZ_CP150467.1|NZ_CP150467.1_1278,1,1,1
GCF_037997145.1|NZ_CP150467.1|NZ_CP150467.1_1282,1,1,1
GCF_037997145.1|NZ_CP150467.1|NZ_CP150467.1_1287,1,1,1
GCF_038297345.1|NZ_CP148900.1|NZ_CP148900.1_1983,3,1,3
GCF_038442155.1|NZ_CP135177.1|NZ_CP135177.1_199,2,2,2
GCF_038452265.1|NZ_CP151842.1|NZ_CP151842.1_1565,1,1,1
GCF_039544385.1|NZ_CP154266.1|NZ_CP154266.1_1466,1,1,1
GCF_039544385.1|NZ_CP154266.1|NZ_CP154266.1_1502,1,1,1
GCF_039544385.1|NZ_CP154266.1|NZ_CP154266.1_1505,1,1,1
GCF_039544385.1|NZ_CP154269.1|NZ_CP154269.1_60,1,1,1
GCF_039544385.1|NZ_CP154269.1|NZ_CP154269.1_61,1,1,1
GCF_039544385.1|NZ_CP154270.1|NZ_CP154270.1_39,2,2,2
GCF_039544385.1|NZ_CP154270.1|NZ_CP154270.1_41,1,1,1
GCF_039544385.1|NZ_CP154270.1|NZ_CP154270.1_43,1,1,1
GCF_039602145.1|NZ_CP142015.1|NZ_CP142015.1_809,1,1,1
GCF_039602145.1|NZ_CP142015.1|NZ_CP142015.1_814,1,1,1
GCF_039602145.1|NZ_CP142015.1|NZ_CP142015.1_815,1,1,1
GCF_039658515.1|NZ_CP150864.1|NZ_CP150864.1_1285,7,5,8
GCF_039658515.1|NZ_CP150864.1|NZ_CP150864.1_1293,1,1,1
GCF_039658515.1|NZ_CP150864.1|NZ_CP150864.1_1298,1,1,1
GCF_039658515.1|NZ_CP150864.1|NZ_CP150864.1_1299,3,1,4
GCF_039658515.1|NZ_CP150864.1|NZ_CP150864.1_1301,1,1,1
GCF_039658515.1|NZ_CP150864.1|NZ_CP150864.1_1307,1,1,1
GCF_039658515.1|NZ_CP150864.1|NZ_CP150864.1_1308,1,1,1
GCF_039658515.1|NZ_CP150864.1|NZ_CP150864.1_1322,1,1,1
GCF_039658515.1|NZ_CP150864.1|NZ_CP150864.1_1324,2,2,2
GCF_039658515.1|NZ_CP150864.1|NZ_CP150864.1_1334,1,1,1
GCF_039658515.1|NZ_CP150864.1|NZ_CP150864.1_1338,1,1,1
GCF_039658515.1|NZ_CP150864.1|NZ_CP150864.1_1340,1,1,1
GCF_039658515.1|NZ_CP150864.1|NZ_CP150864.1_1357,1,1,1
GCF_039658515.1|NZ_CP150864.1|NZ_CP150864.1_1358,1,1,1
GCF_039658515.1|NZ_CP150864.1|NZ_CP150864.1_1369,3,2,4
GCF_039658515.1|NZ_CP150864.1|NZ_CP150864.1_1375,1,1,1
GCF_039658515.1|NZ_CP150864.1|NZ_CP150864.1_1378,1,1,1
GCF_039658515.1|NZ_CP150864.1|NZ_CP150864.1_1380,1,1,1
GCF_040126105.1|NZ_CP151155.1|NZ_CP151155.1_1301,1,1,1
GCF_040235185.1|NZ_CP158117.1|NZ_CP158117.1_583,1,1,1
GCF_040235185.1|NZ_CP158117.1|NZ_CP158117.1_598,1,1,1
GCF_040235185.1|NZ_CP158117.1|NZ_CP158117.1_623,4,2,4
GCF_040254425.1|NZ_CP158305.1|NZ_CP158305.1_1749,2,1,2
GCF_040254425.1|NZ_CP158305.1|NZ_CP158305.1_1750,32,12,35
GCF_040254425.1|NZ_CP158305.1|NZ_CP158305.1_1760,2,2,2
GCF_040254425.1|NZ_CP158305.1|NZ_CP158305.1_1762,1,1,1
GCF_040254425.1|NZ_CP158305.1|NZ_CP158305.1_1767,1,1,1
GCF_040254425.1|NZ_CP158305.1|NZ_CP158305.1_1768,1,1,1
GCF_040254425.1|NZ_CP158305.1|NZ_CP158305.1_1769,5,2,5
GCF_040254425.1|NZ_CP158305.1|NZ_CP158305.1_1770,2,1,2
GCF_040254425.1|NZ_CP158305.1|NZ_CP158305.1_1774,4,3,4
GCF_040254425.1|NZ_CP158305.1|NZ_CP158305.1_1778,2,2,2
GCF_040254425.1|NZ_CP158305.1|NZ_CP158305.1_1779,2,2,2
GCF_040254425.1|NZ_CP158305.1|NZ_CP158305.1_1781,1,1,1
GCF_040254425.1|NZ_CP158305.1|NZ_CP158305.1_1789,9,4,9
GCF_040254425.1|NZ_CP158305.1|NZ_CP158305.1_1790,12,6,15
GCF_040254425.1|NZ_CP158305.1|NZ_CP158305.1_1811,1,1,1
GCF_040254425.1|NZ_CP158305.1|NZ_CP158305.1_1816,1,1,1
GCF_040254425.1|NZ_CP158305.1|NZ_CP158305.1_1818,1,1,1
GCF_040254425.1|NZ_CP158305.1|NZ_CP158305.1_1824,2,2,2
GCF_040254425.1|NZ_CP158305.1|NZ_CP158305.1_1828,2,2,2
GCF_040254425.1|NZ_CP158305.1|NZ_CP158305.1_1832,1,1,2
GCF_040254425.1|NZ_CP158305.1|NZ_CP158305.1_1835,1,1,1
GCF_040254425.1|NZ_CP158305.1|NZ_CP158305.1_1842,1,1,1
GCF_040254425.1|NZ_CP158305.1|NZ_CP158305.1_1843,1,1,1
GCF_040412195.1|NZ_CP152070.1|NZ_CP152070.1_46,1,1,1
GCF_040412195.1|NZ_CP152070.1|NZ_CP152070.1_47,1,1,1
GCF_040588515.1|NZ_CP095337.1|NZ_CP095337.1_229,1,1,1
GCF_040588515.1|NZ_CP095337.1|NZ_CP095337.1_232,1,1,1
GCF_040588515.1|NZ_CP095337.1|NZ_CP095337.1_242,11,5,14
GCF_040735825.1|NZ_CP147727.1|NZ_CP147727.1_289,96,14,96
GCF_040735825.1|NZ_CP147727.1|NZ_CP147727.1_300,58,22,69
GCF_040735825.1|NZ_CP147727.1|NZ_CP147727.1_321,1,1,1
GCF_040735825.1|NZ_CP147727.1|NZ_CP147727.1_322,1,1,1
GCF_040735825.1|NZ_CP147727.1|NZ_CP147727.1_324,1,1,1
GCF_040735825.1|NZ_CP147727.1|NZ_CP147727.1_327,1,1,1
GCF_040735825.1|NZ_CP147727.1|NZ_CP147727.1_329,1,1,1
GCF_041714635.1|NZ_CP168213.1|NZ_CP168213.1_778,2,2,2
GCF_041714635.1|NZ_CP168213.1|NZ_CP168213.1_779,2,2,2
GCF_041714635.1|NZ_CP168213.1|NZ_CP168213.1_783,2,2,2
GCF_041714635.1|NZ_CP168213.1|NZ_CP168213.1_785,13,5,13
GCF_041714635.1|NZ_CP168213.1|NZ_CP168213.1_789,2,2,2
GCF_041714635.1|NZ_CP168213.1|NZ_CP168213.1_790,2,2,2
GCF_041714635.1|NZ_CP168213.1|NZ_CP168213.1_792,2,2,2
GCF_041714635.1|NZ_CP168213.1|NZ_CP168213.1_795,2,2,2
GCF_041714635.1|NZ_CP168213.1|NZ_CP168213.1_797,2,2,2
GCF_041714635.1|NZ_CP168213.1|NZ_CP168213.1_798,2,2,2
GCF_041714635.1|NZ_CP168213.1|NZ_CP168213.1_800,3,3,3
GCF_041714635.1|NZ_CP168213.1|NZ_CP168213.1_984,2,2,2
GCF_041714635.1|NZ_CP168213.1|NZ_CP168213.1_985,2,2,2
GCF_041734175.1|NZ_CP168658.1|NZ_CP168658.1_1,1,1,1
GCF_041734175.1|NZ_CP168658.1|NZ_CP168658.1_3,5,3,12
GCF_041734175.1|NZ_CP168658.1|NZ_CP168658.1_8,1,1,1
GCF_041734175.1|NZ_CP168658.1|NZ_CP168658.1_13,1,1,1
GCF_041734175.1|NZ_CP168658.1|NZ_CP168658.1_15,1,1,1
GCF_041734175.1|NZ_CP168658.1|NZ_CP168658.1_17,3,3,3
GCF_041734175.1|NZ_CP168658.1|NZ_CP168658.1_27,1,1,1
GCF_041734175.1|NZ_CP168658.1|NZ_CP168658.1_29,1,1,1
GCF_041734175.1|NZ_CP168658.1|NZ_CP168658.1_30,1,1,1
GCF_041734175.1|NZ_CP168658.1|NZ_CP168658.1_1006,2,1,2
GCF_041734175.1|NZ_CP168658.1|NZ_CP168658.1_878,1,1,1
GCF_041734175.1|NZ_CP168658.1|NZ_CP168658.1_879,1,1,1
GCF_041734175.1|NZ_CP168658.1|NZ_CP168658.1_881,1,1,1
GCF_042691635.1|NZ_CP170491.1|NZ_CP170491.1_1811,6,1,6
GCF_042691635.1|NZ_CP170491.1|NZ_CP170491.1_1812,4,1,4
GCF_042848055.1|NZ_AP031614.1|NZ_AP031614.1_1222,1,1,1
GCF_042848055.1|NZ_AP031614.1|NZ_AP031614.1_1224,1,1,1
GCF_042848055.1|NZ_AP031614.1|NZ_AP031614.1_1234,2,2,2
GCF_042848055.1|NZ_AP031614.1|NZ_AP031614.1_1239,1,1,1
GCF_042848055.1|NZ_AP031614.1|NZ_AP031614.1_1240,3,2,3
GCF_042848055.1|NZ_AP031614.1|NZ_AP031614.1_1243,5,3,6
GCF_042848055.1|NZ_AP031614.1|NZ_AP031614.1_1244,1,1,1
GCF_042848055.1|NZ_AP031614.1|NZ_AP031614.1_1254,1,1,1
GCF_042848055.1|NZ_AP031614.1|NZ_AP031614.1_1258,1,1,1
GCF_042848055.1|NZ_AP031614.1|NZ_AP031614.1_1272,1,1,1
GCF_042848055.1|NZ_AP031614.1|NZ_AP031614.1_1274,1,1,1
GCF_042848055.1|NZ_AP031614.1|NZ_AP031614.1_1276,5,4,5
GCF_042848055.1|NZ_AP031615.1|NZ_AP031615.1_668,2,1,2
GCF_042848055.1|NZ_AP031615.1|NZ_AP031615.1_677,1,1,1
GCF_042940635.1|NZ_CP134975.1|NZ_CP134975.1_1469,2,2,2
GCF_043995865.1|NZ_CP171887.1|NZ_CP171887.1_1711,2,2,2
GCF_043995865.1|NZ_CP171887.1|NZ_CP171887.1_1731,3,3,3
GCF_043995865.1|NZ_CP171887.1|NZ_CP171887.1_1737,5,3,5
GCF_043995865.1|NZ_CP171887.1|NZ_CP171887.1_1740,2,2,2
GCF_043995865.1|NZ_CP171887.1|NZ_CP171887.1_1741,2,2,2
GCF_044496695.1|NZ_CP172405.1|NZ_CP172405.1_735,9,3,9
GCF_044496695.1|NZ_CP172405.1|NZ_CP172405.1_737,3,2,4
GCF_044496695.1|NZ_CP172405.1|NZ_CP172405.1_743,1,1,1
GCF_044496695.1|NZ_CP172405.1|NZ_CP172405.1_744,3,3,3
GCF_044496695.1|NZ_CP172405.1|NZ_CP172405.1_746,1,1,1
GCF_045004265.1|NZ_CP173383.1|NZ_CP173383.1_1401,2,1,6
GCF_045004265.1|NZ_CP173383.1|NZ_CP173383.1_1406,22,8,24
GCF_045004265.1|NZ_CP173383.1|NZ_CP173383.1_1433,3,1,3
GCF_045004295.1|NZ_CP173391.1|NZ_CP173391.1_2599,2,2,2
GCF_045004295.1|NZ_CP173391.1|NZ_CP173391.1_2600,3,3,4
GCF_045004295.1|NZ_CP173391.1|NZ_CP173391.1_2617,1,1,1
GCF_045004295.1|NZ_CP173391.1|NZ_CP173391.1_2619,1,1,2
GCF_045004295.1|NZ_CP173391.1|NZ_CP173391.1_2629,2,2,2
GCF_045004295.1|NZ_CP173391.1|NZ_CP173391.1_2634,2,2,2
GCF_045004295.1|NZ_CP173391.1|NZ_CP173391.1_2646,2,2,2
GCF_045004295.1|NZ_CP173391.1|NZ_CP173391.1_2650,1,1,1
GCF_045004295.1|NZ_CP173391.1|NZ_CP173391.1_2654,1,1,1
GCF_045278325.1|NZ_CP128803.1|NZ_CP128803.1_1227,1,1,1
GCF_045278325.1|NZ_CP128803.1|NZ_CP128803.1_1228,1,1,1
GCF_045278325.1|NZ_CP128803.1|NZ_CP128803.1_1257,2,2,2
GCF_045278325.1|NZ_CP128803.1|NZ_CP128803.1_1260,1,1,1
GCF_045278325.1|NZ_CP128803.1|NZ_CP128803.1_1261,2,2,2
GCF_045278325.1|NZ_CP128803.1|NZ_CP128803.1_1263,6,4,6
GCF_045278325.1|NZ_CP128805.1|NZ_CP128805.1_1,1,1,1
GCF_045291255.1|NZ_CP134278.1|NZ_CP134278.1_1157,1,1,1
GCF_045291255.1|NZ_CP134278.1|NZ_CP134278.1_1161,1,1,1
GCF_045291255.1|NZ_CP134278.1|NZ_CP134278.1_1163,1,1,1
GCF_045291255.1|NZ_CP134278.1|NZ_CP134278.1_1169,9,6,10
GCF_045291255.1|NZ_CP134278.1|NZ_CP134278.1_1170,4,2,4
GCF_045348105.1|NZ_CP150831.1|NZ_CP150831.1_883,1,1,1
GCF_045348105.1|NZ_CP150831.1|NZ_CP150831.1_888,1,1,1
GCF_045348105.1|NZ_CP150831.1|NZ_CP150831.1_891,1,1,1
GCF_045348105.1|NZ_CP150831.1|NZ_CP150831.1_906,6,3,6
GCF_045348105.1|NZ_CP150831.1|NZ_CP150831.1_909,1,1,1
GCF_045348105.1|NZ_CP150831.1|NZ_CP150831.1_915,3,3,3
GCF_045348105.1|NZ_CP150831.1|NZ_CP150831.1_928,2,1,2
GCF_045348105.1|NZ_CP150831.1|NZ_CP150831.1_935,1,1,1
GCF_045348105.1|NZ_CP150831.1|NZ_CP150831.1_941,1,1,1
GCF_045348105.1|NZ_CP150831.1|NZ_CP150831.1_945,1,1,1
GCF_045348105.1|NZ_CP150831.1|NZ_CP150831.1_946,2,2,2
GCF_045689275.1|NZ_CP137092.1|NZ_CP137092.1_698,1,1,1
GCF_045689275.1|NZ_CP137092.1|NZ_CP137092.1_699,4,1,4
GCF_045689275.1|NZ_CP137092.1|NZ_CP137092.1_702,1,1,1
GCF_045689275.1|NZ_CP137092.1|NZ_CP137092.1_713,1,1,1
GCF_045689275.1|NZ_CP137092.1|NZ_CP137092.1_726,2,2,2
GCF_045689275.1|NZ_CP137092.1|NZ_CP137092.1_729,2,1,2
GCF_045689275.1|NZ_CP137092.1|NZ_CP137092.1_730,1,1,1
GCF_045689275.1|NZ_CP137092.1|NZ_CP137092.1_734,5,4,5
GCF_045689275.1|NZ_CP137092.1|NZ_CP137092.1_735,13,4,14
GCF_045689275.1|NZ_CP137092.1|NZ_CP137092.1_740,2,2,2
GCF_045689275.1|NZ_CP137092.1|NZ_CP137092.1_750,1,1,1
GCF_045689275.1|NZ_CP137092.1|NZ_CP137092.1_759,2,2,2
GCF_045689275.1|NZ_CP137092.1|NZ_CP137092.1_779,6,6,7
GCF_045689275.1|NZ_CP137092.1|NZ_CP137092.1_780,2,2,2
GCF_045820715.1|NZ_CP174456.1|NZ_CP174456.1_1550,1,1,1
GCF_045820715.1|NZ_CP174456.1|NZ_CP174456.1_1558,2,2,2
GCF_045820715.1|NZ_CP174456.1|NZ_CP174456.1_1559,2,2,2
GCF_045820715.1|NZ_CP174456.1|NZ_CP174456.1_1560,2,2,2
GCF_046118645.1|NZ_CP176035.1|NZ_CP176035.1_2575,3,2,3
GCF_046118645.1|NZ_CP176035.1|NZ_CP176035.1_2577,7,3,7
GCF_046118655.1|NZ_CP176031.1|NZ_CP176031.1_1991,2,1,2
GCF_046118655.1|NZ_CP176031.1|NZ_CP176031.1_1998,2,1,2
GCF_046118655.1|NZ_CP176031.1|NZ_CP176031.1_2005,1,1,1
GCF_046118655.1|NZ_CP176031.1|NZ_CP176031.1_2006,2,1,2
GCF_046118655.1|NZ_CP176031.1|NZ_CP176031.1_2024,2,1,2
GCF_046118655.1|NZ_CP176031.1|NZ_CP176031.1_2025,2,1,2
GCF_046118655.1|NZ_CP176031.1|NZ_CP176031.1_2026,3,2,3
GCF_046118655.1|NZ_CP176031.1|NZ_CP176031.1_2029,2,1,2
GCF_046118655.1|NZ_CP176031.1|NZ_CP176031.1_2044,2,1,2
GCF_046118655.1|NZ_CP176031.1|NZ_CP176031.1_2045,2,1,2
GCF_046118655.1|NZ_CP176031.1|NZ_CP176031.1_2061,3,1,3
GCF_046532655.1|NZ_CP151937.1|NZ_CP151937.1_1424,1,1,2
GCF_046532655.1|NZ_CP151937.1|NZ_CP151937.1_1428,3,2,4
GCF_046532655.1|NZ_CP151937.1|NZ_CP151937.1_1431,4,3,4
GCF_046532655.1|NZ_CP151937.1|NZ_CP151937.1_1435,2,2,3
GCF_046532655.1|NZ_CP151937.1|NZ_CP151937.1_1444,2,2,3
GCF_046532655.1|NZ_CP151937.1|NZ_CP151937.1_1451,2,1,2
GCF_046532655.1|NZ_CP151937.1|NZ_CP151937.1_1454,2,1,2
GCF_046532655.1|NZ_CP151937.1|NZ_CP151937.1_1465,2,2,2
GCF_046532655.1|NZ_CP151937.1|NZ_CP151937.1_1478,1,1,1
GCF_046532655.1|NZ_CP151937.1|NZ_CP151937.1_1492,1,1,1
GCF_046532655.1|NZ_CP151937.1|NZ_CP151937.1_1497,1,1,1
GCF_046532655.1|NZ_CP151937.1|NZ_CP151937.1_1498,2,2,2
GCF_046532655.1|NZ_CP151937.1|NZ_CP151937.1_1500,10,6,11
GCF_046532655.1|NZ_CP151937.1|NZ_CP151937.1_1505,4,4,4
GCF_046532655.1|NZ_CP151937.1|NZ_CP151937.1_1506,1,1,1
GCF_046532655.1|NZ_CP151937.1|NZ_CP151937.1_1507,1,1,1
GCF_047549585.1|NZ_CP180205.1|NZ_CP180205.1_1503,1,1,1
GCF_047549585.1|NZ_CP180205.1|NZ_CP180205.1_1505,1,1,1
GCF_047549585.1|NZ_CP180205.1|NZ_CP180205.1_1507,1,1,1
GCF_047549585.1|NZ_CP180205.1|NZ_CP180205.1_1509,53,15,71
GCF_047549585.1|NZ_CP180205.1|NZ_CP180205.1_1514,1,1,1
GCF_047549585.1|NZ_CP180205.1|NZ_CP180205.1_1516,1,1,1
GCF_047549585.1|NZ_CP180205.1|NZ_CP180205.1_1518,1,1,1
GCF_047549585.1|NZ_CP180205.1|NZ_CP180205.1_1520,1,1,1
GCF_047549585.1|NZ_CP180205.1|NZ_CP180205.1_1521,1,1,1
GCF_047549585.1|NZ_CP180205.1|NZ_CP180205.1_1522,1,1,1
GCF_047549585.1|NZ_CP180206.1|NZ_CP180206.1_794,1,1,1
GCF_047549585.1|NZ_CP180206.1|NZ_CP180206.1_798,2,2,2
GCF_047549585.1|NZ_CP180206.1|NZ_CP180206.1_804,2,2,2
GCF_048284885.2|NZ_CP192147.1|NZ_CP192147.1_1293,2,2,2
GCF_048300935.1|NZ_CP134280.1|NZ_CP134280.1_797,1,1,1
GCF_048300935.1|NZ_CP134281.1|NZ_CP134281.1_821,1,1,1
GCF_048300935.1|NZ_CP134281.1|NZ_CP134281.1_822,1,1,1
GCF_048300935.1|NZ_CP134281.1|NZ_CP134281.1_836,1,1,1
GCF_048300935.1|NZ_CP134281.1|NZ_CP134281.1_837,29,6,37
GCF_048300935.1|NZ_CP134281.1|NZ_CP134281.1_842,2,2,2
GCF_048300935.1|NZ_CP134281.1|NZ_CP134281.1_845,3,3,3
GCF_048537445.1|NZ_CP183254.1|NZ_CP183254.1_447,4,2,4
GCF_048537445.1|NZ_CP183254.1|NZ_CP183254.1_448,4,1,4
GCF_048537445.1|NZ_CP183254.1|NZ_CP183254.1_449,4,1,4
GCF_048537445.1|NZ_CP183254.1|NZ_CP183254.1_450,4,1,4
GCF_049384865.1|NZ_JAIWIW010000001.1|NZ_JAIWIW010000001.1_1287,1,1,1
GCF_049384865.1|NZ_JAIWIW010000001.1|NZ_JAIWIW010000001.1_1288,1,1,1
GCF_049384865.1|NZ_JAIWIW010000001.1|NZ_JAIWIW010000001.1_1289,1,1,1
GCF_049384865.1|NZ_JAIWIW010000001.1|NZ_JAIWIW010000001.1_1299,4,4,4
GCF_049384865.1|NZ_JAIWIW010000001.1|NZ_JAIWIW010000001.1_1307,1,1,1
GCF_049384865.1|NZ_JAIWIW010000001.1|NZ_JAIWIW010000001.1_1308,1,1,1
GCF_049384865.1|NZ_JAIWIW010000001.1|NZ_JAIWIW010000001.1_1309,1,1,1
GCF_049384865.1|NZ_JAIWIW010000001.1|NZ_JAIWIW010000001.1_1318,1,1,1
GCF_049384865.1|NZ_JAIWIW010000001.1|NZ_JAIWIW010000001.1_1319,2,2,2
GCF_049384865.1|NZ_JAIWIW010000001.1|NZ_JAIWIW010000001.1_1320,3,3,3
GCF_049384865.1|NZ_JAIWIW010000001.1|NZ_JAIWIW010000001.1_1321,2,2,2
GCF_049384865.1|NZ_JAIWIW010000001.1|NZ_JAIWIW010000001.1_1323,3,3,3
GCF_049384865.1|NZ_JAIWIW010000001.1|NZ_JAIWIW010000001.1_1325,2,2,2
GCF_049384865.1|NZ_JAIWIW010000001.1|NZ_JAIWIW010000001.1_1326,1,1,1
GCF_049384865.1|NZ_JAIWIW010000001.1|NZ_JAIWIW010000001.1_1332,1,1,1
GCF_049384865.1|NZ_JAIWIW010000001.1|NZ_JAIWIW010000001.1_1333,1,1,1
GCF_049384865.1|NZ_JAIWIW010000001.1|NZ_JAIWIW010000001.1_1337,1,1,1
GCF_049384865.1|NZ_JAIWIW010000001.1|NZ_JAIWIW010000001.1_1339,1,1,2
GCF_049384865.1|NZ_JAIWIW010000001.1|NZ_JAIWIW010000001.1_1340,1,1,2
GCF_049384865.1|NZ_JAIWIW010000001.1|NZ_JAIWIW010000001.1_1346,1,1,1
GCF_049384865.1|NZ_JAIWIW010000001.1|NZ_JAIWIW010000001.1_1348,1,1,1
GCF_049384865.1|NZ_JAIWIW010000001.1|NZ_JAIWIW010000001.1_1352,1,1,1
GCF_049384865.1|NZ_JAIWIW010000001.1|NZ_JAIWIW010000001.1_1353,1,1,1
GCF_049384865.1|NZ_JAIWIW010000001.1|NZ_JAIWIW010000001.1_1354,2,1,2
GCF_049384865.1|NZ_JAIWIW010000001.1|NZ_JAIWIW010000001.1_1355,2,2,2
GCF_049384865.1|NZ_JAIWIW010000002.1|NZ_JAIWIW010000002.1_2145,1,1,1
GCF_049384865.1|NZ_JAIWIW010000002.1|NZ_JAIWIW010000002.1_2146,2,2,2
GCF_049816175.1|NZ_CP187434.1|NZ_CP187434.1_1286,1,1,1
GCF_049816175.1|NZ_CP187434.1|NZ_CP187434.1_1289,2,2,2
GCF_049816175.1|NZ_CP187434.1|NZ_CP187434.1_1291,17,4,17
GCF_049816175.1|NZ_CP187434.1|NZ_CP187434.1_1294,2,2,2
GCF_049816175.1|NZ_CP187434.1|NZ_CP187434.1_1296,1,1,1
GCF_049816605.1|NZ_CP187437.1|NZ_CP187437.1_1676,5,2,8
GCF_049816605.1|NZ_CP187437.1|NZ_CP187437.1_1678,2,1,4
GCF_049816605.1|NZ_CP187437.1|NZ_CP187437.1_1682,16,3,20
GCF_049816605.1|NZ_CP187437.1|NZ_CP187437.1_1695,6,3,6
GCF_049816605.1|NZ_CP187437.1|NZ_CP187437.1_1704,4,1,4
GCF_049816605.1|NZ_CP187437.1|NZ_CP187437.1_1710,3,1,6
GCF_049816605.1|NZ_CP187437.1|NZ_CP187437.1_1719,3,1,3
GCF_049816605.1|NZ_CP187437.1|NZ_CP187437.1_1720,3,1,3
GCF_049816605.1|NZ_CP187437.1|NZ_CP187437.1_1721,3,1,3
GCF_049816605.1|NZ_CP187437.1|NZ_CP187437.1_1726,3,1,3
GCF_049816605.1|NZ_CP187437.1|NZ_CP187437.1_1729,5,1,5
GCF_049816605.1|NZ_CP187437.1|NZ_CP187437.1_1733,6,3,7
GCF_050507685.1|NZ_CP191479.1|NZ_CP191479.1_1442,1,1,1
GCF_050507685.1|NZ_CP191479.1|NZ_CP191479.1_1443,1,1,1
GCF_050507685.1|NZ_CP191479.1|NZ_CP191479.1_1955,289,52,431
GCF_050507685.1|NZ_CP191479.1|NZ_CP191479.1_1959,2,2,2
GCF_050507685.1|NZ_CP191479.1|NZ_CP191479.1_1960,4,3,4
GCF_050507685.1|NZ_CP191479.1|NZ_CP191479.1_2006,1,1,1
GCF_050507685.1|NZ_CP191479.1|NZ_CP191479.1_2007,1,1,1
GCF_050507685.1|NZ_CP191479.1|NZ_CP191479.1_2008,1,1,1
GCF_050507685.1|NZ_CP191479.1|NZ_CP191479.1_2009,1,1,1
GCF_050507685.1|NZ_CP191479.1|NZ_CP191479.1_2014,1,1,1
GCF_050507685.1|NZ_CP191479.1|NZ_CP191479.1_2019,1,1,1
GCF_050507685.1|NZ_CP191479.1|NZ_CP191479.1_2038,2,1,2
GCF_050507685.1|NZ_CP191479.1|NZ_CP191479.1_2039,5,5,5
GCF_050507685.1|NZ_CP191479.1|NZ_CP191479.1_2042,1,1,1
GCF_051132235.1|NZ_CP072677.1|NZ_CP072677.1_1706,4,4,4
GCF_051132235.1|NZ_CP072677.1|NZ_CP072677.1_1710,2,2,2
GCF_051132235.1|NZ_CP072677.1|NZ_CP072677.1_1717,4,4,4
GCF_051132235.1|NZ_CP072677.1|NZ_CP072677.1_1719,1,1,1
GCF_051132235.1|NZ_CP072677.1|NZ_CP072677.1_1734,3,3,3
GCF_051132235.1|NZ_CP072677.1|NZ_CP072677.1_1740,1,1,1
GCF_051132235.1|NZ_CP072677.1|NZ_CP072677.1_1741,1,1,1
GCF_051132235.1|NZ_CP072677.1|NZ_CP072677.1_1748,1,1,1
GCF_051132235.1|NZ_CP072677.1|NZ_CP072677.1_1749,1,1,1
GCF_051132235.1|NZ_CP072677.1|NZ_CP072677.1_1752,2,2,2
GCF_051132235.1|NZ_CP072677.1|NZ_CP072677.1_1756,4,3,4
GCF_051132235.1|NZ_CP072677.1|NZ_CP072677.1_1757,4,3,4
GCF_051132235.1|NZ_CP072677.1|NZ_CP072677.1_1761,1,1,1
GCF_051132235.1|NZ_CP072677.1|NZ_CP072677.1_1762,3,3,3
GCF_051132235.1|NZ_CP072677.1|NZ_CP072677.1_1764,1,1,1
GCF_051132235.1|NZ_CP072677.1|NZ_CP072677.1_1767,12,10,16
GCF_051132235.1|NZ_CP072677.1|NZ_CP072677.1_1774,6,4,6
GCF_051132235.1|NZ_CP072677.1|NZ_CP072677.1_1777,2,2,2
GCF_051132235.1|NZ_CP072677.1|NZ_CP072677.1_1778,5,4,6
GCF_051132235.1|NZ_CP072677.1|NZ_CP072677.1_1783,1,1,1
GCF_051132235.1|NZ_CP072677.1|NZ_CP072677.1_1784,1,1,1
GCF_051132235.1|NZ_CP072677.1|NZ_CP072677.1_1786,1,1,1
GCF_051132235.1|NZ_CP072677.1|NZ_CP072677.1_1794,1,1,1
GCF_051132235.1|NZ_CP072677.1|NZ_CP072677.1_1798,3,3,3
GCF_051132235.1|NZ_CP072677.1|NZ_CP072677.1_1799,1,1,1
GCF_051132235.1|NZ_CP072677.1|NZ_CP072677.1_1804,2,2,2
GCF_051352415.1|NZ_CP195598.1|NZ_CP195598.1_1255,4,3,4
GCF_051352415.1|NZ_CP195598.1|NZ_CP195598.1_1263,1,1,1
GCF_051352415.1|NZ_CP195598.1|NZ_CP195598.1_1268,1,1,1
GCF_051352415.1|NZ_CP195598.1|NZ_CP195598.1_1269,2,2,2
GCF_051352415.1|NZ_CP195598.1|NZ_CP195598.1_1270,1,1,1
GCF_051352415.1|NZ_CP195598.1|NZ_CP195598.1_1275,2,2,3
GCF_051352415.1|NZ_CP195598.1|NZ_CP195598.1_1276,1,1,1
GCF_051352415.1|NZ_CP195598.1|NZ_CP195598.1_1286,5,4,5
GCF_051352415.1|NZ_CP195598.1|NZ_CP195598.1_1289,1,1,1
GCF_051352415.1|NZ_CP195598.1|NZ_CP195598.1_1291,3,3,3
GCF_051352415.1|NZ_CP195598.1|NZ_CP195598.1_1308,2,2,3
GCF_051352415.1|NZ_CP195598.1|NZ_CP195598.1_1322,1,1,1
GCF_051352415.1|NZ_CP195598.1|NZ_CP195598.1_1328,1,1,1
GCF_051352415.1|NZ_CP195598.1|NZ_CP195598.1_1331,1,1,1
GCF_051352415.1|NZ_CP195598.1|NZ_CP195598.1_1338,1,1,1
GCF_051352415.1|NZ_CP195598.1|NZ_CP195598.1_1339,1,1,1
GCF_051352415.1|NZ_CP195598.1|NZ_CP195598.1_1342,3,3,3
GCF_052076115.1|NZ_CP197263.1|NZ_CP197263.1_1915,2,1,2
GCF_052076115.1|NZ_CP197263.1|NZ_CP197263.1_1917,4,3,4
GCF_052076115.1|NZ_CP197263.1|NZ_CP197263.1_1922,2,1,2
GCF_052076135.1|NZ_CP197268.1|NZ_CP197268.1_498,1,1,1
GCF_052076135.1|NZ_CP197268.1|NZ_CP197268.1_499,1,1,1
GCF_052076135.1|NZ_CP197268.1|NZ_CP197268.1_500,2,2,2
GCF_052076135.1|NZ_CP197268.1|NZ_CP197268.1_506,2,2,2
GCF_052076135.1|NZ_CP197268.1|NZ_CP197268.1_508,1,1,1
GCF_052076135.1|NZ_CP197268.1|NZ_CP197268.1_511,3,3,3
GCF_052076135.1|NZ_CP197268.1|NZ_CP197268.1_514,1,1,1
GCF_052076135.1|NZ_CP197268.1|NZ_CP197268.1_516,1,1,1
GCF_052076135.1|NZ_CP197268.1|NZ_CP197268.1_517,1,1,1
GCF_052375575.1|NZ_CM126336.1|NZ_CM126336.1_1587,1,1,1
GCF_052375575.1|NZ_CM126336.1|NZ_CM126336.1_1593,2,1,2
GCF_052545415.1|NZ_CM127143.1|NZ_CM127143.1_119,1,1,1
GCF_052545415.1|NZ_CM127143.1|NZ_CM127143.1_122,1,1,1
GCF_052545415.1|NZ_CM127143.1|NZ_CM127143.1_125,2,1,2
GCF_052545415.1|NZ_CM127143.1|NZ_CM127143.1_139,1,1,1
GCF_052545415.1|NZ_CM127143.1|NZ_CM127143.1_143,1,1,1
GCF_052545415.1|NZ_CM127143.1|NZ_CM127143.1_152,1,1,1
GCF_052545415.1|NZ_CM127143.1|NZ_CM127143.1_155,1,1,1
GCF_052545415.1|NZ_CM127143.1|NZ_CM127143.1_167,3,2,3
GCF_052545415.1|NZ_CM127143.1|NZ_CM127143.1_169,2,2,2
GCF_052545415.1|NZ_CM127143.1|NZ_CM127143.1_192,2,1,2
GCF_052591495.1|NZ_CM127328.1|NZ_CM127328.1_1215,1,1,1
GCF_052591495.1|NZ_CM127328.1|NZ_CM127328.1_1221,1,1,1
GCF_052591495.1|NZ_CM127328.1|NZ_CM127328.1_1222,1,1,1
GCF_052591495.1|NZ_CM127328.1|NZ_CM127328.1_1223,1,1,1
GCF_052591495.1|NZ_CM127328.1|NZ_CM127328.1_1224,1,1,1
GCF_052591495.1|NZ_CM127328.1|NZ_CM127328.1_1225,1,1,1
GCF_052591495.1|NZ_CM127328.1|NZ_CM127328.1_1226,1,1,1
GCF_052747775.1|NZ_CM127575.1|NZ_CM127575.1_847,4,3,4
GCF_052747775.1|NZ_CM127575.1|NZ_CM127575.1_848,2,2,2
GCF_052747775.1|NZ_CM127575.1|NZ_CM127575.1_854,1,1,1
GCF_052747775.1|NZ_CM127575.1|NZ_CM127575.1_864,1,1,1
GCF_052747775.1|NZ_CM127575.1|NZ_CM127575.1_869,1,1,1
GCF_052747775.1|NZ_CM127575.1|NZ_CM127575.1_870,1,1,1
GCF_052747775.1|NZ_CM127575.1|NZ_CM127575.1_871,2,1,2
GCF_052747775.1|NZ_CM127575.1|NZ_CM127575.1_872,1,1,1
GCF_052747775.1|NZ_CM127575.1|NZ_CM127575.1_879,1,1,1
GCF_052747775.1|NZ_CM127575.1|NZ_CM127575.1_898,2,1,2
GCF_052747775.1|NZ_CM127575.1|NZ_CM127575.1_901,2,2,2
GCF_052747775.1|NZ_CM127575.1|NZ_CM127575.1_904,3,2,3
GCF_052747775.1|NZ_CM127575.1|NZ_CM127575.1_909,1,1,1
GCF_052747775.1|NZ_CM127575.1|NZ_CM127575.1_910,1,1,1
GCF_052747775.1|NZ_CM127575.1|NZ_CM127575.1_912,1,1,1
GCF_052747775.1|NZ_CM127575.1|NZ_CM127575.1_914,1,1,1
GCF_052747775.1|NZ_CM127575.1|NZ_CM127575.1_915,1,1,1
GCF_052747775.1|NZ_CM127575.1|NZ_CM127575.1_916,1,1,1
GCF_052747775.1|NZ_CM127575.1|NZ_CM127575.1_921,1,1,1
GCF_052805275.1|NZ_CM127837.1|NZ_CM127837.1_2139,5,3,5
GCF_052805275.1|NZ_CM127837.1|NZ_CM127837.1_2154,1,1,1
GCF_052805275.1|NZ_CM127837.1|NZ_CM127837.1_2155,1,1,1
GCF_052805275.1|NZ_CM127837.1|NZ_CM127837.1_2156,3,2,3
GCF_052805275.1|NZ_CM127837.1|NZ_CM127837.1_2160,1,1,1
GCF_052805275.1|NZ_CM127837.1|NZ_CM127837.1_2165,1,1,1
GCF_052806215.1|NZ_CM127845.1|NZ_CM127845.1_786,2,1,2
GCF_052806215.1|NZ_CM127845.1|NZ_CM127845.1_799,3,2,3
GCF_052806215.1|NZ_CM127845.1|NZ_CM127845.1_806,2,1,2
GCF_052806215.1|NZ_CM127845.1|NZ_CM127845.1_816,2,1,2
GCF_052806215.1|NZ_CM127845.1|NZ_CM127845.1_818,3,2,3
GCF_052806215.1|NZ_CM127845.1|NZ_CM127845.1_829,2,1,2
GCF_052806215.1|NZ_CM127845.1|NZ_CM127845.1_853,3,2,3
GCF_052955985.1|NZ_CP130464.1|NZ_CP130464.1_799,52,15,181
GCF_053220515.1|NZ_CM129942.1|NZ_CM129942.1_485,3,1,3
GCF_053220515.1|NZ_CM129942.1|NZ_CM129942.1_498,5,2,5
GCF_053220515.1|NZ_CM129942.1|NZ_CM129942.1_499,4,1,4
GCF_053220515.1|NZ_CM129942.1|NZ_CM129942.1_501,5,1,12
GCF_053220515.1|NZ_CM129942.1|NZ_CM129942.1_514,3,1,3
GCF_053220515.1|NZ_CM129942.1|NZ_CM129942.1_520,4,1,4
GCF_053220515.1|NZ_CM129942.1|NZ_CM129942.1_521,5,3,6
GCF_053220515.1|NZ_CM129942.1|NZ_CM129942.1_536,4,1,4
GCF_053220515.1|NZ_CM129942.1|NZ_CM129942.1_537,3,1,3
GCF_053220515.1|NZ_CM129942.1|NZ_CM129942.1_544,3,1,3
GCF_053220515.1|NZ_CM129942.1|NZ_CM129942.1_549,3,1,3
GCF_053220515.1|NZ_CM129942.1|NZ_CM129942.1_554,6,1,6
GCF_053220515.1|NZ_CM129942.1|NZ_CM129942.1_556,4,2,4
GCF_053220515.1|NZ_CM129942.1|NZ_CM129942.1_566,3,1,3
GCF_053220515.1|NZ_CM129942.1|NZ_CM129942.1_575,3,1,3
GCF_053220515.1|NZ_CM129942.1|NZ_CM129942.1_577,3,1,3
GCF_053220575.1|NZ_CM129948.1|NZ_CM129948.1_503,1,1,1
GCF_053220575.1|NZ_CM129948.1|NZ_CM129948.1_512,2,1,2
GCF_053220575.1|NZ_CM129948.1|NZ_CM129948.1_515,2,1,2
GCF_053220575.1|NZ_CM129948.1|NZ_CM129948.1_528,2,1,2
GCF_053220575.1|NZ_CM129948.1|NZ_CM129948.1_541,2,1,2
GCF_053220575.1|NZ_CM129948.1|NZ_CM129948.1_553,3,2,3
GCF_053220575.1|NZ_CM129948.1|NZ_CM129948.1_556,2,1,2
GCF_053220575.1|NZ_CM129948.1|NZ_CM129948.1_565,1,1,1
GCF_053220575.1|NZ_CM129948.1|NZ_CM129948.1_566,2,1,2
GCF_053220575.1|NZ_CM129948.1|NZ_CM129948.1_586,2,1,2
GCF_053220575.1|NZ_CM129948.1|NZ_CM129948.1_591,2,1,2
GCF_053220575.1|NZ_CM129948.1|NZ_CM129948.1_599,2,1,2
GCF_053220615.1|NZ_CM129952.1|NZ_CM129952.1_886,2,2,2
GCF_053220615.1|NZ_CM129952.1|NZ_CM129952.1_898,6,3,6
GCF_053220615.1|NZ_CM129952.1|NZ_CM129952.1_899,3,2,3
GCF_053220615.1|NZ_CM129952.1|NZ_CM129952.1_902,1,1,1
GCF_053220615.1|NZ_CM129952.1|NZ_CM129952.1_903,1,1,1
GCF_053220615.1|NZ_CM129952.1|NZ_CM129952.1_908,2,1,2
GCF_053220615.1|NZ_CM129952.1|NZ_CM129952.1_912,2,1,2
GCF_053220615.1|NZ_CM129952.1|NZ_CM129952.1_927,1,1,1
GCF_053220615.1|NZ_CM129952.1|NZ_CM129952.1_930,1,1,1
GCF_053220615.1|NZ_CM129952.1|NZ_CM129952.1_940,1,1,1
GCF_053220615.1|NZ_CM129952.1|NZ_CM129952.1_941,1,1,1
GCF_053220615.1|NZ_CM129952.1|NZ_CM129952.1_952,2,2,2
GCF_053220615.1|NZ_CM129952.1|NZ_CM129952.1_953,1,1,1
GCF_053220675.1|NZ_CM129958.1|NZ_CM129958.1_433,1,1,1
GCF_053220675.1|NZ_CM129958.1|NZ_CM129958.1_434,1,1,1
GCF_053220675.1|NZ_CM129958.1|NZ_CM129958.1_439,2,1,2
GCF_053220675.1|NZ_CM129958.1|NZ_CM129958.1_441,2,1,2
GCF_053220675.1|NZ_CM129958.1|NZ_CM129958.1_463,1,1,1
GCF_053220675.1|NZ_CM129958.1|NZ_CM129958.1_471,1,1,1
GCF_053220675.1|NZ_CM129958.1|NZ_CM129958.1_472,3,1,3
GCF_053220675.1|NZ_CM129958.1|NZ_CM129958.1_494,17,12,17
GCF_053220675.1|NZ_CM129958.1|NZ_CM129958.1_500,2,1,2
GCF_053515815.1|NZ_CM130728.1|NZ_CM130728.1_560,1,1,1
GCF_053515815.1|NZ_CM130728.1|NZ_CM130728.1_565,1,1,1
GCF_053515815.1|NZ_CM130728.1|NZ_CM130728.1_917,1,1,1
GCF_053515815.1|NZ_CM130728.1|NZ_CM130728.1_919,1,1,1
GCF_053515815.1|NZ_CM130728.1|NZ_CM130728.1_920,1,1,1
GCF_053643215.1|NZ_CM132188.1|NZ_CM132188.1_977,1,1,1
GCF_053643215.1|NZ_CM132188.1|NZ_CM132188.1_978,1,1,1
GCF_053643215.1|NZ_CM132188.1|NZ_CM132188.1_982,1,1,1
GCF_053643215.1|NZ_CM132188.1|NZ_CM132188.1_985,5,3,6
GCF_053643215.1|NZ_CM132188.1|NZ_CM132188.1_987,1,1,1
GCF_053643215.1|NZ_CM132188.1|NZ_CM132188.1_988,1,1,1
GCF_053643215.1|NZ_CM132188.1|NZ_CM132188.1_991,2,2,2
GCF_053643215.1|NZ_CM132188.1|NZ_CM132188.1_1000,1,1,1
GCF_053643215.1|NZ_CM132188.1|NZ_CM132188.1_1006,1,1,1
GCF_053643215.1|NZ_CM132188.1|NZ_CM132188.1_1015,3,3,3
GCF_053643215.1|NZ_CM132188.1|NZ_CM132188.1_1020,1,1,1
GCF_054111865.1|NZ_CM134200.1|NZ_CM134200.1_1638,4,2,4
GCF_054111865.1|NZ_CM134200.1|NZ_CM134200.1_1679,3,1,3
GCF_054111865.1|NZ_CM134200.1|NZ_CM134200.1_1706,2,2,2
GCF_054111865.1|NZ_CM134200.1|NZ_CM134200.1_1713,1,1,1
GCF_054111865.1|NZ_CM134200.1|NZ_CM134200.1_1726,3,2,3
GCF_054111865.1|NZ_CM134200.1|NZ_CM134200.1_1727,2,1,2
GCF_054111865.1|NZ_CM134200.1|NZ_CM134200.1_1730,1,1,1
GCF_054111865.1|NZ_CM134200.1|NZ_CM134200.1_1735,1,1,1
GCF_054111865.1|NZ_CM134200.1|NZ_CM134200.1_1737,1,1,1
GCF_054111865.1|NZ_CM134200.1|NZ_CM134200.1_1738,1,1,1
GCF_054111865.1|NZ_CM134200.1|NZ_CM134200.1_1742,1,1,2
GCF_054111865.1|NZ_CM134200.1|NZ_CM134200.1_1750,1,1,1
GCF_054111865.1|NZ_CM134200.1|NZ_CM134200.1_1751,1,1,1
GCF_054111865.1|NZ_CM134200.1|NZ_CM134200.1_1752,1,1,1
GCF_054111865.1|NZ_CM134200.1|NZ_CM134200.1_1769,1,1,1
GCF_054111865.1|NZ_CM134200.1|NZ_CM134200.1_1773,1,1,1
GCF_054111865.1|NZ_CM134200.1|NZ_CM134200.1_1774,1,1,1
GCF_054111865.1|NZ_CM134200.1|NZ_CM134200.1_1778,36,6,50
GCF_054112565.1|NZ_CM134204.1|NZ_CM134204.1_620,2,1,2
GCF_054112565.1|NZ_CM134204.1|NZ_CM134204.1_621,2,1,2
GCF_054850435.1|NZ_CM141453.1|NZ_CM141453.1_1265,3,3,3
GCF_054850435.1|NZ_CM141453.1|NZ_CM141453.1_1270,2,2,2
GCF_054850435.1|NZ_CM141453.1|NZ_CM141453.1_1281,1,1,1
GCF_054850435.1|NZ_CM141453.1|NZ_CM141453.1_1298,2,2,2
GCF_054850435.1|NZ_CM141453.1|NZ_CM141453.1_1301,1,1,2
GCF_054850435.1|NZ_CM141453.1|NZ_CM141453.1_1304,2,2,2
GCF_054850435.1|NZ_CM141453.1|NZ_CM141453.1_1305,1,1,1
GCF_054850435.1|NZ_CM141453.1|NZ_CM141453.1_1307,6,4,6
GCF_054850435.1|NZ_CM141453.1|NZ_CM141453.1_1318,1,1,1
GCF_054875955.1|NZ_CM142183.1|NZ_CM142183.1_691,2,1,3
GCF_054875955.1|NZ_CM142183.1|NZ_CM142183.1_704,1,1,1
GCF_054875955.1|NZ_CM142183.1|NZ_CM142183.1_705,3,2,3
GCF_054875955.1|NZ_CM142183.1|NZ_CM142183.1_706,2,1,2
GCF_054875955.1|NZ_CM142183.1|NZ_CM142183.1_721,2,2,2
GCF_054875955.1|NZ_CM142183.1|NZ_CM142183.1_723,2,1,2
GCF_054875955.1|NZ_CM142183.1|NZ_CM142183.1_726,2,2,2
GCF_055389885.1|NZ_AP040272.1|NZ_AP040272.1_2702,2,1,2
GCF_055389885.1|NZ_AP040272.1|NZ_AP040272.1_2730,2,1,2
GCF_055389885.1|NZ_AP040272.1|NZ_AP040272.1_2740,2,1,2
GCF_055389885.1|NZ_AP040272.1|NZ_AP040272.1_2743,2,1,2
GCF_055699095.1|NZ_CP183232.1|NZ_CP183232.1_1278,1,1,1
GCF_055699095.1|NZ_CP183232.1|NZ_CP183232.1_1290,1,1,1
GCF_055699095.1|NZ_CP183232.1|NZ_CP183232.1_1293,1,1,1
GCF_055797365.1|NZ_CP118728.1|NZ_CP118728.1_612,1,1,1
GCF_055797365.1|NZ_CP118728.1|NZ_CP118728.1_614,1,1,1
GCF_055797365.1|NZ_CP118728.1|NZ_CP118728.1_615,1,1,1
GCF_055797365.1|NZ_CP118728.1|NZ_CP118728.1_618,3,2,3
GCF_055797365.1|NZ_CP118728.1|NZ_CP118728.1_621,1,1,1
GCF_055797365.1|NZ_CP118728.1|NZ_CP118728.1_622,2,1,2
GCF_055797365.1|NZ_CP118728.1|NZ_CP118728.1_626,2,2,2
GCF_055797365.1|NZ_CP118728.1|NZ_CP118728.1_631,6,1,6
GCF_055797365.1|NZ_CP118728.1|NZ_CP118728.1_649,12,2,12
GCF_055797365.1|NZ_CP118728.1|NZ_CP118728.1_651,1,1,1
GCF_055797365.1|NZ_CP118728.1|NZ_CP118728.1_662,2,1,2
GCF_055797365.1|NZ_CP118728.1|NZ_CP118728.1_663,2,1,2
GCF_055808835.1|NZ_CM147884.1|NZ_CM147884.1_2409,3,3,3
GCF_055808835.1|NZ_CM147884.1|NZ_CM147884.1_2415,3,2,3
GCF_055808835.1|NZ_CM147884.1|NZ_CM147884.1_2419,1,1,1
GCF_055808835.1|NZ_CM147884.1|NZ_CM147884.1_2421,1,1,1
GCF_055808835.1|NZ_CM147884.1|NZ_CM147884.1_2424,1,1,1
GCF_055808835.1|NZ_CM147884.1|NZ_CM147884.1_2427,6,3,6
GCF_055808835.1|NZ_CM147884.1|NZ_CM147884.1_2429,107,22,127
GCF_055808835.1|NZ_CM147884.1|NZ_CM147884.1_2430,1,1,1
GCF_055808835.1|NZ_CM147884.1|NZ_CM147884.1_2431,1,1,1
GCF_055808835.1|NZ_CM147884.1|NZ_CM147884.1_2433,1,1,1
GCF_055808835.1|NZ_CM147884.1|NZ_CM147884.1_2436,1,1,1
GCF_055808835.1|NZ_CM147884.1|NZ_CM147884.1_2438,1,1,1
GCF_055808835.1|NZ_CM147884.1|NZ_CM147884.1_2439,2,2,2
GCF_055808835.1|NZ_CM147884.1|NZ_CM147884.1_2442,1,1,1
GCF_056820805.1|NZ_CM165957.1|NZ_CM165957.1_1366,1,1,1
GCF_056820805.1|NZ_CM165957.1|NZ_CM165957.1_1377,1,1,1
GCF_056820805.1|NZ_CM165957.1|NZ_CM165957.1_1380,1,1,1
GCF_056820805.1|NZ_CM165957.1|NZ_CM165957.1_1387,8,6,11
GCF_056820805.1|NZ_CM165957.1|NZ_CM165957.1_1388,2,2,2
GCF_056820805.1|NZ_CM165957.1|NZ_CM165957.1_1394,1,1,1
GCF_056820805.1|NZ_CM165957.1|NZ_CM165957.1_1406,2,2,2
GCF_056820805.1|NZ_CM165957.1|NZ_CM165957.1_1410,3,2,3
GCF_056820805.1|NZ_CM165957.1|NZ_CM165957.1_1412,1,1,1
GCF_056820805.1|NZ_CM165957.1|NZ_CM165957.1_1413,1,1,2
GCF_056820805.1|NZ_CM165957.1|NZ_CM165957.1_1414,2,2,2
GCF_056820805.1|NZ_CM165957.1|NZ_CM165957.1_1428,2,2,2
GCF_056820805.1|NZ_CM165957.1|NZ_CM165957.1_1431,2,2,2
GCF_056820805.1|NZ_CM165957.1|NZ_CM165957.1_1434,2,2,2
GCF_056820805.1|NZ_CM165958.1|NZ_CM165958.1_1293,1,1,1
GCF_056824445.1|NZ_CP103956.1|NZ_CP103956.1_1816,1,1,1
GCF_056824445.1|NZ_CP103956.1|NZ_CP103956.1_1823,1,1,1
GCF_051131125.1|NZ_CP150869.1|NZ_CP150869.1_1233,1,1,1
GCF_051131125.1|NZ_CP150869.1|NZ_CP150869.1_1238,2,2,2
GCF_051131125.1|NZ_CP150869.1|NZ_CP150869.1_1239,2,2,2
GCF_051131125.1|NZ_CP150869.1|NZ_CP150869.1_1248,2,2,2
GCF_051131125.1|NZ_CP150869.1|NZ_CP150869.1_1250,110,31,266
GCF_051132235.1|NZ_CP072677.1|NZ_CP072677.1_1689,1,1,1
GCF_051132235.1|NZ_CP072677.1|NZ_CP072677.1_1690,5,5,5
GCF_051132235.1|NZ_CP072677.1|NZ_CP072677.1_1693,1,1,1
GCF_051132235.1|NZ_CP072677.1|NZ_CP072677.1_1694,25,5,25
GCF_051132235.1|NZ_CP072677.1|NZ_CP072677.1_1699,1,1,1
GCF_051201655.1|NZ_CP179206.1|NZ_CP179206.1_2414,1,1,1
GCF_051201655.1|NZ_CP179207.1|NZ_CP179207.1_173,1,1,1
GCF_051201655.1|NZ_CP179207.1|NZ_CP179207.1_174,1,1,1
GCF_051352415.1|NZ_CP195598.1|NZ_CP195598.1_1157,1,1,1
GCF_051352415.1|NZ_CP195598.1|NZ_CP195598.1_1158,7,5,7
GCF_051352415.1|NZ_CP195598.1|NZ_CP195598.1_1161,57,12,85
GCF_051352415.1|NZ_CP195598.1|NZ_CP195598.1_1164,2,2,2
GCF_051352415.1|NZ_CP195598.1|NZ_CP195598.1_1167,1,1,1
GCF_051352415.1|NZ_CP195598.1|NZ_CP195598.1_1174,5,3,5
GCF_051352415.1|NZ_CP195598.1|NZ_CP195598.1_1178,4,4,4
GCF_051352415.1|NZ_CP195598.1|NZ_CP195598.1_1183,1,1,1
GCF_051352415.1|NZ_CP195598.1|NZ_CP195598.1_1188,2,2,2
GCF_051352415.1|NZ_CP195598.1|NZ_CP195598.1_1190,1,1,1
GCF_051352415.1|NZ_CP195598.1|NZ_CP195598.1_1192,2,2,2
GCF_051352415.1|NZ_CP195598.1|NZ_CP195598.1_1194,1,1,1
GCF_051352415.1|NZ_CP195598.1|NZ_CP195598.1_1197,1,1,1
GCF_051352415.1|NZ_CP195598.1|NZ_CP195598.1_1207,1,1,1
GCF_051352415.1|NZ_CP195598.1|NZ_CP195598.1_1210,1,1,1
GCF_051352415.1|NZ_CP195598.1|NZ_CP195598.1_1211,2,2,2
GCF_051352415.1|NZ_CP195598.1|NZ_CP195598.1_1217,1,1,1
GCF_051352415.1|NZ_CP195598.1|NZ_CP195598.1_1234,1,1,1
GCF_051352415.1|NZ_CP195598.1|NZ_CP195598.1_1235,2,2,2
GCF_051352415.1|NZ_CP195598.1|NZ_CP195598.1_1241,2,1,2
GCF_051352415.1|NZ_CP195598.1|NZ_CP195598.1_1250,1,1,2
GCF_051903045.1|NZ_CP166609.1|NZ_CP166609.1_1741,1,1,1
GCF_051903045.1|NZ_CP166609.1|NZ_CP166609.1_1742,1,1,1
GCF_052076135.1|NZ_CP197268.1|NZ_CP197268.1_522,1,1,1
GCF_052076135.1|NZ_CP197268.1|NZ_CP197268.1_523,3,3,3
GCF_052076135.1|NZ_CP197268.1|NZ_CP197268.1_527,1,1,1
GCF_052076135.1|NZ_CP197268.1|NZ_CP197268.1_528,1,1,1
GCF_052076135.1|NZ_CP197268.1|NZ_CP197268.1_533,1,1,1
GCF_052076135.1|NZ_CP197268.1|NZ_CP197268.1_534,1,1,1
GCF_052076135.1|NZ_CP197268.1|NZ_CP197268.1_541,1,1,1
GCF_052076135.1|NZ_CP197268.1|NZ_CP197268.1_542,1,1,1
GCF_052375575.1|NZ_CM126336.1|NZ_CM126336.1_1492,1,1,1
GCF_052375575.1|NZ_CM126336.1|NZ_CM126336.1_1498,1,1,1
GCF_052375575.1|NZ_CM126336.1|NZ_CM126336.1_1503,1,1,1
GCF_052375575.1|NZ_CM126336.1|NZ_CM126336.1_1505,1,1,1
GCF_052375575.1|NZ_CM126336.1|NZ_CM126336.1_1506,1,1,1
GCF_052375575.1|NZ_CM126336.1|NZ_CM126336.1_1512,1,1,1
GCF_052375575.1|NZ_CM126336.1|NZ_CM126336.1_1515,1,1,1
GCF_052375575.1|NZ_CM126336.1|NZ_CM126336.1_1517,2,2,2
GCF_052375575.1|NZ_CM126336.1|NZ_CM126336.1_1524,1,1,1
GCF_052375575.1|NZ_CM126336.1|NZ_CM126336.1_1525,2,1,2
GCF_052375575.1|NZ_CM126336.1|NZ_CM126336.1_1526,1,1,1
GCF_052375575.1|NZ_CM126336.1|NZ_CM126336.1_1527,1,1,1
GCF_052375575.1|NZ_CM126336.1|NZ_CM126336.1_1529,1,1,1
GCF_052375575.1|NZ_CM126336.1|NZ_CM126336.1_1530,3,3,3
GCF_052375575.1|NZ_CM126336.1|NZ_CM126336.1_1532,1,1,1
GCF_052375575.1|NZ_CM126336.1|NZ_CM126336.1_1535,2,1,2
GCF_052375575.1|NZ_CM126336.1|NZ_CM126336.1_1541,1,1,1
GCF_052375575.1|NZ_CM126336.1|NZ_CM126336.1_1545,1,1,1
GCF_052375575.1|NZ_CM126336.1|NZ_CM126336.1_1546,20,5,23
GCF_052375575.1|NZ_CM126336.1|NZ_CM126336.1_1547,3,3,3
GCF_052375575.1|NZ_CM126336.1|NZ_CM126336.1_1548,2,2,2
GCF_052375575.1|NZ_CM126336.1|NZ_CM126336.1_1549,3,3,3
GCF_052375575.1|NZ_CM126336.1|NZ_CM126336.1_1551,1,1,1
GCF_052375575.1|NZ_CM126336.1|NZ_CM126336.1_1558,1,1,1
GCF_052375575.1|NZ_CM126336.1|NZ_CM126336.1_1566,1,1,2
GCF_052375575.1|NZ_CM126336.1|NZ_CM126336.1_1568,1,1,1
GCF_052375575.1|NZ_CM126336.1|NZ_CM126336.1_1569,1,1,1
GCF_052375575.1|NZ_CM126336.1|NZ_CM126336.1_1574,1,1,2
GCF_052375575.1|NZ_CM126336.1|NZ_CM126336.1_1575,2,2,3
GCF_052375575.1|NZ_CM126336.1|NZ_CM126336.1_1578,1,1,1
GCF_052747775.1|NZ_JBRALU010000004.1|NZ_JBRALU010000004.1_7,1,1,2
GCF_052747775.1|NZ_JBRALU010000004.1|NZ_JBRALU010000004.1_8,1,1,2
GCF_052747775.1|NZ_JBRALU010000004.1|NZ_JBRALU010000004.1_11,1,1,1
GCF_052747775.1|NZ_JBRALU010000004.1|NZ_JBRALU010000004.1_12,1,1,1
GCF_052747775.1|NZ_JBRALU010000004.1|NZ_JBRALU010000004.1_14,1,1,1
GCF_052747775.1|NZ_JBRALU010000004.1|NZ_JBRALU010000004.1_16,1,1,1
GCF_052772185.1|NZ_CM127801.1|NZ_CM127801.1_1203,1,1,2
GCF_052772185.1|NZ_CM127801.1|NZ_CM127801.1_1204,1,1,1
GCF_052772185.1|NZ_CM127801.1|NZ_CM127801.1_1206,1,1,1
GCF_052772185.1|NZ_CM127801.1|NZ_CM127801.1_1207,1,1,1
GCF_052772185.1|NZ_CM127801.1|NZ_CM127801.1_1208,2,1,4
GCF_052772185.1|NZ_CM127801.1|NZ_CM127801.1_1212,18,8,19
GCF_052772185.1|NZ_CM127801.1|NZ_CM127801.1_1219,2,2,2
GCF_052772185.1|NZ_CM127801.1|NZ_CM127801.1_1220,2,2,2
GCF_052772185.1|NZ_CM127801.1|NZ_CM127801.1_1223,1,1,1
GCF_052772185.1|NZ_CM127801.1|NZ_CM127801.1_1224,2,2,2
GCF_052772185.1|NZ_CM127801.1|NZ_CM127801.1_1225,1,1,1
GCF_052772185.1|NZ_CM127801.1|NZ_CM127801.1_1233,1,1,1
GCF_052772185.1|NZ_CM127801.1|NZ_CM127801.1_1235,2,2,2
GCF_052772185.1|NZ_CM127801.1|NZ_CM127801.1_1241,12,9,12
GCF_052772185.1|NZ_CM127801.1|NZ_CM127801.1_1244,4,4,4
GCF_052772185.1|NZ_CM127801.1|NZ_CM127801.1_1247,1,1,1
GCF_052772185.1|NZ_CM127801.1|NZ_CM127801.1_1250,2,2,2
GCF_052772185.1|NZ_CM127801.1|NZ_CM127801.1_1256,3,2,3
GCF_052772185.1|NZ_CM127801.1|NZ_CM127801.1_1262,1,1,1
GCF_052772185.1|NZ_CM127801.1|NZ_CM127801.1_1274,1,1,1
GCF_052772185.1|NZ_CM127801.1|NZ_CM127801.1_1278,1,1,1
GCF_052772185.1|NZ_CM127801.1|NZ_CM127801.1_1282,1,1,1
GCF_053202865.1|NZ_CM129926.1|NZ_CM129926.1_463,2,2,2
GCF_053202865.1|NZ_CM129926.1|NZ_CM129926.1_467,1,1,1
GCF_053202865.1|NZ_CM129926.1|NZ_CM129926.1_468,1,1,1
GCF_053202865.1|NZ_CM129926.1|NZ_CM129926.1_492,1,1,1
GCF_053202865.1|NZ_CM129926.1|NZ_CM129926.1_502,3,3,4
GCF_053202865.1|NZ_CM129926.1|NZ_CM129926.1_505,1,1,1
GCF_053202865.1|NZ_CM129926.1|NZ_CM129926.1_513,2,1,2
GCF_053202865.1|NZ_CM129926.1|NZ_CM129926.1_528,2,1,2
GCF_053202865.1|NZ_CM129926.1|NZ_CM129926.1_529,1,1,1
GCF_053202865.1|NZ_CM129926.1|NZ_CM129926.1_532,1,1,1
GCF_053202865.1|NZ_CM129926.1|NZ_CM129926.1_535,2,1,2
GCF_053202865.1|NZ_CM129926.1|NZ_CM129926.1_541,164,33,173
GCF_053202865.1|NZ_CM129926.1|NZ_CM129926.1_548,1,1,1
GCF_053202865.1|NZ_CM129926.1|NZ_CM129926.1_550,1,1,1
GCF_053202865.1|NZ_CM129926.1|NZ_CM129926.1_554,1,1,1
GCF_053202865.1|NZ_CM129926.1|NZ_CM129926.1_555,1,1,1
GCF_053220475.1|NZ_CM129938.1|NZ_CM129938.1_488,2,1,2
GCF_053220475.1|NZ_CM129938.1|NZ_CM129938.1_490,5,4,5
GCF_053220475.1|NZ_CM129938.1|NZ_CM129938.1_502,1,1,1
GCF_053220475.1|NZ_CM129938.1|NZ_CM129938.1_506,2,1,2
GCF_053220475.1|NZ_CM129938.1|NZ_CM129938.1_526,1,1,1
GCF_053220475.1|NZ_CM129938.1|NZ_CM129938.1_533,1,1,1
GCF_053220475.1|NZ_CM129938.1|NZ_CM129938.1_534,1,1,1
GCF_053220475.1|NZ_CM129938.1|NZ_CM129938.1_541,2,2,2
GCF_053220475.1|NZ_CM129938.1|NZ_CM129938.1_542,1,1,1
GCF_053220475.1|NZ_CM129938.1|NZ_CM129938.1_550,1,1,1
GCF_053220495.1|NZ_CM129940.1|NZ_CM129940.1_626,1,1,1
GCF_053220495.1|NZ_CM129940.1|NZ_CM129940.1_627,1,1,1
GCF_053220535.1|NZ_CM129944.1|NZ_CM129944.1_1076,1,1,1
GCF_053220555.1|NZ_CM129946.1|NZ_CM129946.1_706,2,1,4
GCF_053220555.1|NZ_CM129946.1|NZ_CM129946.1_707,2,1,4
GCF_053220555.1|NZ_CM129946.1|NZ_CM129946.1_720,16,9,35
GCF_053220555.1|NZ_CM129946.1|NZ_CM129946.1_735,42,5,53
GCF_053220555.1|NZ_CM129946.1|NZ_CM129946.1_739,5,3,5
GCF_053220555.1|NZ_CM129946.1|NZ_CM129946.1_747,3,1,3
GCF_053220555.1|NZ_CM129946.1|NZ_CM129946.1_748,5,4,5
GCF_053220555.1|NZ_CM129946.1|NZ_CM129946.1_767,6,3,6
GCF_053220585.1|NZ_CM129950.1|NZ_CM129950.1_838,1,1,1
GCF_053220585.1|NZ_CM129950.1|NZ_CM129950.1_872,1,1,1
GCF_053220615.1|NZ_CM129952.1|NZ_CM129952.1_795,2,2,2
GCF_053220615.1|NZ_CM129952.1|NZ_CM129952.1_799,1,1,1
GCF_053220615.1|NZ_CM129952.1|NZ_CM129952.1_802,2,1,2
GCF_053220615.1|NZ_CM129952.1|NZ_CM129952.1_830,1,1,1
GCF_053220615.1|NZ_CM129952.1|NZ_CM129952.1_835,2,2,3
GCF_053220615.1|NZ_CM129952.1|NZ_CM129952.1_846,2,2,2
GCF_053220615.1|NZ_CM129952.1|NZ_CM129952.1_854,1,1,1
GCF_053220615.1|NZ_CM129952.1|NZ_CM129952.1_856,123,19,227
GCF_053220615.1|NZ_CM129952.1|NZ_CM129952.1_862,1,1,2
GCF_053220615.1|NZ_CM129952.1|NZ_CM129952.1_869,1,1,1
GCF_053220615.1|NZ_CM129952.1|NZ_CM129952.1_870,4,1,4
GCF_053220695.1|NZ_CM129960.1|NZ_CM129960.1_1,2,1,2
GCF_053220695.1|NZ_CM129960.1|NZ_CM129960.1_931,1,1,1
GCF_053220695.1|NZ_CM129960.1|NZ_CM129960.1_932,1,1,1
GCF_053220695.1|NZ_CM129960.1|NZ_CM129960.1_961,2,1,2
GCF_053890595.1|NZ_CM132683.1|NZ_CM132683.1_703,1,1,1
GCF_053890595.1|NZ_CM132683.1|NZ_CM132683.1_707,1,1,1
GCF_053890595.1|NZ_CM132683.1|NZ_CM132683.1_708,1,1,1
GCF_053890595.1|NZ_CM132683.1|NZ_CM132683.1_709,1,1,1
GCF_053890595.1|NZ_CM132683.1|NZ_CM132683.1_710,2,2,2
GCF_053890595.1|NZ_CM132683.1|NZ_CM132683.1_711,2,2,2
GCF_053890595.1|NZ_CM132683.1|NZ_CM132683.1_714,2,2,2
GCF_053890595.1|NZ_CM132683.1|NZ_CM132683.1_715,2,2,2
GCF_053890595.1|NZ_CM132683.1|NZ_CM132683.1_716,2,2,2
GCF_053890595.1|NZ_CM132683.1|NZ_CM132683.1_717,1,1,1
GCF_053890595.1|NZ_CM132683.1|NZ_CM132683.1_721,12,7,12
GCF_053890595.1|NZ_CM132683.1|NZ_CM132683.1_722,1,1,2
GCF_053890595.1|NZ_CM132683.1|NZ_CM132683.1_727,1,1,1
GCF_053890595.1|NZ_CM132683.1|NZ_CM132683.1_729,1,1,1
GCF_053890595.1|NZ_CM132683.1|NZ_CM132683.1_734,1,1,1
GCF_053890595.1|NZ_CM132683.1|NZ_CM132683.1_735,2,2,2
GCF_053890595.1|NZ_CM132683.1|NZ_CM132683.1_736,3,3,3
GCF_053890595.1|NZ_CM132683.1|NZ_CM132683.1_746,1,1,1
GCF_053890595.1|NZ_CM132683.1|NZ_CM132683.1_749,8,3,8
GCF_053890595.1|NZ_CM132683.1|NZ_CM132683.1_751,1,1,1
GCF_053890595.1|NZ_CM132683.1|NZ_CM132683.1_753,1,1,1
GCF_053890595.1|NZ_CM132683.1|NZ_CM132683.1_756,2,2,2
GCF_053890595.1|NZ_CM132683.1|NZ_CM132683.1_758,2,2,2
GCF_053903115.1|NZ_CP096429.1|NZ_CP096429.1_795,1,1,1
GCF_053903115.1|NZ_CP096429.1|NZ_CP096429.1_796,1,1,1
GCF_053903115.1|NZ_CP096429.1|NZ_CP096429.1_1143,2,2,2
GCF_053903115.1|NZ_CP096429.1|NZ_CP096429.1_1144,1,1,1
GCF_053903115.1|NZ_CP096429.1|NZ_CP096429.1_1170,1,1,1
GCF_053903115.1|NZ_CP096429.1|NZ_CP096429.1_1173,2,2,2
GCF_053903115.1|NZ_CP096429.1|NZ_CP096429.1_1174,3,3,3
GCF_053903115.1|NZ_CP096429.1|NZ_CP096429.1_1175,1,1,1
GCF_053903115.1|NZ_CP096429.1|NZ_CP096429.1_1176,1,1,1
GCF_053903115.1|NZ_CP096429.1|NZ_CP096429.1_1177,1,1,1
GCF_053903115.1|NZ_CP096429.1|NZ_CP096429.1_1178,1,1,1
GCF_053903115.1|NZ_CP096429.1|NZ_CP096429.1_1182,1,1,1
GCF_053903115.1|NZ_CP096429.1|NZ_CP096429.1_1186,1,1,1
GCF_053903115.1|NZ_CP096429.1|NZ_CP096429.1_1187,2,2,2
GCF_053903115.1|NZ_CP096429.1|NZ_CP096429.1_1202,1,1,1
GCF_054568155.3|NZ_CM137648.3|NZ_CM137648.3_1899,5,3,7
GCF_054568155.3|NZ_CM137648.3|NZ_CM137648.3_1900,2,1,4
GCF_054850435.1|NZ_CM141453.1|NZ_CM141453.1_1210,1,1,1
GCF_054850435.1|NZ_CM141453.1|NZ_CM141453.1_1211,2,2,2
GCF_054850435.1|NZ_CM141453.1|NZ_CM141453.1_1212,3,3,5
GCF_054850435.1|NZ_CM141453.1|NZ_CM141453.1_1217,1,1,1
GCF_054850435.1|NZ_CM141453.1|NZ_CM141453.1_1226,1,1,1
GCF_054850435.1|NZ_CM141453.1|NZ_CM141453.1_1238,2,2,2
GCF_054850435.1|NZ_CM141453.1|NZ_CM141453.1_1249,9,4,9
GCF_054850435.1|NZ_CM141453.1|NZ_CM141453.1_1257,2,2,2
GCF_054850435.1|NZ_CM141453.1|NZ_CM141453.1_1258,1,1,1
GCF_054850435.1|NZ_CM141453.1|NZ_CM141453.1_1260,1,1,1
GCF_054850435.1|NZ_CM141453.1|NZ_CM141453.1_1261,9,3,9
GCF_054875955.1|NZ_CM142183.1|NZ_CM142183.1_742,2,2,2
GCF_054875955.1|NZ_CM142183.1|NZ_CM142183.1_748,1,1,1
GCF_054875955.1|NZ_CM142183.1|NZ_CM142183.1_750,1,1,1
GCF_054875955.1|NZ_CM142183.1|NZ_CM142183.1_767,1,1,1
GCF_054875955.1|NZ_CM142183.1|NZ_CM142183.1_770,1,1,1
GCF_054875955.1|NZ_CM142183.1|NZ_CM142183.1_782,1,1,1
GCF_054875955.1|NZ_CM142183.1|NZ_CM142183.1_784,2,2,2
GCF_054875955.1|NZ_CM142183.1|NZ_CM142183.1_788,1,1,1
GCF_054875955.1|NZ_CM142183.1|NZ_CM142183.1_805,2,2,2
GCF_054875955.1|NZ_CM142183.1|NZ_CM142183.1_825,1,1,1
GCF_054875955.1|NZ_CM142183.1|NZ_CM142183.1_1189,2,2,2
GCF_054875955.1|NZ_JBTYIR010000003.1|NZ_JBTYIR010000003.1_31,1,1,1
GCF_054906185.1|NZ_CP166973.1|NZ_CP166973.1_281,1,1,1
GCF_054906185.1|NZ_CP166973.1|NZ_CP166973.1_282,1,1,1
GCF_054906185.1|NZ_CP166973.1|NZ_CP166973.1_283,2,1,2
GCF_054906185.1|NZ_CP166973.1|NZ_CP166973.1_296,1,1,1
GCF_054906185.1|NZ_CP166973.1|NZ_CP166973.1_297,1,1,1
GCF_054906185.1|NZ_CP166973.1|NZ_CP166973.1_319,2,2,2
GCF_054906185.1|NZ_CP166973.1|NZ_CP166973.1_322,1,1,1
GCF_054906185.1|NZ_CP166973.1|NZ_CP166973.1_334,3,2,3
GCF_054906185.1|NZ_CP166973.1|NZ_CP166973.1_336,1,1,1
GCF_054906185.1|NZ_CP166973.1|NZ_CP166973.1_337,2,2,2
GCF_055797365.1|NZ_CP118728.1|NZ_CP118728.1_553,2,1,2
GCF_055797365.1|NZ_CP118728.1|NZ_CP118728.1_554,2,1,2
GCF_055797365.1|NZ_CP118728.1|NZ_CP118728.1_558,2,1,2
GCF_055797365.1|NZ_CP118728.1|NZ_CP118728.1_566,1,1,1
GCF_055797365.1|NZ_CP118728.1|NZ_CP118728.1_599,1,1,1
GCF_055797365.1|NZ_CP118728.1|NZ_CP118728.1_601,3,1,3
GCF_056135565.1|NZ_CM148681.1|NZ_CM148681.1_1315,2,2,2
GCF_056135565.1|NZ_CM148681.1|NZ_CM148681.1_1317,3,3,3
GCF_056135565.1|NZ_CM148681.1|NZ_CM148681.1_1324,1,1,1
GCF_056135565.1|NZ_CM148681.1|NZ_CM148681.1_1325,1,1,1
GCF_056135565.1|NZ_CM148681.1|NZ_CM148681.1_1327,1,1,1
GCF_056135565.1|NZ_CM148681.1|NZ_CM148681.1_1328,1,1,1
GCF_056135565.1|NZ_CM148681.1|NZ_CM148681.1_1331,6,3,6
GCF_056135565.1|NZ_CM148681.1|NZ_CM148681.1_1332,2,2,2
GCF_056135565.1|NZ_CM148681.1|NZ_CM148681.1_1333,1,1,1
GCF_056135565.1|NZ_CM148681.1|NZ_CM148681.1_1340,3,1,3
GCF_056135565.1|NZ_CM148681.1|NZ_CM148681.1_1341,2,1,2
GCF_056234105.1|NZ_CP172988.1|NZ_CP172988.1_2966,2,1,4
GCF_056234105.1|NZ_CP172988.1|NZ_CP172988.1_2970,1,1,1
GCF_056234175.1|NZ_CP172983.1|NZ_CP172983.1_1044,3,2,3
GCF_056234175.1|NZ_CP172983.1|NZ_CP172983.1_1048,2,1,2
GCF_056531025.1|NZ_CM152466.1|NZ_CM152466.1_1601,2,1,2
GCF_056531025.1|NZ_CM152466.1|NZ_CM152466.1_1605,1,1,1
GCF_056531025.1|NZ_CM152466.1|NZ_CM152466.1_1606,4,2,4
GCF_056531025.1|NZ_CM152466.1|NZ_CM152466.1_1701,1,1,1
GCF_056531025.1|NZ_CM152466.1|NZ_CM152466.1_1704,1,1,1
GCF_056531025.1|NZ_CM152466.1|NZ_CM152466.1_1708,1,1,1
GCF_056531025.1|NZ_CM152466.1|NZ_CM152466.1_1709,2,2,2
GCF_056531025.1|NZ_CM152466.1|NZ_CM152466.1_1711,1,1,1
GCF_056531025.1|NZ_CM152466.1|NZ_CM152466.1_1712,1,1,1
GCF_056674835.1|NZ_CM155225.1|NZ_CM155225.1_1164,1,1,1
GCF_056674835.1|NZ_CM155225.1|NZ_CM155225.1_1165,1,1,1
GCF_056674835.1|NZ_CM155225.1|NZ_CM155225.1_1166,1,1,1
GCF_056820805.1|NZ_CM165957.1|NZ_CM165957.1_1272,1,1,1
GCF_056820805.1|NZ_CM165957.1|NZ_CM165957.1_1279,1,1,1
GCF_056820805.1|NZ_CM165957.1|NZ_CM165957.1_1282,1,1,1
GCF_056820805.1|NZ_CM165957.1|NZ_CM165957.1_1290,4,4,4
GCF_056820805.1|NZ_CM165957.1|NZ_CM165957.1_1294,1,1,1
GCF_056820805.1|NZ_CM165957.1|NZ_CM165957.1_1303,1,1,1
GCF_056820805.1|NZ_CM165957.1|NZ_CM165957.1_1304,2,1,2
GCF_056820805.1|NZ_CM165957.1|NZ_CM165957.1_1311,1,1,1
GCF_056820805.1|NZ_CM165957.1|NZ_CM165957.1_1316,1,1,1
GCF_056820805.1|NZ_CM165957.1|NZ_CM165957.1_1318,1,1,1
GCF_056820805.1|NZ_CM165957.1|NZ_CM165957.1_1339,2,2,2
GCF_056820805.1|NZ_CM165957.1|NZ_CM165957.1_1340,1,1,1
GCF_056820805.1|NZ_CM165957.1|NZ_CM165957.1_1345,1,1,1
GCF_056820805.1|NZ_CM165957.1|NZ_CM165957.1_1346,2,2,2
GCF_056892265.1|NZ_CP092731.1|NZ_CP092731.1_1337,4,2,4
GCF_056892265.1|NZ_CP092731.1|NZ_CP092731.1_1348,2,1,2
GCF_056934275.1|NZ_CM167796.1|NZ_CM167796.1_1250,2,2,2
GCF_056934275.1|NZ_CM167796.1|NZ_CM167796.1_1251,1,1,1
GCF_056934275.1|NZ_CM167796.1|NZ_CM167796.1_1259,2,2,2
GCF_056934275.1|NZ_CM167796.1|NZ_CM167796.1_1260,2,2,2
GCF_056934275.1|NZ_CM167796.1|NZ_CM167796.1_1271,2,1,2
GCF_056934275.1|NZ_CM167796.1|NZ_CM167796.1_1293,1,1,1
GCF_056934275.1|NZ_CM167796.1|NZ_CM167796.1_1644,3,3,3
GCF_056934275.1|NZ_CM167796.1|NZ_CM167796.1_1653,2,1,2
GCF_056934275.1|NZ_CM167796.1|NZ_CM167796.1_1657,1,1,1
GCF_056934275.1|NZ_CM167796.1|NZ_CM167796.1_1658,1,1,1
GCF_056934275.1|NZ_CM167796.1|NZ_CM167796.1_1659,1,1,1
GCF_056934275.1|NZ_CM167796.1|NZ_CM167796.1_1671,3,3,3
GCF_056934275.1|NZ_CM167796.1|NZ_CM167796.1_1672,1,1,1
GCF_056934275.1|NZ_CM167796.1|NZ_CM167796.1_1674,1,1,1
GCF_056934275.1|NZ_CM167796.1|NZ_CM167796.1_1677,2,2,2
GCF_056934275.1|NZ_CM167796.1|NZ_CM167796.1_1680,2,2,2
GCF_057321345.1|NZ_CM170499.1|NZ_CM170499.1_1871,2,1,2
GCF_057321345.1|NZ_CM170499.1|NZ_CM170499.1_1872,2,1,2
GCF_057321345.1|NZ_CM170499.1|NZ_CM170499.1_1873,2,1,2
GCF_057321345.1|NZ_CM170499.1|NZ_CM170499.1_1874,3,2,3
GCF_057321345.1|NZ_CM170499.1|NZ_CM170499.1_1877,2,1,2
GCF_057321345.1|NZ_CM170499.1|NZ_CM170499.1_1904,3,2,3
GCF_057321345.1|NZ_CM170499.1|NZ_CM170499.1_1909,2,1,2
GCF_057321345.1|NZ_CM170499.1|NZ_CM170499.1_1910,4,3,4
GCF_057368435.1|NZ_CM170638.1|NZ_CM170638.1_992,1,1,1
GCF_057368435.1|NZ_CM170638.1|NZ_CM170638.1_993,1,1,1
GCF_057368435.1|NZ_CM170638.1|NZ_CM170638.1_995,2,2,2
GCF_057368435.1|NZ_CM170638.1|NZ_CM170638.1_996,2,2,3
GCF_057368435.1|NZ_CM170638.1|NZ_CM170638.1_998,1,1,3
GCF_057368435.1|NZ_CM170638.1|NZ_CM170638.1_1002,1,1,1
GCF_057368435.1|NZ_CM170638.1|NZ_CM170638.1_1004,1,1,1
GCF_057368435.1|NZ_CM170638.1|NZ_CM170638.1_1005,1,1,1
GCF_057368435.1|NZ_CM170638.1|NZ_CM170638.1_1008,1,1,1
GCF_057368435.1|NZ_CM170638.1|NZ_CM170638.1_1433,1,1,1
GCF_057368435.1|NZ_CM170638.1|NZ_CM170638.1_1435,1,1,1
GCF_057368435.1|NZ_CM170638.1|NZ_CM170638.1_1436,1,1,1
GCF_057368435.1|NZ_CM170639.1|NZ_CM170639.1_1070,2,2,2
GCF_057368475.1|NZ_CM170643.1|NZ_CM170643.1_912,3,1,3
GCF_057368475.1|NZ_CM170643.1|NZ_CM170643.1_914,3,1,3
GCF_057368475.1|NZ_CM170643.1|NZ_CM170643.1_920,5,2,5
GCF_057368475.1|NZ_CM170643.1|NZ_CM170643.1_921,7,3,10
GCF_057368475.1|NZ_CM170643.1|NZ_CM170643.1_925,4,2,4
GCF_057368475.1|NZ_CM170643.1|NZ_CM170643.1_928,3,1,3
GCF_057368475.1|NZ_CM170643.1|NZ_CM170643.1_931,4,1,4
GCF_057368475.1|NZ_CM170643.1|NZ_CM170643.1_933,5,2,5
GCF_057368475.1|NZ_CM170643.1|NZ_CM170643.1_941,4,2,5
GCF_057368475.1|NZ_CM170643.1|NZ_CM170643.1_943,8,3,8
GCF_057368475.1|NZ_CM170643.1|NZ_CM170643.1_944,7,4,7
GCF_057368475.1|NZ_CM170643.1|NZ_CM170643.1_945,3,1,3
GCF_057368475.1|NZ_CM170643.1|NZ_CM170643.1_946,3,1,3
GCF_057368475.1|NZ_CM170643.1|NZ_CM170643.1_948,3,1,3
GCF_057368475.1|NZ_CM170643.1|NZ_CM170643.1_951,5,2,5
GCF_057368525.1|NZ_CM170646.1|NZ_CM170646.1_987,1,1,1
GCF_057368525.1|NZ_CM170646.1|NZ_CM170646.1_988,1,1,1
GCF_057368525.1|NZ_CM170646.1|NZ_CM170646.1_989,1,1,1
GCF_057368525.1|NZ_CM170646.1|NZ_CM170646.1_990,1,1,1
GCF_057368525.1|NZ_CM170646.1|NZ_CM170646.1_1363,1,1,1
GCF_057368525.1|NZ_CM170646.1|NZ_CM170646.1_1365,1,1,1
GCF_057368525.1|NZ_CM170646.1|NZ_CM170646.1_1366,1,1,1
GCF_057368525.1|NZ_CM170646.1|NZ_CM170646.1_1368,1,1,1
GCF_057368525.1|NZ_CM170646.1|NZ_CM170646.1_1370,1,1,1
GCF_057368525.1|NZ_CM170646.1|NZ_CM170646.1_1371,1,1,1
GCF_057368525.1|NZ_CM170646.1|NZ_CM170646.1_1379,1,1,1
GCF_057368525.1|NZ_CM170646.1|NZ_CM170646.1_1380,1,1,1
GCF_057368525.1|NZ_CM170646.1|NZ_CM170646.1_1382,10,4,10
GCF_057368525.1|NZ_CM170646.1|NZ_CM170646.1_1383,3,2,3
GCF_057368525.1|NZ_CM170647.1|NZ_CM170647.1_69,2,2,3
GCF_057368525.1|NZ_CM170647.1|NZ_CM170647.1_73,4,3,4
GCF_057368525.1|NZ_CM170647.1|NZ_CM170647.1_75,9,3,13
GCF_057368525.1|NZ_CM170647.1|NZ_CM170647.1_77,2,2,2
GCF_057368525.1|NZ_CM170647.1|NZ_CM170647.1_78,2,2,2
GCF_057368525.1|NZ_CM170647.1|NZ_CM170647.1_82,1,1,2
GCF_057368525.1|NZ_CM170647.1|NZ_CM170647.1_84,3,3,3
GCF_057368525.1|NZ_CM170647.1|NZ_CM170647.1_85,1,1,1
GCF_057368525.1|NZ_CM170647.1|NZ_CM170647.1_87,1,1,1
GCF_057368525.1|NZ_CM170647.1|NZ_CM170647.1_97,1,1,1
GCF_057368575.1|NZ_CM170653.1|NZ_CM170653.1_948,4,2,4
GCF_057368575.1|NZ_CM170653.1|NZ_CM170653.1_961,3,2,5
GCF_057368575.1|NZ_CM170653.1|NZ_CM170653.1_973,5,3,7
GCF_057368575.1|NZ_CM170653.1|NZ_CM170653.1_1012,3,2,3
GCF_057368575.1|NZ_CM170653.1|NZ_CM170653.1_1034,4,3,4
GCF_057368575.1|NZ_CM170653.1|NZ_CM170653.1_1035,3,2,3
GCF_057368575.1|NZ_CM170653.1|NZ_CM170653.1_1048,3,2,3
GCF_057368575.1|NZ_CM170653.1|NZ_CM170653.1_1057,4,3,4
GCF_057368585.1|NZ_CM170654.1|NZ_CM170654.1_1218,2,1,2
GCF_057368585.1|NZ_CM170654.1|NZ_CM170654.1_1219,2,1,2
GCF_057368585.1|NZ_CM170655.1|NZ_CM170655.1_951,2,1,2
GCF_057368585.1|NZ_CM170655.1|NZ_CM170655.1_952,2,1,2
GCF_057368585.1|NZ_CM170655.1|NZ_CM170655.1_953,2,1,2
GCF_057368585.1|NZ_CM170655.1|NZ_CM170655.1_954,2,1,2
GCF_057368585.1|NZ_CM170655.1|NZ_CM170655.1_955,2,1,2
GCF_057368585.1|NZ_CM170655.1|NZ_CM170655.1_960,2,1,2
GCF_057368585.1|NZ_CM170655.1|NZ_CM170655.1_967,5,3,5
GCF_057368585.1|NZ_CM170655.1|NZ_CM170655.1_972,2,1,2
GCF_057368585.1|NZ_CM170655.1|NZ_CM170655.1_975,2,1,2
GCF_057368635.1|NZ_CM170659.1|NZ_CM170659.1_941,1,1,1
GCF_057368635.1|NZ_CM170659.1|NZ_CM170659.1_942,8,6,8
GCF_057368635.1|NZ_CM170659.1|NZ_CM170659.1_947,1,1,1
GCF_057368635.1|NZ_CM170659.1|NZ_CM170659.1_948,1,1,1
GCF_057368635.1|NZ_CM170659.1|NZ_CM170659.1_951,1,1,1
GCF_057368635.1|NZ_CM170659.1|NZ_CM170659.1_952,1,1,1
GCF_057368635.1|NZ_CM170659.1|NZ_CM170659.1_956,1,1,1
GCF_057368635.1|NZ_CM170659.1|NZ_CM170659.1_957,3,3,3
GCF_057368635.1|NZ_CM170659.1|NZ_CM170659.1_958,1,1,1
GCF_057368635.1|NZ_CM170659.1|NZ_CM170659.1_963,1,1,1
GCF_057368635.1|NZ_CM170659.1|NZ_CM170659.1_975,1,1,1
GCF_057368635.1|NZ_CM170659.1|NZ_CM170659.1_976,26,13,31
GCF_057368635.1|NZ_CM170659.1|NZ_CM170659.1_977,1,1,1
GCF_057368635.1|NZ_CM170659.1|NZ_CM170659.1_978,9,8,10
GCF_057368635.1|NZ_CM170659.1|NZ_CM170659.1_981,1,1,1
GCF_057368635.1|NZ_CM170659.1|NZ_CM170659.1_982,1,1,1
GCF_057368635.1|NZ_CM170659.1|NZ_CM170659.1_984,1,1,1
GCF_057368635.1|NZ_CM170659.1|NZ_CM170659.1_985,2,2,2
GCF_057368635.1|NZ_CM170659.1|NZ_CM170659.1_987,2,2,4
GCF_057368635.1|NZ_CM170659.1|NZ_CM170659.1_990,3,3,3
GCF_057368635.1|NZ_CM170659.1|NZ_CM170659.1_992,1,1,1
GCF_057368635.1|NZ_CM170659.1|NZ_CM170659.1_993,1,1,1
GCF_057368635.1|NZ_CM170659.1|NZ_CM170659.1_994,1,1,1
GCF_057368635.1|NZ_CM170659.1|NZ_CM170659.1_997,1,1,1
GCF_057368635.1|NZ_CM170659.1|NZ_CM170659.1_998,1,1,1
GCF_057368635.1|NZ_CM170659.1|NZ_CM170659.1_999,1,1,1
GCF_057368635.1|NZ_CM170659.1|NZ_CM170659.1_1006,3,2,4
GCF_057368635.1|NZ_CM170659.1|NZ_CM170659.1_1007,1,1,1
GCF_057368635.1|NZ_CM170659.1|NZ_CM170659.1_1008,2,2,2
GCF_057368635.1|NZ_CM170659.1|NZ_CM170659.1_1012,1,1,1
GCF_057368635.1|NZ_CM170659.1|NZ_CM170659.1_1013,12,9,12
GCF_057368635.1|NZ_CM170659.1|NZ_CM170659.1_1014,3,3,5
GCF_057368635.1|NZ_CM170659.1|NZ_CM170659.1_1015,1,1,1
GCF_057368635.1|NZ_CM170659.1|NZ_CM170659.1_1022,12,5,16
GCF_057368635.1|NZ_CM170659.1|NZ_CM170659.1_1029,1,1,1
GCF_057368635.1|NZ_CM170659.1|NZ_CM170659.1_1037,1,1,1
GCF_057439715.1|NZ_CM171986.1|NZ_CM171986.1_2289,3,3,3
GCF_057439715.1|NZ_CM171986.1|NZ_CM171986.1_2290,1,1,1
GCF_057439715.1|NZ_CM171986.1|NZ_CM171986.1_2296,4,4,4
GCF_057439715.1|NZ_CM171986.1|NZ_CM171986.1_2297,1,1,1
GCF_057439715.1|NZ_CM171986.1|NZ_CM171986.1_2301,2,2,2
GCF_057439715.1|NZ_CM171986.1|NZ_CM171986.1_2308,1,1,1
GCF_057439715.1|NZ_CM171986.1|NZ_CM171986.1_2312,1,1,1
GCF_057439715.1|NZ_CM171987.1|NZ_CM171987.1_1428,1,1,1
GCF_057439715.1|NZ_CM171987.1|NZ_CM171987.1_1429,2,2,2
GCF_057439715.1|NZ_CM171987.1|NZ_CM171987.1_1430,2,2,2
GCF_057439715.1|NZ_CM171987.1|NZ_CM171987.1_1432,1,1,1
GCF_057439735.1|NZ_CM171988.1|NZ_CM171988.1_474,1,1,1
GCF_057439735.1|NZ_CM171988.1|NZ_CM171988.1_475,1,1,1
GCF_057439735.1|NZ_CM171988.1|NZ_CM171988.1_485,1,1,1
GCF_057439735.1|NZ_CM171988.1|NZ_CM171988.1_486,1,1,2
GCF_057439735.1|NZ_CM171988.1|NZ_CM171988.1_489,3,3,3
GCF_057439735.1|NZ_CM171988.1|NZ_CM171988.1_490,1,1,1
GCF_057439735.1|NZ_CM171988.1|NZ_CM171988.1_503,2,2,2
GCF_057439735.1|NZ_CM171988.1|NZ_CM171988.1_506,1,1,1
GCF_057439735.1|NZ_CM171988.1|NZ_CM171988.1_509,2,2,2
GCF_057439735.1|NZ_CM171988.1|NZ_CM171988.1_510,1,1,1
GCF_057439735.1|NZ_CM171988.1|NZ_CM171988.1_513,1,1,1
GCF_057439735.1|NZ_CM171988.1|NZ_CM171988.1_515,1,1,1
GCF_057439745.1|NZ_CM171990.1|NZ_CM171990.1_1935,1,1,1
GCF_057439745.1|NZ_CM171990.1|NZ_CM171990.1_1937,1,1,1
GCF_057439745.1|NZ_CM171990.1|NZ_CM171990.1_1938,1,1,1
GCF_057439745.1|NZ_CM171990.1|NZ_CM171990.1_1939,7,5,9
GCF_057439745.1|NZ_CM171990.1|NZ_CM171990.1_1941,1,1,1
GCF_057476815.1|NZ_JBYBNF010000003.1|NZ_JBYBNF010000003.1_248,2,1,2
GCF_057476815.1|NZ_JBYBNF010000003.1|NZ_JBYBNF010000003.1_249,2,1,2
GCF_057476815.1|NZ_JBYBNF010000003.1|NZ_JBYBNF010000003.1_250,2,1,2
GCF_057476815.1|NZ_JBYBNF010000004.1|NZ_JBYBNF010000004.1_100,3,2,3
GCF_057625995.1|NZ_CM172613.1|NZ_CM172613.1_1168,1,1,1
GCF_057625995.1|NZ_CM172613.1|NZ_CM172613.1_1171,6,4,6
GCF_057625995.1|NZ_CM172613.1|NZ_CM172613.1_1177,1,1,1
GCF_057625995.1|NZ_CM172613.1|NZ_CM172613.1_1180,1,1,1
GCF_057625995.1|NZ_CM172613.1|NZ_CM172613.1_1183,3,2,4
GCF_057625995.1|NZ_CM172613.1|NZ_CM172613.1_1188,1,1,1
GCF_057625995.1|NZ_CM172613.1|NZ_CM172613.1_1203,3,3,3
GCF_057625995.1|NZ_CM172613.1|NZ_CM172613.1_1204,1,1,1
GCF_057625995.1|NZ_CM172613.1|NZ_CM172613.1_1208,1,1,1
GCF_057625995.1|NZ_CM172613.1|NZ_CM172613.1_1211,1,1,1
GCF_057625995.1|NZ_CM172613.1|NZ_CM172613.1_1212,2,2,2
GCF_057730715.1|NZ_CM173191.1|NZ_CM173191.1_70,7,3,7
GCF_057730715.1|NZ_CM173191.1|NZ_CM173191.1_78,6,3,9
GCF_057730715.1|NZ_CM173191.1|NZ_CM173191.1_83,2,1,4
GCF_057730715.1|NZ_CM173191.1|NZ_CM173191.1_85,190,46,233
GCF_057730715.1|NZ_CM173191.1|NZ_CM173191.1_88,5,3,6
GCF_057730715.1|NZ_CM173191.1|NZ_CM173191.1_92,6,2,6
GCF_057730755.1|NZ_CM173193.1|NZ_CM173193.1_862,3,1,3
GCF_057730755.1|NZ_CM173193.1|NZ_CM173193.1_867,3,1,3
GCF_057730755.1|NZ_CM173193.1|NZ_CM173193.1_870,3,1,3
GCF_057730755.1|NZ_CM173193.1|NZ_CM173193.1_872,4,1,7
GCF_057730755.1|NZ_CM173193.1|NZ_CM173193.1_878,5,2,5
GCF_057730755.1|NZ_CM173193.1|NZ_CM173193.1_881,4,2,4
GCF_057730755.1|NZ_CM173193.1|NZ_CM173193.1_882,4,2,4
GCF_057730755.1|NZ_CM173193.1|NZ_CM173193.1_890,4,2,4
GCF_057730755.1|NZ_CM173193.1|NZ_CM173193.1_891,3,1,3
GCF_057730755.1|NZ_CM173193.1|NZ_CM173193.1_892,4,2,4
GCF_057730755.1|NZ_CM173193.1|NZ_CM173193.1_893,4,2,4
GCF_057730755.1|NZ_CM173193.1|NZ_CM173193.1_894,3,1,3
GCF_057730755.1|NZ_CM173193.1|NZ_CM173193.1_896,3,1,3
GCF_057730755.1|NZ_CM173193.1|NZ_CM173193.1_897,3,1,3
GCF_057730755.1|NZ_CM173193.1|NZ_CM173193.1_898,4,2,4
GCF_057730755.1|NZ_CM173193.1|NZ_CM173193.1_902,4,2,4
GCF_057730755.1|NZ_CM173193.1|NZ_CM173193.1_904,3,1,3
GCF_057730755.1|NZ_CM173193.1|NZ_CM173193.1_907,3,1,3
GCF_057730755.1|NZ_CM173193.1|NZ_CM173193.1_908,3,1,3
GCF_057814595.1|NZ_CM174090.1|NZ_CM174090.1_2105,2,1,2
GCF_057814595.1|NZ_CM174090.1|NZ_CM174090.1_2107,5,4,5
GCF_057814595.1|NZ_CM174090.1|NZ_CM174090.1_2113,3,2,3
GCF_057814595.1|NZ_CM174090.1|NZ_CM174090.1_2116,2,1,2
GCF_057814595.1|NZ_CM174090.1|NZ_CM174090.1_2117,2,1,2
GCF_057814595.1|NZ_CM174090.1|NZ_CM174090.1_2120,2,1,2
GCF_057814595.1|NZ_CM174090.1|NZ_CM174090.1_2121,2,1,2
GCF_057814595.1|NZ_CM174090.1|NZ_CM174090.1_2122,2,1,2
GCF_057814595.1|NZ_CM174090.1|NZ_CM174090.1_2123,2,1,2
GCF_057814595.1|NZ_CM174090.1|NZ_CM174090.1_2130,2,1,2
GCF_057814595.1|NZ_CM174090.1|NZ_CM174090.1_2134,3,2,3
GCF_057814595.1|NZ_CM174090.1|NZ_CM174090.1_2135,2,1,2
GCF_057814595.1|NZ_CM174090.1|NZ_CM174090.1_2146,2,1,2
GCF_057814595.1|NZ_CM174090.1|NZ_CM174090.1_2154,27,10,30
GCF_058105105.1|NZ_JBYAVV010000002.1|NZ_JBYAVV010000002.1_113,2,1,2
GCF_058105105.1|NZ_JBYAVV010000002.1|NZ_JBYAVV010000002.1_115,1,1,1
GCF_058105105.1|NZ_JBYAVV010000002.1|NZ_JBYAVV010000002.1_119,1,1,1
GCF_058105105.1|NZ_JBYAVV010000002.1|NZ_JBYAVV010000002.1_120,1,1,1
GCF_058119545.1|NZ_CP099448.1|NZ_CP099448.1_1105,1,1,1
GCF_058119545.1|NZ_CP099448.1|NZ_CP099448.1_1110,1,1,1
GCF_058119545.1|NZ_CP099448.1|NZ_CP099448.1_1117,1,1,1
GCF_058119545.1|NZ_CP099448.1|NZ_CP099448.1_1122,19,7,21
GCF_058119545.1|NZ_CP099448.1|NZ_CP099448.1_1127,1,1,2
GCF_058267735.1|NZ_CM177832.1|NZ_CM177832.1_1305,1,1,1
GCF_058267735.1|NZ_CM177832.1|NZ_CM177832.1_1310,1,1,1
GCF_058267735.1|NZ_CM177832.1|NZ_CM177832.1_1311,1,1,1
GCF_058267735.1|NZ_CM177832.1|NZ_CM177832.1_1313,1,1,1
GCF_058267735.1|NZ_CM177832.1|NZ_CM177832.1_1315,1,1,1
GCF_058267735.1|NZ_CM177832.1|NZ_CM177832.1_1330,3,2,3
GCF_058267735.1|NZ_CM177832.1|NZ_CM177832.1_1331,1,1,1
GCF_058267735.1|NZ_CM177832.1|NZ_CM177832.1_1337,1,1,1
GCF_058267735.1|NZ_CM177832.1|NZ_CM177832.1_1359,138,17,165
GCF_058267735.1|NZ_CM177832.1|NZ_CM177832.1_1374,1,1,1
GCF_058267735.1|NZ_CM177832.1|NZ_CM177832.1_1376,1,1,1
GCF_058267735.1|NZ_CM177832.1|NZ_CM177832.1_1377,2,1,2
GCF_058315275.1|NZ_CM177759.1|NZ_CM177759.1_1662,42,5,42
GCF_058315275.1|NZ_CM177759.1|NZ_CM177759.1_1663,1,1,1
GCF_058315275.1|NZ_CM177759.1|NZ_CM177759.1_1666,2,1,2
GCF_058315275.1|NZ_CM177759.1|NZ_CM177759.1_1678,2,2,2
GCF_058315275.1|NZ_CM177759.1|NZ_CM177759.1_1679,3,2,3
GCF_058545285.1|NZ_CM178589.1|NZ_CM178589.1_280,1,1,1
GCF_058545285.1|NZ_CM178589.1|NZ_CM178589.1_286,2,2,2
GCF_058545285.1|NZ_CM178589.1|NZ_CM178589.1_287,2,2,2
GCF_058545285.1|NZ_CM178589.1|NZ_CM178589.1_288,3,3,3
GCF_058545285.1|NZ_CM178589.1|NZ_CM178589.1_290,1,1,1
GCF_058545285.1|NZ_CM178589.1|NZ_CM178589.1_291,1,1,1
GCF_058545285.1|NZ_CM178589.1|NZ_CM178589.1_292,1,1,1
GCF_058545285.1|NZ_CM178589.1|NZ_CM178589.1_293,247,55,382
GCF_058545285.1|NZ_CM178589.1|NZ_CM178589.1_295,1,1,2
GCF_058545285.1|NZ_CM178589.1|NZ_CM178589.1_296,1,1,1
GCF_058545285.1|NZ_CM178589.1|NZ_CM178589.1_297,1,1,1
GCF_058545285.1|NZ_CM178590.1|NZ_CM178590.1_699,2,2,2
GCF_058545285.1|NZ_CM178590.1|NZ_CM178590.1_704,1,1,1
GCF_058545285.1|NZ_CM178590.1|NZ_CM178590.1_706,8,6,8
GCF_059427945.1|NZ_CM182084.1|NZ_CM182084.1_1714,5,2,5
GCF_059427945.1|NZ_CM182084.1|NZ_CM182084.1_1719,2,1,2
GCF_059427945.1|NZ_CM182084.1|NZ_CM182084.1_1764,9,5,9
GCF_059427945.1|NZ_CM182084.1|NZ_CM182084.1_1785,2,1,2
GCF_059692275.1|NZ_CM185156.1|NZ_CM185156.1_1722,1,1,1
GCF_059692275.1|NZ_CM185156.1|NZ_CM185156.1_1727,3,3,3
GCF_059692275.1|NZ_CM185156.1|NZ_CM185156.1_1733,2,1,2
GCF_059692275.1|NZ_CM185156.1|NZ_CM185156.1_1742,2,2,2
GCF_059692275.1|NZ_CM185156.1|NZ_CM185156.1_1744,1,1,1
GCF_059692275.1|NZ_CM185156.1|NZ_CM185156.1_1752,1,1,1
GCF_059692275.1|NZ_CM185156.1|NZ_CM185156.1_1753,5,4,5
GCF_059692275.1|NZ_CM185156.1|NZ_CM185156.1_1758,1,1,1
GCF_059692275.1|NZ_CM185156.1|NZ_CM185156.1_1761,1,1,1
GCF_059692275.1|NZ_CM185156.1|NZ_CM185156.1_1762,1,1,1
GCF_059692275.1|NZ_CM185156.1|NZ_CM185156.1_1763,11,5,11
GCF_059692275.1|NZ_CM185156.1|NZ_CM185156.1_1765,2,2,2
GCF_059692275.1|NZ_CM185156.1|NZ_CM185156.1_1766,2,1,2
GCF_059692275.1|NZ_CM185156.1|NZ_CM185156.1_1772,3,2,3
GCF_059692275.1|NZ_CM185156.1|NZ_CM185156.1_1774,1,1,1
GCF_059692275.1|NZ_CM185156.1|NZ_CM185156.1_1775,2,2,2
GCF_059692275.1|NZ_CM185156.1|NZ_CM185156.1_1785,8,5,8
GCF_059692275.1|NZ_CM185156.1|NZ_CM185156.1_1793,1,1,1
GCF_059692275.1|NZ_CM185156.1|NZ_CM185156.1_1794,1,1,1
GCF_059692275.1|NZ_CM185156.1|NZ_CM185156.1_1803,1,1,1
GCF_059772105.1|NZ_CM186273.1|NZ_CM186273.1_1111,2,2,2
GCF_059772105.1|NZ_CM186273.1|NZ_CM186273.1_1115,1,1,1
GCF_059772105.1|NZ_CM186273.1|NZ_CM186273.1_1117,1,1,1
GCF_059772105.1|NZ_CM186273.1|NZ_CM186273.1_1122,2,2,2
GCF_059772105.1|NZ_CM186273.1|NZ_CM186273.1_1123,2,2,2
GCF_059772105.1|NZ_CM186273.1|NZ_CM186273.1_1124,2,2,2
GCF_059772105.1|NZ_CM186273.1|NZ_CM186273.1_1125,1,1,1
GCF_059772105.1|NZ_CM186273.1|NZ_CM186273.1_1126,2,2,2
GCF_059772105.1|NZ_CM186273.1|NZ_CM186273.1_1136,1,1,1
GCF_059772105.1|NZ_CM186273.1|NZ_CM186273.1_1137,1,1,1
GCF_059772105.1|NZ_CM186273.1|NZ_CM186273.1_1142,1,1,1
GCF_059772105.1|NZ_CM186273.1|NZ_CM186273.1_1143,1,1,1
GCF_059772105.1|NZ_CM186273.1|NZ_CM186273.1_1144,1,1,1
GCF_059772105.1|NZ_CM186273.1|NZ_CM186273.1_1145,1,1,1
GCF_059772105.1|NZ_CM186273.1|NZ_CM186273.1_1151,1,1,1
GCF_059772105.1|NZ_CM186273.1|NZ_CM186273.1_1156,1,1,1
GCF_059772125.1|NZ_CM186276.1|NZ_CM186276.1_862,1,1,1
GCF_059772125.1|NZ_CM186276.1|NZ_CM186276.1_864,1,1,1
GCF_059772125.1|NZ_CM186276.1|NZ_CM186276.1_867,2,2,2
GCF_059772125.1|NZ_CM186276.1|NZ_CM186276.1_870,2,2,2
GCF_059772125.1|NZ_CM186276.1|NZ_CM186276.1_873,2,2,2
GCF_059772125.1|NZ_CM186276.1|NZ_CM186276.1_877,1,1,1
GCF_059772125.1|NZ_CM186276.1|NZ_CM186276.1_880,2,2,2
GCF_059772125.1|NZ_CM186276.1|NZ_CM186276.1_887,2,2,2
GCF_059772125.1|NZ_CM186276.1|NZ_CM186276.1_896,1,1,1
GCF_059772125.1|NZ_CM186276.1|NZ_CM186276.1_897,1,1,1
GCF_059941605.1|NZ_CM188127.1|NZ_CM188127.1_2195,1,1,1
GCF_059941605.1|NZ_CM188127.1|NZ_CM188127.1_2196,1,1,1
GCF_059941605.1|NZ_CM188127.1|NZ_CM188127.1_2198,2,2,2
GCF_059941605.1|NZ_CM188127.1|NZ_CM188127.1_2201,1,1,1
GCF_059941605.1|NZ_CM188127.1|NZ_CM188127.1_2225,2,2,2
GCF_059941605.1|NZ_CM188127.1|NZ_CM188127.1_2232,1,1,1
GCF_059941605.1|NZ_CM188127.1|NZ_CM188127.1_2241,1,1,1
GCF_059941605.1|NZ_CM188127.1|NZ_CM188127.1_2242,1,1,1
GCF_059941605.1|NZ_CM188127.1|NZ_CM188127.1_2243,1,1,2
GCF_059941605.1|NZ_CM188127.1|NZ_CM188127.1_2247,2,2,3
GCF_059941605.1|NZ_CM188127.1|NZ_CM188127.1_2256,1,1,1
GCF_059941605.1|NZ_CM188127.1|NZ_CM188127.1_2257,1,1,1
GCF_059941605.1|NZ_CM188127.1|NZ_CM188127.1_2273,1,1,1
GCF_059941605.1|NZ_CM188127.1|NZ_CM188127.1_2275,3,3,3
GCF_059941605.1|NZ_CM188127.1|NZ_CM188127.1_2276,2,1,2
GCF_060301545.1|NZ_CM190977.1|NZ_CM190977.1_1317,1,1,1
GCF_060301545.1|NZ_CM190977.1|NZ_CM190977.1_1319,1,1,1
GCF_060301545.1|NZ_CM190977.1|NZ_CM190977.1_1322,2,1,2
GCF_060301545.1|NZ_CM190977.1|NZ_CM190977.1_1326,1,1,1
GCF_060301545.1|NZ_CM190977.1|NZ_CM190977.1_1329,2,1,2
GCF_060301545.1|NZ_CM190977.1|NZ_CM190977.1_1332,2,1,2
GCF_060301545.1|NZ_CM190977.1|NZ_CM190977.1_1335,8,5,9
GCF_060301545.1|NZ_CM190977.1|NZ_CM190977.1_1342,1,1,1
GCF_060301545.1|NZ_CM190977.1|NZ_CM190977.1_1343,1,1,1
GCF_060301545.1|NZ_CM190977.1|NZ_CM190977.1_1344,1,1,1
GCF_060301545.1|NZ_CM190977.1|NZ_CM190977.1_1351,2,1,2
GCF_060345765.1|NZ_CM191303.1|NZ_CM191303.1_1315,1,1,1
GCF_060345765.1|NZ_CM191303.1|NZ_CM191303.1_1316,1,1,1
GCF_060345765.1|NZ_CM191303.1|NZ_CM191303.1_1319,5,3,5
GCF_060345765.1|NZ_CM191303.1|NZ_CM191303.1_1322,1,1,1
GCF_060345765.1|NZ_CM191303.1|NZ_CM191303.1_1324,1,1,1
GCF_060345765.1|NZ_CM191303.1|NZ_CM191303.1_1350,1,1,1
GCF_060345765.1|NZ_CM191303.1|NZ_CM191303.1_1351,1,1,1
GCF_060345765.1|NZ_CM191303.1|NZ_CM191303.1_1355,1,1,1
GCF_060345765.1|NZ_CM191303.1|NZ_CM191303.1_1356,1,1,1
GCF_060497015.1|NZ_CM192310.1|NZ_CM192310.1_1030,2,2,2
GCF_060497015.1|NZ_CM192310.1|NZ_CM192310.1_1031,1,1,1
GCF_060497015.1|NZ_CM192310.1|NZ_CM192310.1_1032,1,1,1
GCF_060497015.1|NZ_CM192310.1|NZ_CM192310.1_1033,1,1,1
GCF_060497015.1|NZ_CM192310.1|NZ_CM192310.1_1034,2,2,2
GCF_900185995.1|NZ_LT897798.1|NZ_LT897798.1_369,1,1,1
GCF_900185995.1|NZ_LT897798.1|NZ_LT897798.1_370,1,1,1
GCF_900185995.1|NZ_LT897798.1|NZ_LT897798.1_381,1,1,1
GCF_900185995.1|NZ_LT897798.1|NZ_LT897798.1_382,1,1,1
GCF_900185995.1|NZ_LT897798.1|NZ_LT897798.1_383,1,1,1
GCF_900185995.1|NZ_LT897798.1|NZ_LT897798.1_385,2,2,2
GCF_900185995.1|NZ_LT897798.1|NZ_LT897798.1_390,1,1,1
GCF_900185995.1|NZ_LT897798.1|NZ_LT897798.1_394,1,1,1
GCF_900324435.1|NZ_LT992491.1|NZ_LT992491.1_722,2,2,2
GCF_900324435.1|NZ_LT992491.1|NZ_LT992491.1_735,3,2,3
GCF_900324435.1|NZ_LT992491.1|NZ_LT992491.1_736,3,2,3
GCF_900324435.1|NZ_LT992491.1|NZ_LT992491.1_754,7,2,11
GCF_900324435.1|NZ_LT992491.1|NZ_LT992491.1_761,2,1,2
GCF_900324435.1|NZ_LT992491.1|NZ_LT992491.1_762,1,1,1
GCF_900324435.1|NZ_LT992491.1|NZ_LT992491.1_771,5,4,5
GCF_900324435.1|NZ_LT992491.1|NZ_LT992491.1_774,1,1,1
GCF_900324435.1|NZ_LT992491.1|NZ_LT992491.1_775,1,1,1
GCF_900324435.1|NZ_LT992491.1|NZ_LT992491.1_779,1,1,1
GCF_900324435.1|NZ_LT992491.1|NZ_LT992491.1_790,3,1,3
GCF_905175355.1|NZ_HG992742.1|NZ_HG992742.1_1429,2,2,2
GCF_905175355.1|NZ_HG992742.1|NZ_HG992742.1_1432,2,2,2
GCF_905175355.1|NZ_HG992742.1|NZ_HG992742.1_1434,2,2,2
GCF_905175355.1|NZ_HG992742.1|NZ_HG992742.1_1443,3,3,3
GCF_905175355.1|NZ_HG992742.1|NZ_HG992742.1_1445,2,2,2
GCF_905175355.1|NZ_HG992742.1|NZ_HG992742.1_1448,2,2,2
GCF_905175355.1|NZ_HG992742.1|NZ_HG992742.1_1455,1,1,1
GCF_905175355.1|NZ_HG992742.1|NZ_HG992742.1_1459,1,1,1
GCF_905175355.1|NZ_HG992742.1|NZ_HG992742.1_1460,1,1,2
GCF_905175355.1|NZ_HG992742.1|NZ_HG992742.1_1466,1,1,1
GCF_905175355.1|NZ_HG992742.1|NZ_HG992742.1_1471,1,1,1
GCF_905175355.1|NZ_HG992742.1|NZ_HG992742.1_1473,1,1,1
GCF_905175355.1|NZ_HG992742.1|NZ_HG992742.1_1476,1,1,1
GCF_905175355.1|NZ_HG992742.1|NZ_HG992742.1_1481,2,2,2
GCF_905175355.1|NZ_HG992742.1|NZ_HG992742.1_1484,1,1,1
GCF_905175355.1|NZ_HG992742.1|NZ_HG992742.1_1485,1,1,1
GCF_905175355.1|NZ_HG992742.1|NZ_HG992742.1_1493,1,1,1
GCF_905175355.1|NZ_HG992742.1|NZ_HG992742.1_1494,1,1,1
GCF_905175355.1|NZ_HG992742.1|NZ_HG992742.1_1498,1,1,1
GCF_905175355.1|NZ_HG992742.1|NZ_HG992742.1_1501,1,1,1
GCF_905175355.1|NZ_HG992742.1|NZ_HG992742.1_1502,1,1,1
GCF_905175355.1|NZ_HG992742.1|NZ_HG992742.1_1505,1,1,1
GCF_905175355.1|NZ_HG992742.1|NZ_HG992742.1_1506,1,1,1
GCF_905175355.1|NZ_HG992742.1|NZ_HG992742.1_1511,3,3,4
GCF_905175355.1|NZ_HG992742.1|NZ_HG992742.1_1512,1,1,1
GCF_905175355.1|NZ_HG992742.1|NZ_HG992742.1_1521,1,1,1
GCF_937000115.1|NZ_OW443151.1|NZ_OW443151.1_263,5,5,5
GCF_937000115.1|NZ_OW443151.1|NZ_OW443151.1_280,178,42,185
GCF_937000115.1|NZ_OW443151.1|NZ_OW443151.1_340,2,1,2
GCF_937000115.1|NZ_OW443151.1|NZ_OW443151.1_586,26,6,28
GCF_948151475.1|NZ_OX411212.1|NZ_OX411212.1_1247,13,3,16
GCF_948151475.1|NZ_OX411212.1|NZ_OX411212.1_1249,10,5,10
GCF_948151475.1|NZ_OX411212.1|NZ_OX411212.1_1254,1,1,1
GCF_948151475.1|NZ_OX411212.1|NZ_OX411212.1_1255,3,3,3
GCF_948151475.1|NZ_OX411212.1|NZ_OX411212.1_1798,1,1,1
GCF_948151475.1|NZ_OX411212.1|NZ_OX411212.1_1801,77,21,103
GCF_948151475.1|NZ_OX411214.1|NZ_OX411214.1_153,1,1,1
GCF_948151475.1|NZ_OX411214.1|NZ_OX411214.1_154,1,1,1
GCF_948151475.1|NZ_OX411214.1|NZ_OX411214.1_155,1,1,1
GCF_948151475.1|NZ_OX411214.1|NZ_OX411214.1_157,2,2,2
GCF_948151475.1|NZ_OX411214.1|NZ_OX411214.1_158,1,1,1
GCF_948151475.1|NZ_OX411214.1|NZ_OX411214.1_159,1,1,1
GCF_948151475.1|NZ_OX411214.1|NZ_OX411214.1_160,1,1,1
GCF_948151475.1|NZ_OX411214.1|NZ_OX411214.1_161,1,1,1
GCF_948151475.1|NZ_OX411214.1|NZ_OX411214.1_162,1,1,1
GCF_948151475.1|NZ_OX411214.1|NZ_OX411214.1_163,1,1,1
GCF_948151475.1|NZ_OX411214.1|NZ_OX411214.1_164,1,1,1
GCF_963681195.1|NZ_OY808998.1|NZ_OY808998.1_271,1,1,1
GCF_963681195.1|NZ_OY808998.1|NZ_OY808998.1_273,2,2,2
GCF_963681195.1|NZ_OY808998.1|NZ_OY808998.1_274,1,1,1
GCF_963681195.1|NZ_OY808998.1|NZ_OY808998.1_277,1,1,1
GCF_963681195.1|NZ_OY808998.1|NZ_OY808998.1_280,4,2,4
GCF_963681195.1|NZ_OY808998.1|NZ_OY808998.1_282,1,1,1
GCF_963681195.1|NZ_OY808998.1|NZ_OY808998.1_286,1,1,1
GCF_963681195.1|NZ_OY808998.1|NZ_OY808998.1_294,2,2,2
GCF_963681195.1|NZ_OY808998.1|NZ_OY808998.1_295,1,1,1
GCF_963681195.1|NZ_OY808998.1|NZ_OY808998.1_304,3,3,3
GCF_963681195.1|NZ_OY808998.1|NZ_OY808998.1_306,1,1,2
GCF_963681195.1|NZ_OY808998.1|NZ_OY808998.1_327,1,1,1
GCF_963681195.1|NZ_OY808998.1|NZ_OY808998.1_328,1,1,1
GCF_963681195.1|NZ_OY808998.1|NZ_OY808998.1_329,1,1,1
GCF_963681195.1|NZ_OY808998.1|NZ_OY808998.1_330,7,5,7
GCF_963681195.1|NZ_OY808998.1|NZ_OY808998.1_331,4,3,4
GCF_964198015.1|NZ_OZ078860.1|NZ_OZ078860.1_2762,12,9,12
GCF_964198015.1|NZ_OZ078860.1|NZ_OZ078860.1_2763,2,2,2
GCF_964198015.1|NZ_OZ078860.1|NZ_OZ078860.1_2767,1,1,1
GCF_964198015.1|NZ_OZ078860.1|NZ_OZ078860.1_2768,1,1,1
GCF_964198015.1|NZ_OZ078860.1|NZ_OZ078860.1_2769,1,1,1
GCF_964198015.1|NZ_OZ078860.1|NZ_OZ078860.1_2770,2,2,2
GCF_964198015.1|NZ_OZ078861.1|NZ_OZ078861.1_1452,1,1,1
GCF_964198015.1|NZ_OZ078861.1|NZ_OZ078861.1_1453,1,1,1
GCF_964198015.1|NZ_OZ078861.1|NZ_OZ078861.1_1454,1,1,1
GCF_964198015.1|NZ_OZ078861.1|NZ_OZ078861.1_1456,1,1,1
GCF_964264695.1|NZ_OZ183474.1|NZ_OZ183474.1_349,1,1,1
GCF_000016245.1|NC_009456.1|NC_009456.1_769,128,17,131
GCF_000016245.1|NC_009456.1|NC_009456.1_789,9,5,9
GCF_000016245.1|NC_009456.1|NC_009456.1_793,44,6,49
GCF_000016245.1|NC_009456.1|NC_009456.1_794,13,9,13
GCF_000016245.1|NC_009456.1|NC_009456.1_795,15,9,17
GCF_000016245.1|NC_009456.1|NC_009456.1_801,17,6,17
GCF_000016245.1|NC_009456.1|NC_009456.1_802,6,2,6
GCF_000016245.1|NC_009456.1|NC_009456.1_803,10,5,10
GCF_000016245.1|NC_009456.1|NC_009456.1_817,15,6,15
GCF_000016245.1|NC_009456.1|NC_009456.1_821,17,8,17
GCF_000024825.1|NC_013456.1|NC_013456.1_1609,30,8,31
GCF_000024825.1|NC_013456.1|NC_013456.1_1612,1,1,1
GCF_000024825.1|NC_013456.1|NC_013456.1_1615,74,18,86
GCF_000024825.1|NC_013456.1|NC_013456.1_1616,6,5,6
GCF_000024825.1|NC_013456.1|NC_013456.1_1617,8,6,8
GCF_000024825.1|NC_013456.1|NC_013456.1_1619,3,3,3
GCF_000024825.1|NC_013456.1|NC_013456.1_1620,24,11,27
GCF_000024825.1|NC_013456.1|NC_013456.1_1623,1,1,1
GCF_000024825.1|NC_013456.1|NC_013456.1_1624,1,1,1
GCF_000024825.1|NC_013456.1|NC_013456.1_1625,21,10,21
GCF_000024825.1|NC_013456.1|NC_013456.1_1628,1,1,2
GCF_000024825.1|NC_013456.1|NC_013456.1_1629,1,1,2
GCF_000024825.1|NC_013456.1|NC_013456.1_1632,1,1,2
GCF_000039765.1|NC_004459.3|NC_004459.3_2174,12,4,15
GCF_000039765.1|NC_004459.3|NC_004459.3_2179,8,3,9
GCF_000039765.1|NC_004459.3|NC_004459.3_2180,1,1,1
GCF_000039765.1|NC_004459.3|NC_004459.3_2181,1,1,1
GCF_000039765.1|NC_004459.3|NC_004459.3_2182,25,8,36
GCF_000039765.1|NC_004459.3|NC_004459.3_2192,1,1,1
GCF_000039765.1|NC_004459.3|NC_004459.3_2193,4,4,4
GCF_000039765.1|NC_004459.3|NC_004459.3_2194,4,4,4
GCF_000039765.1|NC_004459.3|NC_004459.3_2196,12,6,14
GCF_000039765.1|NC_004459.3|NC_004459.3_2200,1,1,1
GCF_000039765.1|NC_004459.3|NC_004459.3_2201,6,4,6
GCF_000039765.1|NC_004459.3|NC_004459.3_2202,1,1,1
GCF_000039765.1|NC_004459.3|NC_004459.3_2204,6,4,6
GCF_000039765.1|NC_004459.3|NC_004459.3_2205,8,6,9
GCF_000039765.1|NC_004459.3|NC_004459.3_2206,1,1,1
GCF_000039765.1|NC_004459.3|NC_004459.3_2207,4,2,4
GCF_000039765.1|NC_004459.3|NC_004459.3_2208,1,1,1
GCF_000039765.1|NC_004459.3|NC_004459.3_2209,1,1,1
GCF_000039765.1|NC_004459.3|NC_004459.3_2215,5,5,5
GCF_000039765.1|NC_004459.3|NC_004459.3_2216,1,1,1
GCF_000039765.1|NC_004459.3|NC_004459.3_2217,1,1,1
GCF_000039765.1|NC_004459.3|NC_004459.3_2219,2,2,4
GCF_000039765.1|NC_004459.3|NC_004459.3_2223,1,1,1
GCF_000039765.1|NC_004459.3|NC_004459.3_2227,8,7,9
GCF_000039765.1|NC_004459.3|NC_004459.3_2228,65,14,73
GCF_000039765.1|NC_004459.3|NC_004459.3_2232,1,1,1
GCF_000039765.1|NC_004459.3|NC_004459.3_2233,16,7,17
GCF_000039765.1|NC_004459.3|NC_004459.3_2234,16,5,17
GCF_000039765.1|NC_004459.3|NC_004459.3_2237,8,6,10
GCF_000039765.1|NC_004459.3|NC_004459.3_2244,1,1,1
GCF_000039765.1|NC_004459.3|NC_004459.3_2246,3,3,3
GCF_000241385.1|NC_016613.1|NC_016613.1_1915,1,1,1
GCF_000241385.1|NC_016613.1|NC_016613.1_1917,179,38,326
GCF_000241385.1|NC_016613.1|NC_016613.1_1918,1,1,1
GCF_000241385.1|NC_016613.1|NC_016613.1_1919,1,1,1
GCF_000241385.1|NC_016613.1|NC_016613.1_1922,61,16,66
GCF_000241385.1|NC_016613.1|NC_016613.1_1923,22,11,27
GCF_000250855.1|NC_016945.1|NC_016945.1_290,36,6,37
GCF_000250855.1|NC_016945.1|NC_016945.1_295,10,4,10
GCF_000250855.1|NC_016945.1|NC_016945.1_303,1,1,1
GCF_000328405.1|NC_019955.1|NC_019955.1_1684,3,2,3
GCF_000328405.1|NC_019955.1|NC_019955.1_1685,1,1,1
GCF_000328405.1|NC_019955.1|NC_019955.1_1687,30,8,30
GCF_000328405.1|NC_019955.1|NC_019955.1_1689,22,7,22
GCF_000328405.1|NC_019955.1|NC_019955.1_1691,1,1,1
GCF_000328405.1|NC_019955.1|NC_019955.1_1692,7,5,8
GCF_000328405.1|NC_019955.1|NC_019955.1_1694,1,1,1
GCF_000328405.1|NC_019955.1|NC_019955.1_1697,2,2,2
GCF_000328405.1|NC_019955.1|NC_019955.1_1706,43,5,48
GCF_000328405.1|NC_019955.1|NC_019955.1_1711,31,10,31
GCF_000328405.1|NC_019955.1|NC_019955.1_2879,2,2,2
GCF_000328405.1|NC_019955.1|NC_019955.1_2880,1,1,1
GCF_000354175.2|NC_022349.1|NC_022349.1_795,8,2,8
GCF_000354175.2|NC_022349.1|NC_022349.1_797,4,2,4
GCF_000354175.2|NC_022349.1|NC_022349.1_798,6,2,6
GCF_000354175.2|NC_022349.1|NC_022349.1_799,5,2,5
GCF_000354175.2|NC_022349.1|NC_022349.1_826,9,2,9
GCF_000354175.2|NC_022349.1|NC_022349.1_827,75,14,95
GCF_000354175.2|NC_022349.1|NC_022349.1_828,31,6,33
GCF_000354175.2|NC_022349.1|NC_022349.1_829,12,6,12
GCF_000354175.2|NC_022349.1|NC_022349.1_837,5,3,5
GCF_000354175.2|NC_022349.1|NC_022349.1_838,4,2,4
GCF_000354175.2|NC_022349.1|NC_022349.1_840,4,2,4
GCF_000354175.2|NC_022349.1|NC_022349.1_844,33,11,42
GCF_000354175.2|NC_022349.1|NC_022349.1_846,4,2,4
GCF_000354175.2|NC_022349.1|NC_022349.1_849,15,5,16
GCF_000354175.2|NC_022349.1|NC_022349.1_850,9,5,9
GCF_000354175.2|NC_022349.1|NC_022349.1_851,6,3,6
GCF_000354175.2|NC_022349.1|NC_022349.1_855,5,3,6
GCF_000354175.2|NC_022349.1|NC_022349.1_863,18,6,19
GCF_000354175.2|NC_022349.1|NC_022349.1_872,6,4,6
GCF_000354175.2|NC_022349.1|NC_022349.1_873,12,6,13
GCF_000354175.2|NC_022349.1|NC_022349.1_876,3,2,3
GCF_000354175.2|NC_022349.1|NC_022349.1_877,4,3,4
GCF_000354175.2|NC_022349.1|NC_022349.1_878,8,5,8
GCF_000354175.2|NC_022349.1|NC_022349.1_879,4,3,4
GCF_000354175.2|NC_022349.1|NC_022349.1_880,11,8,11
GCF_000430425.1|NC_021848.1|NC_021848.1_882,1,1,1
GCF_000430425.1|NC_021848.1|NC_021848.1_883,1,1,1
GCF_000430425.1|NC_021848.1|NC_021848.1_886,4,2,5
GCF_000430425.1|NC_021848.1|NC_021848.1_887,4,2,4
GCF_000430425.1|NC_021848.1|NC_021848.1_892,10,3,11
GCF_000430425.1|NC_021848.1|NC_021848.1_894,43,9,50
GCF_000430425.1|NC_021848.1|NC_021848.1_895,16,7,16
GCF_000430425.1|NC_021848.1|NC_021848.1_898,9,3,9
GCF_000430425.1|NC_021848.1|NC_021848.1_899,4,4,4
GCF_000430425.1|NC_021848.1|NC_021848.1_900,54,12,63
GCF_000430425.1|NC_021848.1|NC_021848.1_901,13,3,14
GCF_000430425.1|NC_021848.1|NC_021848.1_907,31,10,34
GCF_000430425.1|NC_021848.1|NC_021848.1_916,4,3,4
GCF_000430425.1|NC_021848.1|NC_021848.1_920,3,3,3
GCF_000430425.1|NC_021848.1|NC_021848.1_925,12,5,12
GCF_000430425.1|NC_021848.1|NC_021848.1_928,182,35,257
GCF_000430425.1|NC_021848.1|NC_021848.1_931,11,2,13
GCF_000462975.1|NC_022224.1|NC_022224.1_1,2,2,2
GCF_000462975.1|NC_022224.1|NC_022224.1_3,1,1,1
GCF_000462975.1|NC_022224.1|NC_022224.1_4,1,1,1
GCF_000462975.1|NC_022224.1|NC_022224.1_831,2,2,2
GCF_000462975.1|NC_022224.1|NC_022224.1_832,2,2,2
GCF_000462975.1|NC_022224.1|NC_022224.1_838,2,2,2
GCF_000786425.1|NZ_LK021129.1|NZ_LK021129.1_549,40,9,51
GCF_000786425.1|NZ_LK021129.1|NZ_LK021129.1_558,97,21,400
GCF_000788715.2|NZ_CP012997.1|NZ_CP012997.1_752,3,2,3
GCF_000788715.2|NZ_CP012997.1|NZ_CP012997.1_763,3,2,3
GCF_000969265.1|NZ_CP010812.1|NZ_CP010812.1_746,7,3,7
GCF_001188185.2|NZ_CP026041.1|NZ_CP026041.1_1617,9,2,9
GCF_001188185.2|NZ_CP026041.1|NZ_CP026041.1_1623,9,2,9
GCF_001188185.2|NZ_CP026041.1|NZ_CP026041.1_1626,26,2,26
GCF_001188185.2|NZ_CP026041.1|NZ_CP026041.1_1628,31,8,36
GCF_001188185.2|NZ_CP026041.1|NZ_CP026041.1_1629,23,4,23
GCF_001188185.2|NZ_CP026041.1|NZ_CP026041.1_1632,10,2,10
GCF_001188185.2|NZ_CP026041.1|NZ_CP026041.1_1634,19,4,19
GCF_001188185.2|NZ_CP026041.1|NZ_CP026041.1_1635,9,2,9
GCF_001188185.2|NZ_CP026041.1|NZ_CP026041.1_1637,13,3,13
GCF_001188185.2|NZ_CP026041.1|NZ_CP026041.1_1639,9,2,9
GCF_001188185.2|NZ_CP026041.1|NZ_CP026041.1_1641,15,2,15
GCF_001188185.2|NZ_CP026041.1|NZ_CP026041.1_1642,21,8,22
GCF_001188185.2|NZ_CP026041.1|NZ_CP026041.1_1644,9,2,9
GCF_001188185.2|NZ_CP026041.1|NZ_CP026041.1_1645,12,2,19
GCF_001188185.2|NZ_CP026041.1|NZ_CP026041.1_1649,9,3,9
GCF_001188185.2|NZ_CP026041.1|NZ_CP026041.1_1650,16,7,16
GCF_001188185.2|NZ_CP026041.1|NZ_CP026041.1_1651,13,3,20
GCF_001188185.2|NZ_CP026041.1|NZ_CP026041.1_1654,7,2,7
GCF_001188185.2|NZ_CP026041.1|NZ_CP026041.1_1658,10,5,10
GCF_001188185.2|NZ_CP026041.1|NZ_CP026041.1_1660,9,4,9
GCF_001188185.2|NZ_CP026041.1|NZ_CP026041.1_1661,11,3,14
GCF_001188185.2|NZ_CP026041.1|NZ_CP026041.1_1663,8,3,8
GCF_001188185.2|NZ_CP026041.1|NZ_CP026041.1_1665,11,2,11
GCF_001188185.2|NZ_CP026041.1|NZ_CP026041.1_1666,11,3,11
GCF_001188185.2|NZ_CP026041.1|NZ_CP026041.1_1672,12,2,12
GCF_001188185.2|NZ_CP026041.1|NZ_CP026041.1_1674,15,3,15
GCF_001188185.2|NZ_CP026041.1|NZ_CP026041.1_1675,15,3,15
GCF_001188185.2|NZ_CP026041.1|NZ_CP026041.1_1680,14,4,14
GCF_001188185.2|NZ_CP026041.1|NZ_CP026041.1_1681,11,4,11
GCF_001188185.2|NZ_CP026041.1|NZ_CP026041.1_1683,21,7,22
GCF_001188185.2|NZ_CP026041.1|NZ_CP026041.1_1684,11,3,11
GCF_001188185.2|NZ_CP026041.1|NZ_CP026041.1_1685,9,2,9
GCF_001188185.2|NZ_CP026041.1|NZ_CP026041.1_1690,40,11,42
GCF_001188185.2|NZ_CP026041.1|NZ_CP026041.1_1693,10,3,10
GCF_001188185.2|NZ_CP026041.1|NZ_CP026041.1_1694,65,7,73
GCF_001188185.2|NZ_CP026041.1|NZ_CP026041.1_1695,10,2,10
GCF_001304775.1|NZ_CP009765.1|NZ_CP009765.1_1739,26,9,26
GCF_001304775.1|NZ_CP009765.1|NZ_CP009765.1_1744,14,6,14
GCF_001304775.1|NZ_CP009765.1|NZ_CP009765.1_1749,6,5,7
GCF_001304775.1|NZ_CP009765.1|NZ_CP009765.1_1752,1,1,1
GCF_001304775.1|NZ_CP009765.1|NZ_CP009765.1_1756,1,1,1
GCF_001304775.1|NZ_CP009765.1|NZ_CP009765.1_1757,1,1,1
GCF_001304775.1|NZ_CP009765.1|NZ_CP009765.1_1761,3,2,3
GCF_001304775.1|NZ_CP009765.1|NZ_CP009765.1_1778,34,5,35
GCF_001304775.1|NZ_CP009765.1|NZ_CP009765.1_1779,18,8,22
GCF_001304775.1|NZ_CP009765.1|NZ_CP009765.1_1784,2,1,2
GCF_001304775.1|NZ_CP009765.1|NZ_CP009765.1_1788,1,1,1
GCF_001304775.1|NZ_CP009765.1|NZ_CP009765.1_1790,6,2,6
GCF_001304775.1|NZ_CP009765.1|NZ_CP009765.1_1791,1,1,1
GCF_001304775.1|NZ_CP009765.1|NZ_CP009765.1_1792,10,3,10
GCF_001304775.1|NZ_CP009765.1|NZ_CP009765.1_1794,4,4,4
GCF_001304775.1|NZ_CP009765.1|NZ_CP009765.1_1801,6,3,6
GCF_001304775.1|NZ_CP009765.1|NZ_CP009765.1_1807,21,4,21
GCF_001304775.1|NZ_CP009765.1|NZ_CP009765.1_1812,1,1,1
GCF_001304775.1|NZ_CP009765.1|NZ_CP009765.1_1813,1,1,1
GCF_001304775.1|NZ_CP009765.1|NZ_CP009765.1_1814,6,5,6
GCF_001310575.2|NZ_CP045859.1|NZ_CP045859.1_1253,13,4,14
GCF_001310575.2|NZ_CP045859.1|NZ_CP045859.1_1254,4,2,4
GCF_001310575.2|NZ_CP045859.1|NZ_CP045859.1_1255,4,2,4
GCF_001310575.2|NZ_CP045859.1|NZ_CP045859.1_1256,9,5,9
GCF_001310575.2|NZ_CP045859.1|NZ_CP045859.1_1257,9,6,9
GCF_001310575.2|NZ_CP045859.1|NZ_CP045859.1_1258,5,3,5
GCF_001310575.2|NZ_CP045859.1|NZ_CP045859.1_1259,29,10,32
GCF_001310575.2|NZ_CP045859.1|NZ_CP045859.1_1261,3,1,3
GCF_001310575.2|NZ_CP045859.1|NZ_CP045859.1_1262,1,1,1
GCF_001310575.2|NZ_CP045859.1|NZ_CP045859.1_1264,3,1,3
GCF_001310575.2|NZ_CP045859.1|NZ_CP045859.1_1265,20,5,20
GCF_001558435.2|NZ_CP014038.2|NZ_CP014038.2_499,1,1,1
GCF_001558435.2|NZ_CP014038.2|NZ_CP014038.2_500,2,2,2
GCF_001558435.2|NZ_CP014038.2|NZ_CP014038.2_506,12,4,12
GCF_001558435.2|NZ_CP014038.2|NZ_CP014038.2_507,6,5,6
GCF_001558435.2|NZ_CP014038.2|NZ_CP014038.2_511,1,1,1
GCF_001558435.2|NZ_CP014038.2|NZ_CP014038.2_514,49,16,50
GCF_001558435.2|NZ_CP014038.2|NZ_CP014038.2_515,1,1,1
GCF_001558435.2|NZ_CP014038.2|NZ_CP014038.2_516,1,1,1
GCF_001558435.2|NZ_CP014038.2|NZ_CP014038.2_517,14,3,15
GCF_001558435.2|NZ_CP014038.2|NZ_CP014038.2_528,1,1,1
GCF_001558435.2|NZ_CP014038.2|NZ_CP014038.2_531,1,1,1
GCF_001558435.2|NZ_CP014038.2|NZ_CP014038.2_535,19,9,20
GCF_001558435.2|NZ_CP014038.2|NZ_CP014038.2_536,1,1,1
GCF_001558435.2|NZ_CP014038.2|NZ_CP014038.2_538,3,2,3
GCF_001558435.2|NZ_CP014038.2|NZ_CP014038.2_544,27,8,29
GCF_001558435.2|NZ_CP014038.2|NZ_CP014038.2_545,13,4,13
GCF_001558435.2|NZ_CP014038.2|NZ_CP014038.2_551,1,1,1
GCF_001558435.2|NZ_CP014038.2|NZ_CP014038.2_558,1,1,1
GCF_001558435.2|NZ_CP014038.2|NZ_CP014038.2_560,1,1,1
GCF_001558435.2|NZ_CP014038.2|NZ_CP014038.2_561,1,1,1
GCF_001558435.2|NZ_CP014038.2|NZ_CP014038.2_562,1,1,1
GCF_001558435.2|NZ_CP014038.2|NZ_CP014038.2_566,2,2,2
GCF_001558435.2|NZ_CP014038.2|NZ_CP014038.2_568,23,11,26
GCF_001558435.2|NZ_CP014038.2|NZ_CP014038.2_569,1,1,1
GCF_001558435.2|NZ_CP014038.2|NZ_CP014038.2_570,1,1,1
GCF_001558435.2|NZ_CP014038.2|NZ_CP014038.2_571,6,3,8
GCF_001558435.2|NZ_CP014038.2|NZ_CP014038.2_573,1,1,1
GCF_001558435.2|NZ_CP014038.2|NZ_CP014038.2_576,17,10,19
GCF_001558435.2|NZ_CP014038.2|NZ_CP014038.2_582,8,2,9
GCF_001558435.2|NZ_CP014038.2|NZ_CP014038.2_585,12,7,14
GCF_001558435.2|NZ_CP014038.2|NZ_CP014038.2_586,1,1,1
GCF_001558435.2|NZ_CP014038.2|NZ_CP014038.2_587,1,1,1
GCF_001558435.2|NZ_CP014038.2|NZ_CP014038.2_589,7,4,8
GCF_001558475.2|NZ_CP014042.2|NZ_CP014042.2_969,70,15,91
GCF_001558475.2|NZ_CP014042.2|NZ_CP014042.2_974,1,1,1
GCF_001558515.2|NZ_CP014049.2|NZ_CP014049.2_1189,5,1,7
GCF_001558515.2|NZ_CP014049.2|NZ_CP014049.2_1203,1,1,1
GCF_001558515.2|NZ_CP014049.2|NZ_CP014049.2_1206,14,8,14
GCF_001558515.2|NZ_CP014049.2|NZ_CP014049.2_1211,68,15,78
GCF_001558515.2|NZ_CP014049.2|NZ_CP014049.2_1213,3,2,3
GCF_001558515.2|NZ_CP014049.2|NZ_CP014049.2_1217,22,7,24
GCF_001558515.2|NZ_CP014049.2|NZ_CP014049.2_1218,7,4,7
GCF_001558515.2|NZ_CP014049.2|NZ_CP014049.2_1220,1,1,1
GCF_001558515.2|NZ_CP014049.2|NZ_CP014049.2_1222,93,18,95
GCF_001558515.2|NZ_CP014049.2|NZ_CP014049.2_1224,8,4,8
GCF_001558515.2|NZ_CP014049.2|NZ_CP014049.2_1232,8,3,10
GCF_001558515.2|NZ_CP014049.2|NZ_CP014049.2_1233,1,1,1
GCF_001558515.2|NZ_CP014049.2|NZ_CP014049.2_1240,1,1,1
GCF_001558515.2|NZ_CP014049.2|NZ_CP014049.2_1244,5,3,5
GCF_001558515.2|NZ_CP014049.2|NZ_CP014049.2_1263,6,3,7
GCF_001558515.2|NZ_CP014049.2|NZ_CP014049.2_1264,2,2,2
GCF_001558515.2|NZ_CP014049.2|NZ_CP014049.2_1265,1,1,1
GCF_001558515.2|NZ_CP014049.2|NZ_CP014049.2_1268,1,1,1
GCF_001558515.2|NZ_CP014049.2|NZ_CP014049.2_1270,2,2,2
GCF_001675245.1|NZ_CP012739.1|NZ_CP012739.1_1367,1,1,1
GCF_001675245.1|NZ_CP012739.1|NZ_CP012739.1_1371,1,1,1
GCF_001675245.1|NZ_CP012739.1|NZ_CP012739.1_1375,17,6,17
GCF_001675245.1|NZ_CP012739.1|NZ_CP012739.1_1379,4,4,4
GCF_001675245.1|NZ_CP012739.1|NZ_CP012739.1_1383,1,1,1
GCF_001675245.1|NZ_CP012739.1|NZ_CP012739.1_1387,32,12,59
GCF_001675245.1|NZ_CP012739.1|NZ_CP012739.1_1390,1,1,1
GCF_001675245.1|NZ_CP012739.1|NZ_CP012739.1_1391,1,1,1
GCF_001675245.1|NZ_CP012739.1|NZ_CP012739.1_1413,3,3,3
GCF_001675245.1|NZ_CP012739.1|NZ_CP012739.1_1415,3,2,3
GCF_001675245.1|NZ_CP012739.1|NZ_CP012739.1_1426,1,1,1
GCF_001675245.1|NZ_CP012739.1|NZ_CP012739.1_1431,1,1,1
GCF_001675245.1|NZ_CP012739.1|NZ_CP012739.1_1435,1,1,1
GCF_001675245.1|NZ_CP012740.1|NZ_CP012740.1_299,7,4,7
GCF_001675245.1|NZ_CP012740.1|NZ_CP012740.1_300,3,1,3
GCF_001677275.1|NZ_CP016177.1|NZ_CP016177.1_1177,1,1,1
GCF_001679745.1|NZ_CP016224.1|NZ_CP016224.1_1622,13,5,13
GCF_001679745.1|NZ_CP016224.1|NZ_CP016224.1_1629,2,1,3
GCF_001682175.1|NZ_CP011884.1|NZ_CP011884.1_1225,4,1,4
GCF_001682175.1|NZ_CP011884.1|NZ_CP011884.1_1226,4,1,4
GCF_001682175.1|NZ_CP011884.1|NZ_CP011884.1_1228,10,3,11
GCF_001682175.1|NZ_CP011884.1|NZ_CP011884.1_1232,4,1,4
GCF_001682175.1|NZ_CP011884.1|NZ_CP011884.1_1238,7,1,7
GCF_001682175.1|NZ_CP011884.1|NZ_CP011884.1_1241,4,1,4
GCF_001682175.1|NZ_CP011884.1|NZ_CP011884.1_1245,2,2,2
GCF_001682175.1|NZ_CP011884.1|NZ_CP011884.1_1247,4,1,4
GCF_001682175.1|NZ_CP011884.1|NZ_CP011884.1_1248,5,2,5
GCF_001682175.1|NZ_CP011884.1|NZ_CP011884.1_1249,4,1,4
GCF_001682175.1|NZ_CP011884.1|NZ_CP011884.1_1250,4,1,4
GCF_001682175.1|NZ_CP011884.1|NZ_CP011884.1_1251,17,7,17
GCF_001682175.1|NZ_CP011884.1|NZ_CP011884.1_1253,8,4,8
GCF_001682175.1|NZ_CP011884.1|NZ_CP011884.1_1254,8,4,8
GCF_001682175.1|NZ_CP011884.1|NZ_CP011884.1_1256,10,4,10
GCF_001682175.1|NZ_CP011884.1|NZ_CP011884.1_1257,4,1,4
GCF_001682175.1|NZ_CP011884.1|NZ_CP011884.1_1258,6,3,7
GCF_001682175.1|NZ_CP011884.1|NZ_CP011884.1_1260,9,2,9
GCF_001682175.1|NZ_CP011884.1|NZ_CP011884.1_1261,6,2,6
GCF_056824445.1|NZ_CP103956.1|NZ_CP103956.1_1824,1,1,1
GCF_056934275.1|NZ_CM167796.1|NZ_CM167796.1_1692,1,1,1
GCF_056934275.1|NZ_CM167796.1|NZ_CM167796.1_1693,1,1,1
GCF_056934275.1|NZ_CM167796.1|NZ_CM167796.1_1704,2,1,2
GCF_056934275.1|NZ_CM167796.1|NZ_CM167796.1_1706,9,7,13
GCF_056934275.1|NZ_CM167796.1|NZ_CM167796.1_1707,2,2,2
GCF_056934275.1|NZ_CM167796.1|NZ_CM167796.1_1708,2,2,2
GCF_056934275.1|NZ_CM167796.1|NZ_CM167796.1_1712,1,1,1
GCF_056934275.1|NZ_CM167796.1|NZ_CM167796.1_1733,3,2,3
GCF_056934275.1|NZ_CM167796.1|NZ_CM167796.1_1735,1,1,1
GCF_056934275.1|NZ_CM167796.1|NZ_CM167796.1_1736,3,2,3
GCF_056934275.1|NZ_CM167796.1|NZ_CM167796.1_1738,1,1,1
GCF_056934275.1|NZ_CM167796.1|NZ_CM167796.1_1748,1,1,1
GCF_056934275.1|NZ_CM167796.1|NZ_CM167796.1_1749,2,1,2
GCF_056934275.1|NZ_CM167796.1|NZ_CM167796.1_1750,2,1,2
GCF_056934275.1|NZ_CM167796.1|NZ_CM167796.1_1758,4,2,4
GCF_056934275.1|NZ_CM167796.1|NZ_CM167796.1_1762,3,2,3
GCF_056934275.1|NZ_CM167796.1|NZ_CM167796.1_1770,1,1,1
GCF_056934275.1|NZ_CM167796.1|NZ_CM167796.1_1771,1,1,1
GCF_057368455.1|NZ_CM170641.1|NZ_CM170641.1_1067,1,1,1
GCF_057368455.1|NZ_CM170641.1|NZ_CM170641.1_1068,1,1,1
GCF_057368455.1|NZ_CM170641.1|NZ_CM170641.1_1070,1,1,1
GCF_057368455.1|NZ_CM170641.1|NZ_CM170641.1_1076,4,2,4
GCF_057368455.1|NZ_CM170641.1|NZ_CM170641.1_1078,1,1,1
GCF_057368455.1|NZ_CM170641.1|NZ_CM170641.1_1080,5,3,5
GCF_057368455.1|NZ_CM170641.1|NZ_CM170641.1_1081,3,1,3
GCF_057368455.1|NZ_CM170641.1|NZ_CM170641.1_1082,1,1,1
GCF_057368455.1|NZ_CM170641.1|NZ_CM170641.1_1084,3,1,3
GCF_057368455.1|NZ_CM170641.1|NZ_CM170641.1_1086,1,1,1
GCF_057368455.1|NZ_CM170641.1|NZ_CM170641.1_1087,1,1,1
GCF_057368455.1|NZ_CM170641.1|NZ_CM170641.1_1088,1,1,1
GCF_057368455.1|NZ_CM170641.1|NZ_CM170641.1_1089,1,1,1
GCF_057368455.1|NZ_CM170641.1|NZ_CM170641.1_1096,1,1,1
GCF_057368455.1|NZ_CM170641.1|NZ_CM170641.1_1098,1,1,1
GCF_057368455.1|NZ_CM170641.1|NZ_CM170641.1_1108,3,3,4
GCF_057368455.1|NZ_CM170641.1|NZ_CM170641.1_1114,1,1,1
GCF_057368475.1|NZ_CM170642.1|NZ_CM170642.1_1349,3,1,3
GCF_057368475.1|NZ_CM170642.1|NZ_CM170642.1_1350,3,1,3
GCF_057368475.1|NZ_CM170642.1|NZ_CM170642.1_1352,3,1,3
GCF_057368475.1|NZ_CM170643.1|NZ_CM170643.1_865,3,1,3
GCF_057368475.1|NZ_CM170643.1|NZ_CM170643.1_866,20,6,33
GCF_057368475.1|NZ_CM170643.1|NZ_CM170643.1_868,3,1,3
GCF_057368475.1|NZ_CM170643.1|NZ_CM170643.1_871,3,1,3
GCF_057368475.1|NZ_CM170643.1|NZ_CM170643.1_873,4,2,4
GCF_057368475.1|NZ_CM170643.1|NZ_CM170643.1_876,3,1,3
GCF_057368475.1|NZ_CM170643.1|NZ_CM170643.1_877,3,1,3
GCF_057368475.1|NZ_CM170643.1|NZ_CM170643.1_880,5,2,5
GCF_057368475.1|NZ_CM170643.1|NZ_CM170643.1_884,4,2,4
GCF_057368475.1|NZ_CM170643.1|NZ_CM170643.1_885,5,2,8
GCF_057368475.1|NZ_CM170643.1|NZ_CM170643.1_886,3,1,3
GCF_057368475.1|NZ_CM170643.1|NZ_CM170643.1_888,3,1,3
GCF_057368475.1|NZ_CM170643.1|NZ_CM170643.1_889,3,1,3
GCF_057368475.1|NZ_CM170643.1|NZ_CM170643.1_890,3,1,3
GCF_057368475.1|NZ_CM170643.1|NZ_CM170643.1_891,3,1,3
GCF_057368475.1|NZ_CM170643.1|NZ_CM170643.1_893,3,1,3
GCF_057368475.1|NZ_CM170643.1|NZ_CM170643.1_894,3,1,6
GCF_057368475.1|NZ_CM170643.1|NZ_CM170643.1_895,3,1,3
GCF_057368475.1|NZ_CM170643.1|NZ_CM170643.1_897,3,1,3
GCF_057368475.1|NZ_CM170643.1|NZ_CM170643.1_899,3,1,3
GCF_057368475.1|NZ_CM170643.1|NZ_CM170643.1_901,4,2,4
GCF_057368475.1|NZ_CM170643.1|NZ_CM170643.1_903,4,2,4
GCF_057368475.1|NZ_CM170643.1|NZ_CM170643.1_904,16,6,17
GCF_057368475.1|NZ_CM170643.1|NZ_CM170643.1_905,11,3,15
GCF_057368475.1|NZ_CM170643.1|NZ_CM170643.1_907,19,6,19
GCF_057368475.1|NZ_CM170643.1|NZ_CM170643.1_908,4,2,4
GCF_057368475.1|NZ_CM170643.1|NZ_CM170643.1_909,3,1,3
GCF_057368475.1|NZ_CM170643.1|NZ_CM170643.1_910,4,2,4
GCF_057368585.1|NZ_CM170655.1|NZ_CM170655.1_1081,3,2,3
GCF_057368585.1|NZ_CM170655.1|NZ_CM170655.1_1082,3,2,3
GCF_057368615.1|NZ_CM170656.1|NZ_CM170656.1_1294,1,1,1
GCF_057368615.1|NZ_CM170656.1|NZ_CM170656.1_1295,1,1,1
GCF_057368615.1|NZ_CM170656.1|NZ_CM170656.1_1297,1,1,1
GCF_057368615.1|NZ_CM170656.1|NZ_CM170656.1_1298,1,1,1
GCF_057368615.1|NZ_CM170656.1|NZ_CM170656.1_1299,1,1,1
GCF_057368615.1|NZ_CM170656.1|NZ_CM170656.1_1300,1,1,1
GCF_057368615.1|NZ_CM170657.1|NZ_CM170657.1_986,2,2,2
GCF_057368615.1|NZ_CM170657.1|NZ_CM170657.1_989,1,1,1
GCF_057368615.1|NZ_CM170657.1|NZ_CM170657.1_990,1,1,1
GCF_057368615.1|NZ_CM170657.1|NZ_CM170657.1_991,1,1,1
GCF_057368615.1|NZ_CM170657.1|NZ_CM170657.1_992,1,1,1
GCF_057368615.1|NZ_CM170657.1|NZ_CM170657.1_994,1,1,1
GCF_057368615.1|NZ_CM170657.1|NZ_CM170657.1_1002,1,1,1
GCF_057368615.1|NZ_CM170657.1|NZ_CM170657.1_1004,1,1,1
GCF_057368615.1|NZ_CM170657.1|NZ_CM170657.1_1011,1,1,1
GCF_057368615.1|NZ_CM170657.1|NZ_CM170657.1_1016,1,1,1
GCF_057368615.1|NZ_CM170657.1|NZ_CM170657.1_1017,1,1,1
GCF_057368615.1|NZ_CM170657.1|NZ_CM170657.1_1020,1,1,1
GCF_057368615.1|NZ_CM170657.1|NZ_CM170657.1_1021,1,1,1
GCF_057368615.1|NZ_CM170657.1|NZ_CM170657.1_1022,1,1,1
GCF_057368615.1|NZ_CM170657.1|NZ_CM170657.1_1026,1,1,1
GCF_057368615.1|NZ_CM170657.1|NZ_CM170657.1_1029,1,1,1
GCF_057368615.1|NZ_CM170657.1|NZ_CM170657.1_1031,4,3,4
GCF_057368635.1|NZ_CM170658.1|NZ_CM170658.1_1222,1,1,1
GCF_057368635.1|NZ_CM170658.1|NZ_CM170658.1_1223,1,1,1
GCF_057368635.1|NZ_CM170658.1|NZ_CM170658.1_1224,2,2,2
GCF_057368635.1|NZ_CM170659.1|NZ_CM170659.1_914,1,1,1
GCF_057368635.1|NZ_CM170659.1|NZ_CM170659.1_916,5,5,5
GCF_057368635.1|NZ_CM170659.1|NZ_CM170659.1_917,1,1,1
GCF_057368635.1|NZ_CM170659.1|NZ_CM170659.1_919,1,1,1
GCF_057368635.1|NZ_CM170659.1|NZ_CM170659.1_920,3,2,3
GCF_057368635.1|NZ_CM170659.1|NZ_CM170659.1_930,2,2,2
GCF_057368635.1|NZ_CM170659.1|NZ_CM170659.1_937,1,1,1
GCF_057439675.1|NZ_CM171982.1|NZ_CM171982.1_1441,1,1,1
GCF_057439675.1|NZ_CM171982.1|NZ_CM171982.1_1450,1,1,1
GCF_057439675.1|NZ_CM171982.1|NZ_CM171982.1_1453,1,1,1
GCF_057439695.1|NZ_CM171984.1|NZ_CM171984.1_1161,2,2,3
GCF_057439695.1|NZ_CM171984.1|NZ_CM171984.1_1162,5,5,5
GCF_057439695.1|NZ_CM171984.1|NZ_CM171984.1_1163,1,1,1
GCF_057439695.1|NZ_CM171984.1|NZ_CM171984.1_1170,1,1,1
GCF_057439695.1|NZ_CM171984.1|NZ_CM171984.1_1181,1,1,1
GCF_057439695.1|NZ_CM171984.1|NZ_CM171984.1_1189,2,2,2
GCF_057439695.1|NZ_CM171984.1|NZ_CM171984.1_1191,2,2,2
GCF_057439695.1|NZ_CM171984.1|NZ_CM171984.1_1238,2,2,2
GCF_057439695.1|NZ_CM171984.1|NZ_CM171984.1_1243,2,2,2
GCF_057439715.1|NZ_CM171986.1|NZ_CM171986.1_1961,1,1,1
GCF_057439715.1|NZ_CM171986.1|NZ_CM171986.1_1969,1,1,1
GCF_057439715.1|NZ_CM171986.1|NZ_CM171986.1_1970,1,1,1
GCF_057439715.1|NZ_CM171986.1|NZ_CM171986.1_1974,2,2,2
GCF_057439715.1|NZ_CM171986.1|NZ_CM171986.1_1975,3,3,4
GCF_057439715.1|NZ_CM171986.1|NZ_CM171986.1_1977,1,1,1
GCF_057439755.1|NZ_CM171992.1|NZ_CM171992.1_2141,7,6,7
GCF_057439795.1|NZ_CM171996.1|NZ_CM171996.1_1889,2,1,4
GCF_057439795.1|NZ_CM171996.1|NZ_CM171996.1_1940,3,2,3
GCF_057439825.1|NZ_CM171998.1|NZ_CM171998.1_1265,2,1,2
GCF_057439825.1|NZ_CM171998.1|NZ_CM171998.1_1268,2,1,2
GCF_057439825.1|NZ_CM171998.1|NZ_CM171998.1_1269,2,1,2
GCF_057439825.1|NZ_CM171998.1|NZ_CM171998.1_1273,3,2,3
GCF_057439825.1|NZ_CM171998.1|NZ_CM171998.1_1287,3,2,3
GCF_057439825.1|NZ_CM171998.1|NZ_CM171998.1_1291,2,1,2
GCF_057439825.1|NZ_CM171998.1|NZ_CM171998.1_1296,3,2,3
GCF_057439825.1|NZ_CM171998.1|NZ_CM171998.1_1297,2,1,2
GCF_057439825.1|NZ_CM171998.1|NZ_CM171998.1_1298,2,1,2
GCF_057439825.1|NZ_CM171999.1|NZ_CM171999.1_747,2,1,2
GCF_057439825.1|NZ_CM171999.1|NZ_CM171999.1_750,1,1,1
GCF_057439825.1|NZ_CM171999.1|NZ_CM171999.1_752,2,1,2
GCF_057439855.1|NZ_CM172000.1|NZ_CM172000.1_1622,1,1,1
GCF_057439855.1|NZ_CM172000.1|NZ_CM172000.1_1623,1,1,1
GCF_057439855.1|NZ_CM172000.1|NZ_CM172000.1_1624,1,1,1
GCF_057439855.1|NZ_CM172000.1|NZ_CM172000.1_1628,1,1,1
GCF_057439855.1|NZ_CM172000.1|NZ_CM172000.1_1629,1,1,1
GCF_057439855.1|NZ_CM172000.1|NZ_CM172000.1_1630,1,1,1
GCF_057439855.1|NZ_CM172000.1|NZ_CM172000.1_1631,1,1,1
GCF_057439855.1|NZ_CM172000.1|NZ_CM172000.1_1635,8,5,8
GCF_057439855.1|NZ_CM172000.1|NZ_CM172000.1_1636,1,1,1
GCF_057439855.1|NZ_CM172000.1|NZ_CM172000.1_1639,2,2,2
GCF_057439855.1|NZ_CM172000.1|NZ_CM172000.1_1643,1,1,1
GCF_057439855.1|NZ_CM172000.1|NZ_CM172000.1_1644,2,2,2
GCF_057439855.1|NZ_CM172000.1|NZ_CM172000.1_1646,1,1,1
GCF_057439855.1|NZ_CM172000.1|NZ_CM172000.1_1650,2,2,2
GCF_057730815.1|NZ_CM173199.1|NZ_CM173199.1_936,1,1,1
GCF_057730815.1|NZ_CM173199.1|NZ_CM173199.1_938,1,1,1
GCF_057730815.1|NZ_CM173199.1|NZ_CM173199.1_940,1,1,1
GCF_057730815.1|NZ_CM173199.1|NZ_CM173199.1_941,1,1,1
GCF_057730815.1|NZ_CM173199.1|NZ_CM173199.1_943,1,1,1
GCF_057730815.1|NZ_CM173199.1|NZ_CM173199.1_944,1,1,1
GCF_057730815.1|NZ_CM173199.1|NZ_CM173199.1_946,1,1,1
GCF_057730815.1|NZ_CM173199.1|NZ_CM173199.1_947,1,1,1
GCF_057730815.1|NZ_CM173199.1|NZ_CM173199.1_948,1,1,1
GCF_057730815.1|NZ_CM173199.1|NZ_CM173199.1_950,1,1,1
GCF_057730815.1|NZ_CM173199.1|NZ_CM173199.1_953,2,2,2
GCF_057730815.1|NZ_CM173199.1|NZ_CM173199.1_954,1,1,2
GCF_057730815.1|NZ_CM173199.1|NZ_CM173199.1_955,1,1,2
GCF_057730815.1|NZ_CM173199.1|NZ_CM173199.1_957,1,1,1
GCF_057730825.1|NZ_CM173203.1|NZ_CM173203.1_58,2,1,2
GCF_057730825.1|NZ_CM173203.1|NZ_CM173203.1_60,2,1,2
GCF_057730825.1|NZ_CM173203.1|NZ_CM173203.1_61,2,1,2
GCF_057730825.1|NZ_CM173203.1|NZ_CM173203.1_63,2,1,2
GCF_057730825.1|NZ_CM173203.1|NZ_CM173203.1_64,3,2,3
GCF_057730825.1|NZ_CM173203.1|NZ_CM173203.1_66,2,1,2
GCF_057730825.1|NZ_CM173203.1|NZ_CM173203.1_68,2,1,2
GCF_057730825.1|NZ_CM173203.1|NZ_CM173203.1_69,2,1,2
GCF_057730825.1|NZ_CM173203.1|NZ_CM173203.1_72,2,1,2
GCF_057730825.1|NZ_CM173203.1|NZ_CM173203.1_73,2,1,2
GCF_057730825.1|NZ_CM173203.1|NZ_CM173203.1_77,2,1,2
GCF_057730825.1|NZ_CM173203.1|NZ_CM173203.1_81,2,1,2
GCF_057730825.1|NZ_CM173203.1|NZ_CM173203.1_82,2,1,2
GCF_057730825.1|NZ_CM173203.1|NZ_CM173203.1_86,2,1,2
GCF_057730825.1|NZ_CM173203.1|NZ_CM173203.1_89,3,2,3
GCF_057730825.1|NZ_CM173203.1|NZ_CM173203.1_93,2,1,2
GCF_057730825.1|NZ_CM173203.1|NZ_CM173203.1_95,2,1,2
GCF_057730825.1|NZ_CM173203.1|NZ_CM173203.1_99,2,1,2
GCF_057730825.1|NZ_CM173203.1|NZ_CM173203.1_100,2,1,2
GCF_057730825.1|NZ_CM173203.1|NZ_CM173203.1_102,3,2,3
GCF_057730825.1|NZ_CM173203.1|NZ_CM173203.1_104,2,1,2
GCF_057730825.1|NZ_CM173203.1|NZ_CM173203.1_106,3,2,3
GCF_057730825.1|NZ_CM173203.1|NZ_CM173203.1_108,2,1,2
GCF_057730825.1|NZ_CM173203.1|NZ_CM173203.1_109,2,1,2
GCF_057730835.1|NZ_CM173201.1|NZ_CM173201.1_62,3,2,3
GCF_057730835.1|NZ_CM173201.1|NZ_CM173201.1_67,3,2,5
GCF_058119545.1|NZ_CP099448.1|NZ_CP099448.1_1276,1,1,1
GCF_058119545.1|NZ_CP099448.1|NZ_CP099448.1_1279,1,1,1
GCF_058215515.1|NZ_CM177085.1|NZ_CM177085.1_805,2,1,2
GCF_058215515.1|NZ_CM177085.1|NZ_CM177085.1_820,3,3,3
GCF_058215515.1|NZ_CM177085.1|NZ_CM177085.1_821,2,2,2
GCF_058215515.1|NZ_CM177085.1|NZ_CM177085.1_822,2,2,2
GCF_058215515.1|NZ_CM177085.1|NZ_CM177085.1_825,1,1,1
GCF_058215515.1|NZ_CM177085.1|NZ_CM177085.1_826,1,1,1
GCF_058215515.1|NZ_CM177085.1|NZ_CM177085.1_839,1,1,2
GCF_058215515.1|NZ_CM177085.1|NZ_CM177085.1_840,1,1,2
GCF_058215515.1|NZ_CM177085.1|NZ_CM177085.1_846,1,1,1
GCF_058215515.1|NZ_CM177085.1|NZ_CM177085.1_850,1,1,1
GCF_058215515.1|NZ_CM177085.1|NZ_CM177085.1_855,2,1,2
GCF_058215515.1|NZ_CM177085.1|NZ_CM177085.1_860,1,1,1
GCF_058215515.1|NZ_CM177085.1|NZ_CM177085.1_863,4,3,4
GCF_058215515.1|NZ_CM177085.1|NZ_CM177085.1_877,3,2,3
GCF_058215515.1|NZ_CM177085.1|NZ_CM177085.1_878,1,1,1
GCF_058215515.1|NZ_CM177085.1|NZ_CM177085.1_887,2,2,2
GCF_058215515.1|NZ_CM177085.1|NZ_CM177085.1_889,1,1,1
GCF_058215515.1|NZ_CM177085.1|NZ_CM177085.1_901,161,25,182
GCF_058215515.1|NZ_CM177085.1|NZ_CM177085.1_906,2,2,3
GCF_058215515.1|NZ_CM177085.1|NZ_CM177085.1_923,2,2,2
GCF_058215515.1|NZ_CM177085.1|NZ_CM177085.1_931,2,2,2
GCF_058215515.1|NZ_CM177085.1|NZ_CM177085.1_949,1,1,1
GCF_058215515.1|NZ_CM177085.1|NZ_CM177085.1_952,2,1,2
GCF_058215515.1|NZ_CM177085.1|NZ_CM177085.1_958,1,1,1
GCF_058215515.1|NZ_CM177085.1|NZ_CM177085.1_960,1,1,1
GCF_058215515.1|NZ_CM177085.1|NZ_CM177085.1_970,1,1,1
GCF_058215515.1|NZ_CM177085.1|NZ_CM177085.1_976,2,2,2
GCF_058215515.1|NZ_CM177085.1|NZ_CM177085.1_979,1,1,1
GCF_058215515.1|NZ_CM177085.1|NZ_CM177085.1_984,2,1,2
GCF_059641095.1|NZ_CM184933.1|NZ_CM184933.1_955,1,1,1
GCF_059641095.1|NZ_CM184933.1|NZ_CM184933.1_960,2,1,2
GCF_059641095.1|NZ_CM184933.1|NZ_CM184933.1_961,1,1,1
GCF_059641095.1|NZ_CM184933.1|NZ_CM184933.1_962,1,1,1
GCF_059641095.1|NZ_CM184933.1|NZ_CM184933.1_966,1,1,1
GCF_059641095.1|NZ_CM184933.1|NZ_CM184933.1_970,1,1,1
GCF_059641095.1|NZ_CM184933.1|NZ_CM184933.1_971,3,2,3
GCF_059641095.1|NZ_CM184933.1|NZ_CM184933.1_973,3,1,3
GCF_059682885.1|NZ_CM185025.1|NZ_CM185025.1_1319,2,1,2
GCF_059682885.1|NZ_CM185025.1|NZ_CM185025.1_1322,3,1,3
GCF_059682885.1|NZ_CM185025.1|NZ_CM185025.1_1325,2,1,2
GCF_059682885.1|NZ_CM185025.1|NZ_CM185025.1_1326,2,1,2
GCF_059682885.1|NZ_CM185026.1|NZ_CM185026.1_437,2,1,2
GCF_059682885.1|NZ_JCASQJ010000004.1|NZ_JCASQJ010000004.1_5,3,1,3
GCF_059682885.1|NZ_JCASQJ010000004.1|NZ_JCASQJ010000004.1_8,2,1,2
GCF_059682885.1|NZ_JCASQJ010000004.1|NZ_JCASQJ010000004.1_9,2,1,2
GCF_059683725.1|NZ_CM185037.1|NZ_CM185037.1_1074,6,4,6
GCF_059683725.1|NZ_CM185037.1|NZ_CM185037.1_1075,1,1,1
GCF_059683725.1|NZ_CM185037.1|NZ_CM185037.1_1076,2,2,2
GCF_059683725.1|NZ_CM185038.1|NZ_CM185038.1_1127,1,1,1
GCF_059683725.1|NZ_CM185038.1|NZ_CM185038.1_1130,1,1,1
GCF_059683725.1|NZ_CM185038.1|NZ_CM185038.1_1131,1,1,1
GCF_059683725.1|NZ_CM185038.1|NZ_CM185038.1_1132,1,1,1
GCF_059683725.1|NZ_CM185038.1|NZ_CM185038.1_1133,1,1,1
GCF_059683725.1|NZ_CM185038.1|NZ_CM185038.1_1134,1,1,1
GCF_059683725.1|NZ_CM185038.1|NZ_CM185038.1_1135,1,1,1
GCF_059683725.1|NZ_CM185038.1|NZ_CM185038.1_1136,1,1,1
GCF_059683725.1|NZ_CM185038.1|NZ_CM185038.1_1137,1,1,1
GCF_059683725.1|NZ_CM185038.1|NZ_CM185038.1_1138,1,1,1
GCF_059683725.1|NZ_CM185038.1|NZ_CM185038.1_1139,1,1,1
GCF_059683725.1|NZ_CM185038.1|NZ_CM185038.1_1140,1,1,1
GCF_059683725.1|NZ_CM185038.1|NZ_CM185038.1_1141,1,1,1
GCF_059683725.1|NZ_CM185038.1|NZ_CM185038.1_1142,1,1,1
GCF_059683725.1|NZ_CM185038.1|NZ_CM185038.1_1143,1,1,1
GCF_059683725.1|NZ_CM185038.1|NZ_CM185038.1_1144,1,1,1
GCF_059683725.1|NZ_CM185038.1|NZ_CM185038.1_1145,1,1,1
GCF_059683725.1|NZ_CM185038.1|NZ_CM185038.1_1146,1,1,1
GCF_059683725.1|NZ_CM185038.1|NZ_CM185038.1_1147,1,1,1
GCF_059683725.1|NZ_CM185038.1|NZ_CM185038.1_1148,1,1,1
GCF_059683725.1|NZ_CM185038.1|NZ_CM185038.1_1149,1,1,1
GCF_059683725.1|NZ_CM185038.1|NZ_CM185038.1_1150,1,1,1
GCF_059683725.1|NZ_CM185038.1|NZ_CM185038.1_1151,1,1,1
GCF_059683725.1|NZ_CM185038.1|NZ_CM185038.1_1152,1,1,1
GCF_059683725.1|NZ_CM185038.1|NZ_CM185038.1_1153,1,1,1
GCF_059683725.1|NZ_CM185038.1|NZ_CM185038.1_1154,1,1,1
GCF_059683725.1|NZ_CM185038.1|NZ_CM185038.1_1155,1,1,1
GCF_059683725.1|NZ_CM185038.1|NZ_CM185038.1_1156,1,1,1
GCF_059683725.1|NZ_CM185038.1|NZ_CM185038.1_1157,1,1,1
GCF_059683725.1|NZ_CM185038.1|NZ_CM185038.1_1158,1,1,1
GCF_059683745.1|NZ_CM185039.1|NZ_CM185039.1_1718,2,2,2
GCF_059683745.1|NZ_CM185039.1|NZ_CM185039.1_1719,1,1,1
GCF_059683745.1|NZ_CM185039.1|NZ_CM185039.1_1720,1,1,1
GCF_059683745.1|NZ_CM185039.1|NZ_CM185039.1_1721,1,1,1
GCF_059683745.1|NZ_CM185039.1|NZ_CM185039.1_1724,1,1,1
GCF_059683745.1|NZ_CM185039.1|NZ_CM185039.1_1726,1,1,1
GCF_059683745.1|NZ_CM185039.1|NZ_CM185039.1_1727,1,1,1
GCF_059683745.1|NZ_CM185039.1|NZ_CM185039.1_1730,1,1,1
GCF_059683745.1|NZ_CM185040.1|NZ_CM185040.1_1758,2,1,2
GCF_059772125.1|NZ_CM186276.1|NZ_CM186276.1_1001,1,1,1
GCF_059772125.1|NZ_CM186276.1|NZ_CM186276.1_1002,1,1,1
GCF_059772125.1|NZ_CM186276.1|NZ_CM186276.1_1009,2,2,2
GCF_059772125.1|NZ_CM186276.1|NZ_CM186276.1_1010,2,2,2
GCF_059772125.1|NZ_CM186276.1|NZ_CM186276.1_1014,1,1,1
GCF_059910985.1|NZ_CM187676.1|NZ_CM187676.1_373,1,1,1
GCF_059910985.1|NZ_CM187676.1|NZ_CM187676.1_380,2,2,2
GCF_059910985.1|NZ_CM187676.1|NZ_CM187676.1_381,2,2,2
GCF_059910985.1|NZ_CM187676.1|NZ_CM187676.1_382,1,1,1
GCF_059910985.1|NZ_CM187677.1|NZ_CM187677.1_479,1,1,1
GCF_059910985.1|NZ_CM187677.1|NZ_CM187677.1_480,1,1,1
GCF_059910985.1|NZ_CM187677.1|NZ_CM187677.1_483,1,1,1
GCF_059910985.1|NZ_CM187677.1|NZ_CM187677.1_485,4,4,4
GCF_059910985.1|NZ_CM187677.1|NZ_CM187677.1_488,1,1,1
GCF_059910985.1|NZ_CM187677.1|NZ_CM187677.1_491,1,1,1
GCF_059910985.1|NZ_CM187677.1|NZ_CM187677.1_493,1,1,1
GCF_059910985.1|NZ_CM187677.1|NZ_CM187677.1_494,5,4,5
GCF_059910985.1|NZ_CM187677.1|NZ_CM187677.1_495,1,1,1
GCF_059910985.1|NZ_CM187677.1|NZ_CM187677.1_502,3,3,3
GCF_059910985.1|NZ_CM187677.1|NZ_CM187677.1_505,2,2,2
GCF_059910985.1|NZ_CM187677.1|NZ_CM187677.1_506,4,4,4
GCF_059910985.1|NZ_CM187677.1|NZ_CM187677.1_507,3,3,3
GCF_059910985.1|NZ_CM187677.1|NZ_CM187677.1_522,2,2,2
GCF_059910985.1|NZ_CM187677.1|NZ_CM187677.1_526,1,1,1
GCF_059910985.1|NZ_CM187677.1|NZ_CM187677.1_529,5,5,5
GCF_059910985.1|NZ_CM187677.1|NZ_CM187677.1_534,1,1,1
GCF_059910985.1|NZ_CM187677.1|NZ_CM187677.1_538,2,2,2
GCF_059910985.1|NZ_CM187677.1|NZ_CM187677.1_542,1,1,1
GCF_059910985.1|NZ_CM187677.1|NZ_CM187677.1_545,1,1,1
GCF_059941785.1|NZ_CM188131.1|NZ_CM188131.1_1793,2,1,2
GCF_059941785.1|NZ_CM188131.1|NZ_CM188131.1_1804,1,1,1
GCF_059941785.1|NZ_CM188131.1|NZ_CM188131.1_1811,3,3,3
GCF_059941805.1|NZ_CM188133.1|NZ_CM188133.1_1127,2,2,2
GCF_059941805.1|NZ_CM188133.1|NZ_CM188133.1_1130,2,1,2
GCF_059941805.1|NZ_CM188133.1|NZ_CM188133.1_1133,2,1,2
GCF_059941805.1|NZ_CM188133.1|NZ_CM188133.1_1142,3,2,3
GCF_059941805.1|NZ_CM188133.1|NZ_CM188133.1_1147,3,2,3
GCF_059941805.1|NZ_CM188133.1|NZ_CM188133.1_1149,1,1,1
GCF_059941805.1|NZ_CM188133.1|NZ_CM188133.1_1156,1,1,1
GCF_059941805.1|NZ_CM188133.1|NZ_CM188133.1_1162,1,1,1
GCF_059941805.1|NZ_CM188133.1|NZ_CM188133.1_1171,4,2,4
GCF_059941805.1|NZ_CM188133.1|NZ_CM188133.1_1275,5,5,5
GCF_059941805.1|NZ_CM188133.1|NZ_CM188133.1_1276,1,1,1
GCF_059941805.1|NZ_CM188133.1|NZ_CM188133.1_1288,1,1,1
GCF_059941805.1|NZ_CM188133.1|NZ_CM188133.1_1290,1,1,1
GCF_059941805.1|NZ_CM188133.1|NZ_CM188133.1_1296,1,1,1
GCF_059941805.1|NZ_CM188133.1|NZ_CM188133.1_1298,2,1,2
GCF_059941805.1|NZ_CM188133.1|NZ_CM188133.1_1299,1,1,1
GCF_059983175.1|NZ_CM188256.1|NZ_CM188256.1_1279,3,2,3
GCF_059983175.1|NZ_CM188256.1|NZ_CM188256.1_1282,3,3,3
GCF_059983175.1|NZ_CM188256.1|NZ_CM188256.1_1288,2,2,2
GCF_059983175.1|NZ_CM188256.1|NZ_CM188256.1_1289,4,4,4
GCF_059983175.1|NZ_CM188256.1|NZ_CM188256.1_1292,1,1,1
GCF_059983175.1|NZ_CM188256.1|NZ_CM188256.1_1299,2,2,2
GCF_059983175.1|NZ_CM188256.1|NZ_CM188256.1_1305,10,3,10
GCF_059983175.1|NZ_CM188257.1|NZ_CM188257.1_2029,4,1,4
GCF_059983175.1|NZ_CM188257.1|NZ_CM188257.1_2030,2,1,2
GCF_059983175.1|NZ_CM188257.1|NZ_CM188257.1_2031,2,2,2
GCF_059983175.1|NZ_CM188257.1|NZ_CM188257.1_2033,1,1,1
GCF_059983175.1|NZ_CM188257.1|NZ_CM188257.1_2035,1,1,1
GCF_059983175.1|NZ_CM188257.1|NZ_CM188257.1_2042,1,1,1
GCF_059983175.1|NZ_CM188257.1|NZ_CM188257.1_2043,1,1,1
GCF_060301545.1|NZ_CM190977.1|NZ_CM190977.1_1212,12,4,12
GCF_060301545.1|NZ_CM190977.1|NZ_CM190977.1_1216,1,1,1
GCF_900324425.1|NZ_LT992489.1|NZ_LT992489.1_378,3,1,3
GCF_900324435.1|NZ_LT992491.1|NZ_LT992491.1_690,2,1,2
GCF_900324435.1|NZ_LT992491.1|NZ_LT992491.1_693,2,1,2
GCF_900324435.1|NZ_LT992491.1|NZ_LT992491.1_813,2,2,2
GCF_900324435.1|NZ_LT992491.1|NZ_LT992491.1_814,1,1,1
GCF_900324435.1|NZ_LT992491.1|NZ_LT992491.1_843,4,4,4
GCF_900324435.1|NZ_LT992491.1|NZ_LT992491.1_851,3,1,4
GCF_900538065.1|NZ_LS997868.1|NZ_LS997868.1_493,1,1,1
GCF_900538065.1|NZ_LS997868.1|NZ_LS997868.1_512,1,1,1
GCF_900538065.1|NZ_LS997868.1|NZ_LS997868.1_515,1,1,1
GCF_900538065.1|NZ_LS997868.1|NZ_LS997868.1_521,1,1,1
GCF_900538065.1|NZ_LS997868.1|NZ_LS997868.1_522,4,4,5
GCF_900538065.1|NZ_LS997868.1|NZ_LS997868.1_542,1,1,1
GCF_900538065.1|NZ_LS997868.1|NZ_LS997868.1_552,2,2,2
GCF_900538065.1|NZ_LS997868.1|NZ_LS997868.1_558,1,1,1
GCF_905175335.1|NZ_HG992751.1|NZ_HG992751.1_1469,2,2,2
GCF_905175335.1|NZ_HG992751.1|NZ_HG992751.1_1471,1,1,1
GCF_905175335.1|NZ_HG992751.1|NZ_HG992751.1_1472,1,1,1
GCF_905175335.1|NZ_HG992751.1|NZ_HG992751.1_1477,1,1,1
GCF_905175335.1|NZ_HG992751.1|NZ_HG992751.1_1478,1,1,1
GCF_905175335.1|NZ_HG992751.1|NZ_HG992751.1_1479,1,1,1
GCF_905175335.1|NZ_HG992751.1|NZ_HG992751.1_1484,1,1,1
GCF_905175335.1|NZ_HG992751.1|NZ_HG992751.1_1485,1,1,1
GCF_905175335.1|NZ_HG992751.1|NZ_HG992751.1_1486,1,1,1
GCF_905175355.1|NZ_HG992742.1|NZ_HG992742.1_1525,6,3,7
GCF_905175355.1|NZ_HG992742.1|NZ_HG992742.1_1530,1,1,1
GCF_905175355.1|NZ_HG992742.1|NZ_HG992742.1_1531,1,1,1
GCF_905175355.1|NZ_HG992742.1|NZ_HG992742.1_1536,3,3,3
GCF_905175385.1|NZ_HG992749.1|NZ_HG992749.1_1569,1,1,1
GCF_905175385.1|NZ_HG992749.1|NZ_HG992749.1_1570,2,2,2
GCF_905175385.1|NZ_HG992749.1|NZ_HG992749.1_1571,2,2,2
GCF_905175385.1|NZ_HG992749.1|NZ_HG992749.1_1573,10,5,14
GCF_905175385.1|NZ_HG992749.1|NZ_HG992749.1_1575,2,2,2
GCF_905175385.1|NZ_HG992749.1|NZ_HG992749.1_1579,1,1,1
GCF_905175385.1|NZ_HG992749.1|NZ_HG992749.1_1580,1,1,1
GCF_905175385.1|NZ_HG992749.1|NZ_HG992749.1_1582,3,3,3
GCF_948151475.1|NZ_OX411212.1|NZ_OX411212.1_1365,1,1,1
GCF_948151475.1|NZ_OX411212.1|NZ_OX411212.1_1366,2,2,2
GCF_948151475.1|NZ_OX411212.1|NZ_OX411212.1_1367,1,1,1
GCF_948151475.1|NZ_OX411212.1|NZ_OX411212.1_1374,2,1,2
GCF_948151475.1|NZ_OX411212.1|NZ_OX411212.1_1393,1,1,1
GCF_948151475.1|NZ_OX411212.1|NZ_OX411212.1_1740,1,1,1
GCF_948151475.1|NZ_OX411212.1|NZ_OX411212.1_1741,1,1,1
GCF_948151475.1|NZ_OX411212.1|NZ_OX411212.1_1745,1,1,1
GCF_948151475.1|NZ_OX411212.1|NZ_OX411212.1_1762,2,2,3
GCF_948151475.1|NZ_OX411212.1|NZ_OX411212.1_1765,1,1,1
GCF_948151475.1|NZ_OX411212.1|NZ_OX411212.1_1766,1,1,1
GCF_948151475.1|NZ_OX411212.1|NZ_OX411212.1_1767,1,1,1
GCF_948151475.1|NZ_OX411212.1|NZ_OX411212.1_1790,1,1,1
GCF_964264695.1|NZ_OZ183474.1|NZ_OZ183474.1_462,1,1,1
GCF_964264695.1|NZ_OZ183474.1|NZ_OZ183474.1_463,1,1,1
GCF_964264695.1|NZ_OZ183474.1|NZ_OZ183474.1_464,15,7,18
GCF_964264695.1|NZ_OZ183474.1|NZ_OZ183474.1_469,75,25,83
GCF_964264695.1|NZ_OZ183474.1|NZ_OZ183474.1_475,1,1,1
GCF_964264695.1|NZ_OZ183474.1|NZ_OZ183474.1_477,1,1,1
GCF_964264695.1|NZ_OZ183474.1|NZ_OZ183474.1_481,2,2,2
GCF_964264695.1|NZ_OZ183474.1|NZ_OZ183474.1_485,1,1,1
GCF_964264695.1|NZ_OZ183474.1|NZ_OZ183474.1_486,1,1,1
GCF_964264695.1|NZ_OZ183474.1|NZ_OZ183474.1_488,1,1,1
GCF_964264695.1|NZ_OZ183474.1|NZ_OZ183474.1_505,1,1,1
GCF_964264695.1|NZ_OZ183475.1|NZ_OZ183475.1_994,1,1,1
GCF_964264695.1|NZ_OZ183475.1|NZ_OZ183475.1_995,1,1,1
GCF_965140425.1|NZ_OZ223211.1|NZ_OZ223211.1_1450,3,3,3
GCF_965140425.1|NZ_OZ223211.1|NZ_OZ223211.1_1452,1,1,1
GCF_000009745.1|NC_005139.1|NC_005139.1_1634,1,1,1
GCF_000009745.1|NC_005139.1|NC_005139.1_1635,6,2,6
GCF_000009745.1|NC_005139.1|NC_005139.1_1639,14,6,14
GCF_000009745.1|NC_005139.1|NC_005139.1_1641,91,20,131
GCF_000009745.1|NC_005139.1|NC_005139.1_1642,3,2,3
GCF_000009745.1|NC_005139.1|NC_005139.1_1643,3,2,3
GCF_000009745.1|NC_005139.1|NC_005139.1_1645,10,5,11
GCF_000009745.1|NC_005139.1|NC_005139.1_1651,4,4,4
GCF_000009745.1|NC_005139.1|NC_005139.1_1653,9,7,9
GCF_000009745.1|NC_005139.1|NC_005139.1_1658,5,4,5
GCF_000009745.1|NC_005139.1|NC_005139.1_1659,119,39,137
GCF_000009745.1|NC_005139.1|NC_005139.1_1660,120,40,139
GCF_000009745.1|NC_005139.1|NC_005139.1_1662,26,17,33
GCF_000009745.1|NC_005139.1|NC_005139.1_1671,6,5,8
GCF_000009745.1|NC_005139.1|NC_005139.1_1673,20,4,32
GCF_000009745.1|NC_005139.1|NC_005139.1_1675,53,15,58
GCF_000009745.1|NC_005139.1|NC_005139.1_1678,11,5,11
GCF_000009745.1|NC_005139.1|NC_005139.1_1682,39,11,70
GCF_000009745.1|NC_005139.1|NC_005139.1_1684,1,1,1
GCF_000009745.1|NC_005139.1|NC_005139.1_1689,45,16,51
GCF_000009745.1|NC_005139.1|NC_005139.1_1690,42,12,57
GCF_000009745.1|NC_005139.1|NC_005139.1_1693,27,8,51
GCF_000009745.1|NC_005139.1|NC_005139.1_1696,8,2,10
GCF_000009745.1|NC_005139.1|NC_005139.1_1697,9,5,9
GCF_000009745.1|NC_005139.1|NC_005139.1_1701,47,17,50
GCF_000009745.1|NC_005139.1|NC_005139.1_1705,1,1,1
GCF_000009745.1|NC_005139.1|NC_005139.1_1706,1,1,1
GCF_000009745.1|NC_005139.1|NC_005139.1_1707,1,1,1
GCF_000009745.1|NC_005139.1|NC_005139.1_1709,4,3,4
GCF_000009745.1|NC_005139.1|NC_005139.1_1711,3,3,3
GCF_000009745.1|NC_005139.1|NC_005139.1_1715,19,5,19
GCF_000009745.1|NC_005139.1|NC_005139.1_1718,13,4,16
GCF_000009745.1|NC_005139.1|NC_005139.1_1726,7,3,7
GCF_000009745.1|NC_005139.1|NC_005139.1_1732,2,2,2
GCF_001908435.2|NZ_CP018680.2|NZ_CP018680.2_1116,50,13,61
GCF_001908435.2|NZ_CP018680.2|NZ_CP018680.2_1119,16,6,21
GCF_001908435.2|NZ_CP018680.2|NZ_CP018680.2_1122,5,4,5
GCF_001908435.2|NZ_CP018680.2|NZ_CP018680.2_1123,8,4,8
GCF_001908435.2|NZ_CP018680.2|NZ_CP018680.2_1125,4,4,4
GCF_001908435.2|NZ_CP018680.2|NZ_CP018680.2_1130,1,1,1
GCF_001908435.2|NZ_CP018680.2|NZ_CP018680.2_1131,12,5,13
GCF_001908435.2|NZ_CP018680.2|NZ_CP018680.2_1136,24,9,26
GCF_001908435.2|NZ_CP018680.2|NZ_CP018680.2_1138,38,10,47
GCF_001908435.2|NZ_CP018680.2|NZ_CP018680.2_1139,1,1,1
GCF_001908435.2|NZ_CP018681.2|NZ_CP018681.2_1162,45,7,46
GCF_001908435.2|NZ_CP018681.2|NZ_CP018681.2_1170,2,2,2
GCF_001908435.2|NZ_CP018682.2|NZ_CP018682.2_8,17,4,17
GCF_001908435.2|NZ_CP018682.2|NZ_CP018682.2_10,1,1,1
GCF_001908435.2|NZ_CP018684.2|NZ_CP018684.2_16,3,1,3
GCF_001908435.2|NZ_CP018684.2|NZ_CP018684.2_17,4,1,4
GCF_001908435.2|NZ_CP018684.2|NZ_CP018684.2_19,4,3,4
GCF_001908435.2|NZ_CP018684.2|NZ_CP018684.2_20,3,1,3
GCF_001952955.1|NZ_CP019119.1|NZ_CP019119.1_658,1,1,1
GCF_001952955.1|NZ_CP019119.1|NZ_CP019119.1_659,1,1,1
GCF_001952955.1|NZ_CP019119.1|NZ_CP019119.1_661,1,1,1
GCF_001952955.1|NZ_CP019119.1|NZ_CP019119.1_663,1,1,1
GCF_001952955.1|NZ_CP019119.1|NZ_CP019119.1_701,1,1,1
GCF_001952955.1|NZ_CP019119.1|NZ_CP019119.1_702,1,1,1
GCF_001952955.1|NZ_CP019119.1|NZ_CP019119.1_703,1,1,1
GCF_001952955.1|NZ_CP019119.1|NZ_CP019119.1_1405,1,1,1
GCF_001952955.1|NZ_CP019119.1|NZ_CP019119.1_1406,1,1,1
GCF_001952955.1|NZ_CP019119.1|NZ_CP019119.1_1407,1,1,1
GCF_001952955.1|NZ_CP019119.1|NZ_CP019119.1_1408,1,1,1
GCF_001952955.1|NZ_CP019119.1|NZ_CP019119.1_1409,1,1,1
GCF_001952955.1|NZ_CP019119.1|NZ_CP019119.1_1410,1,1,1
GCF_001952955.1|NZ_CP019119.1|NZ_CP019119.1_1411,1,1,1
GCF_001952955.1|NZ_CP019119.1|NZ_CP019119.1_1412,1,1,1
GCF_001952955.1|NZ_CP019119.1|NZ_CP019119.1_1413,1,1,1
GCF_001952955.1|NZ_CP019119.1|NZ_CP019119.1_1414,1,1,1
GCF_001952955.1|NZ_CP019119.1|NZ_CP019119.1_1415,1,1,1
GCF_001952955.1|NZ_CP019119.1|NZ_CP019119.1_1416,1,1,1
GCF_001952955.1|NZ_CP019119.1|NZ_CP019119.1_1417,1,1,1
GCF_001952955.1|NZ_CP019119.1|NZ_CP019119.1_1418,1,1,1
GCF_001969325.1|NZ_CP019293.1|NZ_CP019293.1_1195,4,2,4
GCF_001969325.1|NZ_CP019293.1|NZ_CP019293.1_1196,3,2,3
GCF_001969325.1|NZ_CP019293.1|NZ_CP019293.1_1197,10,5,11
GCF_001969325.1|NZ_CP019293.1|NZ_CP019293.1_1202,3,2,3
GCF_001969325.1|NZ_CP019293.1|NZ_CP019293.1_1203,6,3,6
GCF_001969325.1|NZ_CP019293.1|NZ_CP019293.1_1207,3,2,3
GCF_001995825.2|NZ_CP065150.1|NZ_CP065150.1_2279,1,1,1
GCF_001995825.2|NZ_CP065150.1|NZ_CP065150.1_2284,13,3,13
GCF_001995825.2|NZ_CP065150.1|NZ_CP065150.1_2286,13,2,13
GCF_001995825.2|NZ_CP065150.1|NZ_CP065150.1_2287,1,1,1
GCF_001995825.2|NZ_CP065150.1|NZ_CP065150.1_2294,1,1,1
GCF_001995825.2|NZ_CP065150.1|NZ_CP065150.1_2299,1,1,1
GCF_001995825.2|NZ_CP065150.1|NZ_CP065150.1_2551,1,1,1
GCF_001995825.2|NZ_CP065150.1|NZ_CP065150.1_2552,1,1,1
GCF_001995825.2|NZ_CP065150.1|NZ_CP065150.1_2555,4,4,4
GCF_001995825.2|NZ_CP065150.1|NZ_CP065150.1_2560,1,1,1
GCF_001995825.2|NZ_CP065150.1|NZ_CP065150.1_2562,19,4,26
GCF_001995825.2|NZ_CP065150.1|NZ_CP065150.1_2567,2,2,2
GCF_001995825.2|NZ_CP065150.1|NZ_CP065150.1_2572,8,4,8
GCF_001995825.2|NZ_CP065150.1|NZ_CP065150.1_2577,1,1,1
GCF_001995825.2|NZ_CP065150.1|NZ_CP065150.1_2578,6,3,8
GCF_001995825.2|NZ_CP065150.1|NZ_CP065150.1_2579,1,1,1
GCF_001995825.2|NZ_CP065150.1|NZ_CP065150.1_2580,1,1,1
GCF_001995825.2|NZ_CP065151.1|NZ_CP065151.1_1,1,1,1
GCF_001995825.2|NZ_CP065151.1|NZ_CP065151.1_2,1,1,1
GCF_001995825.2|NZ_CP065151.1|NZ_CP065151.1_3,3,2,4
GCF_001995825.2|NZ_CP065151.1|NZ_CP065151.1_4,1,1,1
GCF_001995825.2|NZ_CP065151.1|NZ_CP065151.1_5,1,1,1
GCF_001995825.2|NZ_CP065151.1|NZ_CP065151.1_6,2,1,3
GCF_001995825.2|NZ_CP065151.1|NZ_CP065151.1_1287,1,1,1
GCF_001995825.2|NZ_CP065151.1|NZ_CP065151.1_1291,1,1,1
GCF_001995825.2|NZ_CP065151.1|NZ_CP065151.1_1292,7,7,7
GCF_001995825.2|NZ_CP065151.1|NZ_CP065151.1_1294,1,1,1
GCF_001995825.2|NZ_CP065151.1|NZ_CP065151.1_1298,5,5,5
GCF_001995825.2|NZ_CP065151.1|NZ_CP065151.1_1299,4,4,4
GCF_001995825.2|NZ_CP065151.1|NZ_CP065151.1_1300,1,1,1
GCF_001995825.2|NZ_CP065151.1|NZ_CP065151.1_1304,7,4,8
GCF_001995825.2|NZ_CP065151.1|NZ_CP065151.1_1313,5,3,5
GCF_001995825.2|NZ_CP065151.1|NZ_CP065151.1_1314,1,1,1
GCF_001995825.2|NZ_CP065151.1|NZ_CP065151.1_1315,1,1,1
GCF_001995825.2|NZ_CP065151.1|NZ_CP065151.1_1254,1,1,1
GCF_001995825.2|NZ_CP065151.1|NZ_CP065151.1_1259,1,1,1
GCF_001995825.2|NZ_CP065151.1|NZ_CP065151.1_1263,44,18,49
GCF_001995825.2|NZ_CP065151.1|NZ_CP065151.1_1269,14,10,14
GCF_001995825.2|NZ_CP065151.1|NZ_CP065151.1_1272,23,8,24
GCF_001995825.2|NZ_CP065151.1|NZ_CP065151.1_1273,5,4,5
GCF_001996365.2|NZ_CP043421.1|NZ_CP043421.1_1299,1,1,1
GCF_001996365.2|NZ_CP043421.1|NZ_CP043421.1_1306,4,4,4
GCF_001996365.2|NZ_CP043421.1|NZ_CP043421.1_1307,1,1,1
GCF_001996365.2|NZ_CP043421.1|NZ_CP043421.1_1314,1,1,1
GCF_001996365.2|NZ_CP043421.1|NZ_CP043421.1_1316,10,4,11
GCF_001996365.2|NZ_CP043421.1|NZ_CP043421.1_1320,5,4,5
GCF_001996365.2|NZ_CP043421.1|NZ_CP043421.1_1323,1,1,1
GCF_001996365.2|NZ_CP043421.1|NZ_CP043421.1_1324,6,1,6
GCF_001996365.2|NZ_CP043421.1|NZ_CP043421.1_1329,12,2,12
GCF_001996365.2|NZ_CP043421.1|NZ_CP043421.1_1333,1,1,1
GCF_001996365.2|NZ_CP043421.1|NZ_CP043421.1_1335,8,5,8
GCF_001996365.2|NZ_CP043421.1|NZ_CP043421.1_1337,1,1,1
GCF_001996365.2|NZ_CP043421.1|NZ_CP043421.1_1344,10,4,10
GCF_001996365.2|NZ_CP043421.1|NZ_CP043421.1_1346,11,5,11
GCF_001996365.2|NZ_CP043421.1|NZ_CP043421.1_1349,1,1,1
GCF_001996365.2|NZ_CP043421.1|NZ_CP043421.1_1354,1,1,1
GCF_001996365.2|NZ_CP043421.1|NZ_CP043421.1_1355,1,1,1
GCF_001996365.2|NZ_CP043421.1|NZ_CP043421.1_1358,6,2,6
GCF_001996365.2|NZ_CP043421.1|NZ_CP043421.1_1368,8,2,8
GCF_001996365.2|NZ_CP043421.1|NZ_CP043421.1_1371,1,1,1
GCF_001996365.2|NZ_CP043421.1|NZ_CP043421.1_1380,8,3,8
GCF_001996365.2|NZ_CP043421.1|NZ_CP043421.1_1384,1,1,1
GCF_001996365.2|NZ_CP043421.1|NZ_CP043421.1_1390,1,1,1
GCF_001996365.2|NZ_CP043421.1|NZ_CP043421.1_1392,1,1,1
GCF_001996365.2|NZ_CP043421.1|NZ_CP043421.1_1394,1,1,1
GCF_001996365.2|NZ_CP043421.1|NZ_CP043421.1_1402,7,5,7
GCF_001996365.2|NZ_CP043421.1|NZ_CP043421.1_1404,1,1,1
GCF_001996365.2|NZ_CP043421.1|NZ_CP043421.1_1405,1,1,1
GCF_001996365.2|NZ_CP043421.1|NZ_CP043421.1_1406,1,1,1
GCF_001996365.2|NZ_CP043421.1|NZ_CP043421.1_1412,1,1,1
GCF_001996365.2|NZ_CP043421.1|NZ_CP043421.1_1414,1,1,1
GCF_001996365.2|NZ_CP043421.1|NZ_CP043421.1_1415,1,1,1
GCF_001996365.2|NZ_CP043421.1|NZ_CP043421.1_1418,1,1,1
GCF_001996365.2|NZ_CP043421.1|NZ_CP043421.1_1420,4,2,4
GCF_001996365.2|NZ_CP043421.1|NZ_CP043421.1_1425,1,1,1
GCF_001996365.2|NZ_CP043421.1|NZ_CP043421.1_1427,1,1,1
GCF_001996365.2|NZ_CP043421.1|NZ_CP043421.1_1428,1,1,1
GCF_001996365.2|NZ_CP043421.1|NZ_CP043421.1_1429,1,1,1
GCF_002021755.1|NZ_CP019959.1|NZ_CP019959.1_2806,1,1,1
GCF_002021755.1|NZ_CP019959.1|NZ_CP019959.1_2808,6,3,6
GCF_002021755.1|NZ_CP019959.1|NZ_CP019959.1_2816,1,1,1
GCF_002021755.1|NZ_CP019959.1|NZ_CP019959.1_2817,1,1,1
GCF_002021755.1|NZ_CP019959.1|NZ_CP019959.1_2818,4,3,5
GCF_002021755.1|NZ_CP019959.1|NZ_CP019959.1_2822,1,1,1
GCF_002021755.1|NZ_CP019959.1|NZ_CP019959.1_2826,4,2,4
GCF_002021755.1|NZ_CP019959.1|NZ_CP019959.1_2830,1,1,1
GCF_002021755.1|NZ_CP019959.1|NZ_CP019959.1_2831,1,1,1
GCF_002021755.1|NZ_CP019959.1|NZ_CP019959.1_2832,1,1,1
GCF_002021755.1|NZ_CP019959.1|NZ_CP019959.1_2833,1,1,1
GCF_002021755.1|NZ_CP019959.1|NZ_CP019959.1_2834,7,7,7
GCF_002021755.1|NZ_CP019959.1|NZ_CP019959.1_2835,1,1,1
GCF_002021755.1|NZ_CP019959.1|NZ_CP019959.1_2837,1,1,1
GCF_002021755.1|NZ_CP019959.1|NZ_CP019959.1_2840,4,4,4
GCF_002021755.1|NZ_CP019959.1|NZ_CP019959.1_2841,1,1,1
GCF_002021755.1|NZ_CP019959.1|NZ_CP019959.1_2844,1,1,1
GCF_002021755.1|NZ_CP019959.1|NZ_CP019959.1_2846,8,5,9
GCF_002021755.1|NZ_CP019959.1|NZ_CP019959.1_2849,1,1,1
GCF_002021755.1|NZ_CP019959.1|NZ_CP019959.1_2853,1,1,1
GCF_002117205.1|NZ_CP015512.1|NZ_CP015512.1_1496,7,4,7
GCF_002117205.1|NZ_CP015512.1|NZ_CP015512.1_1515,1,1,1
GCF_002117205.1|NZ_CP015512.1|NZ_CP015512.1_1521,8,7,8
GCF_002117205.1|NZ_CP015512.1|NZ_CP015512.1_1523,5,2,6
GCF_002117205.1|NZ_CP015512.1|NZ_CP015512.1_1524,1,1,1
GCF_002117205.1|NZ_CP015512.1|NZ_CP015512.1_1529,13,2,13
GCF_002117205.1|NZ_CP015512.1|NZ_CP015512.1_1533,1,1,1
GCF_002117205.1|NZ_CP015512.1|NZ_CP015512.1_1535,31,7,45
GCF_002117205.1|NZ_CP015512.1|NZ_CP015512.1_1536,4,3,4
GCF_002117205.1|NZ_CP015512.1|NZ_CP015512.1_1540,1,1,1
GCF_002117205.1|NZ_CP015512.1|NZ_CP015512.1_1541,1,1,1
GCF_002117205.1|NZ_CP015512.1|NZ_CP015512.1_1543,1,1,1
GCF_002117205.1|NZ_CP015512.1|NZ_CP015512.1_1551,2,2,2
GCF_002117205.1|NZ_CP015512.1|NZ_CP015512.1_1552,2,2,2
GCF_002117205.1|NZ_CP015512.1|NZ_CP015512.1_1553,2,2,2
GCF_002117205.1|NZ_CP015512.1|NZ_CP015512.1_1554,1,1,1
GCF_002117205.1|NZ_CP015512.1|NZ_CP015512.1_1556,7,4,7
GCF_002117205.1|NZ_CP015512.1|NZ_CP015512.1_1558,7,2,7
GCF_002117205.1|NZ_CP015512.1|NZ_CP015512.1_1562,6,5,7
GCF_002117205.1|NZ_CP015512.1|NZ_CP015512.1_1576,4,3,4
GCF_002117205.1|NZ_CP015512.1|NZ_CP015512.1_1578,1,1,1
GCF_002117205.1|NZ_CP015512.1|NZ_CP015512.1_1588,1,1,1
GCF_002117205.1|NZ_CP015512.1|NZ_CP015512.1_1594,1,1,1
GCF_002140055.1|NZ_CP020076.1|NZ_CP020076.1_1266,11,4,11
GCF_002140055.1|NZ_CP020076.1|NZ_CP020076.1_1273,2,1,2
GCF_002140055.1|NZ_CP020076.1|NZ_CP020076.1_1326,2,1,2
GCF_002140055.1|NZ_CP020076.1|NZ_CP020076.1_1335,2,1,2
GCF_002142655.1|NZ_CP021145.1|NZ_CP021145.1_1340,6,3,7
GCF_002142655.1|NZ_CP021145.1|NZ_CP021145.1_1341,1,1,1
GCF_002142655.1|NZ_CP021145.1|NZ_CP021145.1_1343,11,3,11
GCF_002142655.1|NZ_CP021145.1|NZ_CP021145.1_1345,1,1,1
GCF_002142655.1|NZ_CP021145.1|NZ_CP021145.1_1346,2,2,2
GCF_002142655.1|NZ_CP021145.1|NZ_CP021145.1_1350,1,1,1
GCF_002142655.1|NZ_CP021145.1|NZ_CP021145.1_1359,1,1,1
GCF_002142655.1|NZ_CP021145.1|NZ_CP021145.1_1361,1,1,1
GCF_002142655.1|NZ_CP021145.1|NZ_CP021145.1_1362,1,1,1
GCF_002142655.1|NZ_CP021145.1|NZ_CP021145.1_1363,1,1,1
GCF_002142655.1|NZ_CP021145.1|NZ_CP021145.1_1364,1,1,1
GCF_002142655.1|NZ_CP021145.1|NZ_CP021145.1_1368,2,1,2
GCF_002142655.1|NZ_CP021145.1|NZ_CP021145.1_1384,1,1,1
GCF_002142655.1|NZ_CP021145.1|NZ_CP021145.1_1388,21,12,22
GCF_002142655.1|NZ_CP021145.1|NZ_CP021145.1_1397,1,1,1
GCF_002142655.1|NZ_CP021145.1|NZ_CP021145.1_1398,4,4,4
GCF_002142655.1|NZ_CP021145.1|NZ_CP021145.1_1401,3,3,3
GCF_002142655.1|NZ_CP021145.1|NZ_CP021145.1_1404,12,3,12
GCF_002142655.1|NZ_CP021145.1|NZ_CP021145.1_1406,1,1,1
GCF_002142655.1|NZ_CP021145.1|NZ_CP021145.1_1412,1,1,1
GCF_002142655.1|NZ_CP021145.1|NZ_CP021145.1_1413,1,1,1
GCF_002142655.1|NZ_CP021145.1|NZ_CP021145.1_1417,33,7,34
GCF_002163755.1|NZ_CP015864.1|NZ_CP015864.1_84,8,4,8
GCF_002163755.1|NZ_CP015864.1|NZ_CP015864.1_85,4,3,4
GCF_002163755.1|NZ_CP015864.1|NZ_CP015864.1_633,1,1,1
GCF_002163755.1|NZ_CP015864.1|NZ_CP015864.1_640,14,7,16
GCF_002163755.1|NZ_CP015864.1|NZ_CP015864.1_641,13,7,13
GCF_002163755.1|NZ_CP015864.1|NZ_CP015864.1_1145,9,5,9
GCF_002163755.1|NZ_CP015864.1|NZ_CP015864.1_1146,10,7,10
GCF_002163755.1|NZ_CP015864.1|NZ_CP015864.1_1147,1,1,1
GCF_002163755.1|NZ_CP015865.1|NZ_CP015865.1_9,9,8,11
GCF_002163755.1|NZ_CP015865.1|NZ_CP015865.1_19,5,3,5
GCF_002196515.1|NZ_CP018835.1|NZ_CP018835.1_614,1,1,1
GCF_002196515.1|NZ_CP018835.1|NZ_CP018835.1_2717,2,2,2
GCF_002196515.1|NZ_CP018835.1|NZ_CP018835.1_2718,1,1,1
GCF_002196515.1|NZ_CP018836.1|NZ_CP018836.1_115,1,1,1
GCF_002196515.1|NZ_CP018836.1|NZ_CP018836.1_116,24,11,27
GCF_002196515.1|NZ_CP018836.1|NZ_CP018836.1_563,1,1,1
GCF_002196515.1|NZ_CP018836.1|NZ_CP018836.1_564,1,1,1
GCF_002196515.1|NZ_CP018836.1|NZ_CP018836.1_572,3,2,5
GCF_002196515.1|NZ_CP018836.1|NZ_CP018836.1_637,2,2,2
GCF_002196515.1|NZ_CP018836.1|NZ_CP018836.1_638,1,1,1
GCF_002196515.1|NZ_CP018836.1|NZ_CP018836.1_639,1,1,1
GCF_002204915.1|NZ_CP016321.1|NZ_CP016321.1_1450,39,14,45
GCF_002204915.1|NZ_CP016321.1|NZ_CP016321.1_1462,2,2,4
GCF_002204915.1|NZ_CP016321.1|NZ_CP016321.1_1465,1,1,3
GCF_002204915.1|NZ_CP016321.1|NZ_CP016321.1_1468,1,1,1
GCF_002204915.1|NZ_CP016323.1|NZ_CP016323.1_3,1,1,1
GCF_002204915.1|NZ_CP016323.1|NZ_CP016323.1_9,65,17,88
GCF_002204915.1|NZ_CP016323.1|NZ_CP016323.1_10,1,1,3
GCF_002204915.1|NZ_CP016323.1|NZ_CP016323.1_17,1,1,3
GCF_002204915.1|NZ_CP016323.1|NZ_CP016323.1_20,1,1,2
GCF_002204915.1|NZ_CP016323.1|NZ_CP016323.1_30,1,1,1
GCF_002204915.1|NZ_CP016323.1|NZ_CP016323.1_31,1,1,1
GCF_002204915.1|NZ_CP016323.1|NZ_CP016323.1_34,1,1,1
GCF_002204915.1|NZ_CP016323.1|NZ_CP016323.1_35,1,1,1
GCF_002204915.1|NZ_CP016323.1|NZ_CP016323.1_36,2,2,3
GCF_002204915.1|NZ_CP016323.1|NZ_CP016323.1_38,1,1,1
GCF_002204915.1|NZ_CP016323.1|NZ_CP016323.1_39,1,1,1
GCF_002204915.1|NZ_CP016323.1|NZ_CP016323.1_41,2,2,3
GCF_002204915.1|NZ_CP016323.1|NZ_CP016323.1_45,1,1,1
GCF_002204915.1|NZ_CP016323.1|NZ_CP016323.1_46,1,1,1
GCF_002204915.1|NZ_CP016323.1|NZ_CP016323.1_49,1,1,1
GCF_002204915.1|NZ_CP016323.1|NZ_CP016323.1_50,2,2,2
GCF_002204915.1|NZ_CP016323.1|NZ_CP016323.1_53,1,1,1
GCF_002204915.1|NZ_CP016323.1|NZ_CP016323.1_55,1,1,1
GCF_002204915.1|NZ_CP016323.1|NZ_CP016323.1_60,12,5,14
GCF_002204915.1|NZ_CP016323.1|NZ_CP016323.1_13,1,1,2
GCF_002204915.1|NZ_CP016323.1|NZ_CP016323.1_18,1,1,2
GCF_002204915.1|NZ_CP016323.1|NZ_CP016323.1_19,1,1,2
GCF_002204915.1|NZ_CP016323.1|NZ_CP016323.1_27,1,1,2
GCF_002211985.1|NZ_CP022102.1|NZ_CP022102.1_380,7,3,9
GCF_002211985.1|NZ_CP022102.1|NZ_CP022102.1_381,1,1,1
GCF_002211985.1|NZ_CP022102.1|NZ_CP022102.1_388,1,1,1
GCF_002211985.1|NZ_CP022102.1|NZ_CP022102.1_390,1,1,1
GCF_002211985.1|NZ_CP022102.1|NZ_CP022102.1_391,1,1,1
GCF_002211985.1|NZ_CP022102.1|NZ_CP022102.1_394,1,1,1
GCF_002211985.1|NZ_CP022102.1|NZ_CP022102.1_396,17,8,17
GCF_002211985.1|NZ_CP022102.1|NZ_CP022102.1_398,1,1,1
GCF_002211985.1|NZ_CP022102.1|NZ_CP022102.1_399,2,2,4
GCF_002211985.1|NZ_CP022102.1|NZ_CP022102.1_401,3,2,4
GCF_002211985.1|NZ_CP022102.1|NZ_CP022102.1_404,27,10,28
GCF_002211985.1|NZ_CP022102.1|NZ_CP022102.1_408,4,3,4
GCF_002211985.1|NZ_CP022102.1|NZ_CP022102.1_413,4,4,4
GCF_002211985.1|NZ_CP022102.1|NZ_CP022102.1_419,4,3,4
GCF_002211985.1|NZ_CP022102.1|NZ_CP022102.1_429,17,6,23
GCF_002211985.1|NZ_CP022102.1|NZ_CP022102.1_430,24,10,26
GCF_002211985.1|NZ_CP022102.1|NZ_CP022102.1_432,7,3,10
GCF_002211985.1|NZ_CP022102.1|NZ_CP022102.1_435,1,1,1
GCF_002211985.1|NZ_CP022102.1|NZ_CP022102.1_448,4,2,4
GCF_002211985.1|NZ_CP022102.1|NZ_CP022102.1_454,4,1,4
GCF_002211985.1|NZ_CP022102.1|NZ_CP022102.1_455,4,1,4
GCF_002211985.1|NZ_CP022102.1|NZ_CP022102.1_456,4,1,4
GCF_002211985.1|NZ_CP022102.1|NZ_CP022102.1_465,1,1,1
GCF_002211985.1|NZ_CP022102.1|NZ_CP022102.1_473,1,1,1
GCF_002211985.1|NZ_CP022102.1|NZ_CP022102.1_474,1,1,1
GCF_002211985.1|NZ_CP022102.1|NZ_CP022102.1_475,10,4,14
GCF_002212005.1|NZ_CP022100.1|NZ_CP022100.1_459,5,2,5
GCF_002212005.1|NZ_CP022100.1|NZ_CP022100.1_468,1,1,1
GCF_002212005.1|NZ_CP022100.1|NZ_CP022100.1_470,1,1,1
GCF_002212005.1|NZ_CP022100.1|NZ_CP022100.1_473,7,3,7
GCF_002212005.1|NZ_CP022100.1|NZ_CP022100.1_475,1,1,1
GCF_002212005.1|NZ_CP022100.1|NZ_CP022100.1_495,1,1,1
GCF_002212005.1|NZ_CP022100.1|NZ_CP022100.1_504,1,1,1
GCF_002212005.1|NZ_CP022100.1|NZ_CP022100.1_514,1,1,1
GCF_002212005.1|NZ_CP022100.1|NZ_CP022100.1_523,7,4,8
GCF_002212005.1|NZ_CP022100.1|NZ_CP022100.1_525,1,1,1
GCF_002212005.1|NZ_CP022100.1|NZ_CP022100.1_526,3,2,3
GCF_002212005.1|NZ_CP022100.1|NZ_CP022100.1_528,1,1,1
GCF_002212005.1|NZ_CP022100.1|NZ_CP022100.1_530,11,5,12
GCF_002212005.1|NZ_CP022100.1|NZ_CP022100.1_535,19,11,21
GCF_002212005.1|NZ_CP022100.1|NZ_CP022100.1_536,16,8,19
GCF_002212005.1|NZ_CP022100.1|NZ_CP022100.1_539,1,1,1
GCF_002212005.1|NZ_CP022100.1|NZ_CP022100.1_540,6,4,8
GCF_002212005.1|NZ_CP022100.1|NZ_CP022100.1_541,1,1,1
GCF_002212005.1|NZ_CP022100.1|NZ_CP022100.1_546,1,1,1
GCF_002212005.1|NZ_CP022100.1|NZ_CP022100.1_548,1,1,1
GCF_002212005.1|NZ_CP022100.1|NZ_CP022100.1_550,1,1,1
GCF_002212005.1|NZ_CP022100.1|NZ_CP022100.1_553,1,1,1
GCF_002212025.1|NZ_CP022104.1|NZ_CP022104.1_441,3,2,3
GCF_002212025.1|NZ_CP022104.1|NZ_CP022104.1_444,1,1,1
GCF_002212025.1|NZ_CP022104.1|NZ_CP022104.1_445,2,2,2
GCF_002212025.1|NZ_CP022104.1|NZ_CP022104.1_448,1,1,1
GCF_002212025.1|NZ_CP022104.1|NZ_CP022104.1_450,1,1,1
GCF_002212025.1|NZ_CP022104.1|NZ_CP022104.1_454,5,5,5
GCF_002212025.1|NZ_CP022104.1|NZ_CP022104.1_459,1,1,2
GCF_002212025.1|NZ_CP022104.1|NZ_CP022104.1_462,2,1,2
GCF_002212025.1|NZ_CP022104.1|NZ_CP022104.1_470,1,1,1
GCF_002212025.1|NZ_CP022104.1|NZ_CP022104.1_472,1,1,1
GCF_002212025.1|NZ_CP022104.1|NZ_CP022104.1_473,1,1,1
GCF_002212025.1|NZ_CP022104.1|NZ_CP022104.1_476,1,1,1
GCF_002212025.1|NZ_CP022104.1|NZ_CP022104.1_477,1,1,1
GCF_002212025.1|NZ_CP022104.1|NZ_CP022104.1_483,1,1,1
GCF_002212025.1|NZ_CP022104.1|NZ_CP022104.1_497,34,9,39
GCF_002212025.1|NZ_CP022104.1|NZ_CP022104.1_500,1,1,1
GCF_002212025.1|NZ_CP022104.1|NZ_CP022104.1_513,5,4,5
GCF_002212025.1|NZ_CP022104.1|NZ_CP022104.1_524,1,1,1
GCF_002212025.1|NZ_CP022104.1|NZ_CP022104.1_528,1,1,1
GCF_002212025.1|NZ_CP022104.1|NZ_CP022104.1_531,2,1,2
GCF_002214395.1|NZ_CP018312.1|NZ_CP018312.1_1166,5,4,8
GCF_002215135.1|NZ_CP014636.1|NZ_CP014636.1_1263,8,2,8
GCF_002215135.1|NZ_CP014636.1|NZ_CP014636.1_1266,4,4,4
GCF_002215135.1|NZ_CP014636.1|NZ_CP014636.1_1267,1,1,1
GCF_002215135.1|NZ_CP014636.1|NZ_CP014636.1_1278,1,1,1
GCF_002215135.1|NZ_CP014636.1|NZ_CP014636.1_1281,1,1,1
GCF_002215135.1|NZ_CP014636.1|NZ_CP014636.1_1282,9,5,10
GCF_002215135.1|NZ_CP014636.1|NZ_CP014636.1_1283,8,5,9
GCF_002215135.1|NZ_CP014636.1|NZ_CP014636.1_1284,10,8,11
GCF_002215135.1|NZ_CP014636.1|NZ_CP014636.1_1293,3,1,4
GCF_002215135.1|NZ_CP014636.1|NZ_CP014636.1_1295,8,5,8
GCF_002215135.1|NZ_CP014636.1|NZ_CP014636.1_1302,1,1,1
GCF_002215135.1|NZ_CP014636.1|NZ_CP014636.1_1303,1,1,1
GCF_002215135.1|NZ_CP014636.1|NZ_CP014636.1_1304,2,1,2
GCF_002215135.1|NZ_CP014636.1|NZ_CP014636.1_1305,1,1,1
GCF_002215135.1|NZ_CP014636.1|NZ_CP014636.1_1306,13,6,14
GCF_002215135.1|NZ_CP014636.1|NZ_CP014636.1_1312,3,2,3
GCF_002215135.1|NZ_CP014636.1|NZ_CP014636.1_1313,6,3,8
GCF_002215135.1|NZ_CP014636.1|NZ_CP014636.1_1315,1,1,1
GCF_002215135.1|NZ_CP014636.1|NZ_CP014636.1_1316,1,1,1
GCF_002215135.1|NZ_CP014636.1|NZ_CP014636.1_1317,1,1,1
GCF_002215135.1|NZ_CP014636.1|NZ_CP014636.1_1322,4,4,4
GCF_002215135.1|NZ_CP014636.1|NZ_CP014636.1_1325,1,1,1
GCF_002215135.1|NZ_CP014636.1|NZ_CP014636.1_1326,14,9,50
GCF_002215135.1|NZ_CP014636.1|NZ_CP014636.1_1327,10,6,46
GCF_002215135.1|NZ_CP014636.1|NZ_CP014636.1_1340,1,1,1
GCF_002215135.1|NZ_CP014636.1|NZ_CP014636.1_1341,14,7,20
GCF_002215135.1|NZ_CP014636.1|NZ_CP014636.1_1347,1,1,1
GCF_002215135.1|NZ_CP014636.1|NZ_CP014636.1_1348,1,1,1
GCF_002215135.1|NZ_CP014636.1|NZ_CP014636.1_1356,5,5,5
GCF_002218025.2|NZ_AP018680.1|NZ_AP018680.1_1072,1,1,1
GCF_002218025.2|NZ_AP018680.1|NZ_AP018680.1_1073,10,8,27
GCF_002218025.2|NZ_AP018680.1|NZ_AP018680.1_1074,1,1,1
GCF_002218025.2|NZ_AP018680.1|NZ_AP018680.1_1076,1,1,1
GCF_002218025.2|NZ_AP018680.1|NZ_AP018680.1_1077,1,1,1
GCF_002218025.2|NZ_AP018680.1|NZ_AP018680.1_1361,1,1,1
GCF_002218025.2|NZ_AP018680.1|NZ_AP018680.1_1365,1,1,1
GCF_002218025.2|NZ_AP018680.1|NZ_AP018680.1_1368,1,1,1
GCF_002218025.2|NZ_AP018680.1|NZ_AP018680.1_1369,1,1,1
GCF_002218045.2|NZ_AP018686.1|NZ_AP018686.1_511,1,1,1
GCF_002218045.2|NZ_AP018686.1|NZ_AP018686.1_515,1,1,1
GCF_002218045.2|NZ_AP018686.1|NZ_AP018686.1_516,1,1,1
GCF_002218045.2|NZ_AP018686.1|NZ_AP018686.1_517,1,1,1
GCF_002218045.2|NZ_AP018686.1|NZ_AP018686.1_518,1,1,1
GCF_002220985.3|NZ_CP022552.2|NZ_CP022552.2_2137,1,1,1
GCF_002220985.3|NZ_CP022552.2|NZ_CP022552.2_2157,1,1,1
GCF_002224265.1|NZ_CP012881.1|NZ_CP012881.1_2592,37,11,47
GCF_002224265.1|NZ_CP012881.1|NZ_CP012881.1_2593,3,3,3
GCF_002224265.1|NZ_CP012881.1|NZ_CP012881.1_2595,5,4,5
GCF_002224265.1|NZ_CP012881.1|NZ_CP012881.1_2611,3,3,3
GCF_002224265.1|NZ_CP012881.1|NZ_CP012881.1_2618,10,4,15
GCF_002224265.1|NZ_CP012881.1|NZ_CP012881.1_2632,5,3,5
GCF_002224265.1|NZ_CP012881.1|NZ_CP012881.1_2636,4,3,5
GCF_002224265.1|NZ_CP012881.1|NZ_CP012881.1_2638,4,4,4
GCF_002224265.1|NZ_CP012881.1|NZ_CP012881.1_2639,4,4,4
GCF_002224265.1|NZ_CP012881.1|NZ_CP012881.1_2640,3,2,4
GCF_002224265.1|NZ_CP012881.1|NZ_CP012881.1_2641,16,6,23
GCF_002224265.1|NZ_CP012881.1|NZ_CP012881.1_2649,4,4,4
GCF_002224265.1|NZ_CP012881.1|NZ_CP012881.1_2659,7,5,8
GCF_002224265.1|NZ_CP012881.1|NZ_CP012881.1_2667,6,5,6
GCF_002224265.1|NZ_CP012881.1|NZ_CP012881.1_2669,3,3,7
GCF_002224265.1|NZ_CP012881.1|NZ_CP012881.1_2670,2,2,6
GCF_002224265.1|NZ_CP012881.1|NZ_CP012881.1_2675,24,10,26
GCF_002224265.1|NZ_CP012881.1|NZ_CP012881.1_2687,8,6,8
GCF_002257545.1|NZ_CP022742.1|NZ_CP022742.1_663,9,8,10
GCF_002257545.1|NZ_CP022742.1|NZ_CP022742.1_669,1,1,1
GCF_002257545.1|NZ_CP022742.1|NZ_CP022742.1_671,1,1,1
GCF_002257545.1|NZ_CP022742.1|NZ_CP022742.1_674,1,1,1
GCF_002257545.1|NZ_CP022742.1|NZ_CP022742.1_680,1,1,1
GCF_002257545.1|NZ_CP022742.1|NZ_CP022742.1_683,18,11,24
GCF_002257545.1|NZ_CP022742.1|NZ_CP022742.1_686,2,2,2
GCF_002257545.1|NZ_CP022742.1|NZ_CP022742.1_690,1,1,1
GCF_002257545.1|NZ_CP022742.1|NZ_CP022742.1_701,1,1,1
GCF_002257545.1|NZ_CP022742.1|NZ_CP022742.1_704,1,1,1
GCF_002257545.1|NZ_CP022742.1|NZ_CP022742.1_710,1,1,1
GCF_002257545.1|NZ_CP022742.1|NZ_CP022742.1_711,4,3,4
GCF_002287545.1|NZ_CP023055.1|NZ_CP023055.1_355,3,2,3
GCF_002287545.1|NZ_CP023055.1|NZ_CP023055.1_362,3,2,3
GCF_002287545.1|NZ_CP023055.1|NZ_CP023055.1_363,14,7,16
GCF_002287545.1|NZ_CP023055.1|NZ_CP023055.1_366,1,1,1
GCF_002287545.1|NZ_CP023055.1|NZ_CP023055.1_367,1,1,1
GCF_002287545.1|NZ_CP023055.1|NZ_CP023055.1_368,87,15,143
GCF_002287545.1|NZ_CP023055.1|NZ_CP023055.1_369,2,2,2
GCF_002287545.1|NZ_CP023055.1|NZ_CP023055.1_372,1,1,1
GCF_002287545.1|NZ_CP023055.1|NZ_CP023055.1_374,3,2,3
GCF_002287545.1|NZ_CP023055.1|NZ_CP023055.1_379,3,2,3
GCF_002287545.1|NZ_CP023055.1|NZ_CP023055.1_380,3,2,6
GCF_002291265.1|NZ_CP023209.1|NZ_CP023209.1_412,2,2,2
GCF_002291265.1|NZ_CP023209.1|NZ_CP023209.1_413,2,2,2
GCF_002310335.1|NZ_CP023311.1|NZ_CP023311.1_482,3,2,7
GCF_002310335.1|NZ_CP023311.1|NZ_CP023311.1_483,1,1,2
GCF_002310335.1|NZ_CP023311.1|NZ_CP023311.1_485,1,1,1
GCF_002310335.1|NZ_CP023311.1|NZ_CP023311.1_486,2,2,2
GCF_002310335.1|NZ_CP023311.1|NZ_CP023311.1_490,4,4,4
GCF_002310335.1|NZ_CP023311.1|NZ_CP023311.1_497,6,5,6
GCF_002310335.1|NZ_CP023311.1|NZ_CP023311.1_498,1,1,1
GCF_002310335.1|NZ_CP023311.1|NZ_CP023311.1_499,2,2,2
GCF_002310335.1|NZ_CP023311.1|NZ_CP023311.1_507,1,1,1
GCF_002310335.1|NZ_CP023311.1|NZ_CP023311.1_508,1,1,3
GCF_002310335.1|NZ_CP023311.1|NZ_CP023311.1_509,1,1,1
GCF_002310335.1|NZ_CP023311.1|NZ_CP023311.1_510,1,1,1
GCF_002310335.1|NZ_CP023311.1|NZ_CP023311.1_513,4,4,12
GCF_002310335.1|NZ_CP023311.1|NZ_CP023311.1_517,1,1,1
GCF_002310335.1|NZ_CP023311.1|NZ_CP023311.1_620,58,16,63
GCF_002310335.1|NZ_CP023311.1|NZ_CP023311.1_623,1,1,1
GCF_002310335.1|NZ_CP023311.1|NZ_CP023311.1_792,1,1,1
GCF_002313025.1|NZ_CP016988.1|NZ_CP016988.1_310,5,2,5
GCF_002313025.1|NZ_CP016988.1|NZ_CP016988.1_318,8,3,9
GCF_002313025.1|NZ_CP016988.1|NZ_CP016988.1_322,7,3,8
GCF_002313025.1|NZ_CP016988.1|NZ_CP016988.1_324,6,2,6
GCF_002313025.1|NZ_CP016988.1|NZ_CP016988.1_325,1,1,1
GCF_002313025.1|NZ_CP016988.1|NZ_CP016988.1_333,2,1,3
GCF_002313025.1|NZ_CP016988.1|NZ_CP016988.1_334,20,7,28
GCF_002313025.1|NZ_CP016988.1|NZ_CP016988.1_342,1,1,1
GCF_002313025.1|NZ_CP016988.1|NZ_CP016988.1_344,1,1,1
GCF_002313025.1|NZ_CP016988.1|NZ_CP016988.1_345,1,1,1
GCF_002313025.1|NZ_CP016988.1|NZ_CP016988.1_358,1,1,1
GCF_002313025.1|NZ_CP016988.1|NZ_CP016988.1_368,4,1,4
GCF_002313025.1|NZ_CP016988.1|NZ_CP016988.1_381,1,1,1
GCF_002749635.1|NZ_CP024163.1|NZ_CP024163.1_386,2,2,2
GCF_002850455.1|NZ_CP019320.1|NZ_CP019320.1_1937,2,1,2
GCF_002850455.1|NZ_CP019320.1|NZ_CP019320.1_1940,7,3,7
GCF_002850455.1|NZ_CP019320.1|NZ_CP019320.1_1959,9,7,9
GCF_002850455.1|NZ_CP019320.1|NZ_CP019320.1_1967,22,10,25
GCF_002850455.1|NZ_CP019320.1|NZ_CP019320.1_1975,1,1,1
GCF_002850455.1|NZ_CP019320.1|NZ_CP019320.1_1983,1,1,1
GCF_002850455.1|NZ_CP019320.1|NZ_CP019320.1_1985,10,7,12
GCF_002850455.1|NZ_CP019320.1|NZ_CP019320.1_1991,1,1,1
GCF_002850455.1|NZ_CP019320.1|NZ_CP019320.1_1993,1,1,1
GCF_002850455.1|NZ_CP019320.1|NZ_CP019320.1_2004,2,2,2
GCF_002863725.1|NZ_CP019121.1|NZ_CP019121.1_1513,1,1,1
GCF_002863725.1|NZ_CP019121.1|NZ_CP019121.1_1617,1,1,1
GCF_002863725.1|NZ_CP019121.1|NZ_CP019121.1_1620,1,1,1
GCF_002863725.1|NZ_CP019121.1|NZ_CP019121.1_1621,1,1,1
GCF_002863725.1|NZ_CP019121.1|NZ_CP019121.1_1622,1,1,1
GCF_002863725.1|NZ_CP019121.1|NZ_CP019121.1_1625,3,3,4
GCF_002863725.1|NZ_CP019121.1|NZ_CP019121.1_1628,1,1,1
GCF_002863725.1|NZ_CP019121.1|NZ_CP019121.1_1631,1,1,1
GCF_002863725.1|NZ_CP019121.1|NZ_CP019121.1_1635,1,1,1
GCF_002863725.1|NZ_CP019121.1|NZ_CP019121.1_1637,1,1,1
GCF_002863725.1|NZ_CP019121.1|NZ_CP019121.1_1638,1,1,1
GCF_002863725.1|NZ_CP019121.1|NZ_CP019121.1_1640,1,1,1
GCF_002863725.1|NZ_CP019121.1|NZ_CP019121.1_1642,6,4,6
GCF_002863725.1|NZ_CP019121.1|NZ_CP019121.1_1644,1,1,1
GCF_002863725.1|NZ_CP019121.1|NZ_CP019121.1_1645,1,1,1
GCF_002863725.1|NZ_CP019121.1|NZ_CP019121.1_1650,4,3,4
GCF_002863725.1|NZ_CP019121.1|NZ_CP019121.1_1654,1,1,1
GCF_002863725.1|NZ_CP019121.1|NZ_CP019121.1_1656,3,3,3
GCF_002863725.1|NZ_CP019121.1|NZ_CP019121.1_1665,1,1,1
GCF_002863725.1|NZ_CP019121.1|NZ_CP019121.1_1668,10,4,10
GCF_002863725.1|NZ_CP019121.1|NZ_CP019121.1_1672,1,1,1
GCF_002863725.1|NZ_CP019121.1|NZ_CP019121.1_1680,1,1,1
GCF_002863725.1|NZ_CP019121.1|NZ_CP019121.1_1683,1,1,1
GCF_002863725.1|NZ_CP019121.1|NZ_CP019121.1_1687,1,1,1
GCF_002863725.1|NZ_CP019121.1|NZ_CP019121.1_1693,1,1,1
GCF_002863725.1|NZ_CP019121.1|NZ_CP019121.1_1697,3,2,4
GCF_002863725.1|NZ_CP019121.1|NZ_CP019121.1_1714,1,1,1
GCF_002863725.1|NZ_CP019121.1|NZ_CP019121.1_1716,1,1,1
GCF_002863725.1|NZ_CP019121.1|NZ_CP019121.1_1717,1,1,1
GCF_002863725.1|NZ_CP019121.1|NZ_CP019121.1_1723,2,2,3
GCF_002863725.1|NZ_CP019121.1|NZ_CP019121.1_1731,1,1,1
GCF_002863725.1|NZ_CP019121.1|NZ_CP019121.1_1732,2,2,2
GCF_002863725.1|NZ_CP019121.1|NZ_CP019121.1_1733,7,5,7
GCF_002863725.1|NZ_CP019121.1|NZ_CP019121.1_1736,1,1,1
GCF_002863725.1|NZ_CP019121.1|NZ_CP019121.1_1738,1,1,1
GCF_002863725.1|NZ_CP019122.1|NZ_CP019122.1_277,1,1,1
GCF_002863725.1|NZ_CP019122.1|NZ_CP019122.1_279,1,1,1
GCF_002863725.1|NZ_CP019122.1|NZ_CP019122.1_282,6,3,6
GCF_002863725.1|NZ_CP019122.1|NZ_CP019122.1_283,1,1,1
GCF_002863725.1|NZ_CP019122.1|NZ_CP019122.1_1236,1,1,1
GCF_002863725.1|NZ_CP019122.1|NZ_CP019122.1_1237,3,3,3
GCF_002872705.2|NZ_CP169997.1|NZ_CP169997.1_1090,1,1,1
GCF_002872705.2|NZ_CP169997.1|NZ_CP169997.1_1091,1,1,1
GCF_002872705.2|NZ_CP169997.1|NZ_CP169997.1_1093,5,4,5
GCF_002872705.2|NZ_CP169998.1|NZ_CP169998.1_213,1,1,1
GCF_002872705.2|NZ_CP169998.1|NZ_CP169998.1_214,1,1,1
GCF_002872705.2|NZ_CP169998.1|NZ_CP169998.1_215,1,1,1
GCF_002872705.2|NZ_CP169998.1|NZ_CP169998.1_216,1,1,1
GCF_002872705.2|NZ_CP169998.1|NZ_CP169998.1_218,23,3,23
GCF_002872705.2|NZ_CP169998.1|NZ_CP169998.1_765,1,1,1
GCF_002872705.2|NZ_CP169998.1|NZ_CP169998.1_766,1,1,1
GCF_002872815.2|NZ_CP170022.1|NZ_CP170022.1_1178,5,2,5
GCF_002872815.2|NZ_CP170022.1|NZ_CP170022.1_1181,4,1,4
GCF_002872815.2|NZ_CP170022.1|NZ_CP170022.1_1182,4,1,4
GCF_002872815.2|NZ_CP170022.1|NZ_CP170022.1_1639,2,2,2
GCF_002872815.2|NZ_CP170022.1|NZ_CP170022.1_1642,1,1,1
GCF_002872815.2|NZ_CP170022.1|NZ_CP170022.1_1644,25,15,26
GCF_002872815.2|NZ_CP170022.1|NZ_CP170022.1_1648,5,2,5
GCF_002872815.2|NZ_CP170022.1|NZ_CP170022.1_1650,7,4,7
GCF_002872815.2|NZ_CP170023.1|NZ_CP170023.1_837,3,1,3
GCF_002872815.2|NZ_CP170023.1|NZ_CP170023.1_838,7,5,7
GCF_002872815.2|NZ_CP170023.1|NZ_CP170023.1_840,3,1,3
GCF_002872815.2|NZ_CP170023.1|NZ_CP170023.1_842,4,1,4
GCF_002873285.2|NZ_CP170019.1|NZ_CP170019.1_1803,9,2,12
GCF_002873285.2|NZ_CP170019.1|NZ_CP170019.1_1804,4,1,4
GCF_002873285.2|NZ_CP170019.1|NZ_CP170019.1_1805,4,1,4
GCF_002873285.2|NZ_CP170019.1|NZ_CP170019.1_1806,7,4,7
GCF_002873285.2|NZ_CP170019.1|NZ_CP170019.1_1807,4,1,4
GCF_002873285.2|NZ_CP170019.1|NZ_CP170019.1_1809,3,2,3
GCF_002873285.2|NZ_CP170020.1|NZ_CP170020.1_69,5,2,5
GCF_002887615.1|NZ_CP025792.1|NZ_CP025792.1_62,1,1,1
GCF_002887615.1|NZ_CP025792.1|NZ_CP025792.1_66,1,1,1
GCF_002887615.1|NZ_CP025792.1|NZ_CP025792.1_68,1,1,1
GCF_002887615.1|NZ_CP025792.1|NZ_CP025792.1_72,15,7,17
GCF_002887615.1|NZ_CP025792.1|NZ_CP025792.1_73,7,4,7
GCF_002887615.1|NZ_CP025792.1|NZ_CP025792.1_74,12,4,12
GCF_002887615.1|NZ_CP025792.1|NZ_CP025792.1_78,9,5,9
GCF_002887615.1|NZ_CP025792.1|NZ_CP025792.1_91,9,5,9
GCF_002887615.1|NZ_CP025792.1|NZ_CP025792.1_96,19,7,19
GCF_002887615.1|NZ_CP025792.1|NZ_CP025792.1_98,1,1,1
GCF_002887615.1|NZ_CP025792.1|NZ_CP025792.1_103,1,1,1
GCF_002887615.1|NZ_CP025792.1|NZ_CP025792.1_104,3,3,3
GCF_002887615.1|NZ_CP025792.1|NZ_CP025792.1_105,5,4,5
GCF_002887615.1|NZ_CP025792.1|NZ_CP025792.1_111,1,1,1
GCF_002887615.1|NZ_CP025792.1|NZ_CP025792.1_112,1,1,1
GCF_002887615.1|NZ_CP025792.1|NZ_CP025792.1_115,2,2,2
GCF_002887655.1|NZ_CP025796.1|NZ_CP025796.1_49,1,1,1
GCF_002887655.1|NZ_CP025796.1|NZ_CP025796.1_51,1,1,1
GCF_002887655.1|NZ_CP025796.1|NZ_CP025796.1_56,11,9,11
GCF_002887655.1|NZ_CP025796.1|NZ_CP025796.1_63,2,2,2
GCF_002887655.1|NZ_CP025796.1|NZ_CP025796.1_64,2,1,2
GCF_002887655.1|NZ_CP025796.1|NZ_CP025796.1_69,9,6,9
GCF_002887655.1|NZ_CP025796.1|NZ_CP025796.1_76,1,1,1
GCF_002887655.1|NZ_CP025796.1|NZ_CP025796.1_81,1,1,1
GCF_002906455.1|NZ_CP026315.1|NZ_CP026315.1_2588,4,4,4
GCF_002906455.1|NZ_CP026315.1|NZ_CP026315.1_2602,1,1,3
GCF_002906455.1|NZ_CP026315.1|NZ_CP026315.1_2605,1,1,1
GCF_002906455.1|NZ_CP026315.1|NZ_CP026315.1_2606,1,1,1
GCF_002906455.1|NZ_CP026315.1|NZ_CP026315.1_2616,1,1,1
GCF_002906455.1|NZ_CP026315.1|NZ_CP026315.1_2617,1,1,1
GCF_002906455.1|NZ_CP026315.1|NZ_CP026315.1_2621,1,1,1
GCF_002906455.1|NZ_CP026315.1|NZ_CP026315.1_2639,6,3,6
GCF_002906455.1|NZ_CP026315.1|NZ_CP026315.1_2643,1,1,1
GCF_002906455.1|NZ_CP026315.1|NZ_CP026315.1_2645,1,1,1
GCF_002906455.1|NZ_CP026316.1|NZ_CP026316.1_801,1,1,1
GCF_002906455.1|NZ_CP026316.1|NZ_CP026316.1_803,3,3,3
GCF_002906455.1|NZ_CP026319.1|NZ_CP026319.1_63,4,4,10
GCF_002906455.1|NZ_CP026319.1|NZ_CP026319.1_66,12,6,13
GCF_002906455.1|NZ_CP026319.1|NZ_CP026319.1_67,2,2,2
GCF_002906455.1|NZ_CP026320.1|NZ_CP026320.1_11,1,1,1
GCF_002906455.1|NZ_CP026320.1|NZ_CP026320.1_16,1,1,1
GCF_002906455.1|NZ_CP026320.1|NZ_CP026320.1_19,2,2,3
GCF_002906455.1|NZ_CP026320.1|NZ_CP026320.1_24,2,2,3
GCF_002906455.1|NZ_CP026320.1|NZ_CP026320.1_26,1,1,1
GCF_002906455.1|NZ_CP026320.1|NZ_CP026320.1_43,9,6,9
GCF_002906475.1|NZ_CP026321.1|NZ_CP026321.1_1172,2,1,2
GCF_002906475.1|NZ_CP026321.1|NZ_CP026321.1_1173,2,2,2
GCF_000006745.1|NC_002506.1|NC_002506.1_369,52,11,52
GCF_000006745.1|NC_002506.1|NC_002506.1_370,61,15,61
GCF_000006745.1|NC_002506.1|NC_002506.1_372,120,16,174
GCF_000006745.1|NC_002506.1|NC_002506.1_373,244,53,288
